search_keyword,pubDate,title_korean,description_raw,source,link,summary_korean,importance
액티비티 플랫폼,2026. 7. 9.,"길 안내부터 숏폼까지...T맵, '모빌리티 SNS'로 진화","액티비티 등 장소와 운전팁, 블랙박스, 쇼핑·팝업, 정보성·유머 등 생활 정보 카테고리로 구성됐다. 전창근 티맵모빌리티 최고제품책임자(CPO)는 9일 서울특별시 중구 27타워에서 열린 티맵모빌리티 이동 라이프 플랫폼...",zdnet.co.kr,https://n.news.naver.com/mnews/article/092/0002429907?sid=105,,
액티비티 플랫폼,2026. 7. 9.,"티맵, AI 입은 '이동 플랫폼' 공개…숏폼으로 승부수",이동 플랫폼 경쟁에 본격적으로 뛰어들었다. 이용자가 직접 방문한 장소를 짧은 영상으로 공유하는 '티맵... 장기적으로는 숙소와 액티비티를 함께 추천하는 여행 AI 에이전트와 차량용 음성 AI 에이전트를 출시해...,newsway.co.kr,https://www.newsway.co.kr/news/view?ud=2026070912240459683,,
액티비티 플랫폼,2026. 7. 9.,"'공룡 OTA' 따라가선 먹힌다…""韓 토종여행사만의 체급 키워야""","국내 업체들이 플랫폼으로의 전환을 서두르는 사이 글로벌 OTA는 이미 항공권과 호텔 예약을 넘어 메타서치와 액티비티, 결제, 고객 데이터를 아우르는 거대한 플랫폼 생태계를 구축했기 때문이다. ""패키지만 팔아선...",news1.kr,https://n.news.naver.com/mnews/article/421/0009048904?sid=103,,
액티비티 플랫폼,2026. 7. 8.,"BMW파이낸셜, 창립 25주년 기념 신형 IX3 프로모션","BMW파이낸셜서비스코리아가 창립 25주년을 기념, 차세대 순수전기 스포츠액티비티차(SAV) '더 뉴 BMW iX3... 금융 솔루션을 제공하고 있다. 디지털 금융 플랫폼(My FinCar)을 통해 금융 서비스 접근성을 높이고 있다.",etnews.com,https://n.news.naver.com/mnews/article/030/0003445612?sid=103,,
액티비티 플랫폼,2026. 7. 8.,"투어비스-라스베이거스 관광청, 현지 투어·액티비티 할인 프로모션 진...","라스베이거스 인기 상품 할인 프로모션 [사진=투어비스]  온라인 여행 플랫폼 투어비스가 라스베이거스 관광청과 공동으로 현지 투어, 입장권, 액티비티 상품을 할인하는 프로모션을 오는 7월 31일까지 진행한다. 이번...",discoverynews.kr,https://www.discoverynews.kr/news/articleView.html?idxno=1095541,,
액티비티 플랫폼,2026. 7. 8.,"BMW 파이낸셜 서비스, 창립 25주년 맞아 iX3 구매 금융 지원",BMW 파이낸셜 서비스 코리아는 창립 25주년과 순수전기 스포츠액티비티차량(SAV) '더 뉴 BMW iX3' 출시를 맞아... 최근에는 디지털 금융 플랫폼 'My FinCar'를 운영하며 비대면 금융 서비스도 확대하고 있다. 회사 측은 이번...,press9.kr,http://www.press9.kr/news/articleView.html?idxno=79088,,
액티비티 플랫폼,2026. 7. 8.,글로벌 OTA 장악·中 공습 속수무책…기울어진 운동장 갇힌 K-여행,"이들은 숙박 예약을 넘어 항공권과 액티비티, 교통 등 여행 전 과정을 하나의 플랫폼 안에서 제공하며 시장 지배력을 키우고 있다. 부킹닷컴과 익스피디아도 2010년대 중반 국내 시장에 진출한 이후 외국인 대상 숙박...",news1.kr,https://n.news.naver.com/mnews/article/421/0009046451?sid=103,,
액티비티 플랫폼,2026. 7. 8.,"[유통혁명 2026③] ""사는 곳에서 노는 곳으로""…오프라인의 역공","EBN산업경제는 '유통혁명' 4부작을 통해 플랫폼 경쟁부터 공간 혁신, AI가 이끄는 미래 유통까지 산업 전반의... 등 액티비티 제품에 이어 데이캠프 재킷·루벤 배킷 등 시즌 제품을 경험할 수 있도록 고객 접점을 넓혔다....",ebn.co.kr,https://www.ebn.co.kr/news/articleView.html?idxno=1715354,,
액티비티 플랫폼,2026. 7. 7.,"세종시문화관광재단, '감각세종' 체험형 관광 콘텐츠 공모전 진행","및 액티비티), 머무는 감각(숙박·웰니스·휴식), 기타 감각(세종의 매력을 담은 자유 콘텐츠) 등이다. 참가... OTA 플랫폼 판매 수수료 면제 기간 추가 연장, 기획 기사 게재 등의 추가 혜택이 제공된다. 김지훈...",sportschosun.com,https://n.news.naver.com/mnews/article/076/0004423298?sid=103,,
액티비티 플랫폼,2026. 7. 7.,"[인터뷰] 30년 크루즈 여행 외길, 이재명 투어마케팅코리아 대표","예약 플랫폼 크루즈TMK를 런칭하며 토종 크루즈 OTA를 일찌감치 설립했다. 이를 통해 누구나 한 곳에서 전... 워터파크와 액티비티까지 선내의 모든 인프라가 요금에 포함되어 있어, 남녀노소 불문하고 추가 비용 부담 없이...",gukjenews.com,https://www.gukjenews.com/news/articleView.html?idxno=3628943,,
액티비티 플랫폼,2026. 7. 7.,"수수료 고지·환불 조건 어디에? 아고다, 결국 과징금 폭탄",여행 플랫폼 아고다에 대해 전기통신사업법 위반행위로 시정명령과 과징금 24억 2400만 원을 부과하기로 의결했다. 아고다는 온라인 웹사이트·모바일 앱으로 숙소·항공권·액티비티·렌트카 등 여행상품의 검색과 예약...,ppss.kr,https://www.ppss.kr/news/articleView.html?idxno=301201,,
액티비티 플랫폼,2026. 7. 7.,괌은 '해외 유치' 필리핀은 '내수 다지기'…여름철 관광 마케팅 시동,"이번 영상은 자연 속 재충전과 마린 액티비티, 트레킹, 차모로 로컬 라이프스타일 등 괌 현지에서 경험할 수... 여행 플랫폼이 참여해 3천여 개의 연계 상품을 투입한다. 필리핀 정부는 직접 예약을 운영하지 않고 민간...",onews.tv,https://www.onews.tv/news/articleView.html?idxno=282641,,
액티비티 플랫폼,2026. 7. 7.,오감으로 만나는 세종의 매력…로컬 체험관광 공모전 열린다,"코스와 액티비티(움직이는 감각) △전통·수공예 체험 교육(만드는 감각) △웰니스 기반의 체류형 휴식... 국내 대형 온라인 여행사(OTA) 플랫폼 입점 기회와 함께 상품성 강화를 위한 전문가 컨설팅, 홍보용 사진 촬영...",ajunews.com,https://www.ajunews.com/view/20260707081855623,,
액티비티 플랫폼,2026. 7. 6.,하나투어 ‘자유여행 올인위크’…워커힐 ‘2026 여름 키즈 캠프’ 外 ...,"여행 플랫폼으로 도약해 나갈 것""이라고 말했다. ◇ 워커힐 호텔앤리조트 '2026 여름 키즈 캠프' 운영 워커힐... 아이들을 위한 액티비티와 부모를 위한 휴식을 결합한 상품이다. 올해 서머 키즈 캠프는 이달 19일부터...",ekn.kr,https://www.ekn.kr/web/view.php?key=20260706021219676,,
액티비티 플랫폼,2026. 7. 6.,"항공권·숙소·공연·골프까지...국내 여가 플랫폼, 여름 혜택 총출동",본격적인 여름 휴가철을 앞두고 국내 여가 플랫폼이 다양한 여가 상품을 선보이고 있다. 놀유니버스와... 현지 액티비티도 소개한다. 국내여행 부문에서는 멀리 떠나지 않아도 이국적인 감성을 느낄 수 있는 다채로운...,techm.kr,https://www.techm.kr/news/articleView.html?idxno=153148,,
액티비티 플랫폼,2026. 7. 6.,"전기·하이브리드카 '쇼룸' 깨고 링 위로…韓·中, 진검승부","현대차그룹은 대중성 강한 차량과 차세대 모빌리티 플랫폼, 고성능 전동화 모델 등 주력 기술을 대거... BMW그룹코리아는 7월 국내 출시 예정인 차세대 프리미엄 전기 스포츠액티비티차량(SAV) '더 뉴 BMW iX3'과 전기...",mk.co.kr,https://n.news.naver.com/mnews/article/009/0005703367?sid=103,,
액티비티 플랫폼,2026. 7. 6.,"트립닷컴, 역대급 '7.7 메가세일'...日편도 항공권 7천원 外","여행플랫폼 트립닷컴이 '7.7 메가세일'을 오는 10일까지 진행한다. 사진=트립닷컴 '항공권 깜짝딜'은 한국... 현지 액티비티와 이동 수단 혜택도 풍성하다. 유니버설 스튜디오 베이징과 재팬 1+1, 상하이 및 홍콩...",slist.kr,https://www.slist.kr/news/articleView.html?idxno=749915,,
액티비티 플랫폼,2026. 7. 6.,[코스포와 함께하는 스타트업 생존방정식] 프렌트립 “ 전 세계 어디서...,"국내 1위 여가·액티비티 플랫폼 ‘프립(Frip)’ 첫 프로그램은 스노클링이었다. 주말 당일치기로 강원도 삼척 장호항에서 함께 스노클링할 이들을 모았고, 하루가 지나지 않아 버스 한 대가 만차가 됐다. 생전 처음 보는...",mk.co.kr,https://n.news.naver.com/mnews/article/009/0005703329?sid=004,,
액티비티 플랫폼,2026. 7. 6.,오감 만족 체험형 관광 콘텐츠 발굴,"및 액티비티) △머무는 감각(숙박·웰니스·휴식) △기타 감각(세종의 매력을 담은 자유 콘텐츠) 등이다.... OTA 플랫폼 판매 수수료 면제 기간 추가 연장, 기획 기사 게재 등의 혜택이 제공된다. 사업설명회는 오는 9일...",inews365.com,https://www.inews365.com/news/article.html?no=926379,,
액티비티 플랫폼,2026. 7. 6.,"세종시 농촌·먹거리, 오감 관광상품으로 키운다…'감각세종' 공모전","도보여행과 액티비티 중심의 '움직이는 감각', 숙박·휴식·웰니스 분야인 '머무는 감각' 등 6개 유형으로... 선정 콘텐츠는 국내 체험관광 온라인 플랫폼 입점 기회를 얻고, 상품 경쟁력 강화 교육과 사진 촬영, 인플루언서...",aflnews.co.kr,https://www.aflnews.co.kr/news/articleView.html?idxno=323892,,
액티비티 플랫폼,2026. 7. 6.,"세종문화관광재단, 로컬 특화 콘첸츠 공모전 연다","및 액티비티) ▲머무는 감각(숙박·웰니스·휴식) ▲기타 감각(세종의 매력을 담은 자유 콘텐츠) 등이다.... OTA 플랫폼 판매 수수료 면제 기간 추가 연장, 기획 기사 게재 등의 추가 혜택이 제공된다. 한편 공모전 참가를...",dtnews24.com,http://www.dtnews24.com/news/articleView.html?idxno=812990,,
액티비티 플랫폼,2026. 7. 6.,"[유통레이더] 다이소몰, 파파존스, 요기요, NOL, 코웨이, 한샘, 미샤 外","양사는 상품 개발과 프로모션, 마케팅 등 다양한 분야에서 중장기 협력 체계를 구축하고 플랫폼 기반 고객... 자녀의 액티비티를 결합한 '2026 서머 키즈 캠프'를 운영한다. 이번 캠프는 오는 19일부터 8월 11일까지 매주...",daily.hankooki.com,https://daily.hankooki.com/news/articleView.html?idxno=1383015,,
액티비티 플랫폼,2026. 7. 6.,관광도 ‘보는 여행’에서 ‘하는 여행’으로…세종을 연다,"도보여행과 액티비티 중심의 ‘움직이는 감각’, 숙박·웰니스·휴식을 결합한 ‘머무는 감각’, 세종의... 콘텐츠를 뽑아 플랫폼에 올리는 것만으로는 상품이 지속되기 어렵다. 운영자는 예약 관리와 안전 대응, 환불 기준...",wikitree.co.kr,https://www.wikitree.co.kr/articles/1144946,,
액티비티 플랫폼,2026. 7. 6.,"여행·유통업계, '여름 성수기' 맞아 다변화된 '취향 소비' 잡는다",■ 국내 숙소 예약 68% 급증…'제헌절 연휴' 최고 혼잡 전망 플랫폼 예약 데이터에 따르면 올여름 여가... 투어·액티비티 부문에서도 삿포로 버스투어와 오사카 라피트 티켓 등이 상위를 차지해 일본 자유여행 수요를...,dailypop.kr,http://www.dailypop.kr/news/articleView.html?idxno=100316,,
액티비티 플랫폼,2026. 7. 6.,"[오늘의 여행] 놀유니버스, 해외 항공권 최대 50% 할인 外","현지 액티비티도 소개한다. 국내여행 부문에서는 료칸 스타일 숙소부터 풀빌라, 유럽 감성 숙소, 서울... ◆크리에이트립, '전통 장신구 만들기 체험 상품' 예약 건수 23%  증가 인바운드 관광 플랫폼 크리에이트립이...",ftoday.co.kr,http://www.ftoday.co.kr/news/articleView.html?idxno=361646,,
액티비티 플랫폼,2026. 7. 6.,"유류할증료 뚝 떨어지자...놀유니버스, 여름휴가 예약전 노렸다",국내 온라인여행플랫폼(OTA) 업계에서 여름 성수기 예약을 선점하려는 경쟁이 뜨겁다. 국제선 유류할증료가... 현지 액티비티 상품도 함께 소개한다. 국내여행 부문은 멀리 가지 않아도 이국적인 분위기를 낼 수 있는...,econovill.com,https://www.econovill.com/news/articleView.html?idxno=744346,,
액티비티 플랫폼,2026. 7. 5.,검색량 무려 476%나 폭발… 18년 만에 빨간 날에 인기 폭발한 '이곳',"실제로 한 여행 플랫폼이 최근 내놓은 보고서에 따르면 아사히카와 검색량은 전년 대비 476%, 미야코지마는... 쿠타와 짐바란 해변에서 서핑과 해변 산책을, 우붓에서는 트레킹과 요가 같은 웰니스 액티비티를 함께 즐길...",wikitree.co.kr,https://www.wikitree.co.kr/articles/1144835,,
액티비티 플랫폼,2026. 7. 4.,"""한국 여행 온 김에 다 할래""…오늘은 콘서트, 내일은 라식수술","공연 목적의 방문이 숙박 예약, 액티비티 상품 판매 등으로 이어지면서 지난해 한해 동안 2회 이상 티켓을 구매한 고객 수는 10만명을 넘어섰다. 숙박, 여행 예약 플랫폼인 프리즘을 운영하는 알엑스씨 또한 K콘텐츠...",mt.co.kr,https://n.news.naver.com/mnews/article/008/0005381405?sid=101,,
액티비티 플랫폼,2026. 7. 3.,중앙 서버 없이 돌아가는 동영상 플랫폼 '피어튜브'…인스턴스·연합 구...,"피어튜브는 액티비티펍 기반의 연합형 플랫폼이기도 하다. 서로 다른 인스턴스 사이에서 게시물과 계정 정보를 연동할 수 있어, 한 인스턴스 이용자가 다른 인스턴스의 게시자를 팔로우하고 새 영상 정보를 받을 수 있다....",digitaltoday.co.kr,https://www.digitaltoday.co.kr/news/articleView.html?idxno=681339,,
액티비티 플랫폼,2026. 7. 3.,"""일본 독주 속 발리 급부상""…놀유니버스, '여름 여가 빅데이터' 공개","종합 여행·여가 플랫폼 놀유니버스는 투숙 및 이용일 기준 올해 7월 1일부터 8월 31일까지의 성수기 예약... 자유여행객을 위한 현지 투어·액티비티 부문에서도 삿포로 비에이·후라노 버스투어, 오사카 난카이 라피트...",thedailypost.kr,https://www.thedailypost.kr/news/articleView.html?idxno=114552,,
액티비티 플랫폼,2026. 7. 3.,"[오늘의 여행] 놀유니버스, 올 여름 여행·여가 트렌드 공개 外","해외 투어·액티비티 부문에서도 ▲삿포로 비에이·후라노 버스투어 ▲오사카 난카이 라피트 편도 티켓... 노랑풍선 홈페이지와 모바일 앱은 물론 네이버, 스카이스캐너, 카약 등 주요 외부 항공권 비교 플랫폼을 통해...",ftoday.co.kr,http://www.ftoday.co.kr/news/articleView.html?idxno=361594,,
액티비티 플랫폼,2026. 7. 3.,"[요즘 호텔은] ""잠만 잔다고?""···골프·아트·풀파티까지 여름 콘텐츠...","라이프스타일 플랫폼으로 진화하는 모습이다. 3일 업계에 따르면 이달 들어 주요 호텔들이 유명 스포츠... 신라모노그램 다낭은 총 309개 객실과 인피니티풀을 비롯한 4개의 야외 수영장, 다양한 식음업장, 액티비티...",smartbizn.com,https://www.smartbizn.com/news/articleView.html?idxno=147749,,
액티비티 플랫폼,2026. 7. 3.,"여름 예약 2위 제주, 강원과 12%p 차… 성수기 관광 경쟁 더 거세졌다","다만 이번 수치는 놀유니버스 플랫폼 내 예약 데이터를 기준으로 한 분석으로, 제주 전체 관광객 수나 전체... 해외 투어·액티비티 예약에서는 삿포로 비에이·후라노 버스투어와 오사카 난카이 라피트 편도 티켓...",jibs.co.kr,https://n.news.naver.com/mnews/article/661/0000079257?sid=101,,
액티비티 플랫폼,2026. 7. 3.,"[유통소식] ""부동산 거래 단계부터""…롯데하이마트, 프롭티어와 맞손","롯데하이마트는 7월부터 전국 오프라인 매장과 온라인쇼핑몰에서 부동산 플랫폼 '이실장'의 부동산 거래... '액티비티 스튜디오'에서는 아쿠아 에어로빅, 쿠킹 클래스, 해양 스포츠 등 다낭의 자연과 문화를 반영한...",4th.kr,http://www.4th.kr/news/articleView.html?idxno=2114168,,
액티비티 플랫폼,2026. 7. 3.,[라이프 트렌드] 여름 휴가 수요 겨냥 상품 잇달아 선보여,"업계 관계자는 ""휴가철이 가까워질수록 예약을 서두르는 소비자가 늘면서 플랫폼과 호텔 모두 판매 채널과 상품 구성을 다변화하는 추세""라며 ""부대시설이나 액티비티를 함께 묶은 상품에 대한 반응이 상대적으로 좋은...",lcnews.co.kr,https://www.lcnews.co.kr/news/articleView.html?idxno=204406,,
액티비티 플랫폼,2026. 7. 3.,허영인 던킨 쿠팡 CJ올리브네트웍스 外(유통家 이모저모),"한편, 309개의 오션뷰 객실을 갖춘 신라모노그램 다낭은 인피니티 풀과 액티비티 프로그램 등 다채로운 휴양... 고객 접점을 확대하고 멤버십 플랫폼 가치를 높이겠다는 취지입니다. 7월 '쿠팡모터스 페어' 진행...",newsclaim.co.kr,https://www.newsclaim.co.kr/news/articleView.html?idxno=3068386,,
액티비티 플랫폼,2026. 7. 3.,할인부터 AI∙미식까지…여름 여행객 잡기 위한 경쟁 시작됐다,"사진=노랑풍선 여행 플랫폼은 고객 편의성 강화에 집중하고 있다. 노랑풍선은 국제선 항공권 취소 및 환불... 신라모노그램 다낭은 공식 홈페이지 전용 패키지를 선보이며 오션뷰 객실과 미식, 액티비티를 결합한 휴양...",kdfnews.com,http://www.kdfnews.com/news/articleView.html?idxno=184838,,
액티비티 플랫폼,2026. 7. 3.,"""K-생활 자체가 상품""…외국인 '한국 재방문' 이끄는 앱의 정체",""" 외국인을 위한 인바운드(방한) 관광 플랫폼 크리에이트립의 임혜민 대표는 ""외국인들이 한국에서 경험하고... 프랑스나 태국에 가는 사람들은 휴식이나 전통 액티비티에 돈을 쓰지만 한국에 오면 의류·쇼핑, 뷰티와...",mt.co.kr,https://n.news.naver.com/mnews/article/008/0005380980?sid=101,,
액티비티 플랫폼,2026. 7. 3.,[이주의 여행산업 브리핑] 여름휴가 최대 80% 할인 내건 여행사는 어디,"항공권, 숙소, 패키지, 투어·액티비티 등 전 영역에 걸친 혜택을 구성했다. 국제선 항공권은 라이브 방송을... 공사는 글로벌 플랫폼을 통해 뷰티관광 상품 판매를 이어가며 외래객 유치를 강화할 방침이다. 호텔/기타...",traveltimes.co.kr,https://www.traveltimes.co.kr/news/articleView.html?idxno=500013,,
액티비티 플랫폼,2026. 7. 2.,"[A 호텔·여행·레저 소식] 교원투어 여행이지, 마나도 여행 수요 확대 ...","아이들이 키즈클럽과 액티비티에 참여하는 동안 부모는 리조트 전용 비치와 수영장, 카페, 쇼핑, 마사지... ◇'카카오골프예약'과 '프렌즈 스크린' 여름 프로모션 진행=카카오 VX '카카오골프예약' 플랫폼과 '프렌즈 스크린...",asiaa.co.kr,https://www.asiaa.co.kr/news/articleView.html?idxno=254073,,
액티비티 플랫폼,2026. 7. 2.,"[더벨][에이프로젠 신약 전략] 골관절염 AP209 '통증·구조' 동시 타깃, ...","AP209은 에이프로젠이 보유한 바이 타깃팅(Bi-targetiong) 플랫폼 기술을 적용한 '이중표적 수용체 융합 항체'다.... 만한 액티비티가 없어 자금 소요가 비임상 단계보다는 적을 것""이라고 말했다. ◇CRO 의존도 떨쳐내며...",thebell.co.kr,https://www.thebell.co.kr/free/content/ArticleView.asp?key=202606300512382820109033,,
액티비티 플랫폼,2026. 7. 2.,"‘4시간 도착 가능’ 괌, 광화문 룩스로 홍보 캠페인… 여행권 증정 프...","이번 광고 영상에는 대표적인 해외 휴가지로 꼽히는 괌의 시원한 해변 풍경과 다양한 액티비티를 즐기는... 프로모션 페이지에서는 항공사, 여행사, 온라인 여행 플랫폼(OTA) 등과 함께 진행하는 괌 유류할증료 할인...",donga.com,https://n.news.naver.com/mnews/article/020/0003731004?sid=103,,
액티비티 플랫폼,2026. 7. 1.,[어촌어항공단 소식] 욕지면 도동항 어촌어항재생사업 시설조성 사업 착...,"갯벌 체험, 투명카누 등 어촌 액티비티와 해안 경관 명소, 제철 수산물 미식 여행, 바다 조망 숙소 등... Co:어촌 프로젝트는 어촌의 수산물, 경관, 공간, 문화 등 다양한 자원과 기업의 유통망, 플랫폼, 서비스 역량을 연결해...",busan.com,https://n.news.naver.com/mnews/article/082/0001387949?sid=101,,
액티비티 플랫폼,2026. 7. 1.,"여행·숙박 플랫폼업계 ""올 여름 여행 트렌드, 가성비·근거리""","항공·숙박·액티비티를 결합한 실속형 소비, 무더위를 피하는 체류형 휴식, K컬처를 목적지로 삼는 방한 수요가 동시에 맞물리는 흐름""이라며 ""플랫폼별로 가격 혜택과 여행 목적을 얼마나 선명하게 제시하느냐가 성수기...",ddaily.co.kr,https://n.news.naver.com/mnews/article/138/0002232831?sid=105,,
액티비티 플랫폼,2026. 7. 1.,"'100만 유튜버 픽'…리센스메디컬, 정밀냉각 홈케어 디바이스 'COOLOA 600'...","특히 야외 활동이 많은 여름철, 아웃도어 액티비티 이후 사용하면 피부 진정 효과가 뛰어나 만족도가... 리센스메디컬 최의경 공동대표 “이번 COOLOA 600 출시는 리센스메디컬이 정밀 냉각 플랫폼 기업으로서 사업...",smarttoday.co.kr,https://www.smarttoday.co.kr/ko-kr/articles/109043,,
액티비티 플랫폼,2026. 7. 1.,[비바100] 올여름 휴가 키워드는 ‘국내 여행’… 도심 호캉스 VS 지역 ...,"여기에 플랫폼별 프로모션까지 맞물리면서 지방 여행 수요는 꾸준히 확대되고 있다. 특히 강원, 부산, 제주... 국내 숙박·패키지·액티비티 등 3개 부문으로 구성했으며 최대 10% 할인 혜택을 제공한다. 특히 액티비티...",viva100.com,https://www.viva100.com/article/20260622500009,,
액티비티 플랫폼,2026. 7. 1.,"“상반기 글로벌 핫플 ‘서울’, 여름에도 흥행 이어간다”",여행 플랫폼 트립닷컴을 운영하는 트립닷컴 그룹이 2026년 상반기 항공 데이터 및 여름휴가 예약 추이를... 시원한 기후와 액티비티를 찾는 ‘쿨케이션(Coolcation)’ 트렌드도 두드러졌다. 전 세계적으로 지구 온난화로...,sports.khan.co.kr,https://m.entertain.naver.com/article/144/0001123673,,
골프장 예약,2026. 7. 9.,"남한강에스파크CC, 야간 라운드·2·3인 플레이 도입…27홀 운영 경쟁력...","계약자는 기존 3인 요금 체계를 적용받으며, 일반 이용객은 잔여 티타임이 있는 일부 시간대에 한해 2·3인 예약이 가능하다. 일반 이용객에게는 인당 추가 요금이 적용된다. 에스파크는 골프장과 체류형 인프라를...",isplus.com,https://n.news.naver.com/mnews/article/241/0003519143?sid=103,,
골프장 예약,2026. 7. 9.,"""좋은 코스만으론 부족하다""...골프장 경쟁력, '디지털 운영'이 가른다",쇼골프가 운영하는 엑스골프(XGOLF)는 전국 골프장의 실시간 예약과 결제를 모바일에서 한 번에 처리할 수 있는 시스템을 구축해 이용자가 원하는 티타임을 확인한 뒤 예약부터 결제까지 비대면으로 이용할 수 있도록...,joongangenews.com,https://www.joongangenews.com/news/articleView.html?idxno=531754,,
골프장 예약,2026. 7. 9.,"낮에는 21홀 라운드, 밤에는 EDM 공연…라비에벨, 골프장 여름 축제로 3...",라운드를 마친 뒤 참가자들이 정상급 가수와 DJ 공연을 함께 즐기는 새로운 형태의 골프장 문화 콘텐츠로... 행사 참가 신청은 라비에벨 듄스코스 예약실을 통해 선착순으로 접수한다. 우천 시에도 행사는 취소하지...,edaily.co.kr,https://m.sports.naver.com/golf/article/018/0006326085,,
골프장 예약,2026. 7. 9.,골프장 인력난 일상화…체크인부터 결제까지 '무인화' 가속화,"과거에는 원하는 티타임을 확인하기 위해 전화 예약을 하고, 골프장에 도착한 뒤 프런트에서 예약 확인과 결제를 진행해야 했다면, 이제는 모바일에서 예약과 결제를 완료하고 현장에서는 간단한 인증만으로 체크인을...",swtvnews.com,https://swtvnews.com/news/newsview.php?ncode=1065582040241494,,
골프장 예약,2026. 7. 9.,"“굿샷하고 춤추고”…국내 최초 골프장 EDM 파티, 라비에벨 듄스코스서...","열리는 골프장 EDM 파티‘듄스夜, 댄스야!’다. 올해로 3회째를 맞이하는 이번 축제는 매년 1000여 명의... 본 행사는 선착순 마감으로 진행되며, 참가를 원하는 골퍼는 라비에벨 듄스코스 예약실을 통해 신청할 수 있다.",kmib.co.kr,https://m.sports.naver.com/golf/article/005/0001859944,,
골프장 예약,2026. 7. 9.,스크린골프 하락세 속 분투하는 골프존 & 카카오VX,2024년 스크린과 필드의 장점을 융합한 도심형 골프장 플랫폼을 추구하며 첫선을 보인 시티골프는 현재... 대중적인 브랜드 인지도에 전용 애플리케이션(앱)을 활용한 직관적인 예약·관리 편의성 등도 인기 요인으로...,golfjournal.co.kr,https://www.golfjournal.co.kr/news/articleView.html?idxno=10947,,
골프장 예약,2026. 7. 9.,파크골프·펫캉스...'체류형'으로 진화한 호텔·리조트,이에 파크골프장을 운영 중인 금호리조트와 소노호텔앤리조는 관련 체류형 상품을 확대하며 수요 선점에... 실제 여름 성수기 예약 실적도 증가세를 보이고 있다. 켄싱턴리조트 충주의 7~8월 펫 객실 예약률은 지난해 같은...,ebn.co.kr,https://www.ebn.co.kr/news/articleView.html?idxno=1715485,,
골프장 예약,2026. 7. 8.,"라구나푸켓, 골프와 휴양 합친 '스테이 앤 플레이' 패키지 출시","여행객은 숙박과 티타임을 한 번에 예약할 수 있으며 리조트 내 무료 셔틀 서비스를 통해 골프장까지 편리하게 이동할 수 있다. 핵심은 라구나골프푸켓에서의 라운드다. 라구나골프푸켓은 열대 자연경관과 라군, 산세를...",golfdigest.co.kr,https://m.sports.naver.com/golf/article/435/0000015980,,
골프장 예약,2026. 7. 8.,"춘천 라비에벨 골프장, 낮엔 라운드 밤엔 EDM...3년째 이어지는 이색 축...","예상을 훌쩍 넘었다""며 ""골퍼들에게 라운드 외에 힐링할 콘텐츠가 절실했고, EDM이 그 빈자리를 채워주고 있어 기쁘다""고 소감을 전했다. 참가를 원하는 골퍼는 듄스코스 예약실로 신청하면 되며, 선착순으로 마감된다.",newsroad.co.kr,http://www.newsroad.co.kr/news/articleView.html?idxno=61332,,
골프장 예약,2026. 7. 8.,"남한강에스파크CC, 야간 라운드·2·3인 예약 도입",남한강에스파크CC가 여름철 이용객 편의를 위해 16일부터 야간 라운드(3부)와 2·3인 예약 서비스를 새롭게... 한편 에스파크는 남한강에스파크CC와 밀양에스파크CC를 중심으로 골프장과 숙박시설을 연계한 운영을...,sports.donga.com,https://n.news.naver.com/mnews/article/382/0001282292?sid=103,,
골프장 예약,2026. 7. 8.,"“낮엔 골프 밤엔 EDM 파티, 실화?” 춘천의 한 여름밤 책임질 라비에벨...","대신 “그 골프장 가면 여름밤에 이런 걸 할 수 있대”라는 입소문이 퍼지면서, 라운드 예약이 곧 축제 티켓이 되는 구조가 만들어지고 있다. 골프 대중화와 지역 상생, 그리고 브랜드 각인 효과까지 한 번에 노리는...",sportsseoul.com,https://m.sports.naver.com/golf/article/468/0001252553,,
골프장 예약,2026. 7. 8.,"라비에벨 듄스코스, 올여름도 'EDM 골프 축제' 열린다",2024년 라비에벨 듄스코스에서 첫선을 보인 국내 최초 골프장 EDM 공연은 새로운 골프 문화 축제로 폭발적인... 참가 신청은 듄스코스 예약실을 통해 선착순으로 받는다. 당일 비가 내려도 취소 없이 워터밤 형식으로...,golfjournal.co.kr,https://www.golfjournal.co.kr/news/articleView.html?idxno=10948,,
골프장 예약,2026. 7. 8.,"[골프소식]라비에벨 EDM 축제 개최…라구나푸켓, 패키지 상품 선보여","여행객은 몇 번의 클릭만으로 숙박과 티타임을 한 번에 예약할 수 있다. 패키지의 핵심은 라구나골프푸켓에서의 라운드다. 열대 자연경관과 고요한 라군, 웅장한 산세를 배경으로 조성된 이 골프장은 18홀짜리 코스로...",joongang.co.kr,https://m.sports.naver.com/golf/article/025/0003536175,,
골프장 예약,2026. 7. 8.,[패트롤] 과천시-군포시-부천시-안양시-의왕시,"회차별 입장 인원은 보호자를 포함해 60명이며, 인터넷 사전 예약제로 운영된다. 예약은 매주 월요일 전용... 천원 세탁소, 천원 클래식, 천원 실내파크골프장 등 노동-문화-여가 분야를 아우르는 생활 밀착형 지원...",ekn.kr,https://www.ekn.kr/web/view.php?key=20260708028480364,,
골프장 예약,2026. 7. 8.,“골프와 럭셔리 숙박 한 번에 해결”…태국 라구나푸껫 ‘스테이 앤 플...,리조트 내 무료 셔틀 서비스를 통해 골프장까지 편리하게 이동할 수 있다. 스티븐 칙 라구나골프푸껫... 감각적인 분위기를 갖춘 호텔이다. 스테이 앤 플레이 패키지는 라구나푸껫 공식 홈페이지를 통해 예약할 수 있다.,sedaily.com,https://m.sports.naver.com/golf/article/011/0004639372,,
골프장 예약,2026. 7. 8.,"[왕과 사는 풍경] 9개월 단명 임금, 32년 홀로 남은 왕비… 비극 품은 '...","있고, 골프장과 교육시설도 가깝다. 조선왕릉의 성역성이 근현대 토지 이용과 충돌한 현장이다. 다만 효릉을 훼손의 기록으로만 읽을 필요는 없다. 늦게 열린 길은 유산을 새로 마주할 기회를 준다. 시민은 이제 예약과...",nc.press,https://www.nc.press/news/articleView.html?idxno=620083,,
골프장 예약,2026. 7. 8.,27홀 경남 의령리온GC 카카오VX가 위탁 운영,카카오 골프예약 플랫폼과 골프장 운영 시스템을 연동해 가동률을 높이고 지역 골프장에 테크 기반 운영 노하우를 적용한다는 전략이다. 의령리온GC는 우신레저가 보유한 골프장이다. 의령 자굴산 자락에 위치한...,golfin.co.kr,http://www.golfin.co.kr/news/articleView.html?idxno=7832,,
골프장 예약,2026. 7. 8.,"“골프 라운드, 4명 모으는 게 가장 어렵다고?”… 올 여름 골프휴가 ‘...",골프 예약 플랫폼 업계도 이러한 변화에 맞춰 전국 주요 골프장의 2인 전용 상품과 노캐디 패키지를 확대하고 있다. 특히 캐디피 부담을 줄일 수 있는 노캐디(셀프 플레이)와 숙박을 결합한 리조트형 상품이 관심을 받고...,sportsworldi.com,https://m.sports.naver.com/golf/article/396/0000749040,,
골프장 예약,2026. 7. 8.,"""처남은 골프장, 장인 병원은 항상 내 몫…회의 탓 거절하자 장모님 짜...","이어 ""병원 예약 날짜가 잡히면 장모님이 먼저 아내에게 '사위는 당연히 시간 되지?'라고 물어보신다""며 ""제가 가능 여부를 말하기도 전에 이미 내가 가는 걸 전제로 병원 예약이 진행된다""고 설명했다. A 씨는 최근 중요한...",news1.kr,https://n.news.naver.com/mnews/article/421/0009046375?sid=102,,
골프장 예약,2026. 7. 8.,삼척 블랙밸리CC 제2골프장 투자심사 돌입,"현재 운영 중인 블랙밸리CC(18홀)는 가성비 좋은 골프장으로 입소문을 타면서 평소 예약 손님이 줄을 잇고 있다. 실제 블랙밸리CC의 당기 순이익은 코로나19 직전인 2019년 7억9800만원에서 2021년 26억6700만원, 2022년...",kado.net,https://n.news.naver.com/mnews/article/654/0000189338?sid=102,,
골프장 예약,2026. 7. 7.,"""전국 파크골프 동호인 오세요""… 나주, 72홀 전면 개방으로 스포츠관광...",나주시는 7일부터 8월 31일까지 평일에 한해 관외 이용객 비율 제한을 폐지하고 전국 파크골프 동호인이 사전 예약 없이 현장 접수만으로 관내 파크골프장을 이용할 수 있도록 운영 방식을 변경했다. 그동안 시는 개장...,bzeronews.com,https://www.bzeronews.com/news/articleView.html?idxno=819726,,
골프장 예약,2026. 7. 7.,[대중문화칼럼] 파크골프 열풍의 이유와 과제,서울 같은 경우에는 파크골프장을 이용하려는 사람에 비해서 관련 시설이 부족하기 때문에 갈등과 다툼이 있을 수 있다. 급증하는 수요를 공급이 못 따라가기 때문에 예약하기도 쉽지 않고 이용 시간도 짧게 되어...,newscj.com,https://www.newscj.com/news/articleView.html?idxno=3415244,,
골프장 예약,2026. 7. 7.,"'2인, 노캐디가 대세?' 여름 골프휴가, 트렌드가 바뀐다","골프 예약 플랫폼 업계도 이 같은 변화에 발맞춰 전국 주요 골프장의 2인 전용 상품과 노캐디 패키지를 적극적으로 확대하는 추세다. 이는 단순히 골프 라운드만 즐기는 것을 넘어 숙박, 휴양, 관광을 동시에 해결하는...",sportschosun.com,https://m.sports.naver.com/golf/article/076/0004423299,,
골프장 예약,2026. 7. 7.,"泰 라구나푸켓, 골퍼를 위한 ‘스테이 앤 플레이’ 패키지 출시","번에 예약할 수 있다. 패키지의 핵심은 라구나골프푸켓에서의 라운드다. 열대 자연경관과 고요한 라군, 웅장한 산세를 배경으로 조성된 이 골프장은 18홀 파71 코스로 아름다운 풍광 속에서 수준 높은 라운드를 즐길 수...",biz.heraldcorp.com,https://m.sports.naver.com/golf/article/016/0002667011,,
골프장 예약,2026. 7. 7.,"청도군, 청도천 파크골프장 여름철 야간 개장","청도군은 여름철 무더위를 피해 저녁 시간대에 쾌적하게 파크골프를 즐길 수 있도록 7일부터 다음달 30일까지 청도천 파크골프장(27홀)을 야간에 개장한다. 야간개장은 사전 예약제이고, 운영 시간은 오후 6시부터 밤...",imaeil.com,https://n.news.naver.com/mnews/article/088/0001017969?sid=102,,
골프장 예약,2026. 7. 7.,"""넷이 아닌 둘이 간다""…여름 골프휴가, '2인 라운드' 뜬다","골프 예약 플랫폼 업계도 변화하는 수요에 맞춰 전국 주요 골프장의 2인 전용 상품과 노캐디 패키지 확보에 나서고 있다. 골프장을 찾아 라운드만 즐기던 기존 방식에서 벗어나 숙박과 관광, 휴식을 함께 누리는 체류형...",pointdaily.co.kr,https://www.pointdaily.co.kr/news/articleView.html?idxno=310991,,
골프장 예약,2026. 7. 7.,"‘골프·휴양 한 번에’ 라구나 푸켓, 스테이 앤 플레이 패키지",별도로 예약해야 하는 번거로움을 줄인 것이 특징이다. 이용객은 앙사나 라구나 푸켓(Angsana Laguna Phuket)... 대표하는 골프장 가운데 하나로 평가받는다. 리조트 내에서는 무료 셔틀 서비스를 이용해 골프장까지...,dailian.co.kr,https://n.news.naver.com/mnews/article/119/0003108864?sid=103,,
골프장 예약,2026. 7. 7.,"멀리 안 간다, 강촌에서 끝내는 여름휴가","온라인 사전 예약 고객에게는 이용요금 10% 할인 혜택도 제공된다. 따로 장비를 챙기거나 장소를 옮길 필요... 엘리시안 강촌은 북한강과 숲, 골프장과 콘도 시설이 어우러진 복합리조트다. 주변에는 강촌 레일바이크...",newscj.com,https://www.newscj.com/news/articleView.html?idxno=3415153,,
골프장 예약,2026. 7. 7.,'2인 플레이' 대세…'올 여름 골프 휴가 트렌드',"골프 예약 플랫폼 업계도 이러한 변화에 맞춰 전국 주요 골프장의 2인 전용 상품과 노캐디 패키지를 확대하고 있다. 단순히 라운드만 즐기는 것이 아니라 숙박과 휴양, 관광을 함께 즐기는 형태로 골프 여행의 소비 방식이...",view.asiae.co.kr,https://m.sports.naver.com/golf/article/277/0005786608,,
골프장 예약,2026. 7. 7.,"[전영창 칼럼] 파크골프장, 많이 짓는다고 경쟁력이 되지 않는다","최근 충북 제천시가 추진하던 164억 원 규모의 북부 파크골프장 조성사업이 재검토에 들어갔다. 새로운 민선... 민간은 코스 관리와 프로그램 운영, 예약 서비스, 대회 유치, 스포츠관광 연계 등에서 다양한 경쟁력을 발휘할...",geconomy.co.kr,https://www.geconomy.co.kr/news/article.html?no=321490,,
골프장 예약,2026. 7. 7.,"[산업소식] KT, 청년 디지털 인재 양성 프로그램 10기 모집","4명이 예약하면 1명의 항공운임을 면제하는 방식이다. 다만 중국 노선은 대상에서 제외된다. 유아는 혜택... 커뮤니티 시설에는 피트니스클럽, 실내골프연습장, 스크린골프장, 사우나 등이 마련된다. 교보문고와...",4th.kr,http://www.4th.kr/news/articleView.html?idxno=2114354,,
골프장 예약,2026. 7. 7.,"""둘이 떠나는 골프가 대세""...2인 라운드·노캐디 골프여행 인기","이에 골프 예약 플랫폼들도 전국 주요 골프장의 2인 전용 상품과 노캐디 패키지를 잇달아 확대하고 있다. 단순히 골프만 즐기는 것이 아니라 숙박과 관광, 휴양을 함께 즐기는 체류형 상품으로 골프 여행의 소비 방식이...",joongangenews.com,https://www.joongangenews.com/news/articleView.html?idxno=531015,,
골프장 예약,2026. 7. 7.,단 둘이 즐기는 골프휴가…'2인 플레이' 가능한 골프 여행지는?,특히 캐디피 부담을 줄일 수 있는 노캐디(셀프 플레이)와 숙박을 결합한 리조트형 상품이 여름 휴가철을 맞아 관심을 받고 있는 가운데 골프 예약 플랫폼 업계도 이러한 변화에 맞춰 전국 주요 골프장의 2인 전용 상품과...,swtvnews.com,https://swtvnews.com/news/newsview.php?ncode=1065577880518620,,
골프장 예약,2026. 7. 7.,"태국 라구나푸켓 리조트, 골퍼를 위한 ‘스테이 앤 플레이’ 패키지 출...","번에 예약할 수 있다. 라구나푸켓은 총 6개의 호텔 및 리조트에서 1,400개 이상의 객실을 운영하고 있으며... 열대 자연경관과 고요한 라군, 웅장한 산세를 배경으로 조성된 이 골프장은 18홀 파71 코스로, 아름다운...",swtvnews.com,https://swtvnews.com/news/newsview.php?ncode=1065571178125759,,
골프장 예약,2026. 7. 6.,"옛 성내2동 주민센터의 변신...강동구, '성내문화체육센터' 7월부터 본격...","1층 스크린파크골프장은 강동구 체육시설 예약시스템을 통해 3~4명이 한 팀으로 예약할 수 있다. 스크린파크골프장은 동호회, 가족 모임, 친구끼리 가볍게 스포츠 활동을 하고 싶을 때 활용하기 좋은 시설이다. 대관료는...",cnbizm.com,https://www.cnbizm.com/news/articleView.html?idxno=307747,,
골프장 예약,2026. 7. 6.,[레저N산업] 장마철 야외 운동 포기?… '기후 적응형' 소비 트렌드 변화,골프장 예약은 강수 확률 앞에서 속절없이 흔들린다. 젖은 노면 탓에 러닝화는 현관 밖으로 나서지 못한다. 그러나 레저를 향한 소비자의 욕구까지 차단되지는 않는다. 최근의 소비자들은 야외 활동을 포기하는 대신...,nc.press,https://www.nc.press/news/articleView.html?idxno=619979,,
골프장 예약,2026. 7. 6.,"강동구, 성내문화체육센터 운영","1층 스크린파크골프장은 강동구 체육시설 예약시스템을 통해 3~4명이 한 팀으로 예약할 수 있다. 대관료는 2시간 기준 2만원이며, 초과 시 시간당 1만원이 추가된다. 강동구민은 대관료의 50%를 감면받는다. 대관 신청과...",siminilbo.co.kr,https://www.siminilbo.co.kr/news/newsview.php?ncode=1160287886759087,,
골프장 예약,2026. 7. 6.,"[A 호텔·여행 소식] 시그니엘 서울, 신임 페이스트리 셰프 '카미유 펠레...","오는 12일까지 일주일 간 진행하는 이번 프로모션은 항공권부터 호텔, 입장권, 현지투어까지 한 번에 예약할... 남산국제파크골프장에서 열린다. 전국 파크골프 동호회와 일반 참가자를 대상으로 선착순 300명을 모집하며...",asiaa.co.kr,https://www.asiaa.co.kr/news/articleView.html?idxno=254292,,
골프장 예약,2026. 7. 6.,"옛 성내2동 주민센터, ‘성내문화체육센터’로 인생 2막 시작한다",센터 1층에 있는 스크린파크골프장 이용을 원하면 강동구 체육시설 예약시스템에서 온라인으로 신청하면 된다. 3~4명이 한 팀으로 예약할 수 있다. 이수희 강동구청장은 “기존 공공청사를 주민을 위한 문화...,seoul.co.kr,https://n.news.naver.com/mnews/article/081/0003658718?sid=102,,
골프장 예약,2026. 7. 6.,"강동구, 옛 성내2동 주민센터를 '문화체육센터'로…이달부터 본격 운영","1층 스크린파크골프장은 강동구 체육시설 예약시스템을 통해 3~4명이 한 팀으로 예약할 수 있다. 대관료는 2시간 기준 2만 원이며, 초과 이용할 경우 시간당 1만 원이 추가된다. 강동구민에게는 대관료의 50%를 감면해 보다...",news1.kr,https://n.news.naver.com/mnews/article/421/0009043167?sid=102,,
골프장 예약,2026. 7. 6.,"강동구, 성내문화체육센터 운영…구민 대관료 50% 감면",1층 스크린파크골프장은 강동구 체육시설 예약시스템을 통해 3~4명이 예약할 수 있다. 대관료는 2시간 기준 2만원이다. 초과 이용할 경우 시간당 1만원이 추가된다. 강동구민에게는 50%를 감면한다. 이수희 강동구청장은...,newsis.com,https://n.news.naver.com/mnews/article/003/0014048610?sid=102,,
골프장 예약,2026. 7. 6.,"[신상브리핑] 오뚜기, 정관장, 이디야커피, 해태제과, 휴롬, 연작, 대교...",대회가 열리는 남산국제파크골프장은 총 63홀 규모의 대규모 시설로 쾌적한 잔디 환경을 갖추고 있으며... 연작은 신제품 출시를 기념해 백화점 매장에서 예약 구매하는 고객에게 브랜드 '킨토'의 워터 보틀을 증정한다....,daily.hankooki.com,https://daily.hankooki.com/news/articleView.html?idxno=1382976,,
골프장 예약,2026. 7. 6.,[라이프 트렌드] 셰프 영입부터 뱃길 여행까지…콘텐츠 다변화,"하나투어는 이달 국제 유류할증료가 낮아진 시점에 맞춰 개별여행객을 위한 통합 예약 상품을 일주일간... 대회 장소인 현지 골프장은 63홀 규모를 갖췄으며, 참가자들은 인천에서 배편으로 이동해 현지에서 연습과 본...",lcnews.co.kr,https://www.lcnews.co.kr/news/articleView.html?idxno=204485,,
골프장 예약,2026. 7. 6.,"추모공원에도 AI·로봇 자동화...국토개발, 글로벌 기술기업과 협력","이에 따라 예약과 운영 시스템은 물론 시설 관리와 물류까지 디지털 기술을 활용하려는 시도도 확대되는... AI 테마파크 인근에는 108홀 규모의 파크골프장이 함께 조성될 예정이며, 해당 시설은 회사의 '보이스파크...",asiaa.co.kr,https://www.asiaa.co.kr/news/articleView.html?idxno=254309,,
골프장 예약,2026. 7. 6.,성내2동 주민센터의 새출발…강동구 “‘성내문화체육센터’ 본격 운영...,"1층 스크린파크골프장은 강동구 체육시설 예약시스템을 통해 3~4명이 한 팀으로 예약할 수 있다. 대관료는 2시간 기준 2만 원이며, 초과 이용할 경우 시간당 1만 원이 추가된다. 강동구민에게는 대관료의 50%를 감면해 보다...",munhwa.com,https://n.news.naver.com/mnews/article/021/0002802511?sid=102,,
골프장 예약,2026. 7. 6.,1兆 세금 혜택 받고…회원권까지 파는 '편법 대중형 골프장',"세금은 대중형 수준으로 감면받으면서 회원 모집과 우선 예약, 그린피 할인 등 회원제의 장점까지 누리고 있다는 비판이다. 6일 사단법인 한국골프소비자원이 발표한 '편법 대중형 골프장의 실태'에 따르면 세제 감면을...",view.asiae.co.kr,https://m.sports.naver.com/golf/article/277/0005785641,,
골프장 예약,2026. 7. 6.,AI 여행 에이전트 속속 도입…'검색'에서 '지시'의 시대로,"호텔, 골프장 티타임, 차량을 조합한 맞춤형 일정을 제안한다. 실제 예약 가능한 실시간 재고와 가격을 기반으로 작동하기 때문에 별도의 사이트 이동 없이 한 곳에서 결제까지 완료할 수 있다. 골프 전문 여행사인...",traveltimes.co.kr,https://www.traveltimes.co.kr/news/articleView.html?idxno=500008,,
골프장 예약,2026. 7. 5.,"카카오 VX, 그린피 할인 등 여름맞이 이벤트",/카카오 VX 제공 | 서울=한스경제 김성진 기자 | 카카오 VX의 '카카오골프예약' 플랫폼이 8월 31일까지 전국 주요 골프장의 그린피를 최대 30%까지 할인하는 단독 이벤트를 한다. 예약자 전원에게는 골프공 세트가 증정되며...,hansbiz.co.kr,http://www.hansbiz.co.kr/news/articleView.html?idxno=848334,,
골프장 예약,2026. 7. 5.,"[시민기자] 수영 ‘비콘 그라운드’, 부산 핫플로 변신 꿈꾼다",예약제로 운영하는 곳이 있고 온라인 영업을 하는 업체도 있다. 또 파크골프장 조성 공사가 진행 중이어서 평일에 상가가 비어 보일 수 있다”고 해명했다. 공단은 시설 활성화를 위해 시민 참여형 문화행사 ‘비콘...,kookje.co.kr,https://n.news.naver.com/mnews/article/658/0000148617?sid=103,,
골프장 예약,2026. 7. 5.,글로벌 골프여행 설계부터 예약·결제까지…“AGL의 AI 에이전트 ‘타비...,"AGL은 2024년부터 구글에 전 세계 골프장 예약·결제 시스템을 공급해오며 최근 수 년간 개발과 검증 기간을 거쳐 이달 2일 타비골프 서비스를 시작했다. 사용자가 원하는 여행을 입력하면 AI가 목적지와 예산, 여행 기간...",sedaily.com,https://m.sports.naver.com/golf/article/011/0004638240,,
골프장 예약,2026. 7. 5.,돈보다 중요한 건 ‘OO’…지난해 국내여행 트렌드는?,"관광 당일 여행에서는 놀이시설·스파·골프장 등 레저시설 예약 비중이 2.7%로 가장 높았다. 이어 버스·철도 등 교통수단(2.5%), 식당(2.0%) 순으로 나타났다. ◆“유행보다 신뢰”…정보는 블로그=여행 정보를 얻는...",nongmin.com,https://n.news.naver.com/mnews/article/662/0000098955?sid=103,,
골프장 예약,2026. 7. 5.,자연 경관에 탄성이 절로…괌 남부 관광·쇼핑 코스 둘러보니,골프장 시설과 해양 스포츠 업체도 다양해 여행 목적과 취향에 따라 선택의 폭이 넓다. 괌 프리미어 아웃렛과... 롯데호텔 투숙객은 소노펠리체 CC에 객실 예약 확인서를 제시하면 11~14% 할인 혜택을 받을 수 있다. 해양...,news1.kr,https://n.news.naver.com/mnews/article/421/0009040956?sid=101,,
골프장 예약,2026. 7. 5.,[참여형 스포츠 시대④] 파크골프부터 여성 풋살까지…스포츠 시장 바꾸...,"파크골프장 운영자는 ""평일에도 예약 문의가 많고, 지방에서 단체로 오는 경우도 있습니다. 파크골프가 지역 관광과 상권 활성화에도 도움이 되고 있다.""고 밝혔다. 스포츠 소비 방식도 달라지고 있다. 가격보다 디자인과...",newsian.co.kr,http://www.newsian.co.kr/news/articleView.html?idxno=91811,,
골프장 예약,2026. 7. 4.,저렴한 그린피 골프장 or 만족도 높은 골프장… 골프 예약도 양극화,"골프장 예약 경쟁은 7월 무더위의 시작에도 여전히 치열하다. 치솟은 그린피에 ‘가격’이 예약을 좌우하기도 했지만, 최근 들어 만족도가 높은 골프장을 다시 선택하는 경향이 뚜렷해지고 있다. 골프 업계에서는 이를...",sportsworldi.com,https://m.sports.naver.com/golf/article/396/0000748700,,
골프장 예약,2026. 7. 4.,"[이종현의 감성, 골프美학] EDM 파티에 열광하는 골퍼들, 그 성지가 된 ...","그런데 유독 이 폭염과 장마 속에서 이 골프장을 찾아와 열광한다. 아니, 한 달 전부터 예약을 하고 이날만을 기다리는 골퍼들이 즐비하다. 도대체 그 골프장에서는 무슨 일이 벌어지고 있는 것일까. ‘호모 루덴스(Homo...",mhnse.com,https://m.sports.naver.com/golf/article/445/0000434650,,
골프장 예약,2026. 7. 3.,"""사는 사람이 없다""…골프회원권 시장에 무슨 일이","매수자들이 단순한 가격 하락보다 예약 보장과 회원 혜택, 골프장 입지 등 회원권의 실질적인 가치를 따지기 시작했다는 설명이다. 강 이사는 팬데믹 당시 형성된 가격 수준이 계속 유지될 것이라는 기대에서 벗어나야...",pointdaily.co.kr,https://www.pointdaily.co.kr/news/articleView.html?idxno=310661,,
골프장 예약,2026. 7. 3.,"카카오 VX, 골프예약·스크린골프 여름 프로모션 진행","본 이벤트는 8월 31일까지 진행되며, 예약자 전원에게 골프볼 세트를 증정한다. 골프장에 따라 커피 제공, 카트피 무료 등 다양한 혜택도 제공한다. 행사와 관련한 자세한 내용은 카카오골프예약 플랫폼에서 확인할 수...",m-i.kr,https://www.m-i.kr/news/articleView.html?idxno=1387951,,
골프장 예약,2026. 7. 2.,파크골프 산업화 본격 시동,"대상자는 지역 내 숙박업소 또는 농어촌민박 이용객이며, 숙박 영수증이나 이용 확인서를 제시하면 별도 예약 없이 하남면 산천어파크골프장과 생활체육공원 파크골프장, 사내 파크골프장 등 화천지역 모든 구장을...",golfjournal.co.kr,https://www.golfjournal.co.kr/news/articleView.html?idxno=10934,,
골프장 예약,2026. 7. 2.,"속초시, 27홀 규모 파크골프장 확충 완료…생활체육 인프라 새 도약",com '속초 파크골프장 확충사업'. [사진=속초시] 급속한 고령화와 생활체육에 대한 시민들의 관심이... 그동안 이용객들이 특정 시간대에 집중되면서 예약 경쟁이 치열해지고 경기 대기시간이 길어지는 등 이용 불편이...,ajunews.com,https://www.ajunews.com/view/20260702180800265,,
골프장 예약,2026. 7. 2.,"카카오VX 골프 플랫폼, 여름 시즌 맞춰 예약·스크린 프로그램 운영","카카오골프예약에서는 전국 주요 골프장 이용 가격이 최대 30% 수준으로 조정된 형태가 적용되며, 운영 기간은 8월 31일까지다. 일부 이용자에게는 골프공 세트 등이 포함된 구성도 함께 제공된다. 스크린 골프 부문에서는...",lawissue.co.kr,http://www.lawissue.co.kr/view.php?ud=202607021743263867204ead0791_12,,
골프장 예약,2026. 7. 2.,"한국괌골프협회(KGGA), 국내 주요 여행사 초청… 5대 명문 코스 인스펙션","실사단은 괌을 대표하는 주요 골프장 5곳을 방문해 라운딩을 겸한 정밀 인스펙션을 전개했다. 점검... 이어가고 있다며, 이번 실사를 기점으로 겨울철 국내 골퍼들의 예약 리드가 빠르게 살아날 것으로 기대한다고 밝혔다.",ttlnews.com,http://www.ttlnews.com/news/articleView.html?idxno=3122361,,
골프장 예약,2026. 7. 2.,"카카오VX, '카카오골프예약'·'프렌즈 스크린' 여름맞이 공동 프로모션","이벤트는 다음달 31일까지 진행되며, 기간 내 예약자 전원에게는 골프공 세트를 증정한다. 골프장 상황에 따라 커피 제공, 카트비 무료 등의 추가 혜택도 함께 제공된다. 자체 스크린 골프 시스템인 ‘프렌즈 스크린’의...",edaily.co.kr,https://m.sports.naver.com/golf/article/018/0006321005,,
골프장 예약,2026. 7. 2.,[레저N산업] '본격 우기' 장마철 운동은 어디서?… 레저 소비의 이동,"스크린골프장은 시간 단위 예약과 룸 단위 이용, 장비 대여, 음료 소비가 붙는다. 실내 클라이밍장은 일일권, 강습권, 암벽화 대여, 정기권 판매로 수익을 만든다. 볼링장은 게임비, 대화 공간, 식음료 결합, 단체 방문...",nc.press,https://www.nc.press/news/articleView.html?idxno=619654,,
골프장 예약,2026. 7. 2.,"멀티온시스템즈, 무인매장 관제·출입인증·예약 통합 솔루션 공급","무인 예약 시스템을 결합한 통합 솔루션을 바탕으로 24시간 및 무인 매장 운영 시스템 공급을 확대한다고 밝혔다. 이번 솔루션은 스크린골프장, 골프연습장, 태닝숍, PC방, 코인노래방 등 심야·새벽 시간대 운영이 필요한...",sentv.co.kr,https://www.sentv.co.kr/article/view/sentv202607020124,,
골프장 예약,2026. 7. 2.,"골프장 선택 기준, 가격서 만족도로 이동...예약 경쟁도 '경험' 따라 갈...","골프장 수는 꾸준히 늘고 있지만 인기 골프장의 예약 경쟁은 오히려 더 치열해지는 모습이다. 같은 지역 안에서도 예약이 빠르게 마감되는 골프장이 있는 반면, 상대적으로 낮은 요금을 앞세워도 예약률이 기대에 미치지...",joongangenews.com,https://www.joongangenews.com/news/articleView.html?idxno=530058,,
골프장 예약,2026. 7. 2.,"카카오 VX, 여름 맞이 골프 프로모션…그린피 최대 30% 할인","수도권부터 제주까지 다양한 골프장이 대상이며, 예약자 전원에게 골프공 세트를 증정한다. 골프장별로 커피 제공, 카트비 무료 등 추가 혜택도 마련했다. 프렌즈 스크린 퀀텀(Q)은 7월 한 달간 전국 매장에서 공식...",metroseoul.co.kr,http://www.metroseoul.co.kr/article/20260702500248,,
골프장 예약,2026. 7. 2.,혼밥·혼술 이어 '혼골프'… 1인 예약·조인 라운드 확산,"골프장 예약부터 결제, 조인 신청까지 모바일로 간편하게 이용할 수 있게 되면서 동반자 구성에 대한 부담이 줄었고, 혼자서도 골프를 즐길 수 있는 환경이 마련됐기 때문이다. 이같은 흐름은 해외 골프여행 시장으로도...",m-i.kr,https://www.m-i.kr/news/articleView.html?idxno=1387652,,
골프장 예약,2026. 7. 2.,"TWC, 생성형 하이브리드 '클라우드게이트 AI 콜봇' 선보여","현재 양사가 활발히 운영 중인 전국 파크골프장 예약 플랫폼 '보이스파크'는 AI 콜봇을 통해 예약, 결제, 대회 접수 등을 음성으로 원스톱 지원하며 이용자 편의성을 높이고 있다. 이를 통해 스마트폰이나 디지털 기기...",enetnews.co.kr,https://www.enetnews.co.kr/news/articleView.html?idxno=51963,,
골프장 예약,2026. 7. 2.,시나리오와 생성형AI 결합한 음성 상담…TWC'AI 콜봇' 출시,"TWC는 파크골프 플랫폼 기업 픽셀소프트웨어와 협력해 전국 파크골프장 예약 플랫폼 '보이스파크'에 AI 콜봇을 적용했다. 예약, 결제, 대회 접수를 음성으로 지원해 스마트폰 사용이 익숙하지 않은 고령층도 서비스를...",platum.kr,https://platum.kr/archives/290293,,
골프장 예약,2026. 7. 2.,"카카오VX, 여름 골프 프로모션…그린피 최대 30% 할인","우선 더운 여름에도 필드 라운드를 즐기는 골퍼들을 위해 '카카오골프예약'은 전국 주요 골프장의 그린피를 최대 30%까지 할인한다. 이벤트는 8월 31일까지 진행되며, 예약자에게 골프공 세트를 증정한다. 커피 제공...",sentv.co.kr,https://www.sentv.co.kr/article/view/sentv202607020050,,
골프장 예약,2026. 7. 2.,"골프장 예약 시장, 가격보다 '경험'…만족도 높은 골프장으로 쏠림 심화","사진=엑스골프  골프장 예약 시장의 경쟁 구도가 빠르게 변화하고 있다. 과거에는 저렴한 그린피와 할인 혜택이 예약을 결정짓는 핵심 요소였다면, 최근에는 가격보다 코스 품질과 서비스, 이용 경험을 중시하는 소비...",pointdaily.co.kr,https://www.pointdaily.co.kr/news/articleView.html?idxno=310451,,
골프장 예약,2026. 7. 2.,"카카오 VX, 여름 맞이 골프 플랫폼·스크린 통합 프로모션 전개","기간 내 예약자 전원에게는 골프공 세트를 증정하며, 골프장별로 커피 제공이나 카트비 무료 등 추가 혜택도 함께 마련했다. 실내 스크린 골프 이용자를 위한 '프렌즈 스크린' 공식 대회는 7월 한 달간 전국 프렌즈...",cnbizm.com,https://www.cnbizm.com/news/articleView.html?idxno=307383,,
골프장 예약,2026. 7. 2.,"카카오골프예약·프렌즈 스크린, 여름 프로모션","2일 회사에 따르면 ‘카카오골프예약’은 올 8월 31일까지 전국 주요 골프장의 그린피를 최대 30%까지 할인 서비스한다. 예약자 전원에게 골프공 세트를 증정하며, 골프장에 따라 커피 제공, 카트비 무료 혜택도...",biz.heraldcorp.com,https://m.sports.naver.com/golf/article/016/0002664804,,
골프장 예약,2026. 7. 2.,"""최대 30% 그린피 할인""카카오 VX, 여름 골프장 예약 행사",8월 31일까지 이어지는 여름 성수기를 겨냥해 카카오 VX가 전국 골프장 예약 할인 행사에 나섰다. 카카오 VX는 이용자 접근성이 높은 온라인 플랫폼을 통해 골프장별 혜택을 묶은 프로모션을 운영하며 골프 수요를...,topstarnews.net,https://www.topstarnews.net/news/articleView.html?idxno=16120833,,
골프장 예약,2026. 7. 2.,"카카오 VX, 8월 31일까지 여름 골프장 예약 할인 행사","예약자 전원에게 골프공 세트를 증정하며, 골프장에 따라 커피 제공, 카트 사용료 무료 등 다양한 혜택도 제공한다. 행사와 관련한 자세한 내용은 '카카오골프예약' 플랫폼에서 확인할 수 있다.",yna.co.kr,https://m.sports.naver.com/golf/article/001/0016172064,,
골프장 예약,2026. 7. 2.,"카카오 VX, 골프장 그린피 최대 30% 할인…여름 프로모션 돌입",수도권부터 제주까지 참여 골프장을 대상으로 한다. 예약자 전원에게 골프공 세트를 제공한다. 골프장에 따라 커피 제공과 카트비 무료 등 추가 혜택도 마련했다. 자세한 내용은 카카오골프예약에서 확인할 수 있다....,etnews.com,https://n.news.naver.com/mnews/article/030/0003443680?sid=101,,
골프장 예약,2026. 7. 2.,"카카오VX, 카카오골프예약-프렌즈 스크린 여름 프로모션 실시",카카오 VX(공동대표 문태식·김창준)는 ‘카카오골프예약’ 플랫폼과 자체 기술력으로 실제 골프장 필드 구현한 스크린 골프 시스템 ’프렌즈 스크린 퀀텀(Q)’ 회원을 대상으로 다양한 혜택을 제공하는 여름철 특별...,zdnet.co.kr,https://n.news.naver.com/mnews/article/092/0002428955?sid=103,,
골프장 예약,2026. 7. 2.,인종·생각 달라도 뭉치던 美 실종…86만발 축포에 가려진 '반쪽 생일파...,"워싱턴포스트에 따르면 독립기념일 주간 워싱턴DC 중심가의 호텔 예약률은 지난해 대비 17% 이상 늘었다.... [백악관 인사이드] 백악관 부수고 골프장 짓고…'부동산천재' 트럼프, 워싱턴은 공사중 #최근 250억달러를 들여...",mt.co.kr,https://n.news.naver.com/mnews/article/008/0005380390?sid=104,,
골프장 예약,2026. 7. 1.,한국-일본 골프장 동시 이용…‘일거양득’ 글로벌 골프회원권 인기,한국과 일본 골프장을 동시 이용할 기회. 골프예약 플랫폼 엑스골프를 운영하는 쇼골프의 발상이다. 쇼골프는 일본 사츠마 골프온천리조트와 아카미즈 골프온천리조트를 운영하고 있다. 하지만 일본에 가지 않으면...,mk.co.kr,https://m.sports.naver.com/golf/article/009/0005701537,,
골프장 예약,2026. 7. 1.,AI가 짜주는 휴가 일정…AGL ‘타비골프’ 서비스 주목,"이번 타비골프는 AGL의 글로벌 골프장 예약 인프라에 ‘Tiger Booking AI’ 기술을 결합한 서비스입니다. 일반 AI 챗봇이 여행지를 추천하는 데 그친다면, 타비골프는 실제 예약 가능한 항공·호텔·골프장·차량·관광...",ichannela.com,https://n.news.naver.com/mnews/article/449/0000351189?sid=103,,
골프장 예약,2026. 7. 1.,"[인터뷰] 박정순 IC 트래블 대표 “인도네시아 골프 여행, 가성비 최고인...","항공권 발권부터 호텔 예약 골프장 부킹, 전용 차량 운영 등 고객들이 인천 출발부터 귀국 때까지 공항 영접을 시작으로 숙박, 골프, 식사 등 현지에서 필요로 하는 모든 정보를 제공해 드린다. 특히 해외 투어 여행사들의...",dailian.co.kr,https://n.news.naver.com/mnews/article/119/0003106688?sid=103,,
골프장 예약,2026. 7. 1.,[김종석의 그라운드] AI가 짜주는 휴가 일정…'타비골프'가 여는 스포츠...,"이번에 선보인 타비골프는 AGL이 축적한 글로벌 골프장 예약 인프라에 'Tiger Booking AI' 기술을 결합한 서비스입니다. 일반 AI 챗봇이 ""어디가 좋다""는 추천에 그친다면, 타비골프는 실제 예약 가능한 항공·호텔·골프장...",tennis.co.kr,https://m.sports.naver.com/golf/article/481/0000013628,,
골프장 예약,2026. 7. 1.,"좌절된 ‘애플카’ 아쉬움, 이걸로 달래나…전 애플 디자이너가 공개한...","모두 예약이 완료된 상태다. 초기 고객의 대부분은 호텔과 숙박업체로 평균 주문량은 약 40대, 계약 규모는 약 100만 달러(약 15억5700만원)에 달한다. 앰블 측은 이 제품의 활용 범위가 호텔이나 골프장에만 국한되지 않을...",mk.co.kr,https://n.news.naver.com/mnews/article/009/0005701085?sid=101,,
골프장 예약,2026. 7. 1.,[하종두 칼럼] 해외 골퍼들이 알면 까무러칠 한국의 '골프 천국' 이야기,최근 30년동안 세계에서 가장 많은 골프장이 개발된 곳을 꼽으라면 그곳은 단연코 대한민국이다. 1980년대 초... 공식 웹사이트 역시 골프클럽과 연결되어 지역을 찾는 골퍼들이 손 쉽게 예약할 수 있도록 돕는다. 제주도와...,golfin.co.kr,http://www.golfin.co.kr/news/articleView.html?idxno=7795,,
골프장 예약,2026. 7. 1.,AI 여행 에이전트 ‘타비골프’와 대화 한 번으로 전 세계 여행 예약 끝,"골프부터 가족여행까지…AI가 설계하는 맞춤형 여행 서비스 범위도 특정 지역이나 골프장 예약에 국한되지 않는다. 일본과 베트남, 태국은 물론 미국과 유럽 등 전 세계 여행지를 대상으로 여행 목적과 취향에 맞는...",dailian.co.kr,https://n.news.naver.com/mnews/article/119/0003106563?sid=103,,
골프장 예약,2026. 7. 1.,‘파크골프’ 노인 운동이라 비웃더니…해외원정에 ‘대학 응원단’까...,"대한파크골프협회 자료를 활용한 한국잔디학회 연구에 따르면 전국 파크골프장은 2019년 226곳에서 2024년... 클럽과 공 등 용품 시장은 물론 의류와 신발, 스크린파크골프, 디지털 예약 플랫폼 등 연관 산업도 빠르게...",segye.com,https://n.news.naver.com/mnews/article/022/0004139488?sid=101,,
골프장 예약,2026. 7. 1.,"골프장 경쟁력, 코스에서 브랜드로…'경험 소비' 시대 열린다","과거에는 코스 관리 수준과 접근성, 예약 편의성 등이 골프장의 경쟁력을 결정했다면, 최근에는 고객에게 얼마나 차별화된 경험과 이미지를 남기느냐가 선택의 핵심 요소로 떠오르고 있다. 골프업계에 따르면 최근...",pointdaily.co.kr,https://www.pointdaily.co.kr/news/articleView.html?idxno=310213,,
골프장 예약,2026. 7. 1.,회원제에도 새벽줄…파크골프장(남구 태화강) 불만 확산,연회원제까지 도입됐지만 정작 이용객들이 매일 새벽부터 줄을 서야 하는 상황이 반복되면서 예약제 도입 등 운영 방식 개선이 필요하다는 목소리가 나온다. 30일 오전 6시께 찾은 남구 태화강파크골프장 매표소 앞은...,ksilbo.co.kr,https://www.ksilbo.co.kr/news/articleView.html?idxno=1060908,,
스키장 예약,2026. 7. 6.,"'신동빈 스키장' 日 롯데아라이리조트, '헬기투어' 선봬…여름 마케팅 ...","'신동빈 스키장'으로 널리 알려진 의 일본 롯데아라이리조트가 헬리콥터 투어 프로그램을 선보인다. 야외... 오전 10시부터 오후 3시까지 한시간 간격으로 운영할 예정으로, 현재 온라인을 통해 사전 예약을 받고 있다....",goodkyung.com,https://www.goodkyung.com/news/articleView.html?idxno=288912,,
스키장 예약,2026. 7. 6.,"[호텔리조트 트렌드] 노보텔 앰배서더 서울 동대문 호텔 & 레지던스, 8주...","예약은 7월 1일부터 19일까지 가능하며, 투숙은 8월 31일까지 이용할 수 있다. 식음 업장에서는 특정... 실내 스키장으로 유명한 '에미레이트 몰(Mall of the Emirates)', 세계 최대 테마 쇼핑몰인 '이븐 바투타 몰(Ibn Battuta Mall)...",ibabynews.com,https://www.ibabynews.com/news/articleView.html?idxno=152662,,
스키장 예약,2026. 7. 5.,화담숲엔 여름 향기 물씬~ 수국의 세계로 놀러오세요,"스키장 정상에서 힐링하는 하늘공원, 스파풀 등 다양한 어트랙션이 운영된다. 화담숲은 '여름 수국 축제' 기간 관람객들의 여유롭고 안전한 관람을 위해 100% 사전 예약제로 운영된다. 방문 전 화담숲 홈페이지에서 예약은...",mk.co.kr,https://n.news.naver.com/mnews/article/009/0005702850?sid=103,,
스키장 예약,2026. 7. 3.,겨울 관광지는 옛말… 여름에 더 시원한 평창서 ‘힐링 캠핑’,"겨울올림픽과 스키장, 송어축제로 대표되던 평창은 최근 들어 계곡과 동굴, 숲을 활용한 체류형 관광... 두 캠핑장 모두 예약 플랫폼인 ‘캠핏’ 홈페이지를 통해 예약할 수 있고 운영 정보와 이용 안내도 손쉽게 확인...",donga.com,https://n.news.naver.com/mnews/article/020/0003731215?sid=103,,
테마파크 예약,2026. 7. 9.,"임실, 자연과 체험이 어우러진 가볼 만한 곳","모든 체험은 최소 10인 이상 예약 시 진행되며, 3일 전에는 사전 예약을 해야 한다. 이곳은 전북 임실에 있는... 만들어진 테마파크이다. 고려시대 문인 최자의 '보한집'에 기록되었고 교과서에도 실릴 만큼 널리 알려진...",joongangenews.com,https://www.joongangenews.com/news/articleView.html?idxno=529442,,
테마파크 예약,2026. 7. 9.,동두천의 고요한 숲길과 이야기가 있는 가볼 만한 곳,"소요산 입구에 위치한 소요 별앤숲 테마파크는 산림욕장과 다양한 아웃도어 체험을 제공한다. 이곳은... 사전 예약제로 운영되며 매주 월요일, 1월 1일, 설날 및 추석 당일은 휴관한다. 다채로운 예술 체험 프로그램을 통해...",cbci.co.kr,https://www.cbci.co.kr/news/articleView.html?idxno=587824,,
테마파크 예약,2026. 7. 9.,"세부 제이파크 아일랜드, 겨울 성수기 겨냥 '메가딜' 프로모션","이번 프로모션은 전 객실 타입에 적용되며, 예약 고객에게는 1박당 30달러 할인 혜택이 제공된다. 또한 공항과... 뽀로로 테마파크, 전용 비치, 다양한 액티비티와 해양 스포츠, 아미고 공연 등 엔터테인먼트 시설을 갖추고...",gukjenews.com,https://www.gukjenews.com/news/articleView.html?idxno=3630937,,
테마파크 예약,2026. 7. 9.,겨울 휴가 준비한다면…제이파크 아일랜드 대규모 프로모션 운영,"겨울 휴가를 미리 준비하는 여행객들이 늘어나면서 해외 리조트들도 선예약 수요 확보에 나서고 있다. 특히... 총 820개 객실을 보유하고 있으며, 대규모 워터파크와 전용 해변, 실내 뽀로로 테마파크, 해양 액티비티 시설...",etnews.com,https://n.news.naver.com/mnews/article/030/0003446103?sid=103,,
테마파크 예약,2026. 7. 9.,"세부 제이파크 아일랜드, 동계 성수기 대비 투숙객 유치 다변화 전략 시...","리조트 측은 해당 기간 예약 고객을 대상으로 공항과 리조트 간 이동을 지원하는 픽업 및 드랍 차량 서비스... 캐릭터 테마파크, 전용 해변 등을 고루 갖추고 있어 정체 체류형 휴양을 선호하는 가족 단위 방문객들의...",discoverynews.kr,https://www.discoverynews.kr/news/articleView.html?idxno=1095628,,
테마파크 예약,2026. 7. 9.,"레고랜드, '썸머 플레이 플래시 세일' 개최…파크 이용권 최대 50% 할인",구매한 이용권은 7월 17일부터 9월 7일까지 운영일 중 원하는 날짜에 별도 예약 없이 사용할 수 있다. 호텔... 여름 성수기를 앞두고 테마파크 업계의 할인 경쟁이 본격화되는 모습이다. 레고랜드는 가격 혜택과 물놀이...,thefirstmedia.net,http://www.thefirstmedia.net/news/articleView.html?idxno=203372,,
테마파크 예약,2026. 7. 8.,"대전의 풍경을 담는 여름, 특별한 가볼 만한 곳","사이언스 테마파크다. 로봇, 우주, AI를 핵심 주제로 삼아 직접 만들고 체험하며 과학 원리를 놀이처럼 배울... 방문 전에는 평일 단체 예약 여부를 확인하여 관람 시간을 조율하는 것이 좋다. 유성구 상대동에 자리한...",cbci.co.kr,https://www.cbci.co.kr/news/articleView.html?idxno=587569,,
테마파크 예약,2026. 7. 8.,"전북 임실에서 만나는 특별한 체험, 여름에 가볼 만한 곳","기리는 테마파크이다. 넓고 푸른 잔디밭이 펼쳐져 있으며 반려견 전용 캠핑시설을 갖추고 있다. 매년... 사전 예약제로 최소 10인 이상 모객 시 진행된다. 방문객들은 마을의 친절한 분위기, 다양한 상품, 수려한 자연 경관...",cbci.co.kr,https://www.cbci.co.kr/news/articleView.html?idxno=587566,,
테마파크 예약,2026. 7. 8.,제주 갈 땐 신한카드…렌터카부터 관광지까지 할인 혜택 풍성,"신한카드는 제주를 찾는 고객들을 대상으로 렌터카와 테마파크, 미디어아트 전시관 등에서 다양한 할인 혜택을 제공하는 이벤트를 진행한다고 8일 밝혔다. 먼저 제주엔젤렌트카 홈페이지에서 실시간 예약 후...",s-journal.co.kr,https://www.s-journal.co.kr/news/articleView.html?idxno=42268,,
테마파크 예약,2026. 7. 8.,"신한카드, 제주 휴가족 겨냥한 여행 할인 이벤트 선보여",제주엔젤렌트카 이용 고객은 홈페이지 예약 할인과 함께 신한카드 결제 시 추가 할인 혜택을 받을 수 있다.... 제주 대표 관광지인 에코랜드 테마파크에서는 신한카드 이용 고객을 대상으로 입장료 할인 혜택을 제공하며...,koreaittimes.com,https://www.koreaittimes.com/news/articleView.html?idxno=155052,,
테마파크 예약,2026. 7. 8.,"신한카드, 여름 휴가철 제주 렌터카·관광지 할인 이벤트","신한카드는 제주 렌터카와 테마파크, 미디어아트 전시관 등을 이용하는 고객에게 결제 할인과 입장권... 제주엔젤렌트카 홈페이지에서 실시간 예약을 진행하면 기존 예약 할인에 더해 결제금액에 따라 신한카드...",safetynews.co.kr,https://www.safetynews.co.kr/news/articleView.html?idxno=249449,,
테마파크 예약,2026. 7. 8.,"[카드레터] 신한카드 '제주여행 이벤트' 진행, BC카드 '밀리의서재와 프...","실시간 예약 때 제공되는 할인 혜택에 더해 신한카드로 결제하면 10만원 이상 5000원, 5만원 이상 3000원, 5만원 미만은 1000원 할인을 더 받을 수 있다. 곶자왈 숲속 기차여행을 할 수 있는 에코랜드 테마파크에서는 성인...",bizwnews.com,http://www.bizwnews.com/news/articleView.html?idxno=140226,,
테마파크 예약,2026. 7. 8.,"금융권, 여름 맞이 고객 혜택 확대","제주엔젤렌트카 홈페이지 실시간 예약시 제공되는 할인 혜택에 더해 신한카드로 결제시 10만 원 이상 5000원, 5만 원 이상 3000원, 5만 원 미만은 1000원 할인을 추가로 받을 수 있다. 이 밖에도 △에코랜드 테마파크...",kpinews.kr,https://www.kpinews.kr/newsView/1065578512504359,,
테마파크 예약,2026. 7. 8.,"신한카드, 제주 렌트카·테마파크 할인 이벤트 진행","제주엔젤렌트카는 도내 유일한 소비자중심경영(CCM인증) 렌터카 업체로, 홈페이지 실시간 예약시 할인을 제공한다. 에코랜드 테마파크에서는 성인 4000원·청소년 3000원·어린이 2000원 할인 받고 곶자왈 숲속...",ekn.kr,https://www.ekn.kr/web/view.php?key=20260708025180414,,
테마파크 예약,2026. 7. 8.,"레고랜드, 9일부터 단 8일 동안 '썸머 플레이 플래시 세일' 돌입","골라 예약 없이 방문할 수 있다. 여름 성수기 방학 시즌은 물론, 9월 초 늦캉스를 계획 중인 이들까지 유연하게 일정을 조율할 수 있는 구조다. 테마파크의 마법 같은 경험을 이어갈 레고랜드 호텔 역시 실속 있는...",bizwnews.com,http://www.bizwnews.com/news/articleView.html?idxno=140240,,
테마파크 예약,2026. 7. 8.,"신한카드, 제주 여행객 겨냥 여름 혜택 강화",렌터카·테마파크·미디어아트 등 할인 제공 Tops 고객 대상 추가 할인으로 체험형 콘텐츠 확대 신한카드... 제주엔젤렌트카 홈페이지에서 실시간 예약 시 제공되는 기본 할인에 더해 신한카드로 결제할 경우 이용 금액에...,munhwa.com,https://n.news.naver.com/mnews/article/021/0002803267?sid=101,,
테마파크 예약,2026. 7. 8.,[뉴스워커_신한카드] 제주 여행객 할인 이벤트…렌터카·관광지 혜택 내...,제주엔젤렌트카에서는 홈페이지 예약 할인에 더해 신한카드 결제 시 이용 금액에 따라 최대 5천 원까지 추가 할인 혜택을 받을 수 있다. 에코랜드 테마파크에서는 신한카드 결제 고객에게 입장권 할인과 함께 입장권...,newsworker.co.kr,http://www.newsworker.co.kr/news/articleView.html?idxno=435200,,
테마파크 예약,2026. 7. 8.,"전주의 여름날, 고즈넉한 한옥과 문화가 어우러진 가볼 만한 곳","무료로 이용할 수 있으며, 사람이 많은 주말과 공휴일에는 현장 예약제로 운영된다. 완산구 풍남동2가에 자리한 전주난장은 근대사를 테마파크처럼 구성한 체험박물관이다. 옛집 10채가 미로처럼 이어진 공간에서 지금은...",topstarnews.net,https://www.topstarnews.net/news/articleView.html?idxno=16119973,,
테마파크 예약,2026. 7. 8.,[오늘 뭐했니?] 신한금융·신한은행·신한카드·신한투자증권,"실시간 예약시 제공되는 할인 혜택에 더해 신한카드로 결제시 10만원 이상 5천원, 5만원 이상 3천원, 5만원 미만은 1천원 할인을 추가로 받을 수 있다. 곶자왈 숲속 기차여행을 할 수 있는 에코랜드 테마파크에서...",financialreview.co.kr,http://www.financialreview.co.kr/news/articleView.html?idxno=43400,,
테마파크 예약,2026. 7. 8.,"[경제소식] KB증권, 젊은 자산가 '더 넥스트 서밋' 성료","이번 이벤트는 렌터카, 테마파크, 미디어아트 전시, 해양 레포츠 등 제주 여행 관련 이용처를 중심으로 구성됐다. 제주엔젤렌트카 이용 고객은 홈페이지 실시간 예약 시 제공되는 할인에 신한카드 결제 할인을 추가로...",4th.kr,http://www.4th.kr/news/articleView.html?idxno=2114413,,
테마파크 예약,2026. 7. 8.,"“제주 여행 알뜰하게”…신한카드, 렌트카·주요 관광지 할인 이벤트","실시간 예약 시 적용되는 할인 혜택에 더해 신한카드로 결제시 10만원 이상 5000원, 5만원 이상 3000원, 5만원 미만은 1000원 할인을 중복으로 받을 수 있다. 곶자왈 숲속 기차여행을 할 수 있는 에코랜드 테마파크에서...",beyondpost.co.kr,http://www.beyondpost.co.kr/view.php?ud=202607081124154347be44c0aacd_30,,
테마파크 예약,2026. 7. 8.,[더밸류 브리핑] 오늘의 여신업계 소식...신한카드·NH농협캐피탈,"제주엔젤렌트카 홈페이지에서 실시간 예약 후 신한카드로 결제하면 기존 할인에 더해 결제금액 10만원 이상은 5000원, 5만원 이상은 3000원, 5만원 미만은 1000원을 추가로 할인받을 수 있다. 에코랜드 테마파크에서도...",thevaluenews.co.kr,http://www.thevaluenews.co.kr/news/view.php?idx=199943,,
테마파크 예약,2026. 7. 8.,"신한카드, 제주 렌터카·관광시설 할인 혜택 제공","기존 예약 할인에 더해 결제금액에 따라 추가 할인받는다. 결제 금액별로 10만 원 이상은 5000원, 5만 원 이상은 3000원, 5만원 미만은 1000원 혜택을 제공한다. 에코랜드 테마파크에서는 현장 구매 시 입장권을...",pinpointnews.co.kr,https://www.pinpointnews.co.kr/news/articleView.html?idxno=466430,,
테마파크 예약,2026. 7. 8.,"신한카드, 제주 여행 할인 이벤트…렌터카·테마파크 혜택","제주엔젤렌트카 이용 고객은 홈페이지 예약 후 신한카드로 결제하면 결제 금액에 따라 최대 5000원 추가 할인을 받을 수 있다. 에코랜드 테마파크는 입장권과 패키지 상품 할인, 노형수퍼마켙은 전용 QR 결제 시 입장권...",webeconomy.co.kr,https://www.webeconomy.co.kr/news/articleView.html?idxno=2225533,,
테마파크 예약,2026. 7. 8.,"제주 여행 더 알뜰하게…신한카드, 여름 맞아 할인 이벤트","실시간 예약 시 제공되는 할인 혜택에 더해 신한카드로 결제 시 10만원 이상 5000원, 5만원 이상 3000원, 5만원 미만은 1000원 할인을 추가로 받을 수 있다. 곶자왈 숲속 기차여행을 할 수 있는 에코랜드 테마파크에서...",ftoday.co.kr,http://www.ftoday.co.kr/news/articleView.html?idxno=361793,,
테마파크 예약,2026. 7. 8.,"신한카드, 제주 여름 휴가족 겨냥 맞춤 이벤트","예약할 때 적용되는 기본 할인에 더해 신한카드로 결제하면 10만원 이상 5000원, 5만원 이상은 3000원, 5만원 미만일 때는 1000원을 즉시 할인받는 구조다. 곶자왈 숲속 기차여행을 할 수 있는 에코랜드 테마파크에서도...",pointdaily.co.kr,https://www.pointdaily.co.kr/news/articleView.html?idxno=311080,,
테마파크 예약,2026. 7. 8.,"신한카드, 제주 여행객 대상 할인 이벤트 진행",제주엔젤렌트카 홈페이지에서 실시간 예약 후 신한카드로 결제하면 ▲10만원 이상 5000원 ▲5만원 이상 3000원 ▲5만원 미만 1000원을 추가 할인받을 수 있다. 에코랜드 테마파크에서는 신한카드 결제 시 성인 4000원...,womentimes.co.kr,https://www.womentimes.co.kr/news/articleView.html?idxno=104220,,
테마파크 예약,2026. 7. 8.,"신한카드, 여름 휴가철 제주 여행 고객 대상 할인 이벤트 진행",제주엔젤렌트카 홈페이지에서 실시간 예약 시 제공되는 기본 할인에 더해 신한카드로 결제하면 결제... 곶자왈 숲속 기차여행을 즐길 수 있는 에코랜드 테마파크에서도 신한카드 결제 혜택이 적용된다. 신한카드로...,socialvalue.kr,https://www.socialvalue.kr/news/view/1065573294629289,,
테마파크 예약,2026. 7. 8.,"[금융권 이모저모]KB자산운용, 'KB온국민TDF 2055' 5년 수익률 1위 外","제주엔젤렌트카 홈페이지에서 예약한 뒤 신한카드로 결제하면 이용금액에 따라 1000원에서 최대 5000원을 추가로 할인받을 수 있다. 에코랜드 테마파크 입장권은 성인 4000원, 청소년 3000원, 어린이 2000원을 할인한다....",businessplus.kr,https://www.businessplus.kr/news/articleView.html?idxno=113856,,
테마파크 예약,2026. 7. 8.,"신한카드, 제주 여행객 잡는다…렌터카부터 미디어아트까지 할인","실시간 예약 할인에 더해, 신한카드로 결제하면 이용 금액에 따라 최대 5천원까지 추가 할인을 받을 수... 곶자왈 숲속을 기차로 둘러보는 에코랜드 테마파크에서는 신한카드 결제 시 성인 4000원, 청소년 3000원...",viva100.com,https://www.viva100.com/article/20260708500317,,
테마파크 예약,2026. 7. 8.,"신한카드, 제주 여행객 대상 할인 이벤트…렌터카·관광지 최대 30% 혜택","제주엔젤렌트카에서 실시간 예약 시 제공되는 기본 할인에 더해 신한카드로 결제하면 결제 금액 10만원 이상은 5000원, 5만원 이상은 3000원, 5만원 미만은 1000원을 추가 할인받을 수 있다. 에코랜드 테마파크에서는...",megaeconomy.co.kr,https://www.megaeconomy.co.kr/news/newsview.php?ncode=1065572113555559,,
테마파크 예약,2026. 7. 8.,"신한카드, 제주 여행 고객 대상 할인 혜택 제공",제주엔젤렌트카 홈페이지 실시간 예약 후 신한카드로 결제 시 △10만원 이상 5000원 △5만원 이상 3000원 △5만원 미만 1000원 등을 추가 할인한다. 에코랜드 테마파크는 신한카드 결제 시 성인 4000원·청소년 3000원...,joongangenews.com,https://www.joongangenews.com/news/articleView.html?idxno=531340,,
테마파크 예약,2026. 7. 8.,"신한카드, 여름 휴가철 맞아 다양한 혜택 제공 이벤트","실시간 예약시 제공되는 할인 혜택에 더해 신한카드로 결제시 10만원 이상 5000원, 5만원 이상 3000원, 5만원 미만은 1000원 할인을 받을 수 있다. 곶자왈 숲속 기차여행을 할 수 있는 에코랜드 테마파크에서 신한카드로...",ziksir.com,https://www.ziksir.com/news/articleView.html?idxno=139417,,
테마파크 예약,2026. 7. 8.,여름 휴가철 취향 저격…신한카드 들고 떠나는 '가성비 제주 여행',"공식 홈페이지의 실시간 예약 할인가에 더해 신한카드로 결제하면 금액대별로 최대 5000원(10만원 이상... 곶자왈 숲속 기차여행 테마파크인 에코랜드에서는 신한카드 결제 시 연령별로 최대 4000원(성인 4000원, 청소년...",thefairnews.co.kr,https://www.thefairnews.co.kr/news/articleView.html?idxno=81543,,
테마파크 예약,2026. 7. 8.,세 노인의 중국 베이징(北京)-다퉁(大同) 기행기➁,"관람시 주의할 점은 어딜 가든 반드시 여권을 지참해야 하며, 입장료는 무료이지만 가능하면 예약하는... 일종의 테마파크에 불과하다고 하니 가볼 일은 없을 것 같다. 스차하이(什刹海)에서 저녁식사 숙소로 돌아가는...",mediagunpo.co.kr,http://www.mediagunpo.co.kr/21580,,
테마파크 예약,2026. 7. 7.,"에버랜드, K팝 걸그룹 '아이브(IVE)' 협업 프로젝트 '포에버 아이브' 운...","스페셜 패스는 에버랜드 모바일 애플리케이션에서 방문일을 지정해 예약할 수 있으며, 예매 일정은 공식 홈페이지를 통해 순차적으로 공개된다. 테마파크와 K-팝 아티스트의 협업이 체험형 콘텐츠와 한정판 상품을...",thefirstmedia.net,http://www.thefirstmedia.net/news/articleView.html?idxno=203253,,
테마파크 예약,2026. 7. 7.,[7일 화성시] ‘그냥드림’ 벤치마킹 주목 등,"참여 신청은 2026년 7월6일부터 24일까지 시 통합예약시스템에서 선착순으로 접수한다. 모집 인원에 미달할... 에코팜 테마파크 광장(궁평리 749)에서 어린이와 가족 등 약 400명이 참여하는 ‘논 산책, 텃밭여행’ 어린이...",asiatime.co.kr,https://www.asiatime.co.kr/article/20260707500192,,
테마파크 예약,2026. 7. 7.,SKT 매장에 상륙한 포켓몬…내달 31일까지 리워드 행사,SKT는 프로그램 운영의 혼잡을 예방하기 위해 7일부터 내달 31일까지 약 두 달간 비대면 예약제로 운영할... 리워드 수령처로 지정된 매장은 포켓몬 테마파크로 변신한다. 일부 매장은 잉어킹과 갸라도스 캐릭터를 활용한...,kfenews.co.kr,https://www.kfenews.co.kr/news/articleView.html?idxno=659904,,
테마파크 예약,2026. 7. 7.,"""AI 썼다""는 자랑이 안 되는 시대, 진짜 게임 체인저는 누굴까","이것은 예약 전화에서 ""개를 데려가도 되나요?"", ""어디에 주차하면 되나요?""와 같은 문의에 응답하는... 하사비스는 딥마인드 이전에 '테마 파크'를 만들었는데, 그것을 다운로드가 필요 없는 웹 브라우저에 올리고...",gamevu.co.kr,https://www.gamevu.co.kr/news/articleView.html?idxno=59188,,
테마파크 예약,2026. 7. 7.,"[호텔가 이모저모] 호텔신라, 공식 홈페이지·앱 개편 外","호텔신라는 공식 홈페이지와 모바일 앱을 전면 개편해 예약, 결제, 여행 정보 탐색 과정을 고객 편의... 약 12만 평 규모의 야간 디지털 테마파크 루나폴은 여름철 오후 8시 30분부터 자정까지 운영하며, 천지연폭포는...",slist.kr,https://www.slist.kr/news/articleView.html?idxno=750075,,
테마파크 예약,2026. 7. 7.,"""매장이 포켓몬 세상으로"" SKT, 30주년 기념 '잉어킹 카드' 배부 시작","예약 접수 및 수령 기간은 이달 7일부터 내달 31일까지 약 두 달간 운영되지만, 신청자 본인만 수령할 수 있고 수령 시 신분증을 반드시 지참해야 한다. 단순히 카드만 나눠주는 게 아니라 매장 자체를 포켓몬 테마파크...",asiaa.co.kr,https://www.asiaa.co.kr/news/articleView.html?idxno=254425,,
테마파크 예약,2026. 7. 6.,"'포에버 아이브' 에버랜드, 아이브 테마 온오프 콘텐츠 경험 제공","ForEVER IVE는 테마파크에서 아이브의 세계관을 경험할 수 있도록 하는 데 초점을 맞췄다. 셔틀버스가... 캐릭터 '미니브'를 테마로 꾸며진 다양한 공간을 만나볼 수 있고, 모바일앱을 통해 스페셜 패스를 예약하면...",sportschosun.com,https://n.news.naver.com/mnews/article/076/0004422992?sid=103,,
테마파크 예약,2026. 7. 6.,"롯데관광·시그니엘·조선호텔·NOL, 프리미엄 여가 경쟁 강화","국제선 유류할증료 하락세로 해외여행 예약이 늘면서 7월 1일부터 2일까지 NOL의 해외 항공권 예약 건수는... 국내여행에서는 료칸 스타일 숙소, 풀빌라, 유럽 감성 숙소, 숲속 감성 숙소와 함께 워터파크·테마파크...",pressman.kr,https://www.pressman.kr/news/articleView.html?idxno=102626,,
테마파크 예약,2026. 7. 6.,아이브가 에버랜드에 떴다…굿즈부터 놀이기구까지 ‘팬심’ 공략,에버랜드 모바일앱을 통해 ‘스페셜 패스’를 예약한 고객은 원하는 멤버의 포토패스를 받을 수 있다.... 에버랜드 관계자는 “테마파크라는 공간에서 최정상 아티스트의 세계관을 가장 몰입감 있게 체험할 수 있도록...,sportsseoul.com,https://n.news.naver.com/mnews/article/468/0001252075?sid=103,,
테마파크 예약,2026. 7. 6.,"에버랜드, 아이브 협업 '포에버 아이브'로 팬심 공략","통해 테마파크 곳곳에서 아이브를 경험할 수 있도록 구성했다. 프로젝트 공개 당시부터 SNS와 팬... 한편, 포에버 아이브 스페셜 패스는 에버랜드 모바일 앱에서 방문일을 지정해 사전 예약 후 구매할 수 있으며, 방문일별...",fnnews.com,https://n.news.naver.com/mnews/article/014/0005544290?sid=103,,
테마파크 예약,2026. 7. 6.,"놀유니버스 NOL, 여름 시즌 여행·여가 할인 캠페인 운영","해외 항공권 예약은 7월 초 기준 전월 대비 1.5배, 전주 대비 2배 이상 증가한 것으로 나타났다. 해외... 료칸 형태 숙소, 풀빌라, 워터파크, 테마파크 이용권 등이 포함됐으며, 실내 공연과 전시 상품도 함께 구성됐다. 공연...",lawissue.co.kr,http://www.lawissue.co.kr/view.php?ud=202607061535372451204ead0791_12,,
테마파크 예약,2026. 7. 6.,"에버랜드, 아이브 콜라보 프로젝트 'ForEVER IVE' 화제","이번 ForEVER IVE를 통해 팬들은 테마파크에서 아이브의 세계관을 색다르게 경험할 수 있다. 먼저 셔틀버스가... 를 테마로 꾸며진 다양한 공간을 만나볼 수 있는데, 에버랜드 모바일앱을 통해 스페셜 패스를 예약하면...",kgnews.co.kr,https://www.kgnews.co.kr/news/article.html?no=902712,,
테마파크 예약,2026. 7. 6.,"[아이들과 가볼만한 곳] ""세계 최초 Physical AI 테마파크 시대 연다""…...","-편집자 말 ◇ ""세계 최초 Physical AI 테마파크 시대 연다""…갤럭시 로봇파크, 프리오픈 예약 열풍 갤럭시코퍼레이션이 선보이는 국내 최초 로봇 문화 복합공간 '갤럭시 로봇파크(Galaxy Robot Park)'가 프리오픈 예약 시작과...",ibabynews.com,https://www.ibabynews.com/news/articleView.html?idxno=152656,,
테마파크 예약,2026. 7. 6.,"갤럭시 로봇파크, 프리오픈 예약…7월 주말 공연 매진",첫 7월 예약 관람객 8000명돌파…추가 오픈 문의 이어져 갤럭시코퍼레이션이 운영하는 ‘갤럭시 로봇파크... AI)’ 테마파크를 표방한다. 관람객은 로봇 공연과 다양한 체험 프로그램을 통해 AI와 로봇을 활용한...,sports.donga.com,https://n.news.naver.com/mnews/article/382/0001281837?sid=103,,
테마파크 예약,2026. 7. 6.,"속초를 만끽하는 여정, 바다와 산이 어우러진 가볼 만한 곳","강원 속초시 설악동에 위치한 설악케이블카는 온라인 및 전화 예약이 불가능하며, 당일 현장에서만 구매할... 실내 테마파크다. 이곳은 상상력을 자극하는 다양한 착시미술 작품 속에서 특별한 사진을 남길 수 있는...",cbci.co.kr,https://www.cbci.co.kr/news/articleView.html?idxno=586807,,
테마파크 예약,2026. 7. 6.,"갤럭시 로봇파크, 프리오픈부터 8000명 몰렸다… “피지컬 AI 시대 개막...","프리오픈 예약에서는 약 8,000명의 관람객이 예매를 완료했으며, 주말 공연이 조기 매진되면서 추가 회차... 갤럭시 로봇파크는 AI와 로봇, 공연, 콘텐츠를 결합한 Physical AI 테마파크를 목표로 조성됐다. 단순히 로봇을...",etnews.com,https://n.news.naver.com/mnews/article/030/0003444711?sid=101,,
테마파크 예약,2026. 7. 6.,"에버랜드, 아이브 콜라보 프로젝트 'ForEVER IVE' 화제","이번 ForEVER IVE를 통해 팬들은 테마파크에서 아이브의 세계관을 색다르게 경험할 수 있다. 먼저 셔틀버스가... 를 테마로 꾸며진 다양한 공간을 만나볼 수 있는데, 에버랜드 모바일앱을 통해 스페셜 패스를 예약하면...",edu.donga.com,https://edu.donga.com/news/articleView.html?idxno=109620,,
테마파크 예약,2026. 7. 6.,"에버랜드, 인기 그룹 아이브(IVE)과 스페셜 콜라보 프로젝트 'ForEVER IVE'...","에버랜드를 찾은 팬들은 테마파크 곳곳에서 아이브의 세계관을 다양한 방식으로 만날 수 있다. 셔틀버스는 'ForEVER IVE BUS'로 꾸며져 아이브의 음성 안내와 함께 운행되며, 에버랜드 모바일앱을 통해 스페셜 패스 예약 시...",newsquest.co.kr,https://www.newsquest.co.kr/news/articleView.html?idxno=269164,,
테마파크 예약,2026. 7. 6.,유류할증료 내리자 여행 할인 전쟁… 항공권 반값부터 호텔 최대 80% 특...,"이번 행사에서는 항공권과 호텔, 에어텔, 입장권, 현지투어 등을 한 번에 예약할 수 있으며 최대 62% 할인... 국내에서는 풀빌라와 감성 숙소, 워터파크, 테마파크, 공연과 전시까지 최대 75% 할인 혜택을 제공하며 무신사...",tournews21.com,https://www.tournews21.com/news/articleView.html?idxno=137992,,
테마파크 예약,2026. 7. 6.,"'갤럭시 로봇파크', 프리오픈 흥행…7월 주말 공연 매진 기록","갤럭시코퍼레이션이 선보이는 '갤럭시 로봇파크(Galaxy Robot Park)'가 프리오픈 예약 시작과 함께 7월 주말... 갤럭시 로봇파크는 공연과 AI, 로봇 기술을 융합한 Physical AI 테마파크를 목표로 조성됐으며, 전시 중심의...",magazine.hankyung.com,https://n.news.naver.com/mnews/article/050/0000108200?sid=101,,
테마파크 예약,2026. 7. 6.,"원더파크, 여름방학 ‘로보카폴리 동물구조 대작전’ 17일 개막",9일부터 네이버 예약 얼리버드 판매…최대 43% 할인 미디어 체험형 테마파크 원더파크가 여름방학을 맞아 신규 체험전 ‘로보카폴리 동물구조 대작전’을 17일 선보인다. 이번 체험전은 애니메이션 ‘로보카폴리’를...,sports.donga.com,https://n.news.naver.com/mnews/article/382/0001281786?sid=103,,
테마파크 예약,2026. 7. 6.,"원더파크, ‘로보카폴리 동물구조 대작전’ 17일 개막","체험형 테마파크 원더파크는 신규 체험전 ‘로보카폴리 동물 구조 대작전’을 17일 개막한다고 6일 밝혔다.... 한편, 원더파크는 본 체험전의 공식 개막을 앞두고 오는 7월 9일부터 16일까지 단 8일간 네이버 예약을 통해...",biz.chosun.com,https://n.news.naver.com/mnews/article/366/0001176988?sid=101,,
테마파크 예약,2026. 7. 6.,"아이브와 함께하는 특별한 하루…에버랜드, ‘ForEVER IVE’ 눈길",이번 행사는 아티스트의 매력과 테마파크의 즐길거리를 결합하여 방문객들이 다채롭게 체험할 수 있도록... 팬들은 에버랜드 모바일앱으로 스페셜 패스를 사전 예약해 구매한 뒤 현장을 방문할 수 있다. 선택한 멤버의...,etoday.co.kr,https://www.etoday.co.kr/news/view/2600516,,
테마파크 예약,2026. 7. 6.,아이브 뜨자 에버랜드도 들썩…팬덤 겨냥 '포에버 아이브',윤슬빈 관광전문기자 = 테마파크가 K-팝 아티스트의 지식재산권(IP)을 활용해 글로벌 팬덤을 오프라인... 캐릭터 '미니브' 테마 공간을 조성했으며 에버랜드 모바일앱으로 스페셜 패스를 예약한 고객은 온오프라인...,news1.kr,https://n.news.naver.com/mnews/article/421/0009042008?sid=103,,
테마파크 예약,2026. 7. 6.,"놀유니버스 NOL, '놀데이' 여름 휴가 특집 전개...해외여행·워터파크 최...","실제 7월 1일부터 2일까지 NOL의 해외 항공권 예약 건수는 전월 같은 기간보다 1.5배, 직전 주 같은 기간과... 워터파크와 테마파크 입장권도 할인 판매한다. NOL 라이브에서는 7일 오후 7시 '그랜드 조선 제주 & 힐스위트...",popcornnews.net,http://www.popcornnews.net/news/articleView.html?idxno=125637,,
테마파크 예약,2026. 7. 6.,"놀, 여행·여가 할인 캠페인...노랑풍선, 허니문 상품 라인업 확대","사진=놀 7월 1~2일 NOL 해외 항공권 예약 건수는 전월 동기 대비 1.5배, 전주 동기 대비 2배 이상 증가했다.... 국내여행 상품으로는 료칸 스타일 숙소, 풀빌라, 유럽 감성 숙소, 숲속 감성 숙소와 워터파크·테마파크...",slist.kr,https://www.slist.kr/news/articleView.html?idxno=749795,,
테마파크 예약,2026. 7. 6.,에버랜드와 아이브가 만났다…'포에버 아이브' 프로젝트로 들썩이는 테...,도착 전부터 아이브 멤버들의 음성 안내가 나오는 셔틀버스가 설렘을 더하고 에버랜드에 들어서면 공식 캐릭터 미니브를 테마로 꾸며진 공간들이 방문객을 맞이한다. 에버랜드 모바일앱을 통해 예약 가능한 스페셜...,thefairnews.co.kr,https://www.thefairnews.co.kr/news/articleView.html?idxno=81316,,
테마파크 예약,2026. 7. 6.,"""최애 멤버 목소리가 안내를""… 팬들 설레게 한 에버랜드 '포에버 아이...","새로운 테마파크 문화를 보여줄 것""이라고 말했다. 한편 이번 프로젝트의 스페셜 패스는 에버랜드 모바일 앱을 통한 사전 예약제로 운영되며, 일자별 구체적인 예매 일정은 공식 홈페이지를 통해 단계적으로 안내할...",ajunews.com,https://www.ajunews.com/view/20260706081324999,,
테마파크 예약,2026. 7. 5.,"역사와 자연을 품은 섬, 거제에서 만나는 여름날의 가볼 만한 곳",하청면 실전리 일대에 펼쳐진 거제맹종죽테마파크는 대나무 중 가장 굵다고 알려진 맹종죽이 울창하게... 거제면 서상리에 위치한 숲소리공원은 양떼목장과 모노레일이 함께 있는 도심형 테마공원이다. 예약 없이 방문...,joongangenews.com,https://www.joongangenews.com/news/articleView.html?idxno=528753,,
테마파크 예약,2026. 7. 4.,"충북 음성에서 만나는 특별한 체험, 흥미로운 가볼 만한 곳","|중앙이코노미뉴스 이영선 기자|큰바위얼굴 테마파크 [사진=한국관광공사] 충북 중앙부에 위치한 음성은... 이곳은 온라인 사전 예약이 필수이며, 현장 접수나 전화 예약은 불가능하다. 매달 첫 번째 날에 다음 달 예약이...",joongangenews.com,https://www.joongangenews.com/news/articleView.html?idxno=528721,,
테마파크 예약,2026. 7. 4.,"""흠뻑 젖어도 즐겁다"" 레고랜드, '썸머 플레이'로 주말 여행수요 공략",com 썸머 플레이 메인 포토존에서 신나게 뛰노는 아이들 [사진=레고랜드] 강원도 춘천의 글로벌 테마파크... 축제 일정 및 호텔 예약에 대한 자세한 내용은 레고랜드 공식 홈페이지에서 확인할 수 있다.,ajunews.com,https://www.ajunews.com/view/20260703110413895,,
테마파크 예약,2026. 7. 3.,로봇이 구현하는 K팝…갤럭시코퍼 '로봇파크' 9월 개장,로봇파크(Galaxy Robot Park)'가 프리오픈 예약 시작과 동시에 뜨거운 관심을 받으며 정식 개관 전부터 흥행... AI 테마파크를 지향한다. 로봇을 전시하는 공간이 아니라 사람과 로봇이 함께 공연하고 교감하며 새로운 문화를...,sidae.com,https://n.news.naver.com/mnews/article/417/0001150238?sid=105,,
테마파크 예약,2026. 7. 3.,"갤럭시코퍼레이션, 로봇파크 프리오픈 ""피지컬AI 테마파크""",로봇파크(Galaxy Robot Park)'가 프리오픈 예약 시작과 동시에 뜨거운 관심을 받고 있다고 밝혔다. 오는 9월... 피지컬AI 테마파크를 지향한다. 로봇을 전시하는 공간이 아니라 사람과 로봇이 함께 공연하고 교감하며 새로운...,mt.co.kr,https://n.news.naver.com/mnews/article/008/0005381232?sid=101,,
테마파크 예약,2026. 7. 3.,"갤럭시코퍼레이션, ‘갤럭시 로봇파크’ 프리오픈 흥행…9월 그랜드 오...",-프리오픈 예약 시작과 동시에 관심 집중…Physical AI 엔터테인먼트 수요 확인 -공연·AI·로봇 융합한 세계 최초 Physical AI 테마파크로 글로벌 시장 공략 글로벌 Physical AI 엔터테크 기업 갤럭시코퍼레이션이 선보이는...,economist.co.kr,https://n.news.naver.com/mnews/article/243/0000099971?sid=101,,
테마파크 예약,2026. 7. 3.,"“로봇이 K팝 군무 춘다”…갤럭시코퍼레이션, ‘로봇파크’ 프리오픈","로봇파크(Galaxy Robot Park)'의 정식 개관을 앞두고 사전 프리오픈 예약을 시작했다고 3일 밝혔다. 오는 9월... AI 테마파크를 지향한다. 단순히 기계를 관람하는 공간이 아니라, 사람과 로봇이 무대 위에서 함께...",sentv.co.kr,https://www.sentv.co.kr/article/view/sentv202607030092,,
테마파크 예약,2026. 7. 3.,"[ZD SW 투데이] 카카오엔터프라이즈, 가천대 클라우드공학과 현장 실습...",빠르게 예약이 이어지고 있다. 갤럭시 로봇파크 전경 (사진=갤럭시코퍼레이션) 갤럭시 로봇파크는 단순한 로봇 전시관을 넘어 공연·체험·콘텐츠·AI가 융합된 세계 최초 피지컬 AI 테마파크를 지향한다. 로봇을...,zdnet.co.kr,https://n.news.naver.com/mnews/article/092/0002429205?sid=105,,
테마파크 예약,2026. 7. 2.,"마이리얼트립, 여름휴가 맞이 '마리특'·'강릉세일페스타' 동시 전개","마리특, 여행 준비부터 현지 경험까지 최대 80% 할인 혜택 강릉세일페스타, 5만원 이상 숙소 예약시 2만원... 미주 테마파크, 유럽 알프스 하이킹 등 투어·액티비티 상품은 물론 이심(eSIM)과 렌터카, 새롭게 추가된 뷰티...",ajunews.com,https://www.ajunews.com/view/20260702173629187,,
테마파크 예약,2026. 7. 2.,"속초에서 만나는 여름의 낭만, 다채로운 풍경 가득한 가볼 만한 곳","온라인이나 전화 예약은 불가능하며, 방문 당일 현장에서만 승차권을 구매할 수 있다. 케이블카를 타고... 실내 테마파크다. 이곳은 날씨에 구애받지 않고 언제든 방문하여 즐거운 시간을 보낼 수 있는 공간이다. 신개념...",joongangenews.com,https://www.joongangenews.com/news/articleView.html?idxno=528299,,
테마파크 예약,2026. 7. 2.,반얀트리 서울·켄싱턴호텔앤리조트 '페스타 돌잔치 페어' 개최...'플레...,"네이버 예약을 통해 사전 신청 시 무료로 참여할 수 있으며 방문 고객에게 기프트를 제공한다. 또한 당일... 패키지는 객실 1박, 조식 뷔페 2인, 남원 춘향 여행권(광한루원ㆍ춘향테마파크ㆍ지리산 허브...",wsobi.com,http://www.wsobi.com/news/articleView.html?idxno=314623,,
테마파크 예약,2026. 7. 2.,"日 ‘관광 배짱’… 출국세 3배로, 비자수수료 5배로 인상",일본 오사카의 인기 테마파크인 ‘유니버설 스튜디오 저팬(USJ)’이 입장객 수요에 따라 가격이... 티켓 예매는 두 달 전부터 가능한데 새 제도에선 고정 가격이 아닌 예약이 늦거나 수요가 몰리면 가격이 점차...,donga.com,https://n.news.naver.com/mnews/article/020/0003730904?sid=104,,
테마파크 예약,2026. 7. 1.,日 테마파크 ‘변동 가격제’ 도입…늦게 예약하면 비싸진다,일본 오사카의 인기 테마파크인 ‘유니버설 스튜디오 재팬(USJ)’이 입장객 수요에 따라 가격이... 티켓 예매는 2달 전부터 가능한데 새 제도에선 고정 가격이 아닌 예약이 늦거나 수요가 몰리면 가격이 점차 뛰는...,donga.com,https://n.news.naver.com/mnews/article/020/0003730765?sid=104,,
테마파크 예약,2026. 7. 1.,"휴가객 찾아가던 유통, 휴가지 그 자체가 되다 [옛날신문보기]","예약주문 패키지상품은 삼겹살·목심·LA갈비 패키지 등 3종류. -2007년 7월 27일 <문화일보> ""피서지로... 신세계백화점은 가족단위의 백캉스족을 위해 이달 한 달간 주요 점포의 문화홀을 키즈 테마파크로 바꿨다. -2017년...",sisaon.co.kr,https://www.sisaon.co.kr/news/articleView.html?idxno=202316,,
테마파크 예약,2026. 7. 1.,AI 검색으로 예약까지… 플랫폼 독점 깨진다,현재 스마틱스는 전국 700여 개 주요 테마파크와 축제의 입장권 예매부터 정산에 이르는 전 과정을 원스톱 처리하는 서비스형 소프트웨어(SaaS)를 제공하고 있다. 그는 “포털과 온라인여행사(OTA)를 거치는 예약 구조는...,edaily.co.kr,https://n.news.naver.com/mnews/article/018/0006319472?sid=101,,
여행 AI 에이전트,2026. 7. 9.,"[일문일답] 티맵 전창근 CPO ""20년 내비 틀 깨고 '이동의 마침표' 찍겠다...","전창근 CPO는 ""유저들의 통합 프로필을 중심으로 에이전트를 연동해 모바일에서 사용했던 기록과 경험이 차 안으로 자연스럽게 이어지도록 하겠다""며 ""차량으로 이동한 유저의 여행 맥락을 AI가 판단해 모바일로 주변...",economist.co.kr,https://n.news.naver.com/mnews/article/243/0000100223?sid=105,,
여행 AI 에이전트,2026. 7. 9.,"‘단순 응답은 그만’...센드버드, 환불·재예약까지 해결하는 에이전트...","평가해 AI 성능을 보완하는 식이다. 에이전트 스튜어드 솔루션의 주 타깃은 일반 소비재 영역부터 여행, 항공 산업 등이다. 김 대표는 “센드버드는 고객 경험 전반을 조율하고 실행하는 AI 에이전트 생태계를 지속적으로...",mk.co.kr,https://n.news.naver.com/mnews/article/009/0005705054?sid=105,,
여행 AI 에이전트,2026. 7. 9.,티맵의 ‘숏폼 SNS’ 변신…“AI·데이터로 이동 全 과정 커버”,"티맵은 월 1550만 명의 이용자 데이터와 인공지능(AI) 기술을 토대로 에이전트 서비스도 강화할 계획이다. 이동 정보를 기반으로 여행·이동 코스를 추천해주는 대화형 에이전트, 차량 탑재형 음성 에이전트를 준비하고...",sedaily.com,https://n.news.naver.com/mnews/article/011/0004639866?sid=105,,
여행 AI 에이전트,2026. 7. 9.,"""응답이 아니라 해결""… 센드버드, 서브 에이전트 조율하는 '에이전트 ...","차세대 AI 에이전트 솔루션 '에이전트 스튜어드(Agent Steward)'가 공개됐다. 글로벌 AI 커뮤니케이션 기업... 기업이 AI에게 점진적으로 권한을 부여할 수 있도록 설계됐다. 여행·항공 산업에서는 항공편 취소, 재예약...",platum.kr,https://platum.kr/archives/290650,,
여행 AI 에이전트,2026. 7. 9.,"센드버드, AI 에이전트 '에이전트 스튜어드' 공개…""업무 끝까지 해결""",AI 커뮤니케이션 플랫폼 기업 센드버드(대표 김동신)가 여러 AI 에이전트와 기업 시스템을 조율해 복잡한... 기업이 AI 권한을 점진적으로 확대할 수 있도록 설계했다. 센드버드는 여행·항공 산업에서는 항공편 취소와...,edaily.co.kr,https://n.news.naver.com/mnews/article/018/0006326015?sid=105,,
여행 AI 에이전트,2026. 7. 9.,"챗GPT, 사람처럼 대화 나눈다…오픈AI, GPT 라이브 적용","서로 다른 언어를 사용하는 사용자들이 회의, 여행, 교육, 고객 응대 등 다양한 상황에서 보다 자연스럽게... 오픈AI는 “사용자가 텍스트로 할 수 있는 일, 또는 AI 에이전트에게 요청할 수 있는 일을 음성 대화 안에서도...",dt.co.kr,https://n.news.naver.com/mnews/article/029/0003036154?sid=105,,
여행 AI 에이전트,2026. 7. 9.,"사람처럼 티키타카…오픈AI, '챗GPT 보이스' 공개","회의, 여행, 교육, 고객 응대 등에서 서로 다른 언어 사용자 간 대화가 한층 자연스러워질 것으로 오픈AI는... 텍스트나 AI 에이전트로 할 수 있는 일을 음성 대화 안에서도 수행할 수 있도록 기술을 발전시켜 나갈...",newsis.com,https://n.news.naver.com/mnews/article/003/0014055791?sid=105,,
여행 AI 에이전트,2026. 7. 9.,"오픈AI, 말 끊김 줄인 '챗GPT 보이스' 공개","회의, 여행, 교육, 고객 응대 등 서로 다른 언어를 사용하는 상황에서 보다 자연스러운 대화가 가능해질... 오픈AI는 사용자가 텍스트로 처리하던 작업이나 AI 에이전트에게 맡기던 요청을 음성 대화 안에서도...",dailian.co.kr,https://n.news.naver.com/mnews/article/119/0003109614?sid=101,,
여행 AI 에이전트,2026. 7. 9.,"오픈AI, '챗GPT 보이스' 실시간 대화 경험 고도화","회의, 여행, 교육, 고객 응대 등 다양한 상황에서 보다 자연스럽게 대화할 수 있을 것으로 기대된다.... 오픈AI는 사용자가 텍스트로 할 수 있는 일이나 AI 에이전트에게 요청할 수 있는 일을 음성 대화 안에서도...",datanet.co.kr,https://www.datanet.co.kr/news/articleView.html?idxno=212943,,
여행 AI 에이전트,2026. 7. 9.,"오픈AI, 맥락 이해하는 '챗GPT 보이스' 공개...""말이 끝날 때까지 기다리...","회의, 여행, 교육, 고객 응대 등 다양한 상황에서 보다 자연스럽게 대화할 수 있을 것으로 기대된다.... 오픈AI는 사용자가 텍스트로 할 수 있는 일, 또는 AI 에이전트에게 요청할 수 있는 일을 음성 대화 안에서도...",aitimes.kr,https://www.aitimes.kr/news/articleView.html?idxno=40895,,
여행 AI 에이전트,2026. 7. 9.,"""말 끊어도 괜찮아"" 챗GPT 변했다…'사람 같은 대화' 지원","회의, 여행, 교육, 고객 응대 등 서로 다른 언어를 쓰는 사람들이 대화하는 상황에서 활용도가 커질 것으로... 오픈AI는 ""사용자가 텍스트로 할 수 있는 일, 또는 AI 에이전트에게 요청할 수 있는 일을 음성 대화 안에서도...",hankyung.com,https://n.news.naver.com/mnews/article/015/0005308024?sid=105,,
여행 AI 에이전트,2026. 7. 9.,"""대화에 호응하고 말 끊어도 OK""…챗GPT 보이스, 사람과 더 비슷해졌다","회의, 여행, 교육, 고객 응대 등 다양한 상황에서 보다 자연스럽게 대화할 수 있을 것으로 기대된다.... 오픈AI는 사용자가 텍스트로 할 수 있는 일, 또는 AI 에이전트에게 요청할 수 있는 일을 음성 대화 안에서도...",mt.co.kr,https://n.news.naver.com/mnews/article/008/0005383568?sid=105,,
여행 AI 에이전트,2026. 7. 9.,"오픈AI, 챗GPT 보이스에 새 음성모델 적용","서로 다른 언어를 사용하는 사용자간 회의, 여행, 교육, 고객 응대 등에 활용할 수 있다고 오픈AI는... 텍스트나 AI에이전트로 수행 가능한 작업을 음성대화에서도 구현하는 방향으로 기술을 개발할 방침이다.",digitaltoday.co.kr,https://www.digitaltoday.co.kr/news/articleView.html?idxno=682655,,
여행 AI 에이전트,2026. 7. 9.,"오픈AI, 실시간 음성 모델 'GPT 라이브' 공개…말 끊어도 대화 이어간다","오픈AI는 회의와 여행, 교육, 고객 응대 등 다양한 환경에서 활용할 수 있을 것으로 기대했다. 오픈AI는 GPT... 음성 대화에서도 텍스트 기반 기능과 AI 에이전트 기능을 제공하는 방향으로 개발을 이어갈 계획이다.",etoday.co.kr,https://www.etoday.co.kr/news/view/2601912,,
여행 AI 에이전트,2026. 7. 9.,"오픈AI, 말 끊지 않는 챗GPT 공개","사용자의 발화를 계속 처리하면서 대화 흐름에 맞춰 통역을 제공해 회의나 여행, 교육 등 다양한 환경에서... 대화만으로도 AI 에이전트 기능까지 자연스럽게 이용할 수 있도록 기술을 발전시켜 나갈 계획이라고...",hansbiz.co.kr,http://www.hansbiz.co.kr/news/articleView.html?idxno=849239,,
여행 AI 에이전트,2026. 7. 9.,"카카오톡 속 AI, 장소 추천 넘어 예약까지… 카카오 ‘카나나’ 고도화","작동하는 AI 서비스 ‘카나나’의 장소 탐색 기능을 강화했다. 식당 추천에 머물던 기존 기능을 여행, 문화... 카카오는 지난달 29일 ‘카나나 인 카카오톡’의 장소 에이전트 업데이트를 진행했다고 9일 밝혔다. 이번...",biz.chosun.com,https://n.news.naver.com/mnews/article/366/0001177857?sid=105,,
여행 AI 에이전트,2026. 7. 9.,"오픈AI, 사람처럼 끊김 없이 대화하는 '챗GPT 보이스' 공개","이에 따라 회의나 여행, 교육, 고객 응대 등 서로 다른 언어를 사용하는 상황에서도 보다 자연스러운... 확장해 음성 환경에서도 AI 에이전트 수준의 작업 수행이 가능하도록 기술을 발전시켜 나갈 계획이라고 밝혔다.",edaily.co.kr,https://n.news.naver.com/mnews/article/018/0006325825?sid=105,,
여행 AI 에이전트,2026. 7. 9.,"""내년엔 부품 공급난 더 심하다""…에버코어, '델' 목표가 500달러 제시-[...","다만 시장 전문가들은 제트유 가격이 분쟁 초기 정점 대비 크게 낮아진 상태인 데다, 글로벌 여행 수요가... 또, 추론형 AI 및 자율형 에이전트 AI 도입이 늘어날수록 메모리 인프라의 중요성이 대두된다며, 자사가 고성장...",wowtv.co.kr,https://n.news.naver.com/mnews/article/215/0001258090?sid=101,,
여행 AI 에이전트,2026. 7. 9.,"""디지털자산 주도권, 전통금융으로…은행과 웹3 전환 준비"" [일문일답]",예를 들어 7월 해외여행 성수기를 앞두고 송금 수요가 늘어날 것으로 예상되면 현재는 사람이 직접 잔고를... -AI 에이전트 시대를 대비해 어떤 프로젝트를 준비하고 있나. △기술과 연구개발(R&D) 차원에서는 적극적으로...,edaily.co.kr,https://n.news.naver.com/mnews/article/018/0006325700?sid=101,,
여행 AI 에이전트,2026. 7. 8.,"하나투어, 협업형 멀티 에이전트 '하이' 전격 개편…""여행 계획부터 예...",국내 최대 여행 기업인 ㈜하나투어는 개별 전문 AI 에이전트들이 상호 협업하는 차세대 'A2A(Agent-to-Agent)' 기술을 적용하고 사용자 환경(UX·UI)을 대폭 개선한 멀티 AI 에이전트 서비스 '하이(H-AI)'를 새롭게 리뉴얼해...,bizwnews.com,http://www.bizwnews.com/news/articleView.html?idxno=140257,,
여행 AI 에이전트,2026. 7. 8.,"[주간스타트업동향] 퓨리오사AI, 에퀴닉스와 유럽 AI 인프라 시장 공략...","전략 ▲AI 에이전트 ▲피지컬 AI ▲소버린 AI 4개 영역을 중심으로 기업이 준비해야 할 핵심 과제를... 이팝소프트, 외교부와 손잡고 여의도 IFC몰에 해외여행 안전 팝업 '세이프체크인' 오픈 AI 영어 학습 앱 '말해보카...",it.donga.com,https://it.donga.com/109157/,,
여행 AI 에이전트,2026. 7. 8.,"포털 도입 독파모 AI, 네이버 검색에 도전장","이스트에이드는 향후 줌 AI 검색을 쇼핑과 금융, 여행 등 버티컬 영역으로 확장해 이용자의 고민과 시간을 줄여주는 버티컬 AI 에이전트 서비스로 발전시키겠다는 계획을 밝혔습니다. 업스테이지 역시 그동안 다음에...",newstomato.com,http://www.newstomato.com/ReadNews.aspx?no=1306612&inflow=N,,
여행 AI 에이전트,2026. 7. 8.,"""카나나가 알아서 찾아준다""...카카오, '카나나 인 카카오톡' 장소 에이...",능동적으로 이용자에게 먼저 제안해주는 에이전틱 인공지능(AI)을 일상 속에서 경험하는 순간이다. 8일 업계에 따르면 카카오는 최근 '카나나 인 카카오톡' 내 장소 에이전트를 고도화했다. 기존에는 식당 중심의 장소 추천...,techm.kr,https://www.techm.kr/news/articleView.html?idxno=153229,,
여행 AI 에이전트,2026. 7. 8.,[제약업계 소식] 7월 6일,"함께 여행 중에도 자연스럽게 두피 건강을 관리할 수 있는 브랜드 경험을 제안한다고 설명했다. 양사는... 여러 AI 에이전트가 서로 협업하며 생산공정을 운영하는 차세대 스마트 제조 시스템이다. 생산 최적화, 물류...",doctorstimes.com,http://www.doctorstimes.com/news/articleView.html?idxno=238905,,
여행 AI 에이전트,2026. 7. 8.,레고랜드 ‘썸머 플레이 플래시 세일’…여기어때 ‘대전 여행 할인’ ...,"국내 여행의 만족도를 높여 나갈 것""이라고 강조했다. ◇ 하나투어, 멀티 AI 에이전트 '하이(H-AI)' 리뉴얼 하나투어의 멀티 인공지능(AI) 에이전트 '하이(H-AI)'가 전문 AI 에이전트 간 협업이 가능한 A2A(Agent-to-Agent) 기반...",ekn.kr,https://www.ekn.kr/web/view.php?key=20260708026010485,,
여행 AI 에이전트,2026. 7. 8.,[월가 톡톡] 북반구 폭염이 바꾼 휴가 지형도,"미국 여행객들이 폭염과 인파, 치솟은 여행 비용을 피해 봄과 가을, 겨울까지 여행 시기를 분산하면서... 모델과 에이전트 제품을 반드시 삭제해야 하며, 대신 알리바바 자체 AI 비서인 '큐더'를 사용해야 한다. CNBC는...",news.einfomax.co.kr,https://news.einfomax.co.kr/news/articleView.html?idxno=4423993,,
여행 AI 에이전트,2026. 7. 8.,"카카오, '카나나' 장소 AI 강화…추천부터 예약까지 카톡 안에서 끝낸다","카카오가 AI 서비스 '카나나 인 카카오톡'의 장소 에이전트 기능을 대폭 강화하며 추천부터 탐색, 예약까지... 완료하는 '에이전틱 AI(Agentic AI)' 구현에 속도를 낸다. 식당 중심이었던 기존 기능을 여행·문화·생활 편의...",asiatoday.co.kr,https://www.asiatoday.co.kr/kn/view.php?key=20260708010002934,,
여행 AI 에이전트,2026. 7. 8.,"""이 팝업 전시 가볼까""⋯카톡 속 나만의 AI 비서로 추천받고 예약까지","8일 카카오에 따르면 최근 '카나나 인 카카오톡'은 장소 에이전트 기능을 강화하는 업데이트를 단행했다. 이로써 기존 식당 중심의 장소 추천·예약 기능이 관광지와 숙박과 같은 여행 분야, 전시·공연·영화관을 비롯해...",inews24.com,https://n.news.naver.com/mnews/article/031/0001040641?sid=105,,
여행 AI 에이전트,2026. 7. 8.,"[산업소식] KTis 114On, 전국 병·의원·약국 검색 서비스",이번 서비스는 여름 휴가철 낯선 여행지에서도 가까운 병원과 주말 운영 약국을 확인할 수 있도록... 아트패션 ▲배키 ▲배키 에이전트 ▲도메인옵스 등 8종이다. NC AI는 이번 베스트 유즈케이스 선정과 공식 간행물...,4th.kr,http://www.4th.kr/news/articleView.html?idxno=2114425,,
여행 AI 에이전트,2026. 7. 8.,“식당 물론 여행·공연·주유소 추천·예약”… 카톡 ‘AI 비서’의 진...,AI 서비스 ‘카나나 인 카카오톡(Kanana in Kakaotalk)’ 얘기다. 카카오는 최근 카톡 업데이트를 통해 카나나의 장소 에이전트 기능을 강화했다고 8일 밝혔다. 기존 식당 중심의 추천·예약 기능에서 관광지와 숙박 등 여행...,segyebiz.com,http://www.segyebiz.com/newsView/20260708512689?OutUrl=naver,,
여행 AI 에이전트,2026. 7. 8.,진화하는 카카오 AI 비서···장소 추천 추가,AI 서비스 '카나나 인 카카오톡'에 장소 추천·예약 기능을 대거 추가했다. 지난 7일 카카오에 따르면 이번 개편의 핵심은 장소 에이전트 고도화다. 그동안 식당 위주로 돌아가던 추천·예약 체계가 관광지와 숙박 같은 여행...,seoulfn.com,https://www.seoulfn.com/news/articleView.html?idxno=632925,,
여행 AI 에이전트,2026. 7. 8.,"[여행24시] 대한항공 노사, 임금 2.5%↑·공로금 지급 합의 外","해외 여행에 결격 사유가 없어야 한다. 또 교정시력이 1.0 이상이어야 하며, 2024년 7월14일 이후 응시한... ◆ 하나투어, 멀티 AI 에이전트 리뉴얼 하나투어의 멀티 AI 에이전트 ‘하이(H-AI)’가 전문 AI 에이전트 간...",dealsite.co.kr,https://dealsite.co.kr/articles/164948,,
여행 AI 에이전트,2026. 7. 8.,"카톡 속 AI 비서 진화…카나나, 장소 추천부터 예약까지",컨슈머타임스=김동역 기자 | 카카오의 인공지능(AI) 서비스 '카나나 인 카카오톡'이 장소 추천과 예약 기능을 대폭 확대했다. 카카오는 최근 카나나 인 카카오톡의 장소 에이전트 기능을 강화하는 업데이트를 단행했다고 7일...,cstimes.com,https://www.cstimes.com/news/articleView.html?idxno=712620,,
여행 AI 에이전트,2026. 7. 8.,"카톡 속 AI 비서 진화…카나나, 장소 추천부터 예약까지",식당 넘어 여행·문화·편의시설까지 추천 확대 카카오맵 연동 추진…에이전틱 AI 고도화 카카오의 인공지능... 카카오는 최근 카나나 인 카카오톡의 장소 에이전트 기능을 강화하는 업데이트를 단행했다고 7일 밝혔다....,yna.co.kr,https://n.news.naver.com/mnews/article/001/0016181522?sid=105,,
여행 AI 에이전트,2026. 7. 8.,"AI·데이터 1조 투자 결실…현대카드, 마케팅 효율 6배 ‘쑥’","반면 AI는 자동차금융 이용 이력, 여행 소비 성향 등 언뜻 관련이 없어 보이는 요소까지 함께 분석해 더... 0’은 기업의 목표 설정과 실행 전략 수립까지 돕는 에이전트 AI 체계에 가깝다. 기업이 “올해 매출을...",sedaily.com,https://n.news.naver.com/mnews/article/011/0004639210?sid=101,,
여행 AI 에이전트,2026. 7. 7.,"하나투어, 멀티 AI 에이전트 ‘하이(H-AI)’ 고도화…여행 전 과정 지원...",하나투어가 멀티 AI 에이전트 서비스 ‘하이(H-AI)’를 고도화하며 AI 기반 여행 서비스 경쟁력 강화에 나선다. 하나투어는 ‘하이(H-AI)’에 전문 AI 에이전트 간 협업이 가능한 A2A(Agent-to-Agent) 기반 체계를 적용하고...,lawissue.co.kr,http://www.lawissue.co.kr/view.php?ud=202607072141576464204ead0791_12,,
여행 AI 에이전트,2026. 7. 7.,"""마케팅 직무 면접 제안"" 믿었다가 계정 탈취…어도비·넷플릭스·오픈...","사칭 대상은 항공·여행, 식음료, 패션, 정보기술, 컨설팅, 호텔, 미디어와 스포츠 등 여러 업종에 걸쳐... 이후 사용자는 부동산 고객관리 서비스인 와이즈에이전트를 거쳐 공격자가 만든 피싱 사이트로 이동했다. 정상적인...",dailysecu.com,https://www.dailysecu.com/news/articleView.html?idxno=207494,,
여행 AI 에이전트,2026. 7. 7.,"하나투어, '하이' 새 단장···A2A 체계로 서비스 고도화",하나투어가 원스톱 AI 여행 서비스 구현에 속도를 낸다. 하나투어는 멀티 AI 에이전트 '하이(H-AI)'를 전문 AI 에이전트 간 협업이 가능한 A2A(Agent-to-Agent) 기반 체계로 고도화하고 사용자 환경을 전면 개편했다고 7일...,enewstoday.co.kr,http://www.enewstoday.co.kr/news/articleView.html?idxno=2446424,,
여행 AI 에이전트,2026. 7. 7.,"하나투어, 신임 CEO에 조좌진 내정…경영·디지털 체질 개선 박차",방한 여행 서비스를 확대해 한국 대표 플랫폼으로 육성할 방침이다. 하나투어의 디지털 혁신 행보도 구체화되고 있다. 하나투어는 최근 멀티 AI 에이전트 '하이(H-AI)'를 전문 AI 에이전트 간 협업이 가능한 A2A(Agent-to-Agent)...,ajunews.com,https://www.ajunews.com/view/20260707173626940,,
여행 AI 에이전트,2026. 7. 7.,은퇴한 日 회장님의 AI 스타트업 '창업 도전기',니혼게이자이신문은 7일 가와베 전 회장이 이달 중순부터 캠핑카를 타고 일본 전국을 여행할 계획이라고... 당시 한 참가자가 AI 에이전트 여러 개를 활용해 사람의 개입 없이 프로그램을 개발하는 모습을 본 것이다....,hankyung.com,https://n.news.naver.com/mnews/article/015/0005307266?sid=104,,
여행 AI 에이전트,2026. 7. 7.,"바이브컴퍼니, 온톨로지 자동화 솔루션 공개하며 '주목'","기업형 AI 에이전트의 강력한 지식 기반으로 작동한다. 단순 키워드·문서 유사도 검색이 아닌 개념 간 관계를 따라 추론하는 방식으로, ""소비 패턴을 분석해 여행 업종 소비 비중이 가장 높은 고객이 어떤 혜택 카드를 쓰고...",hellot.net,https://www.hellot.net/news/article.html?no=113655,,
여행 AI 에이전트,2026. 7. 7.,대기업 회장 생활 접는다…수트 벗고 '캠핑카 경영' 파격 행보 [도쿄나...,니혼게이자이신문은 7일 가와베 전 회장이 이달 중순부터 캠핑카를 타고 일본 전국을 여행할 계획이라고... 당시 한 참가자가 AI 에이전트 여러 개를 활용해 사람의 개입 없이 프로그램을 개발하는 모습을 본 것이 인생의...,hankyung.com,https://n.news.naver.com/mnews/article/015/0005307200?sid=104,,
여행 AI 에이전트,2026. 7. 7.,"'도입' 넘어 '활용'…기업 AI 경쟁, 실행력으로 승부한다",맞춤형 여행 서비스를 강화했다. 하나투어의 멀티 AI 에이전트 하이 리뉴얼 버전 주요 기능 안내. 사진=하나투어 노타는 AWS의 AI 전용 칩 환경에서 기업 고객의 AI 모델을 최적화하는 서비스를 선보였다. AWS 자체 AI 칩인...,kdfnews.com,http://www.kdfnews.com/news/articleView.html?idxno=184932,,
여행 AI 에이전트,2026. 7. 7.,"하나투어, 멀티 AI 고도화와 여행 플랫폼의 디지털 전환",전문 AI 에이전트들이 유기적으로 협업하는 'A2A' 구조를 구현했다. 이 방식은 새로운 기능이 필요할 때 특정... 또한 이전 대화 내역과 추천 이력을 자동 저장하여 사용자가 재방문하더라도 중단됐던 여행 계획을 끊김 없이...,lcnews.co.kr,https://www.lcnews.co.kr/news/articleView.html?idxno=204575,,
여행 AI 에이전트,2026. 7. 7.,"하나투어, 멀티 AI 에이전트 ‘하이(H-AI)’ 리뉴얼⋯A2A 기반 서비스 고...",하나투어의 멀티 AI 에이전트 ‘H-AI’가 전문 AI 에이전트 간 협업이 가능한 A2A(Agent-to-Agent) 기반 체계로... H-AI의 서비스 범위를 확대할 계획이다. 상품 추천부터 예약 전환까지 전 과정을 연결하는 원스톱 여행 커머스...,viva100.com,https://www.viva100.com/article/20260707500736,,
여행 AI 에이전트,2026. 7. 7.,"하나투어, AI '하이' A2A 체계 도입…UX·UI 대대적 개편",하나투어는 7월 7일 자사 가상 여행 비서 시스템인 하이(H-AI)의 아키텍처를 전문 에이전트 간 협업 체계로 전면 개편하고 사용자 환경을 완전히 바꿨다고 발표했다. 이번 고도화의 핵심 축은 특화된 인공지능 개체들이 상호...,ttlnews.com,http://www.ttlnews.com/news/articleView.html?idxno=3123456,,
여행 AI 에이전트,2026. 7. 7.,"[Daily AI] 트릴리온랩스, 모바일 월드모델 'gWorld' 논문 ICML 2026 채택",바이브컴퍼니는 이 방식이 기존 하이브리드 검색의 한계를 극복하고 기업형 AI 에이전트의 지식 기반이 될 수 있다고 설명했다. 여행 업종 소비 비중이 높은 고객이 실제로 어떤 카드를 쓰고 있는지 등 복합적인...,ddaily.co.kr,https://n.news.naver.com/mnews/article/138/0002233394?sid=105,,
여행 AI 에이전트,2026. 7. 7.,"하나투어, '하이(H-AI)' 대변신…AI들이 직접 협업하는 'A2A' 시대 연다","이번 개편의 핵심은 AI 간의 분업화다. 고객이 여행 목적을 전달하면 '거버넌스 에이전트'가 이를 분석해 적절한 전문 에이전트에게 업무를 배정한다. 상품 추천, 일정 생성, 예약 조회 등 각 분야를 전담하는...",thefairnews.co.kr,https://www.thefairnews.co.kr/news/articleView.html?idxno=81454,,
여행 AI 에이전트,2026. 7. 7.,"하나투어, 멀티 AI 에이전트 '하이' 리뉴얼",전문 에이전트들이 역할을 분담해 협업하는 구조다. 하나투어는 A2A 체계를 기반으로 H-AI의 서비스 범위를 지속 확대할 계획이다. 향후 상품 추천부터 예약 전환까지 전 과정을 끊김 없이 연결하는 원스톱 여행...,srtimes.kr,http://www.srtimes.kr/news/articleView.html?idxno=206937,,
여행 AI 에이전트,2026. 7. 7.,"하나투어, 멀티 AI 에이전트 '하이' 개편… A2A 협업 체계 도입",하나투어의 멀티 AI 에이전트 하이(H-AI) 리뉴얼 버전 주요 기능 안내 [이미지=하나투어]  (주)하나투어... 상품 추천: 이용자 성향 및 데이터 기반의 여행 상품 매칭 일정 생성: 실시간 맞춤형 여행 일정 기획 및 구성 예약...,discoverynews.kr,https://www.discoverynews.kr/news/articleView.html?idxno=1095426,,
여행 AI 에이전트,2026. 7. 7.,"어센트 AI, 일본 헬스케어·금융 마케팅 AX 공략","물론, 여행 시 ‘기내 반입 및 수하물 휴대’ 여부처럼 실제 복용·사용 과정에서 나타나는 구체적인... 자체 개발한 검색 인텐트 분석 엔진 ‘리스닝마인드’와 AI 마케팅 에이전트 플랫폼 ‘리스닝마인드.AI’를 통해...",ditoday.com,https://ditoday.com/%ec%96%b4%ec%84%bc%ed%8a%b8-ai-%ec%9d%bc%eb%b3%b8-%ed%97%ac%ec%8a%a4%ec%bc%80%ec%96%b4%c2%b7%ea%b8%88%ec%9c%b5-%eb%a7%88%ec%bc%80%ed%8c%85-ax-%ea%b3%b5%eb%9e%b5/,,
여행 AI 에이전트,2026. 7. 7.,"어센트 AI, 日 마케팅 박람회 참가…150여 현지 기업 상담","예를 들어 '마운자로 냉장고 들키지 않는 법'처럼 가족이나 주변 시선을 의식한 검색 행동, 여행 시 '기내... 자체 개발한 검색 인텐트 분석 엔진 '리스닝마인드'와 AI 마케팅 에이전트 플랫폼 '리스닝마인드.AI'를 통해...",hansbiz.co.kr,http://www.hansbiz.co.kr/news/articleView.html?idxno=848626,,
여행 AI 에이전트,2026. 7. 7.,"[금융권 이모저모]케이뱅크, 블록체인 기반 오프램프 기술검증 착수 外",메일 초안 작성과 영업 자료 탐색 등 반복 업무를 자동화하는 AI 에이전트도 개발됐다. 토스는 계열사... 배상책임 담보에 가입하면 물놀이 여행 중 타인에게 입힌 상해나 재물 손해를 최대 500만원까지 보장받을 수...,businessplus.kr,https://www.businessplus.kr/news/articleView.html?idxno=113806,,
여행 AI 에이전트,2026. 7. 7.,"어센트 AI, 일본 헬스케어·금융 마케팅 AX 공략...""올해 매출 3억엔 목...","자체 개발한 검색 인텐트 분석 엔진 '리스닝마인드'와 AI 마케팅 에이전트 플랫폼 '리스닝마인드.AI'를... 예컨대 비만약 보관 방식이나 가족·주변 시선을 의식한 검색 행동, 여행 시 기내 반입 및 수하물 휴대 여부 등...",wolyo.co.kr,https://www.wolyo.co.kr/news/articleView.html?idxno=314672,,
여행 AI 에이전트,2026. 7. 7.,[한경에세이] AI가 여는 넥스트 파이낸스,"AI가 단순히 답을 알려주는 시대를 넘어, 스스로 판단하고 실행하는 ‘AI 에이전트’의 시대가 열리고 있다.... AI가 우리의 금융 생활을 통째로 바꿨다고 말하기는 이르다. 하지만 변화의 이정표는 명확하다. 해외여행을...",hankyung.com,https://n.news.naver.com/mnews/article/015/0005306920?sid=110,,
여행 AI 에이전트,2026. 7. 6.,"하나은행, 국내 외환시장 24시간 개장의 포문 열어 外","확장 ▲AI 에이전트(Agent) 등 은행 본업과 연계한 AX(인공지능 전환)를 통한 일하는 방식 혁신과 업무 생산성... 해외여행과 해외직구 수요가 늘어나는 가운데, 외화통장 기반의 해외 결제 경험을 통해 국내에서 쓰던...",rcast.co.kr,https://www.rcast.co.kr/news/articleView.html?idxno=31204,,
여행 AI 에이전트,2026. 7. 6.,[ICT 종합] 소니코리아 및 캐논코리아 소식 외,"최근 생성형 AI와 AI 에이전트의 확산으로 프롬프트 인젝션(Prompt Injection), 탈옥(Jailbreak), 데이터 유출... 이를 통해 해외여행이나 빠른 통역이 필요한 상황에서 스마트폰을 꺼낼 필요 없이 유연하게 대화를 이어 나갈...",gamevu.co.kr,https://www.gamevu.co.kr/news/articleView.html?idxno=59166,,
여행 AI 에이전트,2026. 7. 6.,"""AI 시대 '인간 중심'의 국제 협력 필요""","제프리 림 싱가포르 정보통신미디어개발원 매니저는 ""에이전트 AI는 사람이 하나하나 지시하지 않아도... 예를 들어 AI는 관광객의 관심사에 맞는 여행을 추천하거나, 가상현실(VR)과 증강현실(AR), 생성형 AI 등을 활용해...",jejunews.com,http://www.jejunews.com/news/articleView.html?idxno=2226534,,
여행 AI 에이전트,2026. 7. 6.,[초점] B2B 키운 야놀자…AI 앞세워 글로벌 테크 '정조준',먼저 야놀자는 여정을 관리하고 이용자의 여행 선호도를 기억해 응답하는 AI 여행 에이전트 서비스를 준비하고 있다. 지난해 12월에는 이용자의 취향 등을 반영해 국내 여행 상품을 추천하는 대화형 AI 서비스 노리를...,newswatch.kr,http://www.newswatch.kr/news/articleView.html?idxno=80317,,
여행 AI 에이전트,2026. 7. 6.,"XRP로 전 세계 220만 호텔 예약한다… 여행·AI 결제 영토 확장, '실생활...",이번 결제 수단 확대로 이용자들은 숙박뿐만 아니라 항공권 등 트라발라가 제공하는 300만 개 이상의 글로벌 여행 상품을 XRP로 이용할 수 있게 됐다. AI 에이전트 결제 100만 건 육박… 마스터카드 파트너십까지...,g-enews.com,https://www.g-enews.com/view.php?ud=202607060337421530e7e8286d56_1,,
여행 AI 에이전트,2026. 7. 6.,"XRP(리플), 전 세계 호텔 예약 수단으로 '우뚝'...실생활 채택 붐 타고 ...",-XRP로 결제할 수 있는 트라발라 여행 상품은 300만 개를 넘어섰다. -XRP 레저에서는 x402 기반 에이전트 거래가 100만 건에 가까워진 가운데 리플도 AI 결제 인프라 확대에 나섰다.,coinreaders.com,http://coinreaders.com/246187,,
여행 AI 에이전트,2026. 7. 5.,"XRP 가격 주간 8% 상승, 향후 전망은?","트라발라(Travala) 결제 통합: 220만 호텔에서 XRP 사용 가능 글로벌 암호화폐 여행 예약 플랫폼 트라발라... AI 에이전트 결제 인프라 'x402', XRPL 위에서 100만 건 처리 XRP 생태계는 인공지능(AI) 에이전트 기반의...",tokenpost.kr,https://www.tokenpost.kr/news/cryptocurrency/375186,,
여행 AI 에이전트,2026. 7. 5.,"XRP, 전 세계 220만개 호텔 예약 결제 지원",있는 여행 상품은 전 세계 300만개 이상으로 늘었다. XRP의 결제 활용 범위는 거래 시장 밖으로도 넓어지고 있다. 올해 2월에는 XRP 레저에서 x402 퍼실리테이터가 가동을 시작해 AI 에이전트가 API 키나 계정 없이...,digitaltoday.co.kr,https://www.digitaltoday.co.kr/news/articleView.html?idxno=681420,,
여행 AI 에이전트,2026. 7. 5.,"여행 플랫폼 트라발라, 전 세계 220만 개 호텔 예약에 XRP 결제 도입",XRPL 기반 AI 결제 트래픽 폭발…‘x402’ 거래량 100만 건 육박 XRP의 실사용처 확대는 여행 산업에만 국한되지 않는다. XRP 레저(XRPL) 네트워크는 올해 초 AI 에이전트 전용 결제 시스템인 'x402 패실리테이터(facilitator)'를...,g-enews.com,https://www.g-enews.com/view.php?ud=202607052002229675e250e8e188_1,,
여행 AI 에이전트,2026. 7. 4.,"여행 업계, 여름 휴가철 고객 心 잡기 ‘총력전’",인센티브 여행 견적 업무를 자동화하는 인공지능(AI) 에이전트를 도입하며 생산성 제고에 나선다고 최근 밝혔다. 'AI 인센티브 담당자'는 음성·문서·채팅 등 형태로 고객 요청사항을 입력하면 AI가 이를 분석해 견적...,ekn.kr,https://www.ekn.kr/web/view.php?key=20260703023199160,,
여행 AI 에이전트,2026. 7. 3.,"[ ABC AI국가대전환 = 최휘영 문화체육관광부 장관 ] AI 문화혁명, 대한...","정부는 AI 에이전트 기반 관광서비스와 관광 AI 연구개발(R&D), 관광 플러스테크 사업을 확대해 여행 준비부터 예약, 이동, 소비까지 AI가 지원하는 새로운 관광 생태계를 구축하고 있다. 지역 관광과 외국인 관광객 맞춤형...",ajunews.com,https://www.ajunews.com/view/20260629100636345,,
여행 AI 에이전트,2026. 7. 3.,2Q 실적 '파란불' 네카오…하반기 승부수는 '에이전틱 AI',"네이버는 AI탭·쇼핑 AI 에이전트를 통해 광고·커머스 경쟁력을 키우고, 카카오는 통합 AI 브랜드 '카나나'를... 이어 ""이익률이 상대적으로 높은 여행 상품이 감소했으나 월드컵을 통한 멤버십 유입과 삼성 감사제...",dailian.co.kr,https://n.news.naver.com/mnews/article/119/0003107679?sid=105,,
여행 AI 에이전트,2026. 7. 3.,"여행업계, AI 기술 앞세워 고객 서비스·업무 자동화 강화","(제공=하나투어)©열린뉴스통신ONA 하나투어, AI 에이전트로 여행 견적 업무 자동화 하나투어는 기업 대상 인센티브 여행 견적 업무를 자동화하는 'AI 인센티브 담당자'를 구축했다. 고객이 음성이나 문서, 채팅을 통해 여행...",onews.tv,https://www.onews.tv/news/articleView.html?idxno=282503,,
여행 AI 에이전트,2026. 7. 3.,"""하루만에 리서치 가능""…컨슈머인사이트 'AI 플랫폼' 구축 추진","올해는 자동차·통신 데이터를 검증하고 내년에는 금융·여행·관광·콘텐츠 등 5대 산업으로 확대한다. 또한 조사 기획, 설문 작성, 데이터 수집 검증, 정량 분석, 보고서 자동화를 지원하는 'AI 리서치 에이전트'도...",newspim.com,https://www.newspim.com/news/view/20260703000268,,
여행 AI 에이전트,2026. 7. 3.,"애그테크 7개사, 농협 현장서 6개월실증 나선다","팜커넥트(AI 에이전트 기반 벌 수분 영농 컨설팅), 그린컨티뉴(농산부산물 기반 셀룰로오스 식물성 가죽 개발), 파워투팜스(저비용 스마트팜 작물층 환경제어 솔루션), 포페런츠(5060 액티브시니어 대상 국내여행 서비스...",platum.kr,https://platum.kr/archives/290323,,
여행 AI 에이전트,2026. 7. 3.,"여행업계, AI 기반 자동화 서비스 열풍...노랑풍선·하나투어",사진=하나투어 하나투어는 인센티브 여행 견적 업무를 자동화하는 AI 에이전트 'AI 인센티브 담당자'를 도입했다. 고객 요청사항을 음성·문서·채팅 형태로 입력하면 AI가 내용을 분석해 견적 요청서를 즉시 생성하는...,slist.kr,https://www.slist.kr/news/articleView.html?idxno=749339,,
여행 AI 에이전트,2026. 7. 3.,"컨슈머인사이트, 'AX 원스톱바우처 사업' 수요기업 선정","금융·여행·관광·콘텐츠 등 5대 산업으로 확대할 계획이다. 조사 기획, 설문 작성, 데이터 수집 검증(QC), 정량 분석, 보고서 자동화까지 지원하는 'AI 리서치 에이전트'도 함께 개발한다. 컨슈머인사이트는 이를 통해...",etnews.com,https://n.news.naver.com/mnews/article/030/0003444115?sid=105,,
여행 AI 에이전트,2026. 7. 3.,"농협 현장에 스타트업 7곳 초대, 소풍커넥트 애그테크 실증 판 벌인다","여기에 AI에이전트로 벌 수분 영농을 컨설팅하는 팜커넥트, 농산부산물로 셀룰로오스 식물성가죽을 만드는 그린컨티뉴, 저비용 스마트팜 작물층 환경제어 솔루션의 파워투팜스, 5060 액티브시니어를 겨냥한 국내여행서...",econovill.com,https://www.econovill.com/news/articleView.html?idxno=744169,,
여행 AI 에이전트,2026. 7. 3.,"소풍커넥트-농협중앙회, 농업 혁신 사업 아이템 찾는다",팜커넥트(AI에이전트 기반 벌 수분 영농 컨설팅) ▲그린컨티뉴(농산부산물 기반 셀룰로오스 식물성 가죽개발) ▲파워투팜스(저비용 스마트팜 작물층 환경제어 솔루션) ▲포페런츠(5060 액티브시니어 타겟 국내여행서비스...,zdnet.co.kr,https://n.news.naver.com/mnews/article/092/0002429107?sid=105,,
여행 AI 에이전트,2026. 7. 3.,"""스테이블코인, AI 결제·택스 리펀드 자동화 가능케 할 것""","""AI와 블록체인은 '결제'에서 만나게 되고, 앞으로 AI 에이전트가 사람 대신 상품 구매를 처리하게 될... 해외여행 가서 '택스 리펀드' 자동화…이런 날 오나 [박치영 NH농협은행 디지털자산팀 계장] 박치영 NH농협은행...",biz.sbs.co.kr,https://n.news.naver.com/mnews/article/374/0000519744?sid=101,,
여행 AI 에이전트,2026. 7. 2.,[#통신 풍향계] SKT 'KS-SQI' 27년 연속 1위·SKT '퀀텀코리아 2026' 양자암...,"미디어 에이전트 'B tv 에이닷'의 누적 이용 건수는 지난해 12월 기준 1억 건을 넘어섰으며, 지난해 초 대비 월간 사용자 수는 2배, 대화 건수는 6배 이상 증가했다. AI 챗봇은 요금, 설치, 이사, A/S 등 주요 시나리오를...",newsworks.co.kr,https://www.newsworks.co.kr/news/articleView.html?idxno=845958,,
여행 AI 에이전트,2026. 7. 2.,"컨슈머인사이트, AX 원스톱바우처 사업 선정…AI 리서치 플랫폼 구축","회사는 올해 자동차와 통신 데이터를 중심으로 서비스를 검증한 뒤, 내년에는 금융·여행·관광·콘텐츠 등 5대 산업으로 적용 범위를 넓힐 계획이다. AI 리서치 에이전트도 함께 개발한다. 이 서비스는 조사 기획...",ddaily.co.kr,https://n.news.naver.com/mnews/article/138/0002232965?sid=101,,
여행 AI 에이전트,2026. 7. 2.,"컨슈머인사이트, AI로 업무 전환…""4주 걸리는 조사 하루만에""","내년 금융, 여행, 관광, 콘텐츠 등 5대 산업으로 적용 범위를 넓힐 계획이다. AI 리서치 에이전트도 개발할 방침이다. 이 에이전트는 조사 기획, 설문 작성, 데이터 수집 검증, 정량 분석, 보고서 자동화까지 리서치 전...",zdnet.co.kr,https://n.news.naver.com/mnews/article/092/0002429042?sid=105,,
여행 AI 에이전트,2026. 7. 2.,"롯데하이마트, 가전 판매점서 AI 생활가전 플랫폼으로 간다",김종윤 영입·AI 쇼핑 에이전트·PB 플럭스 성장…침체된 가전시장 속 체질개선 속도 롯데하이마트가 단순... 특히 야놀자에서는 여행 플랫폼을 AI·클라우드 기반 사업으로 확장한 핵심 인물로 평가된다. 이번 인사는...,sateconomy.co.kr,http://sateconomy.co.kr/news/view/1065590855385859,,
여행 AI 에이전트,2026. 7. 2.,"컨슈머인사이트, 'AX 원스톱바우처 사업' 수요기업 선정","금융·여행·관광·콘텐츠 등 5대 산업으로 확대할 계획이다. 조사 기획, 설문 작성, 데이터 수집 검증(QC), 정량 분석, 보고서 자동화까지 지원하는 'AI 리서치 에이전트'도 함께 개발한다. 컨슈머인사이트는 이를 통해...",irobotnews.com,https://www.irobotnews.com/news/articleView.html?idxno=47221,,
여행 AI 에이전트,2026. 7. 2.,"""에이전트 AI""… 물류 운영을 재편하는 방법","도시와 여행을 재편했고, 전기 모터는 공장 작업을 변화시켰다. ""기초 기술이 변화할 때, 기업들은 적응해야 한다.""라고 그는 말했다. ""AI는 물류를 미리 정의된 워크플로에서 작업 방식을 결정할 수 있는 에이전트...",digitalbizon.com,http://www.digitalbizon.com/news/articleView.html?idxno=2343241,,
여행 AI 에이전트,2026. 7. 2.,"[이용호의 손에 잡히는 인공지능]  프롬프트보다 나를 더 잘 아는 AI, 구...","생성 AI를 쓰려면 ""나는 조용한 카페 분위기를 좋아하고, 따뜻한 갈색 계열을 선호하며, 책과 여행을... 개인형 AI 에이전트로 발전할 가능성을 보여준다. 여기에 새 사용자 화면까지 더해지면 제미나이는 단순한 질문 답변...",lecturernews.com,https://www.lecturernews.com/news/articleView.html?idxno=205404,,
여행 AI 에이전트,2026. 7. 1.,"하나투어, AI 에이전트로 인센티브 여행 견적 자동화",[하나투어]  하나투어가 AI 에이전트로 인센티브 여행 견적 등록을 자동화한다. 하나투어가 인센티브 여행 견적 업무를 자동화하는 AI 에이전트를 도입하며 생산성 제고에 나선다고 1일 밝혔다. 담당자가 음성·문서·채팅...,ziksir.com,https://www.ziksir.com/news/articleView.html?idxno=138764,,
여행 AI 에이전트,2026. 7. 1.,"똑똑한 AI, 실행하는 AI…챗GPT와 다른 길 가는 네카오","1일 정보기술(IT) 업계에 따르면 네이버는 이날부터 쇼핑 앱 내 'AI 에이전트'를 정식 출시하고 대화형 AI... 구글 역시 검색에 AI 오버뷰를 도입하는 데 그치지 않고 쇼핑과 여행, 지도 등 자사 서비스를 AI와 긴밀하게...",newsway.co.kr,https://www.newsway.co.kr/news/view?ud=2026070115085352107,,
여행 AI 에이전트,2026. 7. 1.,"[라이프 트렌드] 해외 진출과 사회공헌, AI 도입 다양한 행보","하나투어는 인센티브 여행 견적 업무를 자동화하는 AI 에이전트를 도입했다. 음성, 문서, 채팅 등으로 고객 요청사항을 입력하면 AI가 이를 분석해 견적 요청서를 생성하는 방식으로, 담당자가 수십 개 항목을 일일이...",lcnews.co.kr,https://www.lcnews.co.kr/news/articleView.html?idxno=204286,,
여행 AI 에이전트,2026. 7. 1.,"하나투어, 인센티브 여행 견적도 AI가 맡는다","하나투어는 인센티브 여행 견적 업무를 자동화하는 AI 에이전트를 도입하며 업무 생산성 향상에 나선다고 1일 밝혔다. 새롭게 도입한 'AI 인센티브 담당자'는 음성, 문서, 채팅 등 다양한 형태로 입력된 고객 요청사항을...",megaeconomy.co.kr,https://www.megaeconomy.co.kr/news/newsview.php?ncode=1065596763897492,,
여행 AI 에이전트,2026. 7. 1.,"㈜하나투어, 인센티브 여행 견적 업무 자동화 'AI 에이전트' 도입",생성하는 'AI에이전트'를 적극 도입한다고 1일 밝혔다. 'AI 인센티브 담당자'는 예를 들어 '11월 방콕 50명 여행'이라고 말하거나 관련 파일을 업로드하는 것만으로 현장에서 바로 견적을 등록할 수 있다. 기존에는...,sisacast.kr,http://www.sisacast.kr/news/articleView.html?idxno=97327,,
여행 AI 에이전트,2026. 7. 1.,"[이슈플러스] 네카오는 생태계 구축, 유통업계는 AI 네이티브…에이전틱...",모건스탠리는 2030년 미국 이커머스 거래의 10~20%를 AI 에이전트가 차지할 것으로 내다봤다. 이런 쇼핑... 롯데웰푸드·아모레퍼시픽 등 식품·뷰티 기업과 여행 플랫폼 마이리얼트립도 챗GPT·카카오 생태계에 올라타며...,etnews.com,https://n.news.naver.com/mnews/article/030/0003443489?sid=101,,
여행 AI 에이전트,2026. 7. 1.,"원티드랩-한국관광공사, '관광데이터 AI 프롬프톤' 열어...10개팀 시상",참가자들은 원티드랩 AI 에이전트 플랫폼 ‘엔노이아’를 활용해 서비스 기획부터 구현까지 전 과정을... ▲프로젝트를 통해 관광지 혼잡도 분산을 위한 데이터 기반 추천 ▲사용자 취향을 반영한 맞춤형 여행 가이드...,zdnet.co.kr,https://n.news.naver.com/mnews/article/092/0002428848?sid=105,,
여행 AI 에이전트,2026. 7. 1.,원티드랩·한국관광공사와 'AI 프롬프톤' 개최,"참가자들은 원티드랩의 AI 에이전트 플랫폼 '엔노이아(Ennoia)'를 활용해 서비스 기획부터 구현까지 전... 프로젝트를 통해 관광지 혼잡도 분산을 위한 데이터 기반 추천, 사용자 취향을 반영한 맞춤형 여행 가이드...",hansbiz.co.kr,http://www.hansbiz.co.kr/news/articleView.html?idxno=847536,,
여행 AI 에이전트,2026. 7. 1.,"하나투어, 인센티브 여행 견적 자동화하는 AI 에이전트 전격 도입",하나투어가 기업 포상관광과 같은 인센티브 단체 여행의 견적 수립 과정을 혁신하기 위해 생성형 인공지능 기반의 AI 에이전트 시스템을 현장에 배치했다. 이번 조치는 복잡한 행정 절차를 줄이고 업무 생산성을 대폭...,ttlnews.com,http://www.ttlnews.com/news/articleView.html?idxno=3121690,,
여행 AI 에이전트,2026. 7. 1.,"AI가 일자리 빼앗을까…클로드 이용자들은 ""협업과 생산성 향상"" 기대","백엔드 설계, 응용프로그램 인터페이스(API) 오류 수정, 데이터 저장 관련 요청이 줄어든 반면 AI 에이전트... 개인 목적의 계획에는 여행 일정과 운동 계획이 많았다. 업무 목적에서는 창업 전략과 콘텐츠 전략이 주로...",dailysecu.com,https://www.dailysecu.com/news/articleView.html?idxno=207396,,
여행 AI 에이전트,2026. 7. 1.,"프로텐, '2026 AX 바우처 지원사업' 선정… 컨슈머인사이트와 AI 리서치...",2차연도에는 금융·여행·관광·콘텐츠 등으로 적용 산업을 확대해 5대 산업 기반의 대화형 AI 데이터... 해당 AI 에이전트는 반복적이고 전문성이 요구되는 리서치 업무를 자동화함으로써 조사 기획부터 분석 및...,itdaily.kr,http://www.itdaily.kr/news/articleView.html?idxno=240180,,
여행 AI 에이전트,2026. 7. 1.,"[여행24시] 대한항공, 제1회 보안문화 워크숍 개최 外","◆ 하나투어, ‘인센티브 견적 자동화’ AI 에이전트 도입 하나투어가 인센티브 여행 견적 업무를 자동화하는 인공지능(AI) 에이전트를 도입하며 생산성 제고에 나선다. ‘AI 인센티브 담당자’는 음성·문서·채팅 등...",dealsite.co.kr,https://dealsite.co.kr/articles/164558,,
여행 AI 에이전트,2026. 7. 1.,"AGL, AI 여행 에이전트로 검색 없이 일정·예약 한번에.. ‘타비골프’...",한국정경신문 임윤희 기­자 yunis1004@naver.com [한국정경신문=임윤희 기자] 여행 일정 설계와 예약 과정을 AI가 대신 처리하는 서비스가 등장했다.글로벌 골프·여행 플랫폼 기업 AGL은 실시간 AI 여행 에이전트 ‘타비골프...,kpenews.com,https://kpenews.com/View.aspx?No=4132481,,
여행 AI 에이전트,2026. 7. 1.,"“방콕 50명 11월” 말하면 견적 완성… 하나투어, 인센티브 담당 AI 에...",서미영 기자 | 하나투어가 인센티브 여행 견적 업무를 자동화하는 'AI 인센티브 담당자' 에이전트를 도입했다. 음성·문서·채팅 등 형태로 고객 요청사항을 입력하면 AI가 분석해 견적 요청서를 즉시 생성한다. '11월 방콕...,digitalchosun.dizzo.com,http://digitalchosun.dizzo.com/site/data/html_dir/2026/07/01/2026070180064.html,,
여행 AI 에이전트,2026. 7. 1.,"말 한마디로 견적 뚝딱…하나투어, ‘AI 인센티브 담당자’ 도입",고객 요청 분석해 견적서 자동 생성..수동 입력 생략해 전사 AX 속도 인더뉴스 문정태 기자ㅣ(주)하나투어는 인센티브 여행 견적 업무를 자동화하는 AI 에이전트를 도입하며 생산성 제고에 나선다고 1일 밝혔습니다....,inthenews.co.kr,https://www.inthenews.co.kr/news/article.html?no=88776,,
여행 AI 에이전트,2026. 7. 1.,여름 성수기 잡아라…여행∙관광업계 고객 확보 경쟁,"사진=놀유니버스 하나투어는 기업 인센티브 여행 견적 업무를 자동화하는 AI 에이전트를 도입했다. 음성, 문서, 채팅 등을 통해 고객 요청사항을 입력하면 AI가 즉시 견적 요청서를 생성하는 방식으로, 업무 효율성과...",kdfnews.com,http://www.kdfnews.com/news/articleView.html?idxno=184766,,
여행 AI 에이전트,2026. 7. 1.,"원티드랩, '관광데이터 AI 프롬프톤' 개최…""공공 데이터 기반 AI 활용 가...","회사측에 따르면 참가자들은 원티드랩의 AI 에이전트 플랫폼 '엔노이아(Ennoia)'를 활용해 서비스 기획부터... 맞춤형 여행 가이드, 반려동물 동반 여행 수요 분석 등 다양한 서비스 아이디어가 도출됐다며 또 관광 데이터...",epnc.co.kr,https://www.epnc.co.kr/news/articleView.html?idxno=403738,,
여행 AI 에이전트,2026. 7. 1.,"[HR 뉴스브리핑] 알바몬, '알바는 원래 알바몬' 캠페인 참여형 프로모션...","참가자들은 원티드랩의 AI 에이전트 플랫폼 ‘엔노이아(Ennoia)’를 활용해 서비스 기획부터 구현까지 전... 프로젝트를 통해 관광지 혼잡도 분산을 위한 데이터 기반 추천, 사용자 취향을 반영한 맞춤형 여행 가이드...",asiatime.co.kr,https://www.asiatime.co.kr/article/20260701500066,,
여행 AI 에이전트,2026. 7. 1.,"하나투어, 인센티브 여행 견적에 AI 적용…현장서 즉시 자동 생성","하나투어가 기업 인센티브 여행 운영 과정의 업무 효율을 높이기 위해 견적 산출 자동화 시스템을 도입했다.... 단축하는 AI 에이전트를 구축했다""라며 ""단순 반복 업무를 자동화해 업무 생산성과 서비스 품질을 동시에...",insightkorea.co.kr,https://www.insightkorea.co.kr/news/articleView.html?idxno=249240,,
여행 AI 에이전트,2026. 7. 1.,"""지금 못 벌었어도 늦지 않았다""…전문가가 밝힌 AI시대 투자 공식","그는 ""AI 기반 여행업, 교육, 쇼핑 등 AI가 분야별로 적용되고 에이전트화됐을 때 모든 산업의 업계 순위가 바뀔 것""이라며 ""앞으로 쓰나미가 계속 올 텐데 왜 잘 모르는 것에 투자했다가 낭패를 보느냐""고 말했다. 투자...",newsis.com,https://n.news.naver.com/mnews/article/003/0014039037?sid=101,,
여행 AI 에이전트,2026. 7. 1.,"하나투어, 'AI 인센티브 담당자' 도입…""견적 자동화""","사진=하나투어 제공  하나투어가 인센티브 여행 견적 업무를 자동화하는 AI 에이전트 'AI 인센티브 담당자'를 도입하며 전사 AX(AI 전환)를 가속화한다고 1일 밝혔다. 'AI 인센티브 담당자'는 음성, 문서, 채팅 등 다양한...",daily.hankooki.com,https://daily.hankooki.com/news/articleView.html?idxno=1381507,,
여행 AI 에이전트,2026. 7. 1.,"원티드랩·한국관광공사, ‘AI 프롬프톤’ 성료…574개 팀 참여","참가자들은 원티드랩의 AI 에이전트 플랫폼 ‘엔노이아(Ennoia)’를 활용해 서비스 기획부터 구현까지 전... 맞춤형 여행 가이드, 반려동물 동반 여행 수요 분석 등 다양한 아이디어가 나왔다. 관광 데이터를 활용한...",sedaily.com,https://n.news.naver.com/mnews/article/011/0004636781?sid=101,,
여행 AI 에이전트,2026. 7. 1.,"카드업계 AI에이전트, 결제부터 사내 업무까지 전면전","AI 에이전트 페이는 정보를 추천하던 기존 방식을 넘어, 실제 가맹점과 연동해 실거래를 구현했다는 점에서 업계의 주목을 받고 있다. 신한카드는 이를 여행, 쇼핑 등 일상 영역으로 본격 확대할 계획이다. 현대·KB·BC...",datanews.co.kr,http://www.datanews.co.kr/news/article.html?no=145336,,
여행 AI 에이전트,2026. 7. 1.,"﻿챗봇보다 보급률, 중국 AI+는 산업을 다시 짠다 [박지민의 중국과 미...","2027년까지 차세대 스마트 단말과 AI 에이전트(智能体, 이하 에이전트) 보급률을 70% 이상, 2030년에는 90... 중국 플랫폼 기업들은 AI를 검색, 콘텐츠, 전자상거래, 결제, 배달, 여행 예약, 차량 호출과 연결하려 한다....",it.chosun.com,https://it.chosun.com/news/articleView.html?idxno=2023092164841,,
외국인 관광,2026. 7. 9.,"울릉군·한동대, 글로컬·라이즈 사업 인재육성 역량 강화","글로벌 관광 인재 양성 및 AI 교육, 6월 27일에는 울릉고등학교에서 김병철 한동대 교수와 외국인 강사가 군민 대상 실무 영어 회화 교육을 실시했다. 7월 4일에는 김병철 교수와 이성로, 김강훈 강사가 군민 30명에게...",hansbiz.co.kr,http://www.hansbiz.co.kr/news/articleView.html?idxno=849322,,
외국인 관광,2026. 7. 9.,"김해서 '2026 TPO K-CLIP' 개막…해외 청년들, 가야문화 체험 나선다",참가자들은 외국인 관광객의 시각에서 지역 관광의 강점과 개선 과제를 도출할 예정이다. 김해시는 이번 행사를 통해 국제 관광 네트워크를 확대하고 도시...,breaknews.com,http://www.breaknews.com/1220495,,
외국인 관광,2026. 7. 9.,"유진그룹, 미디어에 2조 풀베팅…신뢰 기반 종합플랫폼 구축 선언",연간 1200만명에 달하는 방문객을 보유하고 외국인 관광객 비중이 급증하는 오프라인 공간의 미디어적 가치를 직접 활용하겠다는 취지다. 축적된 영상 파워와 남산이라는 상징적 입지를 결합해 국내외 주요 브랜드의...,news.bizwatch.co.kr,https://n.news.naver.com/mnews/article/648/0000048769?sid=101,,
외국인 관광,2026. 7. 9.,"[기획] 유통산업, 올 하반기 '채널 융합' 승부처","백화점은 외국인 관광객 유입과 소비심리 회복에 힘입어 24.5% 늘었고, 편의점도 초여름 날씨 영향으로 음료·가공식품 수요가 증가하며 5.9% 성장했다. 반면 대형마트와 SSM은 각각 5.1%, 8.0% 감소했다. 주력인 식품군...",m-i.kr,https://www.m-i.kr/news/articleView.html?idxno=1389848,,
외국인 관광,2026. 7. 9.,"""난리가 날 것""...'中 관광객 렌터카 운전 허용' 여진","김모씨는 도청 홈페이지에 민원 글을 올려 ""외국인 관광객에게 운전을 허용하면 소수라고 해도 개싸움이 나고 난리가 날 것""이라며 ""제발 도민 의견에 귀 기울여 달라""고 당부. 또 다른 김모씨는 ""중국인들이 제주에서...",samdailbo.com,http://www.samdailbo.com/news/articleView.html?idxno=267287,,
외국인 관광,2026. 7. 9.,"[기획] 고공행진 백화점, 'VIP·외국인' 소비에 내수 부진 돌파","대형마트와 기업형슈퍼마켓(SSM)이 장보기 수요 분산과 식품군 부진으로 고전하는 사이, 백화점은 외국인 관광객 소비 회복과 명품·패션 수요, 핵심 점포 경쟁력을 앞세워 전통 유통 강자의 자존심을 지키는 모습이다....",m-i.kr,https://www.m-i.kr/news/articleView.html?idxno=1389940,,
외국인 관광,2026. 7. 9.,서대문구 “체험형 문화 프로젝트 ‘포방터 다IT소’ 개최”…11월까지...,"서대문구에 따르면 지역 주민과 방문객이 즐겁게 시장을 찾고 머무를 수 있도록 문화관광형시장 육성사업의... 다음 달엔 외국인 및 가족 대상 요리 클래스가, 오는 9∼11월에도 계절과 참가 대상에 맞춘 다양한 이벤트가...",munhwa.com,https://n.news.naver.com/mnews/article/021/0002803602?sid=102,,
외국인 관광,2026. 7. 9.,"충북도, 청주공항 중심 외국인 관광객 유치 본격화",충청북도가 청주국제공항을 중심으로 외국인 관광객 유치를 위한 전략을 본격적으로 추진한다고 9일 밝혔다. 지역 특화 콘텐츠를 활용해 체류형 관광을 활성화하고 지역경제에 활력을 불어넣겠다는 계획이다. 충청북도는...,viva100.com,https://www.viva100.com/article/20260709500663,,
외국인 관광,2026. 7. 9.,[충남 24시] 'AI 수도 충남' 조직개편 본격화…AI기본사회복지실·청년성...,이는 박수현 충남지사의 공약인 '장항 브라운필드 세계적 생태관광 자원 육성'의 실행사업이기도 하다.... 감염병 대응을 위해 외국인 노동자 등 의료 취약계층을 대상으로 AI 기반 감염병 조기 선별 시스템을 구축하고...,sisajournal.com,https://n.news.naver.com/mnews/article/586/0000133385?sid=102,,
외국인 관광,2026. 7. 9.,[뉴스줌인] 'K뷰티' 열풍에 약국도 쇼핑 코스 됐다…일반약 '쇼핑화' 우...,"외국인 관광객 사이에서 한국 약국이 새로운 쇼핑 코스로 떠오르고 있다 피부과 시술 뒤 사용하는 재생크림부터 여드름 치료제, 인공눈물, 파스까지 이른바 '약국템'이 K뷰티 소비의 한 축으로 자리잡으면서다....",dailypop.kr,http://www.dailypop.kr/news/articleView.html?idxno=100428,,
외국인 관광,2026. 7. 9.,"전통주 직접 보고 맛보고 즐긴다…'전통주 갤러리', 동대문 두타몰에 문...","사진=농식품부 다양한 전통주를 직접 보고 맛보고 즐기며 우리술의 매력을 경험할 수 있는 '전통주 갤러리'가 MZ세대, 외국인 관광객이 즐겨 찾는 관광‧쇼핑 명소 동대문 인근에 문을 연다. 농림축산식품부는 10일 서울...",foodnews.co.kr,http://www.foodnews.co.kr/news/articleView.html?idxno=119317,,
외국인 관광,2026. 7. 9.,전북도 2026 K-팝 아카데미’ 참가자 모집…국내외 청소년 21명 선발,"참가자들은 공동생활을 하며 K-팝 교육과 공연, 전북 문화 체험에 참여해 K-컬처와 전북의 문화·관광을... 모집 대상은 K-팝에 관심 있는 국내외 청소년으로, 외국인 15명과 내국인 6명 등 모두 21명을 선발한다. 교육은...",segye.com,https://n.news.naver.com/mnews/article/022/0004141779?sid=102,,
외국인 관광,2026. 7. 9.,"한국관광공사·국립공원공단, 외국인 탐방객 300만명 유치 맞손",한국관광공사에 따르면 국립공원 외국인 탐방객 수는 2024년 약 89만명에서 2025년 약 205만명으로 증가했다. 전년 대비 약 132% 늘어난 규모다. 양 기관은 2028년까지 국립공원 외국인 탐방객 300만명 유치를 목표로 잡았다....,thepowernews.co.kr,https://www.thepowernews.co.kr/view.php?ud=202607091322191864de3f0aa1be_7,,
외국인 관광,2026. 7. 9.,"서대문구, 포방터시장 매달 체험 프로그램 운영… 11월까지 문화장터로...","시장 내 유휴공간을 활용해 다양한 문화 프로그램을 선보이며 전통시장을 지역 주민과 관광객이 함께 찾는... 이어 8월에는 외국인과 가족이 함께 참여하는 요리 클래스가 마련되며, 9월부터 11월까지는 계절과 참가 대상에...",gukjenews.com,https://www.gukjenews.com/news/articleView.html?idxno=3631065,,
외국인 관광,2026. 7. 9.,"관광공사·국립공원공단, K-트레킹 활성화 위해 맞손",양 기관은 2028년까지 국립공원 외국인 탐방객 300만 명 달성을 목표로 △외국인 대상 홍보 캠페인 △한국관광 통합플랫폼 'VISITKOREA' 등 온·오프라인 채널 홍보 △해외박람회 및 K-관광로드쇼 연계 트레킹 상품 개발 △AI...,pointdaily.co.kr,https://www.pointdaily.co.kr/news/articleView.html?idxno=311318,,
외국인 관광,2026. 7. 9.,“미국 싫으면 떠나라” 독립기념일 안내방송… 美 관광열차 차장 해고,당국은 승객을 외국인으로 단정하고 차별적 표현을 사용한 것이 고객 응대 규정 위반에 해당한다고 지적했다. 폭스뉴스와 현지 ABC방송 계열 WTVC는 미국 테네시주 채터누가의 산악 관광열차 ‘룩아웃 마운틴 인클라인...,kmib.co.kr,https://n.news.naver.com/mnews/article/005/0001859968?sid=104,,
외국인 관광,2026. 7. 9.,MZ 공략 '전통주 갤러리' 동대문에 개장,"두타몰은 동대문디자인플라자(DDP)와 인접한 서울의 대표 관광·쇼핑 명소로 하루 평균 1만 4000여 명이 방문하며, 외국인 관광객 비중도 높은 곳이다. 농식품부는 이곳에 전통주 갤러리를 조성해 MZ세대와 외국인 관광객...",ppss.kr,https://www.ppss.kr/news/articleView.html?idxno=301619,,
외국인 관광,2026. 7. 9.,"두타몰에 '전통주 갤러리' 2호점…""MZ·외국인 체험 확대""",농식품부는 동대문디자인플라자(DDP)와 인접해 하루 평균 1만4000여명이 방문하고 외국인 방문객 비중도 높은 이곳에서 MZ 세대와 외국인 관광객 등을 대상으로 접점을 확대해 전통주 소비저변을 더 넓혀 갈 수 있을 것으로...,newsworks.co.kr,https://www.newsworks.co.kr/news/articleView.html?idxno=846677,,
외국인 관광,2026. 7. 9.,"K패션, 세계시장 변방에서 중심으로",지난해 무신사 스토어와 무신사 스탠다드를 방문한 외국인 고객 가운데 대만 관광객이 상위권을 차지하는 등 오프라인 수요도 꾸준히 늘고 있다. 무신사는 현지 전담 조직을 구성하고 주요 상권 분석을 바탕으로...,naeil.com,https://www.naeil.com/news/read/594742?ref=naver,,
외국인 관광,2026. 7. 9.,인천공항시대 넘어 ‘지방공항시대’ 연다,외국인 관광객이 한국에 들어오는 길이 달라지고 있다. 방한관광의 대부분이 인천공항을 거쳐 서울로 향하는 구조였다면 앞으로는 청주 대구 김해 등 지방공항이 해외 관광객을 지역으로 연결하는 새로운 관문으로 자리...,naeil.com,https://www.naeil.com/news/read/594693?ref=naver,,
외국인 관광,2026. 7. 9.,"[유통레이더] 이마트, 쿠팡, 신세계백화점, 알리익스프레스, 토리든, hy...","회사는 외국인 관광객이 많은 명동 상권을 활용해 K-웰니스 브랜드 인지도 제고에도 나설 계획이다. 사진=GS리테일 제공 ◇GS25, '통오이김밥' 전국 매장 판매 확대 GS25가 지난해까지 모바일 앱 사전예약으로만 판매했던...",daily.hankooki.com,https://daily.hankooki.com/news/articleView.html?idxno=1384337,,
외국인 관광,2026. 7. 9.,"[인터뷰]최진봉 부산 중구청장 ""북항 성장동력 원도심 확산""","또 청년기금 조성과 창업 지원, 빈집뱅크 사업, 청년마루 운영 등을 통해 청년과 외국인 유학생의 정착 기반을 넓히겠다. 평지가 아닌 산복도로와 계단, 골목 등 중구만의 지형적 특성을 살린 관광 콘텐츠도 적극 발굴해...",newsis.com,https://n.news.naver.com/mnews/article/003/0014056377?sid=102,,
외국인 관광,2026. 7. 9.,'디지털노마드' 비자 정식 도입… 소득 요건 완화 및 체류 연장,법무부 집계에 따르면 시범 운영 기간인 2024년 1월부터 2026년 5월까지 총 2년 5개월 동안 국내 관광지 등에서 원격 근무를 수행한 외국인 743명에게 디지털노마드 비자가 발급됐다. 올해 5월 기준 등록 외국인은 398명으로...,discoverynews.kr,https://www.discoverynews.kr/news/articleView.html?idxno=1095663,,
외국인 관광,2026. 7. 9.,“꼭 대한민국 대표팀 감독으로 와주세요” 한국 팬 요청에 응답한 '축...,"K리그에서 우승컵을 두 개나 들어 올렸던 외국인 명장이 9일 자신의 SNS에 의미심장한 게시물을 올렸다. 한국... 이후 문화체육관광부 조사에서 홍 감독 선임 과정의 절차적 문제가 드러나며 큰 논란이 일었고, 포옛 감독...",wikitree.co.kr,https://www.wikitree.co.kr/articles/1145564,,
외국인 관광,2026. 7. 9.,"뮤직드라마 '불편한 편의점', 해외 관광객 유치 본격화",ABC뉴스=이숙영 기자 / 대학로 창작공연이 외국인 관광객을 한국으로 불러들이는 문화관광 콘텐츠로 영역을 넓히고 있다. 극단지우는 최근 필리핀에서 열린 K-로드쇼를 통해 뮤직드라마 <불편한 편의점>과 <불편한 편의점2...,abcn.kr,https://www.abcn.kr/news/articleView.html?idxno=89275,,
외국인 관광,2026. 7. 9.,‘철도의 날’ 기념 굿즈 3시간 만 완판,이 굿즈들은 고려청자를 모티브로 전통과 철도를 결합하여 외국인 관광객의 눈길을 끌 것으로 기대된다. 철도 굿즈의 경쟁력은 에스알이 지난 5년간 구축해온 상생 모델의 결실이다. 사회적기업의 제품을 공공기관이...,amenews.kr,http://amenews.kr/news/view.php?idx=67360,,
외국인 관광,2026. 7. 9.,“특급호텔 대신 로컬 상권”…제주 외국인 관광객 지갑 ‘함덕’서 열...,제주를 찾는 외국인 관광객의 소비 무게중심이 전통적인 대형 관광단지에서 일상형 로컬 해변으로 이동하고 있다. 비싼 횟집 대신 가벼운 분식을 즐기고 바닷가 카페와 K뷰티 매장을 찾는 등 ‘생활밀착형 소비’가...,dt.co.kr,https://n.news.naver.com/mnews/article/029/0003036176?sid=101,,
외국인 관광,2026. 7. 9.,"한국관광공사, 국립공원 K-트레킹 관광객 유치 적극 나선다","사진/한국관광공사  한국을 여행하는 외국인 관광객 사이에서 K-등산, K-트레킹도 한국 여행의 새로운 한 축으로 자리 잡는 추세다. 특히 서울 도심 접근성이 뛰어난 북한산, 인왕산이나 제주 올레길 및 한라산 같은 인기...",gukjenews.com,https://www.gukjenews.com/news/articleView.html?idxno=3630971,,
외국인 관광,2026. 7. 9.,방한 외국인 늘수록 결제액도 증가...오렌지스퀘어 'WOWPASS' 인기,"방한 외국인 관광객 증가세가 이어지면서 오렌지스퀘어의 외국인 전용 선불카드 서비스 '와우패스(WOWPASS)'가 인바운드 결제 플랫폼으로 주목받고 있다. 환전과 카드결제, 교통카드 기능을 한 장에 담은 구조가 한국 여행...",wolyo.co.kr,https://www.wolyo.co.kr/news/articleView.html?idxno=314812,,
외국인 관광,2026. 7. 9.,"알록, 시코르 정식 입점… 국내 프리미엄 채널 확대·글로벌 시장 공략...",첫 입점 매장으로 명동과 홍대를 선택한 것은 외국인 관광객이 밀집한 인바운드 핵심 상권이라는 점을 고려한 전략이다. 국내 소비자는 물론 해외 관광객과의 접점을 확대해 브랜드 인지도를 높이고 글로벌 시장...,fntoday.co.kr,https://www.fntoday.co.kr/news/articleView.html?idxno=387850,,
외국인 관광,2026. 7. 9.,"홍성군, 시간은 줄이고 내용은 알찬 '다이어트 회의' 눈길","특히, 2029년 개최 예정인 제110회 전국체육대회의 성공적인 개최를 위해 메가 스포츠 인프라 확충(결성 제2야구장, 다목적 체육관 등)과 체류형 스포츠 관광 활성화에 박차를 가한다. ◆ 청년·여성·외국인 맞춤형 촘촘한...",chungnamilbo.co.kr,http://www.chungnamilbo.co.kr/news/articleView.html?idxno=897936,,
외국인 관광,2026. 7. 9.,"박정주 홍성군수, 회의부터 바꿨다…‘핵심만 보고’ 실용행정 시동","스포츠관광 기반 조성에도 속도를 낸다. 복지 분야에서는 청년 주거·일자리 지원, 소상공인 경쟁력 강화, 365일 24시간 돌봄체계 운영, 외국인 주민 정착 지원 등을 통해 군민 맞춤형 복지정책을 확대해 나갈 방침이다....",dnews.co.kr,https://www.dnews.co.kr/uhtml/view.jsp?idxno=202607091124016860553,,
외국인 관광,2026. 7. 9.,"中, '관광 5개년 계획' 발표…年 입국 관광객 1.9억명 목표",내수 경기 회복을 위한 방편 중 하나로 관광 활성화에 주력하고 있는 중국은 2023년부터 각국을 대상으로 비자 면제 정책을 펴면서 외국인 관광객 확대를 기대하고 있다. 문화여유부에 따르면 지난해 중국 내...,newsis.com,https://n.news.naver.com/mnews/article/003/0014056226?sid=104,,
외국인 관광,2026. 7. 9.,"[위클리오늘] 파주시, '2026년 상반기 통일동산 관광특구 활성화 추진 협...",아울러 2026년 통일동산 관광특구 진흥계획 수립과 관련해 다양한 시설과 프로그램을 연계한 외국인 관광객 유치 방안에 대해서도 집중적으로 논의했다. 특히 위원들은 통일동산 관광특구만의 고유한 정체성을 확립하기...,weeklytoday.com,http://www.weeklytoday.com/news/articleView.html?idxno=784342,,
외국인 관광,2026. 7. 9.,제호탕 시음하고 약향 주머니 만들기…창덕궁서 즐기는 궁중 피서,"동의보감사업단은 산청군의 재정 지원을 받아 영어, 중국어, 일본어, 프랑스어, 아랍어, 튀르키예어 등 총 13개국 언어로 번역 발행한 동의보감 다국어 소책자를 현장에서 무료 배포해 외국인 관광객들의 한의학 이해를...",nc.press,https://www.nc.press/news/articleView.html?idxno=620262,,
외국인 관광,2026. 7. 9.,“중구 균형발전기금으로 장충체육관 다시 지을 것”,-외국인 관광객 증가로 관광도시로서 중구가 더욱 중요해졌다. 지역경제 활성화로 이어지는 방안은. ▶민선 8기에는 명동스퀘어를 조성하고 이순신 탄생지로서 도시브랜드를 구축하는 데 주력했다. 민선 9기에는...,biz.heraldcorp.com,https://n.news.naver.com/mnews/article/016/0002668023?sid=102,,
외국인 관광,2026. 7. 9.,"토박스코리아, 24억원 자사주 취득","한편,최근 토박스코리아의 실적 성장세는 본궤도에 오른 모습을 보이고 있다.국내외 유아동복 시장 성장과 방한 외국인 관광객 증가,백화점 채널 호황 등이 맞물리며 실적 개선 흐름이 가시화되고 있다....",apparelnews.co.kr,http://www.apparelnews.co.kr/news/news_view/?idx=226296,,
외국인 관광,2026. 7. 9.,"서대문구, 포방터시장에 체험형 문화 프로젝트","어린이, 외국인 등 대상 요리 프로그램 서울 서대문구(구청장 박운기)는 이달부터 11월까지 매월 한 차례씩... 이번 사업은 지역 주민과 방문객이 시장을 찾고 머무를 수 있도록 문화관광형시장 육성사업의 일환으로...",news.tf.co.kr,https://n.news.naver.com/mnews/article/629/0000514625?sid=102,,
외국인 관광,2026. 7. 9.,[헤럴드광장] 차이는 있어도 차별은 없어야 한다,"있는 외국인 노동자와 결혼 이주민, 다문화 가정 자녀에 대한 편견이 과거보다는 줄었다고 하지만 여전히 완전히 해소됐다고 보기 어렵다. 같은 영어를 구사함에도 백인 강사를 선호한다거나 길을 묻는 관광객을 피부색에...",biz.heraldcorp.com,https://n.news.naver.com/mnews/article/016/0002668007?sid=101,,
외국인 관광,2026. 7. 9.,"전통주, 동대문서 MZ·외국인 만난다",MZ세대와 외국인 관광객이 많이 찾는 관광·쇼핑 중심지에서 전통주를 직접 맛보고 즐길 수 있는 체험형 복합문화공간을 조성해 소비층 확대에 나선다. 농식품부는 10일 서울 동대문 두타몰에서 전통주 갤러리 2호점...,biz.heraldcorp.com,https://n.news.naver.com/mnews/article/016/0002668001?sid=101,,
외국인 관광,2026. 7. 9.,"트럼프, 스페인 무역 차단 지시…방문 포함 745억달러 교역 금수 위기","◇ 미·스페인, 745억달러 교역 노출…투자·관광까지 금수 리스크 확대미국 인구조사국 기준 2025년 양국... 미국도 스페인의 최대 외국인 투자국으로 스페인 내 공장·설비·사업체 등에 1160억유로(199조원)를 투자해...",asiatoday.co.kr,https://www.asiatoday.co.kr/kn/view.php?key=20260709010003424,,
외국인 관광,2026. 7. 9.,"트럼프, 스페인 방위비 5% 인상 거부하자 무역 중단 경고",지난해 미국과의 무역에서 적자를 기록했다는 점을 강조해왔다. 뉴욕타임스는 스페인이 계속해서 수백만명이 넘는 미국 관광객과 미국 투자자들을 환영하고 있으며 미국이 최대 외국인직접투자 국가라고 보도했다.,fnnews.com,https://n.news.naver.com/mnews/article/014/0005545927?sid=104,,
외국인 관광,2026. 7. 9.,"한국관광공사-국립공원공단, 국립공원 외국인 관광객 300만명 도전","청주·대구공항을 중심으로 국제노선 확대와 지역 관광상품 개발, 교통·관광 인프라 개선을 추진하며 외국인 관광객 유치에 나서고 있다. 박성혁 한국관광공사 사장은 ""지방공항을 지역관광 허브로 육성하는 것이...",s-journal.co.kr,https://www.s-journal.co.kr/news/articleView.html?idxno=42279,,
외국인 관광,2026. 7. 9.,"토박스코리아, 24억 규모 자사주 취득 신탁 계약","국내외 유아동복 시장 성장과 방한 외국인 관광객 증가, 백화점 채널 호황 등이 맞물리며 실적 개선 흐름이 가시화되고 있다는게 회사 측 설명이다. 뿐만 아니라 토박스코리아는 국내 1위 유아용품 전문기업 꿈비의...",widedaily.com,https://www.widedaily.com/news/articleView.html?idxno=297316,,
외국인 관광,2026. 7. 9.,"전북도, '2026 케이팝 아카데미' 참가자 모집…국내외 21명",올해 역시 모집 대상은 케이팝에 관심이 있는 국내외 청소년 21명(외국인 15명·내국인 6명)이다. 전문... 전북의 역사·문화·관광자원을 체험하는 프로그램에도 참여한다. 교육의 대미는 9월 18일 한국소리문화의전당...,yna.co.kr,https://n.news.naver.com/mnews/article/001/0016184753?sid=102,,
외국인 관광,2026. 7. 9.,"부산 관광업계, 3분기 ‘경기회복 기대감’ 확대",직전 분기 대비 ▷매출(+13.7p) ▷수익성(+8.4p) ▷내국인관광객(+7.9p) ▷외국인관광객(+20.5p) 등 전 항목이 상승해 관광업계의 경기회복 기대감이 뚜렷하게 나타났다. 특히 외국인관광객 전망은 가장 높은 수치를...,biz.heraldcorp.com,https://n.news.naver.com/mnews/article/016/0002667979?sid=101,,
외국인 관광,2026. 7. 9.,50개국 몰린 전북 K팝 아카데미···올해도 21명 모집,올해 모집 인원은 외국인 15명과 내국인 6명이다. 외국인 참가자는 항공료와 비자 발급 비용을 직접... 참가자들은 전주와 부안 등 도내 주요 관광지를 방문해 여행 영상 콘텐츠를 제작하고 거리공연도 진행한다. 교육...,khan.co.kr,https://n.news.naver.com/mnews/article/032/0003457052?sid=103,,
외국인 관광,2026. 7. 9.,"뷰티테크 브랜드 '알록', 시코르 정식 입점···국내 프리미엄 채널·글...",특히 첫 입점 매장으로 명동·홍대를 우선 선택한 것은 외국인 관광객이 밀집하는 인바운드 핵심 상권이라는 점을 고려한 전략적 판단이다. 국내 소비자 판매와 동시에 해외 관광객을 대상으로 브랜드를 자연스럽게...,enetnews.co.kr,https://www.enetnews.co.kr/news/articleView.html?idxno=52228,,
외국인 관광,2026. 7. 9.,부산 관광 업계 매출·수익·내외국인 관광객 BSI 모두 100 넘겨… 외국...,"코로나19 사태 이후 3년만 외국인 관광객 128.7로 집계 다만 인력 부족은 숙제로 부산지역 관광업계가 활기를 띤다. 코로나19 사태 이후 처음으로 매출, 수익성, 내외국인 관광객 등 모든 기업경기실사지수(BSI)가...",mk.co.kr,https://n.news.naver.com/mnews/article/009/0005704992?sid=102,,
외국인 관광,2026. 7. 9.,"농식품부, 동대문 두타몰에 전통주 갤러리 2호점 개장",농림축산식품부가 서울 동대문 두타몰에 전통주 갤러리 2호점을 열고 MZ세대와 외국인 관광객을 겨냥한 전통주 소비 확대에 나선다. 농식품부는 오는 10일 오후 2시 서울 동대문 두타몰에서 전통주 갤러리 두타몰점...,widedaily.com,https://www.widedaily.com/news/articleView.html?idxno=297308,,
외국인 관광,2026. 7. 9.,전통주 갤러리 2호점 개장…동대문서 MZ·외국인 공략,국내외 관광객이 많이 찾는 상권을 활용해 MZ세대와 외국인 관광객의 전통주 체험 기회를 넓히고 소비 기반을 확대한다. 농식품부는 10일 서울 동대문 두타몰에서 전통주 갤러리 두타몰점 개장식을 개최했다고 밝혔다....,dailian.co.kr,https://n.news.naver.com/mnews/article/119/0003109669?sid=101,,
외국인 관광,2026. 7. 9.,"농식품부, 두타몰에 '전통주 갤러리' 2호점…""소비 기반 확대""","농식품부는 ""접근성이 뛰어난 곳에 전통주 갤러리를 조성함으로써 MZ 세대와 외국인 관광객 등 새로운 소비층과의 접점을 확대하고, 전통주 소비 저변을 넓혀 나갈 계획""이라고 강조했다. 두타몰점은 단순한 판매장이...",yna.co.kr,https://n.news.naver.com/mnews/article/001/0016184697?sid=103,,
외국인 관광,2026. 7. 9.,"""가격 올려도 잘 팔린다""…직장인 점심때마다 몰리는 이유",방한 외국인 관광객도 새 고객층으로 떠올랐다. 한국관광 데이터랩에 따르면 지난해 외국인의 햄버거 카드 결제 건수는 전년보다 38.2% 증가했다. 불고기버거처럼 한국에서만 맛볼 수 있는 메뉴를 찾는 관광객이 늘면서...,hankyung.com,https://n.news.naver.com/mnews/article/015/0005308077?sid=101,,
외국인 관광,2026. 7. 9.,전통주도 '핫플' 전략…동대문 두타몰서 소비층 넓힌다,농림축산식품부가 MZ세대와 외국인 관광객이 몰리는 서울 동대문에 전통주 복합문화공간을 열고 전통주 소비층 확대에 나섰다. 단순 판매를 넘어 체험과 관광을 결합해 전통주를 K-미식 콘텐츠로 육성한다는 전략이다....,etnews.com,https://n.news.naver.com/mnews/article/030/0003446112?sid=101,,
외국인 관광,2026. 7. 9.,"농식품부, 동대문 두타몰에 전통주 갤러리 2호점 개장",농림축산식품부가 서울 동대문 두타몰에 전통주 갤러리 2호점을 열고 MZ세대와 외국인 관광객을 겨냥한 전통주 소비 확대에 나선다. 농식품부는 오는 10일 오후 2시 서울 동대문 두타몰에서 전통주 갤러리 두타몰점...,newsis.com,https://n.news.naver.com/mnews/article/003/0014055973?sid=101,,
외국인 관광,2026. 7. 9.,'K술' MZ·外관광객 더 가까이…홍보무대 된 동대문,농림축산식품부와 한국농수산식품유통공사(aT)는 젊은층과 외국인 관광객 '핫플(핫플레이스)'로 꼽히는 서울 동대문에 전통주를 홍보하고 체험할 수 있는 복합문화공간 '전통주 갤러리'를 개장한다. 젊은층과 외국인이...,shinailbo.co.kr,https://www.shinailbo.co.kr/news/articleView.html?idxno=5039100,,
외국인 관광,2026. 7. 9.,"토박스코리아, 24억 규모 자사주 취득 신탁 계약","국내외 유아동복 시장 성장과 방한 외국인 관광객 증가, 백화점 채널 호황 등이 맞물리며 실적 개선 흐름이 가시화되고 있다는게 회사 측 설명이다. 뿐만 아니라 토박스코리아는 국내 1위 유아용품 전문기업 꿈비의...",newsis.com,https://n.news.naver.com/mnews/article/003/0014055954?sid=101,,
외국인 관광,2026. 7. 9.,"[기자수첩] ""반도체는 광주에, 관광객은 여수로""…반도체 클러스터 시대...","광주권과 여수를 잇는 직통 관광 셔틀, KTX·공항·항만 연계 상품, 단체 비즈니스 관광객을 위한 이동 시스템 구축이 필요하다. 둘째, 숙박과 음식 서비스의 수준을 높여야 한다. 외국인과 기업 방문객을 맞을 수 있는 다국어...",newskr.kr,http://www.newskr.kr/news/articleView.html?idxno=105060,,
외국인 관광,2026. 7. 9.,"전남 보성군, 민선 9기 73개 공약 본격 추진","공공형 외국인 계절근로자 기숙사 건립, 청년농업인 육성에 나선다. 농업의 미래 성장동력 확보를 위해 전국 최초 숙박·체류형 스마트팜 관광단지 조성과 보성 말차 가공시설 현대화, 차산업 고도화 사업도 함께 추진할...",mhns.co.kr,https://www.mhns.co.kr/news/articleView.html?idxno=752797,,
외국인 관광,2026. 7. 9.,"홍성군, 회의부터 바꿨다…‘다이어트 회의’로 실용행정 본격화","오는 2029년 제110회 전국체육대회의 성공 개최를 위해 체육시설 확충과 체류형 스포츠관광 기반 조성도 함께 추진한다. 청년과 여성, 외국인 주민을 위한 맞춤형 복지도 확대한다. 청년 주거·일자리 지원을 강화하고...",viva100.com,https://www.viva100.com/article/20260709500467,,
외국인 관광,2026. 7. 9.,"""방한 외국인 씀씀이 커지는데""…선불충전 한도는 고작 50만원",방한 외국인 관광객이 급증하고 의료관광 등 고액 소비 트렌드가 확산되면서 외국인 대상 선불전자지급수단(선불충전금) 보유 한도를 상향해야 한다는 목소리가 커지고 있다. 일부 핀테크 업체 등이 혁신금융서비스(규제...,widedaily.com,https://www.widedaily.com/news/articleView.html?idxno=297302,,
외국인 관광,2026. 7. 9.,"""향으로도 홀린다"" 세계로 향하는 K향수",이미 외국인 관광객이 많은 명동·홍대·강남역점엔 전체 향수 가운데 K향수 브랜드 비중은 90%에 이른다. 업계 관계자는 “한국 문화와 라이프스타일에 관심이 커지면서 K브랜드 그 자체가 하나의 팬덤이 돼가고 있다”...,edaily.co.kr,https://n.news.naver.com/mnews/article/018/0006325967?sid=103,,
외국인 관광,2026. 7. 9.,홍성군 '다이어트 회의'로 일하는 방식 바꾼다...회의는 줄이고 '미래 먹...,"미래신산업 국가산업단지 예비타당성조사 대응과 홍성제2일반산업단지 조성, 내포 종합의료시설 조기 개원, 교육 인프라 확충, 농촌 정주환경 개선, 해양관광과 스포츠관광 활성화, 청년·외국인 맞춤형 복지 강화도 함께...",newsworker.co.kr,http://www.newsworker.co.kr/news/articleView.html?idxno=435485,,
외국인 관광,2026. 7. 9.,"외국인 소비도 로컬로…함덕, 제주 해수욕장 결제 1위","올여름 제주를 찾은 외국인 관광객의 소비가 대형 관광단지보다 지역 상권으로 옮겨가는 모습이다. 카페와 먹거리, K뷰티 매장이 밀집한 함덕해수욕장 일대가 외국인 소비의 중심지로 떠오르며 제주 해수욕장 상권에도...",wolyo.co.kr,https://www.wolyo.co.kr/news/articleView.html?idxno=314806,,
외국인 관광,2026. 7. 9.,"파주시, 통일동산 관광특구 활성화 방안 논의",아울러 2026년 통일동산 관광특구 진흥계획 수립과 관련해 다양한 시설과 프로그램을 연계한 외국인 관광객 유치 방안에 대해서도 집중적으로 논의했다. 특히 위원들은 통일동산 관광특구의 정체성 확립을 위한 브랜드...,m-i.kr,https://www.m-i.kr/news/articleView.html?idxno=1389828,,
외국인 관광,2026. 7. 9.,성수·홍대에 깃발 꽂는 무신사뷰티 … CJ올리브영에 정면 승부,최근에는 외국인 관광객 유입까지 늘면서 K뷰티 브랜드의 체험과 구매가 동시에 이뤄지는 화장품 핵심 상권으로 자리 잡았다. 특히 두 지역은 CJ올리브영 매장이 밀집한 곳이기도 하다. 홍대점 예정지 인근에는 올리브영...,biz.newdaily.co.kr,https://biz.newdaily.co.kr/site/data/html/2026/07/09/2026070900077.html,,
외국인 관광,2026. 7. 9.,"외국인 관광객, 제주 해변서도 ""관광단지 대신 동네로""",여름철 제주 해수욕장을 찾는 외국인 관광객의 발길이 대형 관광단지에서 로컬 해변으로 옮겨가고 있다. 외국인 전용 결제 플랫폼 와우패스(WOWPASS)를 운영하는 오렌지스퀘어(대표 이장백)는 6월 1일부터 7월 6일까지 제주...,econovill.com,https://www.econovill.com/news/articleView.html?idxno=744722,,
외국인 관광,2026. 7. 9.,"알록, 시코르 입점으로 오프라인 유통망 확대",외국인 관광객이 많은 핵심 상권을 중심으로 브랜드 접점을 넓히는 동시에 미국과 일본 등 해외 시장 진출도 추진하며 글로벌 사업 확대에 속도를 낸다는 계획이다. 알록은 지난 6월 시코르 명동점과 홍대점에...,businesskorea.co.kr,https://www.businesskorea.co.kr/news/articleView.html?idxno=272732,,
외국인 관광,2026. 7. 9.,"부산관광공사, 부산 관광업계 3분기 경기 회복 기대감 확대","조사 결과 3분기에는 매출과 수익성, 내·외국인 관광객 등 모든 기업경기실사지수(BSI)가 기준치(100)를 웃돌며 관광경기 회복에 대한 기대감이 크게 높아진 것으로 나타났다. 분야별 3분기 기업경기실사지수(BSI)...",busan.com,https://n.news.naver.com/mnews/article/082/0001389010?sid=102,,
외국인 관광,2026. 7. 9.,"한국관광공사-국립공원공단, 국립공원 연계 관광 활성화 맞손",한국관광공사와 국립공원공단이 국립공원을 활용한 외국인 관광객 유치와 지역관광 활성화를 위해 손을 맞잡았다. 한국관광공사는 지난 8일 원주 본사에서 국립공원공단과 국립공원 연계 관광 활성화를 위한...,sentv.co.kr,https://www.sentv.co.kr/article/view/sentv202607090063,,
외국인 관광,2026. 7. 9.,"경운궁에서 덕수궁까지, 국난과 함께한 역사","특히, 한국의 전통문화에 대한 관광객들의 관심이 높아지면서 경복궁(景福宮)과 창덕궁(昌德宮) 등에는 평일 오전에도 외국인들로 넘쳐나고, 한복을 입고 조선시대 궁궐을 거닐며 사진을 찍는 것이 외국 관광객들의...",dailytw.kr,https://www.dailytw.kr/news/articleView.html?idxno=31601,,
외국인 관광,2026. 7. 9.,"서울교통공사, 서울 이동패턴 분석…강남은 출퇴근·잠실은 축제·홍대...","5월에는 일본 골든위크와 중국 노동절 연휴를 맞아 외국인 관광객 유입이 크게 늘었고, 공연과 거리문화, 쇼핑을 즐기려는 방문객까지 더해지면서 월별 교통카드 수입 1위에 올랐다. 관광객 증가가 지역 상권과 대중교통...",e-science.co.kr,https://www.e-science.co.kr/news/articleView.html?idxno=131669,,
외국인 관광,2026. 7. 9.,[호텔가 이모저모] 서울신라호텔 '라 리스트' 2년 연속 국내 1위 外,"한국여행업협회 회원사 등을 대상으로 복합 관광 콘텐츠와 외국인 고객 유치 전략, 협력 프로그램을 소개하며 방한 관광객 확대를 위한 파트너십을 논의했다. 협력 기반도 다졌다. 행사에서는 카지노 매스팀과 함께...",slist.kr,https://www.slist.kr/news/articleView.html?idxno=750632,,
외국인 관광,2026. 7. 9.,장마철이면 오히려 더 가고 싶어진다…외국인들이 비 오는 날 일부러 찾...,최근에는 전통 찜질방뿐 아니라 외국인을 위한 프라이빗 스파와 한국식 바디스크럽 체험도 인기를 끌면서 장마철 대표 실내 관광 코스로 자리 잡고 있다. 박물관과 미술관에서 보내는 하루 장마철이면 외국인들이...,wikitree.co.kr,https://www.wikitree.co.kr/articles/1145526,,
외국인 관광,2026. 7. 9.,"홍명보도, 정몽규도 다 아니다…청문회 '불참' 예상돼 여론 난리 난 인...","이 전 이사는 포옛, 바그너 등 외국인 감독 후보군과 면접을 진행하다가 돌연 국내파인 홍 감독으로... 청문회 일정은 언제, 무엇이 밝혀져야 하나 국회 문화체육관광위원회는 9일 전체회의에서 대한축구협회 청문회...",wikitree.co.kr,https://www.wikitree.co.kr/articles/1145520,,
외국인 관광,2026. 7. 9.,캄보디아 인체용 탈취제 시장동향,"매장, 관광객 대상 매장, 약국, 온라인몰 등을 통해 프리미엄·천연 제품 수요층을 공략하고 있다.... 특히 젊은 소비자층과 외국인 거주자를 중심으로 모바일 주문과 배달 플랫폼을 통한 생활용품 구매가 늘고...",dream.kotra.or.kr,http://dream.kotra.or.kr/kotranews/cms/news/actionKotraBoardDetail.do?SITE_NO=3&MENU_ID=190&CONTENTS_NO=2&bbsGbn=254&bbsSn=254&pNttSn=242533,,
외국인 관광,2026. 7. 9.,"인스파이어, 여행업계 협력 강화···외국인 관광객 유치 총력",인스파이어 엔터테인먼트 리조트가 방한 외국인 관광객 유치 확대를 위해 국내 인바운드 여행사 및 관광업계와 협력을 강화한다. 인스파이어는 8일 국내 주요 인바운드 여행사와 관광업계 관계자 약 250명을...,enewstoday.co.kr,http://www.enewstoday.co.kr/news/articleView.html?idxno=2447049,,
외국인 관광,2026. 7. 9.,K-POP 꿈꾸는 청소년 모여라... 전북 K-POP 아카데미 참가자 모집,"모집 인원은 외국인 15명과 내국인 6명 등 총 21명이다. 교육은 오는 9월 5일부터 19일까지 2주간... 또한 전북의 역사와 문화, 관광자원을 체험하며 한국 문화를 이해하고 교육 수료 후에는 전북을 세계에 알리는 글로벌...",polinews.co.kr,https://www.polinews.co.kr/news/articleView.html?idxno=736478,,
외국인 관광,2026. 7. 9.,"방한 외래객 역대 최대… 인스파이어, 외국인 관광객 유치 확대 위한 행...","서미영 기자 | 방한 외국인 관광객이 빠르게 늘고 있다. 한국관광공사에 따르면 올해 1분기 방한 외래객은 역대 최대 수준을 기록했으며, K-컬처 확산과 함께 일본·동남아·중화권을 중심으로 한국을 찾는 외국인이...",digitalchosun.dizzo.com,http://digitalchosun.dizzo.com/site/data/html_dir/2026/07/09/2026070980040.html,,
외국인 관광,2026. 7. 9.,"'쇼핑도 게임처럼'…현대백화점, 체험형 팝업 '뷰티마블' 연다",또한 외국인 관광객을 위한 마스크팩 추가 증정 이벤트도 상시 진행 중이다. 이번 행사는 국내 소비자를 넘어 해외 판로 개척의 창구 역할도 수행한다. 현대백화점은 행사 개최 전 러시아 유통사 및 뷰티 바이어 10여 개...,pointe.co.kr,https://www.pointe.co.kr/news/articleView.html?idxno=81578,,
외국인 관광,2026. 7. 9.,교통카드가 기록한 서울의 '이동경제',"홍대입구역은 외국인 관광객 증가가 뚜렷했던 5월 가장 많은 수입을 기록했다. 일본 골든위크와 중국 노동절 연휴가 겹치면서 해외 관광객이 홍대 상권으로 집중됐고, 공연과 거리문화, 쇼핑을 즐기려는 방문객이 늘면서...",newswhoplus.com,https://www.newswhoplus.com/news/articleView.html?idxno=64203,,
외국인 관광,2026. 7. 9.,"부산 동구, 전국 첫 ‘크루즈 관광특구’ 지정…외국인 관광객 600만 시...",부산시는 크루즈 관광과 원도심 역사·문화자원을 연계한 관광거점을 조성해 외국인 관광객 연간 600만 명 유치와 지역경제 활성화에 속도를 낸다는 전략이다. 부산시는 8일 크루즈를 주제로 한 ‘부산 동구 크루즈...,viva100.com,https://www.viva100.com/article/20260709500285,,
외국인 관광,2026. 7. 9.,CJ제일제당 '단백하니' 1년 만에 130만 개,"외국인 관광객이 많은 장소에서 K-헬시 스낵을 알린 결과, 행사 전 대비 팝업 현장 매출이 약 10배 늘어나는 성과를 거뒀습니다. CJ제일제당 관계자는 ""간편하면서도 맛있게 건강을 챙기려는 수요를 공략한 것이...",newsclaim.co.kr,https://www.newsclaim.co.kr/news/articleView.html?idxno=3068917,,
외국인 관광,2026. 7. 9.,"부산관광업계, 외국인 관광객 발길 쇄도에 기대감 고조","조사 결과 오는 3분기에는 매출과 수익성, 내·외국인 관광객 등 모든 BSI가 기준치 '100'을 웃도는 것으로 나타났다. 분야별 3분기 BSI 전망치는 매출 '111.4', 수익성 '109.4', 내국인 관광객 '103.0', 외국인 관광객 '128.7'로...",fnnews.com,https://n.news.naver.com/mnews/article/014/0005545839?sid=101,,
외국인 관광,2026. 7. 9.,"""K-지하철 편하다더니…"" 외국인 관광객, 교통카드 발매기 앞에서 '쩔쩔...","카드 종류도 발매기도 제각각 ""어떤 걸 사야 하죠?"" 상반기 방한 외국인 관광객이 1000만 명을 돌파하는 등 역대 최대 수준을 기록했지만 이들이 지하철 이용 과정에서 겪는 불편은 여전하다. 해외에서 발급된 신용카드는...",bizhankook.com,https://bizhankook.com/articles/139231.html,,
외국인 관광,2026. 7. 9.,[기고] 전통을 지키는 것만으로는 부족하다…상권은 어떻게 다시 살아나...,"스타벅스, 올리브영, 패션 브랜드가 전통시장과 한옥을 택하는 이유는 외국인 관광객과 MZ세대라는 잠재 고객군이 이미 존재하기 때문이다. 전통 상권도 브랜드를 통해 쇼핑, 체험, 관광이 결합된 복합 소비 공간으로...",e2news.com,http://www.e2news.com/news/articleView.html?idxno=332103,,
외국인 관광,2026. 7. 9.,"갤럭시아머니트리, 헤이페이와 협력해 알리페이·위챗페이 연동","최근 방한 관광객 증가로 외국인 간편결제 수요가 확대되는 가운데, 이번 서비스는 면세점과 관광, 식음료(F&B), 리테일 등 다양한 업종에서 활용될 전망이다. 갤럭시아머니트리 관계자는 “외국인 고객이 익숙한...",edaily.co.kr,https://n.news.naver.com/mnews/article/018/0006325892?sid=101,,
외국인 관광,2026. 7. 9.,“서대문구 포방터시장에 매달 새로운 즐거움이 옵니다”[서울25],이번 프로젝트는 문화관광형시장 육성사업의 하나로 기획됐다. 매달 새로운 주제의 프로그램을 진행해... 8월에는 외국인 및 가족 대상 요리교실을 운영할 계획이다. 신청은 포방터시장 네이버 예약을 통해 선착순으로...,khan.co.kr,https://n.news.naver.com/mnews/article/032/0003457028?sid=102,,
외국인 관광,2026. 7. 9.,"외국인 관광객, 부산 경기 회복 견인···관광업계 '청신호'",조사에 따르면 매출·수익성·내·외국인 관광객 등 모든 기업경기실사지수(BSI)가 기준치(100)를 웃돌며 회복 기대감이 크게 높아진 것으로 나타났다. 특히 외국인 관광객 전망치가 128.7로 가장 높은 수치를 기록해...,daily.hankooki.com,https://daily.hankooki.com/news/articleView.html?idxno=1384326,,
외국인 관광,2026. 7. 9.,"서대문구 포방터시장, 체험형 문화프로젝트 '포방터 다IT소' 운영","이번 사업은 문화관광형시장 육성사업의 일환으로, 주민과 방문객의 체류 시간을 늘리고 시장 이용을... 내달에는 가족과 외국인을 대상으로 한 요리 체험이 마련되며, 9월부터 11월까지는 계절과 참여 계층에 맞춘 다양한...",jeonmae.co.kr,https://www.jeonmae.co.kr/news/articleView.html?idxno=1272975,,
외국인 관광,2026. 7. 9.,"강남·잠실·홍대입구, 서울 지하철 교통카드 수입 1위 경쟁…계절·행...","강남역 평균 28억원으로 상반기 최다…잠실·홍대입구 뒤이어벚꽃축제·프로야구·외국인 관광객 유입에 월별 순위 변동서울교통공사 ""교통데이터로 시민 이동 패턴 분석 강화"" 이로운넷 = 조은결 기자 서울 지하철...",eroun.net,https://www.eroun.net/news/articleView.html?idxno=85006,,
외국인 관광,2026. 7. 9.,"""외국인 손님 몰려온다""…부산 관광업계가 전망하는 3분기는 '장밋빛'",특히 외국인 관광객이 하반기 관광시장 회복을 이끌 것이라는 기대가 컸다. 부산관광공사는 지역 관광업계 관계자 404명을 대상으로 실시한 '2026년 2분기 부산 관광업계 경기조사' 결과 3분기 모든 기업경기실사지수...,nocutnews.co.kr,https://n.news.naver.com/mnews/article/079/0004166517?sid=102,,
외국인 관광,2026. 7. 9.,"외국인 소비 월 2조 시대…신동빈은 '유통 자산', 정용진은 '공간 개발'","©AP신문(AP뉴스)/이미지 제공 = 각 사 ▲정용진 신세계그룹 회장(왼쪽), 신동빈 롯데그룹 회장 외국인 관광객의 국내 소비가 월 2조원대로 올라선 가운데, 오프라인 유통업계의 경쟁축이 '판매'에서 '체류'로 옮겨가고 있다....",apnews.kr,https://www.apnews.kr/news/articleView.html?idxno=3049638,,
외국인 관광,2026. 7. 9.,"한국관광공사-국립공원공단, 외래객 유치·지역관광 활성화 위한 업무협...","이번 협약은 최근 한국을 찾는 외국인 관광객들 사이에서 이른바 'K-트레킹'이 새로운 관광 트렌드로 부상함에 따라, 내·외국인의 국립공원 방문을 유도하고 관련 탐방 편의를 도모하기 위해 마련됐다. 실제로...",discoverynews.kr,https://www.discoverynews.kr/news/articleView.html?idxno=1095623,,
외국인 관광,2026. 7. 9.,"부산 관광업계 ""3분기 경기 회복 기대""…외국인 관광객↑",부산 관광업계가 올해 3분기 외국인 관광객 증가에 힘입어 경기 회복세를 이어갈 것으로 전망했다. 부산관광공사(공사)는 지역 관광업계 관계자 404명을 대상으로 실시한 '2026년 2분기 부산 관광업계 경기조사...,newsis.com,https://n.news.naver.com/mnews/article/003/0014055513?sid=102,,
외국인 관광,2026. 7. 9.,"파주시, 통일동산 관광특구 글로벌 경쟁력 키운다…외국인 관광객 유치...",파주시가 통일동산 관광특구의 경쟁력을 높이고 외국인 관광객 유치를 확대하기 위한 중장기 전략 마련에 나섰다. 파주시는 최근 '2026년 상반기 통일동산 관광특구 활성화 추진협의회'를 열고 관광특구 활성화를 위한...,ppss.kr,https://www.ppss.kr/news/articleView.html?idxno=301569,,
외국인 관광,2026. 7. 9.,"에어서울, 합정·을지로입구역 스크린도어 광고…여름 휴가객 잡는다","광고가 진행되는 합정역은 2030 세대와 외국인 유동인구가 많은 지역이며, 을지로입구역은 명동과 인접해 직장인과 외국인 관광객의 왕래가 활발한 곳이다. 에어서울은 승객들의 대기 시간이 발생하는 스크린도어 매체의...",biz.heraldcorp.com,https://n.news.naver.com/mnews/article/016/0002667849?sid=101,,
외국인 관광,2026. 7. 9.,"인스파이어, 여행사 250곳 초청…""방한 관광 수요 키운다""",이번 행사는 방한 외국인 관광객 유치 확대를 위한 전략적 파트너십을 강화하고 인스파이어를 대표적인 복합 엔터테인먼트 리조트로 알리기 위해 마련됐다. 행사에는 한국여행업협회 회원사를 비롯한 주요 인바운드...,mt.co.kr,https://n.news.naver.com/mnews/article/008/0005383539?sid=103,,
외국인 관광,2026. 7. 9.,"홍성군, 군정업무보고회 회의시간 절반 단축…실용행정 조직 혁신","위한 인프라 확충, 체류형 스포츠관광 활성화, 청년 주거·일자리 연계 패키지, 소상공인 자생력 강화, 365일 24시간 돌봄체계, 365×24 어린이집 운영, 외국인 주민 국적취득 축하금 지원 등도 추진할 계획이라고 밝혔다.",gukjenews.com,https://www.gukjenews.com/news/articleView.html?idxno=3630608,,
외국인 관광,2026. 7. 9.,"청주공항 경유지 아닌 '체류 거점'으로…충북도, 인바운드 대전환 시동",도는 오는 7월 10일 이복원 경제부지사 주재로 '충북 인바운드 관광 활성화 방안' 회의를 열고 청주국제공항과 연계한 외국인 관광객 유치 확대 방안을 논의한다. 회의에는 도 관광과·보건정책과·첨단바이오과...,eroun.net,https://www.eroun.net/news/articleView.html?idxno=85002,,
인바운드 관광,2026. 7. 9.,"CU, 몽골 600호점 돌파 대기록… ""'원조 CU' 잇는 징검다리""","이는 단순한 해외시장 확장을 넘어 미래 인바운드 관광객을 유치하는 창구로도 기능한다. 마스터 프랜차이즈(MFC) 계약 특성상 주 수입원은 로열티지만, 글로벌 시장에서 브랜드 가치를 높이는 무형의 효과가 훨씬...",economytalk.kr,http://www.economytalk.kr/news/articleView.html?idxno=422578,,
인바운드 관광,2026. 7. 9.,"청주로 일본 관광객 실어 나른다…에어로케이, 도호쿠 취항","수도권 공항 중심의 방한 관광 흐름을 지방공항으로 분산하고, 지역 거점공항을 활용한 인바운드 수요를 확대하는 사례로 평가된다. 에어로케이는 청주국제공항을 거점으로 일본과 중국 노선 확대에도 속도를 내고 있다....",fnnews.com,https://n.news.naver.com/mnews/article/014/0005545946?sid=101,,
인바운드 관광,2026. 7. 9.,"관광공사-국립공원공단, K-트레킹 열풍 속 외국인 관광객 유치 촉진 협...","실제로 국립공원을 찾은 외국인 탐방객 수는 2024년 약 89만 명에서 지난해 약 205만 명으로 급증하며 전년 대비 약 132%라는 폭발적인 성장률을 기록, 트레킹이 인바운드 관광의 새로운 핵심 축으로 자리 잡은 것으로...",pinpointnews.co.kr,https://www.pinpointnews.co.kr/news/articleView.html?idxno=467001,,
인바운드 관광,2026. 7. 8.,중동 정세 불안 빗겨간 인천공항 여객 상승,K-콘텐츠 인기에 따른 방한 관광 수요와 중국 인바운드 여객 회복 흐름 등이 맞물리면서 예약 호조를 이어가고 있다는 게 항공업계의 설명이다. 장거리 노선도 유류할증료 인상 영향이 제한적으로 나타났다. 미주...,hansbiz.co.kr,http://www.hansbiz.co.kr/news/articleView.html?idxno=849153,,
인바운드 관광,2026. 7. 8.,"[연천 소식] 연천군, '여름철 풍수해 및 폭염 대비 추진상황 점검회의'...","특히 빗물받이, 산사태 위험지역, 재인폭포·야영장 등 관광지, 물놀이 위험표지판 점검 및 안전관리요원... 위해서는 ▲먹거리 운영 체계 혁신 ▲디지털 인프라 개선 ▲인바운드 상품 개발이 시급한 과제로 제시됐다.",enewstoday.co.kr,http://www.enewstoday.co.kr/news/articleView.html?idxno=2446702,,
인바운드 관광,2026. 7. 8.,유류할증료 인상 악재에도… 인천공항 여객 ‘고공행진’,K-콘텐츠 인기에 따른 방한 관광 수요와 중국 인바운드 여객 회복 흐름 등이 맞물리면서 예약 호조를 이어가고 있다는 게 항공업계의 설명이다. 장거리 노선도 유류할증료 인상 영향이 제한적으로 나타났다. 미주...,kyeongin.com,https://www.kyeongin.com/article/1767002,,
인바운드 관광,2026. 7. 8.,"하나투어, 조좌진 CEO 내정…‘챕터 2’ 본격 추진",김정환 관광전문 기자 = 하나투어가 조좌진 전 롯데카드 대표를 최고경영자(CEO)로 내정했다. 조 내정자는... 하나투어는 향후 ▲프리미엄 여행시장 확대 ▲인바운드 사업 육성 ▲인공지능(AI) 기반 디지털 혁신 등을...,newsis.com,https://n.news.naver.com/mnews/article/003/0014054666?sid=102,,
인바운드 관광,2026. 7. 8.,'글로벌 축제' 도약 가능성 찾은 연천 구석기 축제,"군 관계자는 ""전국구는 물론 글로벌 축제로의 도약이 입증된 축제로 평가된다""면서 ""앞으로 축제의 지속 가능한 성장과 완벽한 글로벌 도약을 위해 먹거리 운영 체계 혁신, 디지털 인프라 개선, 인바운드 관광 상품...",kgnews.co.kr,https://www.kgnews.co.kr/news/article.html?no=903094,,
인바운드 관광,2026. 7. 8.,"연천 구석기 축제, 경제효과 57억 원 달성…유료객 5.2% 증가","개선, 인바운드 상품 개발 등이 꼽혔다. 김덕현 연천군수는 “글로벌 수용 태세를 전면 개선해 2029 세계구석기 엑스포 성공 개최 기반을 확실히 다지겠다”라고 밝혔다. 한편 연천 구석기 축제는 문화체육관광부...",kyeonggi.com,https://n.news.naver.com/mnews/article/666/0000114401?sid=102,,
인바운드 관광,2026. 7. 8.,"[산업 이모저모] 야놀자리서치, 레스케이프 서울 명동, 라이즈 호텔 등","발표 이후에는 학계, 산업계, 공공부문 전문가들이 참여하는 패널토론을 통해 글로벌 관광도시 경쟁력 강화 방안, 인바운드 관광 확대 전략, 데이터 기반 도시 브랜딩, 민관 협력 모델, 관광객 경험 중심의 정책 전환...",bizwnews.com,http://www.bizwnews.com/news/articleView.html?idxno=140192,,
인바운드 관광,2026. 7. 8.,"[위클리오늘] 연천 구석기 축제 추진위원회의 개최, 제33회 축제 성과 공...","다만 전문가 현자 모니터링 결과, 글로벌 축제로 도약하기 위해서는 ▲먹거리 운영 체계 혁신 ▲디지털 인프라 개선 ▲인바운드 상품 개발이 시급한 과제로 제시됐다. 한편 문화체육관광부 지정 2026-2027 대한민국...",weeklytoday.com,http://www.weeklytoday.com/news/articleView.html?idxno=784101,,
인바운드 관광,2026. 7. 8.,글로벌 입지 다지는 '연천 구석기축제'…'29년 구석기엑스포 '희망',지난 5월 열린 구석기 축제 현장.(사진=연천군) 사단법인 한국관광학회 연구용역 결과 방문객 1인당 평균... 개선 △인바운드 상품 개발이 시급한 과제로 제시됐다. 연천군은 지난 7일 ‘2026 제33회 연천 구석기 축제...,edaily.co.kr,https://n.news.naver.com/mnews/article/018/0006325289?sid=100,,
인바운드 관광,2026. 7. 8.,연천군 구석기 축제 추진위원회의 개최 2026 제33회 축제 성과 공유,"개선, 인바운드 상품 개발이 시급한 과제로 제시됐다. 김덕현 군수는 ""글로벌 수용 태세를 전면 개선해 2029 세계구석기 엑스포 성공 개최 기반을 확실히 다지겠다""고 밝혔다. 한편, 문화체육관광부 지정 2026-2027...",kihoilbo.co.kr,https://www.kihoilbo.co.kr/news/articleView.html?idxno=3028332,,
인바운드 관광,2026. 7. 8.,"35년 금융·전략통 조좌진, 하나투어 새 수장으로","챕터2는 프리미엄 여행시장 확대, 인바운드 사업 육성, AI 기반 디지털 혁신을 3대 성장축으로 삼는다.... 하나투어는 최근 자유여행 이용객 148만명을 돌파해 역대 최대치를 기록하고 베트남 관광 협력을 강화하는 등...",greened.kr,https://www.greened.kr/news/articleView.html?idxno=344494,,
인바운드 관광,2026. 7. 7.,"""중국 가고 미국·유럽 떴다…아모레퍼시픽, 코스알엑스 날개 달고 날아...","중화권 매출은 1분기에 이어 설화수의 백화점 매장 철수로 21% 감소, 국내 매출은 인바운드 관광객이 증가한 덕에 10% 성장했을 것이다. 최근 아모레퍼시픽의 실적 기초체력 개선세가 분명하다. 마진율이 낮은 중국...",newsquest.co.kr,https://www.newsquest.co.kr/news/articleView.html?idxno=269298,,
인바운드 관광,2026. 7. 7.,"하나투어, 조좌진 신임 CEO 내정… ‘하나투어 챕터2’ 추진","향후 하나투어는 차별화된 고품격 여행 상품 확대, 한류 확산에 맞춘 일본·동남아 중심의 방한 관광(인바운드) 플랫폼 육성, 운영 효율을 극대화할 AI 기반 디지털 혁신을 3대 성장축으로 삼아 중장기 사업 전략을 완성할...",etoday.co.kr,https://www.etoday.co.kr/news/view/2601240,,
인바운드 관광,2026. 7. 7.,"하나투어, 새 CEO로 조좌진 전 롯데카드 대표 선임","3대 핵심 축은 △프리미엄 여행시장 확대 △인바운드 사업 육성 △AI 기반 디지털 혁신으로 제시했다. 가격 경쟁 중심에서 벗어나 고객 취향에 맞춘 프리미엄 여행 경험을 강화하는 한편, K-컬처를 활용한 방한 관광 사업과...",inews24.com,https://n.news.naver.com/mnews/article/031/0001040450?sid=101,,
인바운드 관광,2026. 7. 7.,"하나투어, 조좌진 前 롯데카드 대표 CEO 내정",인바운드 사업도 핵심 성장축으로 키운다. K컬처 확산에 따른 방한 관광 수요를 기회로 삼아 일본과 동남아시아를 중심으로 차별화된 방한 여행 서비스를 확대한다. 이를 통해 하나투어를 대한민국 여행의 대표...,asiaa.co.kr,https://www.asiaa.co.kr/news/articleView.html?idxno=254541,,
인바운드 관광,2026. 7. 7.,"조좌진 하나투어 CEO 내정, 3대 성장축·집행임원제 도입","인바운드 사업에서는 K-컬처의 글로벌 확산을 핵심 성장 기회로 포착해, 일본과 동남아시아 관광객을 중심으로 한 차별화된 방한 여행 서비스를 집중적으로 육성하여 하나투어를 대한민국 대표 인바운드 플랫폼으로...",financialreview.co.kr,http://www.financialreview.co.kr/news/articleView.html?idxno=43377,,
인바운드 관광,2026. 7. 7.,"롯데관광개발, '명예의 전당' 헌정비 제막식 개최","관광업계에서는 이번 롯데관광개발의 명예의 전당 헌정이 침체되었던 아웃바운드·인바운드 여행 시장에 새로운 품질 기준을 제시한 쾌거라고 평가하고 있다. 한편, 롯데관광개발의 서비스 정신을 상징하는 이번...",pointe.co.kr,https://www.pointe.co.kr/news/articleView.html?idxno=81512,,
인바운드 관광,2026. 7. 7.,"""아모레퍼시픽, 탑라인 성장 구간...실적 모멘텀 개선세 '뚜렷'""-SK證",또 그는 “중화권 매출은 1분기에 이어 설화수의 백화점 매장 철수로 21% 감소했을 것이며 국내 매출은 인바운드 관광객이 증가한 덕에 10% 성장했을 것”이라고 예상했다. 형 연구원은 “그럼에도 아모레퍼시픽의...,betanews.net,https://www.betanews.net/article/view/beta202607070082,,
인바운드 관광,2026. 7. 7.,부산 전역 물들인 K-헤리티지…세계유산위원회 맞아 문화축제,"인바운드 관광객과 위원회 관계자뿐만 아니라 일반 시민들도 자유롭게 참여할 수 있다. 내부는 주제별 공간으로 나뉘어 운영된다. '대한민국과 유네스코' 주제관과 홍보 공간에서는 '화성', '남한산성', '산사: 한국의...",nc.press,https://www.nc.press/news/articleView.html?idxno=620036,,
인바운드 관광,2026. 7. 7.,대구치맥페스티벌 성황 폐막…해외 관광객 3배 늘었다,"국내외 인바운드 여행사를 대상으로 한 적극적인 마케팅도 병행한 결과, 해외 관광객은 지난해 700여 명에서 올해 2400여 명으로 3배 이상 증가했다. 축제장에는 지역 대표 치킨 브랜드를 비롯한 전국 유명 치킨업체 30개사...",kbmaeil.com,https://www.kbmaeil.com/article/20260707500181,,
인바운드 관광,2026. 7. 7.,"[마켓+] 아모레퍼시픽, 중국 빈자리 북미·유럽이 메웠다",국내 매출은 인바운드 관광객 증가에 힘입어 10% 성장했을 것으로 봤다. 브랜드별로는 COSRX 매출이 29% 늘며 북미와 유럽 성장에 기여한 것으로 평가됐다. 아모레퍼시픽 자체 브랜드도 북미에서 27% 성장한 것으로...,news.ifm.kr,https://news.ifm.kr/news/articleView.html?idxno=474514,,
인바운드 관광,2026. 7. 7.,'2026 대구치맥페스티벌' 성황리 폐막···해외 관광객 3배 증가,"이러한 적극적인 인바운드 마케팅 결과 지난해(700여 명)보다 3배가량 급증한 총 2,400여 명의 해외 관광객이 행사장을 다녀간 것으로 집계됐다. 축제장 내에는 지역 대표 브랜드를 포함한 전국 유명 치킨 업체 30개 사(73개...",cnbnews.com,https://www.cnbnews.com/news/articleView.html?idxno=1007106,,
인바운드 관광,2026. 7. 7.,2026 대구치맥페스티벌 성황리 폐막,"국내외 인바운드 여행사를 대상으로 적극적인 마케팅을 추진해 작년(700여 명)보다 3배가량 증가한 총 2,400여 명의 해외 관광객이 행사장을 다녀갔다. 축제장에는 지역 대표 치킨 브랜드를 비롯한 전국 유명 치킨업체...",mhns.co.kr,https://www.mhns.co.kr/news/articleView.html?idxno=752565,,
인바운드 관광,2026. 7. 7.,빅데이터로 분석한 세계 도시 경쟁력…글로벌 관광도시 세미나 개최,"이어 학계, 산업계, 공공부문 전문가들이 참여해 인바운드 관광 확대와 민관 협력 방안을 토론한다. 연구 책임을 맡은 장수청 야놀자리서치 원장은 “관광도시의 경쟁력은 더 이상 시설과 자원만으로 설명되기 어렵다....",biz.heraldcorp.com,https://n.news.naver.com/mnews/article/016/0002666641?sid=103,,
인바운드 관광,2026. 7. 7.,"‘2026 대구치맥' 120만 방문 추정, 해외 관광객은 3배 늘어",국내외 인바운드 여행사를 대상으로 적극적인 마케팅을 추진해 작년(700여 명)보다 3배가량 증가한 총 2천400여 명의 해외 관광객이 행사장을 다녀갔다. 축제장에는 지역 대표 치킨 브랜드를 비롯한 전국 유명 치킨업체...,g-enews.com,https://www.g-enews.com/view.php?ud=202607062026152343b403c0c360_1,,
인바운드 관광,2026. 7. 7.,"외국인 관광객 사로잡은 ‘K-액세서리’···크리에이트립, 전통 장신구...","인바운드 관광 플랫폼 크리에이트립(Creatrip, 대표 임혜민)에 따르면 노리개, 댕기 등 한국 전통 장신구 만들기 체험 상품 예약 건수가 2026년 1~5월 기준 전년 동기 대비 약 23% 증가했다. 특히 외국인 관광객 방문이 많은 홍대...",sports.khan.co.kr,https://n.news.naver.com/mnews/article/144/0001124672?sid=103,,
인바운드 관광,2026. 7. 7.,[백년기업을 가다] ‘지산지소’의 문화로…제등 하나로 105년을 이어온...,인바운드 관광객의 폭발적인 증가도 큰 기회였다. 제등을 걸어놓으면 일본 특유의 분위기를 제대로 느낄 수 있어 음식점 간판으로 활용하는 수요가 급증했다. 아키무라 대표는 “단지 장식용이라는 제등에 문구를 써넣어...,kwnews.co.kr,https://n.news.naver.com/mnews/article/087/0001203444?sid=101,,
인바운드 관광,2026. 7. 6.,세계 1등 찍은 한국 게요리…外人 한국오면 꼭 먹는다는 ‘이 것’,인바운드 관광 플랫폼 크리에이트립이 지난 1월 내놓은 ‘2025 인바운드 관광 트렌드’에 따르면 지난해 외국인 관광객의 한국 여행은 한국인의 일상을 직접 경험하려는 이른바 ‘K다이브’ 양상을 보였다. 미식...,munhwa.com,https://n.news.naver.com/mnews/article/021/0002802740?sid=102,,
인바운드 관광,2026. 7. 6.,"야놀자리서치, 빅데이터로 글로벌 관광도시 경쟁력 분석한다",이번 세미나는 글로벌 관광 시장 회복과 인바운드 관광 확대 흐름 속에서 지자체와 관광 기업이 데이터 기반 전략을 수립할 수 있도록 지원하기 위해 마련됐다. 2026 글로벌 관광도시 매력도 평가 세미나 포스터...,zdnet.co.kr,https://n.news.naver.com/mnews/article/092/0002429463?sid=105,,
인바운드 관광,2026. 7. 6.,산청축제관광재단 이색 콘텐츠 상품개발 팸투어,"특히 동남아 여행업계와 인바운드 관광객 유치 네트워크를 구축하기 위해 마련됐다. 필리핀 마닐라, 베트남 하노이, 말레이시아 쿠알라룸푸르 지역 여행업 관계자 등이 참여한 행사에서는 산청의 한방·웰니스 관광자원을...",gndomin.com,http://www.gndomin.com/news/articleView.html?idxno=481062,,
인바운드 관광,2026. 7. 6.,"""K-치맥, 세계를 날았다""... 2026 대구치맥페스티벌, 역대급 흥행 속 폐...","대구시는 글로벌 여행 플랫폼과 손잡고 단독 관광상품 10종을 비롯해 이월드, 티웨이항공, 코레일을 엮은 패키지 등 총 14개 맞춤형 상품을 전선에 배치했다. 인바운드 시장을 정조준한 이 마케팅 덕분에 지난해(700여 명)...",eroun.net,https://www.eroun.net/news/articleView.html?idxno=84765,,
인바운드 관광,2026. 7. 6.,"월드컵이 흔든 6월 실적···파라다이스 ""반등 시계 빨라지나""","특히 올해 방한 외국인 관광객이 상반기 1000만명을 넘어서며 인바운드 훈풍이 이어지고 있는 점도 긍정적이다. 하반기 여름 성수기와 맞물려 외국인 발길이 더 늘어날 것으로 예상되는 만큼, 파라다이스의 반등...",finomy.com,http://www.finomy.com/news/articleView.html?idxno=256873,,
인바운드 관광,2026. 7. 6.,관람객 110만 이상 다녀간 2026 대구치맥페스티벌..글로벌 축제로 이륙,국내외 인바운드 여행사를 대상으로 적극적인 마케팅을 추진해 작년(700여 명)보다 3배가량 증가한 총 2400여 명의 해외 관광객이 행사장을 다녀갔다. 축제장에는 지역 대표 치킨 브랜드를 비롯한 전국 유명 치킨업체...,hankyung.com,https://n.news.naver.com/mnews/article/015/0005306727?sid=103,,
인바운드 관광,2026. 7. 6.,"명품·외국인 관광객이 끌었다…백화점, 6월도 두 자릿수 성장 전망","원화 약세와 인바운드(방한 관광) 수요가 이어진다면 외국인 매출 비중이 더 커질 수 있기 때문이다. 여기에 여름 정기세일과 휴가철, 추석 선물 수요까지 더해지면 매출 호조가 당분간 이어질 수 있다는 전망이다....",ajunews.com,https://www.ajunews.com/view/20260706140813813,,
인바운드 관광,2026. 7. 6.,"산청축제관광재단, 이색 콘텐츠 상품개발 팸투어","특히 동남아 여행업계와 인바운드 관광객 유치 네트워크를 구축하기 위해 마련됐다. 필리핀 마닐라, 베트남 하노이, 말레이시아 쿠알라룸푸르 지역 여행업 관계자 등이 참여한 행사에서는 산청의 한방·웰니스 관광자원을...",newsgn.com,https://www.newsgn.com/news/articleView.html?idxno=560733,,
인바운드 관광,2026. 7. 6.,에어로케이 청주~오사카 취항 3주년… 국제선 누적 500만 명 돌파 '눈앞...,"에어로케이는 수익성이 입증된 일본 노선을 중심으로 추가 증편을 검토하는 한편, 인바운드(외국인 방한)... 향후 노선 다변화와 함께 한국관광공사 및 지자체 등 관계기관과 협력해 외국인 관광객 유입 확대에도...",fnnews.com,https://n.news.naver.com/mnews/article/014/0005544260?sid=101,,
인바운드 관광,2026. 7. 6.,"한국관광공사, 지방공항 국제관광 허브화로 지역 인바운드 다변화 모색",국내 관광 시장의 고질적인 수도권 편중 현상을 완화하기 위해 지방 관문을 활용한 대안이 모색되고 있다. 외래객의 입국 동선이 인천국제공항에 지나치게 쏠리던 구조에서 벗어나 지방공항을 거점으로 한 국제관광...,lcnews.co.kr,https://www.lcnews.co.kr/news/articleView.html?idxno=204468,,
인바운드 관광,2026. 7. 6.,"한국 관광, OECD 국가 중 성장률 4위 기록",해운대해수욕장을 찾은 외국인 관광객들이 해변을 거닐며 활짝 웃고 있다. (사진=뉴스1) 한국 관광이 OECD... 중국(28.9%)·일본(19.3%)·대만(10.0%)이 인바운드 3대 시장으로 자리하며 추가 성장의 발판도 놓였다. 미국...,edaily.co.kr,https://n.news.naver.com/mnews/article/018/0006323863?sid=103,,
인바운드 관광,2026. 7. 6.,"[위클리오늘] 산청군, 축제관광재단, 관광콘텐츠 홍보와 이재민 위문 소...","군은 관광상품개발을 위해 동남아 여행업계와 인바운드 관광객 유치 네트워크를 구축하기 위해 기획됐다. 이 행사는 필리핀 마닐라, 베트남 하노이, 말레이시아 쿠알라룸푸르 지역 여행업 관계자 등이 참여한 가운데...",weeklytoday.com,http://www.weeklytoday.com/news/articleView.html?idxno=783585,,
인바운드 관광,2026. 7. 6.,외국인이 몰려온다…소외됐던 카지노株 '기지개',"기대한다""면서 ""국내 인바운드 관광객은 구조적 성장 흐름이 유효한 만큼, 마카오 대비 국내 업체들의 상대적 실적 우위는 하반기에도 지속될 것으로 전망하며 이에 따라 국내 업체들의 멀티플 프리미엄 역시 확대돼야...",widedaily.com,https://www.widedaily.com/news/articleView.html?idxno=296997,,
인바운드 관광,2026. 7. 6.,"산청축제관광재단, 동남아 여행업계 대상 팸투어 진행","특히 동남아 여행업계와 인바운드 관광객 유치 네트워크를 구축하는 데 초점을 뒀다. 행사에는 필리핀 마닐라와 베트남 하노이, 말레이시아 쿠알라룸푸르 지역 여행업 관계자 등이 참여했다. 참가자들은 산청의 한방...",shinailbo.co.kr,https://www.shinailbo.co.kr/news/articleView.html?idxno=5037744,,
인바운드 관광,2026. 7. 6.,외국인 관광객 1천만명 조기 돌파 … 제주·강원 럭셔리 호텔 투자 늘린...,6일 문화체육관광부와 한국관광공사에 따르면 올해 방한 외국인 관광객은 6월 셋째 주 기준 1000만명을 돌파했다. 2025년보다 약 한 달 빠른 회복세다. 업계에서는 인바운드 수요 회복이 호텔 투자 확대의 배경이 되고 있는...,biz.newdaily.co.kr,https://biz.newdaily.co.kr/site/data/html/2026/07/06/2026070600074.html,,
인바운드 관광,2026. 7. 6.,"카카오페이, 해외결제 성장 본격화…알리페이 주요 매출처로 부상",외국인 관광객을 위한 인바운드 결제 경쟁력도 강화하고 있다. 카카오페이는 해외 모바일월렛과 연동해 외국인 관광객이 국내 카카오페이 가맹점에서 자국 페이로 결제할 수 있는 서비스를 제공하고 있다. 현재 중국...,daily.hankooki.com,https://daily.hankooki.com/news/articleView.html?idxno=1383007,,
인바운드 관광,2026. 7. 6.,외국인이 몰려온다…소외됐던 카지노株 '기지개',"기대한다""면서 ""국내 인바운드 관광객은 구조적 성장 흐름이 유효한 만큼, 마카오 대비 국내 업체들의 상대적 실적 우위는 하반기에도 지속될 것으로 전망하며 이에 따라 국내 업체들의 멀티플 프리미엄 역시 확대돼야...",newsis.com,https://n.news.naver.com/mnews/article/003/0014047964?sid=101,,
인바운드 관광,2026. 7. 6.,"한국관광공사, 청주·대구공항 중심 '지방공항 국제관광 허브화' 추진…...",[사진=한국관광공사] 지방공항 국제관광 허브화 TF 킥오프회의 '국제관광 허브화 TF' 가동 및 항공 네트워크 확충 공사는 지방공항 중심의 인바운드(외국인의 국내 여행) 성과를 견인하기 위해 지난 4월 총 29개 부서 및...,discoverynews.kr,https://www.discoverynews.kr/news/articleView.html?idxno=1095283,,
인바운드 관광,2026. 7. 6.,"산청축제관광재단, 지방공항 활성화 연계 콘텐츠 개발 팸투어",경남 산청축제관광재단은 지난 5일 동남아 여행업계와 인바운드 관광객 유치 네트워크를 구축하기 위해 동의보감촌 일원에서 '지방공항 활성화 연계 이색 콘텐츠 상품개발 팸투어'를 실시했다고 6일 밝혔다. 이번 행사는...,newsis.com,https://n.news.naver.com/mnews/article/003/0014047865?sid=102,,
인바운드 관광,2026. 7. 6.,롯데百 본점 '키네틱 그라운드'…2030·외국인 유입 효과 '톡톡',"이들 소비도 늘어나고 있다. 국내 인바운드 관광 리딩 플랫폼 크리에이트립이 올해 1분기 명동 지역 거래 데이터를 분석한 결과, 전년 동기 대비 거래액은 45%, 1인당 결제액도 44% 증가했다. [뉴스웍스=]",newsworks.co.kr,https://www.newsworks.co.kr/news/articleView.html?idxno=846174,,
인바운드 관광,2026. 7. 6.,한복 넘어 노리개까지…외국인 'K-전통체험' 빠졌다,6일 인바운드 관광 플랫폼 크리에이트립이 올해 1~5월 예약 데이터를 분석한 결과에 따르면 노리개와 댕기 등 한국 전통 장신구 만들기 체험 상품 예약 건수가 전년 동기 대비 약 23% 증가한 것으로 집계했다. 특히 외국인...,news1.kr,https://n.news.naver.com/mnews/article/421/0009041968?sid=103,,
인바운드 관광,2026. 7. 6.,"대신증권 ""신세계인터내셔날, 럭셔리 소비 회복 수혜…2분기 흑자전환 ...","소비심리 회복과 외국인 인바운드 수요 증가에 힘입어 해외 패션 매출은 전년 동기 대비 35%, 수입 화장품은... 대신증권은 ""국내 소비 회복과 외국인 관광객 증가의 직접적인 수혜가 기대되는 기업""이라며 ""하반기 대형주...",press9.kr,http://www.press9.kr/news/articleView.html?idxno=78909,,
인바운드 관광,2026. 7. 6.,점잔 빼는 일본인들을 무장해제시키는 '아와오도리' [츠루기산 특집],"인구가 줄어들면 결국 해외 시장, 즉 '인바운드(외국인 국내 여행)'밖에 없습니다."" 그는 안심하고 기다릴 때가 아니라며, 더 늦기 전에 적극적으로 관광 수요를 유치해야 한다고 강조한다. ""일본 인구는 1억2,000만 명으로...",san.chosun.com,https://n.news.naver.com/mnews/article/094/0000013643?sid=103,,
인바운드 관광,2026. 7. 6.,"[인터뷰] 곽도용 수원문화재단 대표 ""이재준 시장의 방문의 해 구상, 재...","곽 대표는 ""인플루언서, 관광전문가 등과 함께 기존의 관광자원을 활용한 수요자 중심의 홍보 콘텐츠를 기획하는 등 인바운드 관광객을 유치하고자 한다""는 전략을 제시했다. ""정조대왕 능행차, 시민이 직접 주체 되는...",newsroad.co.kr,http://www.newsroad.co.kr/news/articleView.html?idxno=61216,,
인바운드 관광,2026. 7. 6.,"국민연금, IT·뷰티 담고 코스닥 소부장·바이오 덜었다",유통주는 인바운드(외국인 관광객 유입) 회복 수혜로 실적 추정치가 올라간 상태다. 롯데쇼핑 연간 예상 순이익은 3981억원으로 전년(736억원)과 비교해 440.9% 크다. 반대로 지분을 줄인 기업엔 코스닥 기업이 다수...,it.chosun.com,https://it.chosun.com/news/articleView.html?idxno=2023092165146,,
인바운드 관광,2026. 7. 6.,“웨딩링 250만 원 더 싸”…원화 약세에 중국인 여행객 늘었다 [박시진...,"환율 효과가 항공편 확대, K콘텐츠 인기와 맞물려 인바운드 관광을 뒷받침했다는 설명입니다. KTO 역시 소비가 전통적 면세 쇼핑을 넘어 ‘라이프스타일 소비’로 이동했다고 분석했습니다. 뷰티 시술, 약국, 패션...",sedaily.com,https://n.news.naver.com/mnews/article/011/0004638350?sid=104,,
인바운드 관광,2026. 7. 6.,"""반도체 제쳤다"" 6월 수익률 1등은 이 업종...17.8% 뛰었다",인바운드(외국인 관광객) 수요흡수와 내수 소비 회복 등의 영향으로 분석된다. 5일 금융정보 플랫폼 에프앤가이드에 따르면 지난 6월 한 달간 코스피 시장에서 가장 높은 수익률을 올린 업종은 소매유통주로 업종...,mt.co.kr,https://n.news.naver.com/mnews/article/008/0005381630?sid=101,,
인바운드 관광,2026. 7. 6.,시드니 한인 랜드사 27억원 부도…초저가 패키지 시장 기형적인 유통 구...,"법인의 인바운드 팀장을 지냈던 황순 대표가 2022년 말 설립한 현지 랜드사로, 코로나19 이후 하나투어 호주 패키지 물량을 소화했다. 취재내용을 종합하면, 현지 가이드 피를 비롯한 식비, 호텔, 차량 운영비, 주요 관광...",traveltimes.co.kr,https://www.traveltimes.co.kr/news/articleView.html?idxno=500016,,
인바운드 관광,2026. 7. 6.,부산 관광상품 키운다…서울서 B2B 상담 400건 쏟아져,인바운드 관광상품 개발과 외국인 관광객 유치를 위한 협력이 본격화하는 모습이다. 부산광역시와 부산관광공사는 7월1일 서울 피스앤파크컨벤션에서 '2026 부산트래블마트 in 서울'을 개최했다. 행사에는 부산...,traveltimes.co.kr,https://www.traveltimes.co.kr/news/articleView.html?idxno=500014,,
인바운드 관광,2026. 7. 6.,베테랑의 안목으로 '프리미엄 여행 경험' 선사 | [초대석] 터키항공 메흐...,"미식·문화 체험, 럭셔리 허니문 등 프리미엄 테마 상품을 확대할 계획이다. 나아가 한국발 아웃바운드뿐만 아니라 인바운드 관광 활성화에도 기여하며, 한국 여행 산업과 함께 상생하는 글로벌 항공사로 자리매김하겠다.",traveltimes.co.kr,https://www.traveltimes.co.kr/news/articleView.html?idxno=416053,,
인바운드 관광,2026. 7. 6.,[고성호의 관광 개발 이야기] 지방 숙박시설의 경쟁력은 어디에서 오는...,"인바운드 관광객 회복세와 맞물려 주요 호텔의 객실 가동률은 빠르게 올라가고 있고, 객단가(ADR) 역시 가파른 상승 흐름을 보이고 있다. 업계에서는 도심 호텔이 사실상 ""문만 열면 객실이 찬다""는 말이 나올 정도다....",traveltimes.co.kr,https://www.traveltimes.co.kr/news/articleView.html?idxno=416077,,
인바운드 관광,2026. 7. 6.,"강남점 ‘4조 매출’ 눈앞…박주형號 신세계百, 대장주 굳히나",외국인 관광객 증가와 대형 점포 리뉴얼 효과가 맞물리면서 백화점 실적 개선세가 이어질 것이란 분석이다. 박상준 키움증권 연구원은 “중국인 인바운드 증가 등에 힘입어 올 2분기 외국인 매출이 전년 동기 대비 2배...,fntimes.com,https://www.fntimes.com/html/view.php?ud=202607040022483424dd55077bc2_18,,
인바운드 관광,2026. 7. 5.,부산항 크루즈 관광 급성장… 수익은 서울 여행사에 '집중',특히 서울지역에서 인바운드 관광객 누적 100명 이상을 유치한 종합여행업 중 중소기업은 130곳에 달할 정도로 이미 높은 경쟁력을 갖췄다. 이러한 위기를 타개하기 위해 지난해 말 발족한 사단법인...,fnnews.com,https://n.news.naver.com/mnews/article/014/0005543900?sid=102,,
인바운드 관광,2026. 7. 5.,"롯데쇼핑, 백화점·마트 동반 반등… 2분기 실적 기대감 커졌다","외국인 관광객 증가, 사업부별 체질 개선이 동시에 나타나고 있다고 평가했다. 롯데쇼핑은 올해 2분기 연결... 업계에서는 소비 회복과 인바운드 증가, 사업 구조 개선이 동시에 진행되는 만큼 하반기에도 실적 개선 흐름이...",pinpointnews.co.kr,https://www.pinpointnews.co.kr/news/articleView.html?idxno=465646,,
인바운드 관광,2026. 7. 5.,"현대백화점, 내수·외국인 소비 동반 회복…실적 정상궤도 진입",한화투자증권은 최근 보고서를 통해 현대백화점이 내수 소비 회복과 외국인 관광객 증가를 바탕으로 백화점... 내수 소비 회복과 인바운드 증가라는 우호적인 환경이 이어질 경우 백화점 중심의 실적 개선세는 하반기에도...,pinpointnews.co.kr,https://www.pinpointnews.co.kr/news/articleView.html?idxno=465645,,
인바운드 관광,2026. 7. 5.,"신세계, 백화점 독주 이어간다…인바운드 훈풍에 실적 '껑충'","내수와 인바운드 소비가 함께 회복되는 환경에서 경쟁사 대비 높은 성장세를 이어갈 가능성이 크다는 분석이다. 하반기에도 본점 리뉴얼 효과와 외국인 관광객 증가, 럭셔리 소비 확대가 지속될 경우 안정적인 실적...",pinpointnews.co.kr,https://www.pinpointnews.co.kr/news/articleView.html?idxno=465644,,
인바운드 관광,2026. 7. 5.,"서부T&D, 외국인 관광객 몰리자 웃었다…호텔 사업 '고공행진'",서부T&D가 인바운드 관광객 증가에 힘입어 호텔 사업을 중심으로 가파른 실적 개선세를 이어갈 것이라는 전망이 나왔다. 키움증권은 최근 보고서에서 핵심 자산인 서울드래곤시티의 경쟁력이 부각되면서 호텔 사업의...,pinpointnews.co.kr,https://www.pinpointnews.co.kr/news/articleView.html?idxno=465639,,
인바운드 관광,2026. 7. 5.,"한국콜마, 고객사 주문 몰렸다…시장 기대 웃도는 실적 전망",미국 오프라인 유통망 확대와 외국인 관광객 증가에 따른 인바운드 소비 회복이 맞물리면서 안정적인 성장세를 이어갈 것으로 전망됐다. 글로벌 화장품 기업을 대상으로 한 공급도 꾸준히 확대되고 있다. 유통 채널 확대...,pinpointnews.co.kr,https://www.pinpointnews.co.kr/news/articleView.html?idxno=465609,,
인바운드 관광,2026. 7. 5.,외국인 관광객 밀려오는데…성장 힘든 관광테크 스타트업,수치만 보면 K-인바운드 관광의 대호황이지만 이 흐름을 사업 기회로 연결해야 할 관광 스타트업들의 현실은 딴판이다. 한국관광공사가 17년째 관광벤처사업을 지원하고 있지만 상당수 관광 스타트업들이 여전히 영세성의...,mt.co.kr,https://n.news.naver.com/mnews/article/008/0005381562?sid=105,,
인바운드 관광,2026. 7. 5.,"롤러코스피에 개미 심장 '철렁'…전문가 ""7월 투자는 이렇게""",이러한 가파른 우상향 곡선은 명동과 부산 등 핵심 상권을 중심으로 유입되는 중국인 등 외국인 인바운드 관광객의 명품 수요가 장기적 성장을 이끌고 있기 때문이다. 글로벌 지정학적 갈등 속에서 한국으로 선회한...,hankyung.com,https://n.news.naver.com/mnews/article/015/0005306277?sid=101,,
인바운드 관광,2026. 7. 5.,[단독] 부산항 크루즈 관광객 느는데..'서울 여행사'가 독점,특히 서울지역에서 인바운드 관광객 누적 100명 이상을 유치한 종합여행업 중 중소기업은 130곳에 달할 정도로 이미 높은 경쟁력을 갖췄다. 이러한 위기를 타개하기 위해 지난해 말 발족한 사단법인...,fnnews.com,https://n.news.naver.com/mnews/article/014/0005543671?sid=102,,
인바운드 관광,2026. 7. 5.,"""9월에 떠난다""…항공업계, '늦캉스 수요 잡아라' 특명","업계에서는 여름 성수기 이후에도 추석 연휴와 가을 여행 수요가 이어지면서 일본·중국·동남아 중심의 단거리 여행 수요와 인바운드 관광 수요가 동시에 확대될 것으로 전망하고 있다. 항공업계 관계자는 ""최근...",daily.hankooki.com,https://daily.hankooki.com/news/articleView.html?idxno=1382688,,
인바운드 관광,2026. 7. 5.,5점 만점에 4.2점 '세계 1등' 찍었다…한국여행 가면 꼭 먹어보라는 '이...,실제로 국내 인바운드 관광 플랫폼 크리에이트립은 지난 1월 발표한 '2025 인바운드 관광 트렌드'에서 지난해 외국인 관광객의 한국 여행이 한국인의 일상을 직접 경험하려는 'K다이브' 형태를 보였다고 분석했다. 특히...,view.asiae.co.kr,https://n.news.naver.com/mnews/article/277/0005785483?sid=104,,
인바운드 관광,2026. 7. 5.,"면세 쇼핑 넘어 한국의 일상 즐기는 외국 관광객, 카페·동네 식당 파고...",인바운드 관광 플랫폼 '크리에이트립'의 올해 1분기 서울 명동 지역 거래 분석에서 외국인 1인당 결제액 중 가장 큰 비중을 차지한 항목은 지난해 헤어숍(43%)에서 올해 피부과(63%)로 바뀌었다. 다만 이 같은 소비...,mt.co.kr,https://n.news.naver.com/mnews/article/008/0005381464?sid=101,,
인바운드 관광,2026. 7. 5.,"반도체 10% 달릴 때, 18% 날아 올랐다...수익률 치솟은 업종","인바운드(외국인 관광객) 수요 흡수와 내수 소비 회복 등의 영향으로 분석된다. 5일 금융정보 플랫폼 에프앤가이드에 따르면, 지난 6월 한 달간 코스피에서 가장 높은 수익률을 나타낸 업종은 소매유통주로 업종...",mt.co.kr,https://n.news.naver.com/mnews/article/008/0005381426?sid=101,,
인바운드 관광,2026. 7. 4.,"양준영 프로듀서, 오승용 회장 세계 K-POP 팬들을 한국으로… ""무대 위 ...","있는 인바운드 플랫폼 케이팝루트를 만들고 전세계 시장 공략에 나섰다. 이번 프로젝트 참가자들은 전문... 싶다""며 ""단순한 관광 상품이 아닌 진정한 문화교류 플랫폼으로 발전시켜 나갈 계획""이라고 말했다. 한편...",gukjenews.com,https://www.gukjenews.com/news/articleView.html?idxno=3626053,,
인바운드 관광,2026. 7. 4.,"""3분기 사상 최대 예약""…롯데관광개발, 카지노 호황에 실적 기대감","인바운드 관광 회복과 원화 약세, 카지노 운영 경쟁력 강화가 맞물리면서 실적 개선세가 이어질 것이란 분석이다. 하나증권은 3일 롯데관광개발에 대해 투자의견 '매수(BUY)'를 유지하고 목표주가를 2만6000원으로...",ftoday.co.kr,http://www.ftoday.co.kr/news/articleView.html?idxno=361545,,
인바운드 관광,2026. 7. 4.,호실적에도 황당할 정도로 저평가 돼 있다는 종목들[주末머니],"올해 5월 누적 외국인 관광객은 전년 동기 대비 20% 증가한 872만명을 기록했다. 이 연구원은 ""5월 누적 한국 ·일본의 중국 인바운드는 각각 24% 증가한 256만명과 56% 감소한 172만명으로 한일령 수혜도 확실하고 유가...",view.asiae.co.kr,https://n.news.naver.com/mnews/article/277/0005785456?sid=101,,
인바운드 관광,2026. 7. 4.,목표가 낮춘 한투증권도 '매수' 유지...호텔신라 2분기 이익 눈높이 넘...,"김 연구원은 ""하반기에는 일본으로 가던 관광객 중 일부가 일본 대신 한국을 방문할 가능성이 높다""며 ""이에 따라 인바운드 관광객 흐름은 시장 기대보다 양호할 것""이라고 했다.한국투자증권은 1분기 실적 발표 이후 주가...",insight.co.kr,https://www.insight.co.kr/news/561534,,
인바운드 관광,2026. 7. 4.,돌아온 외국인…마카오는 꺾였는데 한국 카지노는 웃었다[주末머니],4일 삼성증권은 국내 인바운드 관광객의 구조적 성장 흐름이 유효한 만큼 마카오 대비 국내 카지노 업체들의 상대적 실적 우위는 하반기에도 지속될 것이라고 전망했다. 일본 대신 한국 택하는 외국인 관광객 실제로...,view.asiae.co.kr,https://n.news.naver.com/mnews/article/277/0005785450?sid=101,,
인바운드 관광,2026. 7. 4.,"목표가 낮췄지만 ""지금 사라. 70% 더 오른다"" [주末머니]","이에 따라 인바운드 관광객 흐름은 시장 기대보다 양호할 것""이라고 분석했다. 일본에서 오버투어리즘 이슈가 떠오르며 규제 정책이 강화된 것이 한국 관광업에 반사이익으로 작용할 수 있다는 관측이다. 그는 ""1분기...",view.asiae.co.kr,https://n.news.naver.com/mnews/article/277/0005785434?sid=101,,
인바운드 관광,2026. 7. 4.,[기고문] 3만명 '장롱면허'가 시장을 구원하지 않는다…'무자격 가이드...,"인바운드 여행사들은 지금 당장 몰려드는 동남아, 중동 관광객을 감당하지 못해 매일 아침 울며 겨자 먹기로 '시팅 가이드(Sitting Guide)'라는 기형적인 편법을 동원하며 단속을 피하고 있다. 실제 다국어 안내는 언어 소통이...",bizwnews.com,http://www.bizwnews.com/news/articleView.html?idxno=140009,,
인바운드 관광,2026. 7. 4.,"2000만 인바운드 관광, 골목마다 외국인 안내한 K-스타트업",유니콘팩토리 '미래산업리포트' 제18호는 달라진 인바운드 여행 모습과 이를 뒷받침하는 K관광 스타트업을 조명했다. 국내를 찾은 외국인의 곁에서 어떤 서비스가 이뤄지고 있으며 서비스 데이터를 통해 나타난 여행...,mt.co.kr,https://n.news.naver.com/mnews/article/008/0005381386?sid=101,,
인바운드 관광,2026. 7. 4.,"터키항공, 중동 노선 재개...제주항공, 외국인 탑승객 데이터 공개",항공업계에서 국제선 수요 확대와 중동 노선 정상화를 통해 인바운드 관광객과 글로벌 환승 수요를 끌어올린다. 터키항공은 일시 중단했던 중동 노선 운항을 순차적으로 재개한다. 사진=터키항공 7월 1일...,slist.kr,https://www.slist.kr/news/articleView.html?idxno=749537,,
인바운드 관광,2026. 7. 3.,"""여행의 미래 선도하는 지속가능한 관광 플랫폼""","대한민국 관광의 새로운 매력을 발견하는 뜻깊은 시간이 되기를 바란다""고 말했다. 정창수 위원장은 ""대한민국은 올해 '인바운드 2300만명'을 목표로 하고 있고, 오는 2028년까지는 300만명 시대를 열 준비를 하고 있다. 이를...",kado.net,https://n.news.naver.com/mnews/article/654/0000188783?sid=100,,
인바운드 관광,2026. 7. 3.,2분기 실적발표 앞둔 백화점 3사…'외국인·명품' 성장 공식 통할까,"외국인 관광객 유입은 이어지고 있지만 지난해부터 이어진 인바운드 증가에 따른 기저효과가 커졌고, 명품 소비 증가율도 점차 정상화 국면에 접어들고 있어서다. 여기에 고물가와 경기 불확실성이 지속되면서...",industrynews.co.kr,https://www.industrynews.co.kr/news/articleView.html?idxno=82895,,
인바운드 관광,2026. 7. 3.,"인바운드 훈풍 탄 카지노株…""하반기 실적 반등 기대""","인공지능(AI)·반도체 중심의 증시 흐름 속에 상반기 카지노주 주가는 부진했지만, 인바운드(방한 관광) 회복과 성수기 효과가 맞물리며 실적 개선 기대는 커지는 모습이다. 3일 한국거래소에 따르면 올해 상반기(1월 2일...",fnnews.com,https://n.news.naver.com/mnews/article/014/0005543444?sid=101,,
인바운드 관광,2026. 7. 3.,"포천·가평 캠핑관광, 외국인 유치 콘텐츠로 키우나","또 글로벌 인바운드 여행사와의 연계, 다국어 스마트 룸오더 도입 등을 통해 외국인 관광객의 예약·결제·언어 장벽을 낮추고, 지역 관광자원과 결합한 ‘머무는 거점 관광’으로 전환해야 한다는 의견도 나왔다. 강과 산...",kyeonggi.com,https://n.news.naver.com/mnews/article/666/0000113806?sid=102,,
인바운드 관광,2026. 7. 3.,"김용태 의원, 'K-캠핑' 활성화 국회 세미나 개최","외국인 예약·결제·언어 장벽 해소를 위한 글로벌 인바운드 여행사 연계, 다국어 스마트 룸오더 도입, DMZ 안보 관광 연계 전략 등을 공유했다. 홍규선 동서울대학교 교수는 해양·강·호수·개울·산 등 지형 특성을 살린...",m-i.kr,https://www.m-i.kr/news/articleView.html?idxno=1388051,,
인바운드 관광,2026. 7. 3.,"[WCIF 2026] 수성구-시부카와, 한일 로컬관광 새 길 연다…'문화 연대' 특...","문화관광의 새로운 가능성이 열릴 것""이라고 전망했다. 민간 차원의 투어리즘 연계 전략도 눈길을 끌었다. AI 기반 인바운드 플랫폼을 운영하는 엄찬용 트립서포터즈 대표는 ""단순히 명동 등을 도는 루틴에서 벗어나 나만...",nc.press,https://www.nc.press/news/articleView.html?idxno=619718,,
인바운드 관광,2026. 7. 3.,"하나증권 ""외국인 카지노, 하반기 사상 최대 실적… 롯데관광개발 최선...",국내 외국인 카지노 산업이 인바운드(외국인 국내 유입) 관광객 고성장과 원화 약세 효과에 힘입어 올 하반기 사상 최대 실적을 기록할 것이라는 전망이 나왔다. 하나증권 이기훈 애널리스트는 3일 리포트를 통해...,newsdream.kr,http://www.newsdream.kr/news/articleView.html?idxno=113978,,
인바운드 관광,2026. 7. 3.,"일본인 한국행 1위, 명동서 지갑 닫는 이유는?",한국을 찾는 관광객 수는 늘어날 수 있으나 현지 소비의 질적 패턴은 보다 실속을 챙기는 형태로 변하고 있기 때문이다. 국내 인바운드 여행사 관계자는 “원화 약세 덕분에 일본인들이 느끼는 체재비 부담이 서구권에...,edaily.co.kr,https://n.news.naver.com/mnews/article/018/0006321658?sid=101,,
인바운드 관광,2026. 7. 3.,"하나증권 “롯데관광개발, 카지노 성수기 타고 3분기 사상 최대 실적 예...",반면 한국 외국인 카지노는 인바운드 관광객 증가와 원화 약세에 힘입어 성장세를 이어가고 있어 마카오와는 다른 투자 포인트를 갖고 있다고 평가했다. 이 연구원은 “마카오 카지노 부진은 한국 외국인 카지노와는...,mydaily.co.kr,https://n.news.naver.com/mnews/article/117/0004081101?sid=103,,
인바운드 관광,2026. 7. 3.,"하나증권 ""롯데관광개발, 업종 내 최선호주…하반기 카지노사업 붐""","그는 ""이는 마카오 카지노 부진과 무관한 성장""이라며 ""인바운드 증가와 원화 약세로 2분기 드롭액이 모두 좋았기 때문에 롯데관광개발의 3분기 실적은 사상 최대를 기록할 것""이라고 전망했다. 롯데관광개발은...",sidae.com,https://n.news.naver.com/mnews/article/417/0001150131?sid=101,,
인바운드 관광,2026. 7. 3.,"“하반기 사상 최대 실적 온다”…하나증권, 카지노 업종 ‘비중 확대’...","원화 약세와 인바운드(외국인 관광객) 증가가 맞물린 가운데, 마카오 카지노 시장의 부진과는 차별화된 독자적 성장을 이어갈 것으로 보인다. 3일 하나증권은 카지노 업종에 대한 긍정적인 전망을 내놓으며 투자의견...",sportsseoul.com,https://n.news.naver.com/mnews/article/468/0001251577?sid=101,,
인바운드 관광,2026. 7. 3.,"[특징주] 파라다이스, 6월 카지노 매출 하락에 장 초반 약세",관광 기업 파라다이스가 하반기 외국인 관광객 증가에 따른 성장 기대감에도 지난달 카지노 부문 매출액은... 따른 인바운드(외국인의 국내여행) 고성장과 원화 약세가 겹치며 하반기에도 성장이 이어질 것으로...,yna.co.kr,https://n.news.naver.com/mnews/article/001/0016174144?sid=101,,
인바운드 관광,2026. 7. 3.,"부산관광공사, ‘2026 부산트래블마트 in 서울’ 개최","2부 B2B 상담회에는 부산권 관광 기업 50개사가 판매사(Seller)로, 수도권 여행업계 87개사가 구매사(Buyer)로 참여했다. 구매사 가운데 인바운드 여행사가 91.1%로 대다수를 차지했고, OTA·플랫폼 기업 등이 뒤를 이었다....",metroseoul.co.kr,http://www.metroseoul.co.kr/article/20260702500497,,
인바운드 관광,2026. 7. 3.,"한투證 “호텔신라, 하반기 전망 밝아 주가 조정은 매수 기회… 목표가...",김 연구원은 “하반기에는 일본으로 가던 관광객 중 일부가 일본 대신 한국을 방문할 가능성이 크다”며 “하반기 인바운드 관광객 흐름은 시장 기대보다 우호적일 것”이라고 전망했다. 이어 “1분기 실적 발표 이후...,biz.chosun.com,https://n.news.naver.com/mnews/article/366/0001176424?sid=101,,
인바운드 관광,2026. 7. 3.,"하나증권 ""카지노, 하반기 사상 최대 실적 기대…롯데관광개발·파라다...",하반기 인바운드 증가와 원화 약세에 힘입어 롯데관광개발과 파라다이스는 3분기 사상 최대 실적이 기대된다며 비중확대 의견을 유지했다. 이날 하나증권 '카지노-하반기 사상 최대가 다가옵니다' 보고서에 따르면...,etoday.co.kr,https://www.etoday.co.kr/news/view/2599843,,
인바운드 관광,2026. 7. 3.,LCC 협력 확대로 인천 집중된 외국인 입국 구조 바꾼다,이번 협약들은 지난 2월 제11차 국가관광전략회의에서 정부가 제시한 지방공항 인바운드 거점화 전략의 후속 조치다. 인천공항 단일 게이트웨이 구조에서 벗어나 지방을 통한 직접 입국과 환승을 함께 늘리겠다는...,traveltimes.co.kr,https://www.traveltimes.co.kr/news/articleView.html?idxno=416090,,
인바운드 관광,2026. 7. 3.,"남산 충정사 '선명상 치유센터' 전격 개원 ... ""도심 한복판, 마음의 쉼...","이를 통해 남산을 찾는 외국인 관광객들이 한국 전통 불교의 지혜를 체험할 수 있도록 템플스테이와 연계, 인바운드 관광의 새로운 킬러 콘텐츠이자 'K-명상의 세계적 거점'으로 육성할 방침이다. 아울러 외부에서 활동하는...",ttlnews.com,http://www.ttlnews.com/news/articleView.html?idxno=3122413,,
인바운드 관광,2026. 7. 2.,"충남문화관광재단, '성지혜윰길' 여행사 공모 접수기간 연장…추가 모집...","특히 올해는 국내 관광시장뿐 아니라 외국인 단체관광객 유치까지 확대해 충남의 치유·순례 관광 콘텐츠를 해외에 알리고, 인바운드 관광 활성화 기반을 마련할 계획이다. 모집 대상은 국내 여행업 등록을 완료한...",gukjenews.com,https://www.gukjenews.com/news/articleView.html?idxno=3624905,,
인바운드 관광,2026. 7. 2.,"롯데관광개발, 6월 매출 증가세 유지…마카오 대비 상반된 흐름","방문객 수는 전년 대비 18.7% 늘어나 제주 지역 전체 인바운드 관광객 증가율 16.2%를 웃돌았다. 다만 이용자당 드롭액은 일반 고객 비중 확대 영향으로 일부 감소 흐름을 보였으며, 테이블 운영 방식 변화와 최소 베팅...",lawissue.co.kr,http://www.lawissue.co.kr/view.php?ud=202607021734514053204ead0791_12,,
인바운드 관광,2026. 7. 2.,"부산관광공사, 부산트래블마트 성료…145개 관광기업 400건 넘는 상담 성...","구매사의 91.1%는 인바운드 여행사였으며 OTA와 플랫폼 기업도 함께 참여해 부산 관광상품의 국내외 유통 확대 가능성을 높였다. 판매기업은 숙박업이 46%로 가장 높은 비중을 차지했고 체험·레저 22%, 문화·예술 14...",newstown.co.kr,http://www.newstown.co.kr/news/articleView.html?idxno=707976,,
인바운드 관광,2026. 7. 2.,"제11회 대한민국 국제 관광박람회, 3일 킨텍스서 개막…지속가능 관광의...","2일 KITS 조직위원회에 따르면 올해로 11회를 맞는 KITS는 인바운드, 아웃바운드, 인트라바운드 관광산업을 아우르는 전문 박람회로, 급변하는 관광시장에 대응하는 최신 트렌드와 다양한 비즈니스 기회를 제공하는...",kyeonggi.com,https://n.news.naver.com/mnews/article/666/0000113699?sid=102,,
인바운드 관광,2026. 7. 2.,"[정성춘 칼럼] 지속되는 엔저, 일본경제 정상화 '시험대'","둘째, 방일 관광객 증가와 인바운드 소비 확대에 유리하다. 실제로 엔화 약세는 일본을 상대적으로 저렴한 여행지로 만들었고, 지방경제와 서비스업 회복에 기여한 측면이 있다. 셋째, 일본 내 생산거점 회귀와 외국인...",ajunews.com,https://www.ajunews.com/view/20260624173511578,,
인바운드 관광,2026. 7. 2.,"충남문화관광재단, '2026 성지혜윰길' 파트너 여행사 공모 연장…7월 16...","특히 올해는 국내 관광시장뿐만 아니라 외국인 단체관광객 유치까지 확대 추진함으로써 충남의 치유·순례 관광 콘텐츠를 해외에 알리고, 인바운드 관광 활성화 기반을 마련할 계획이다. 모집 대상은 국내 여행업 등록을...",ccdailynews.com,https://www.ccdailynews.com/news/articleView.html?idxno=2425540,,
인바운드 관광,2026. 7. 2.,"[박희원의 재팬 룸] ""왜 일본인도 내나?""…日 출국세 3배 인상의 속내","SNS 등에서는 ""외국인 관광객을 대상으로 한 인바운드 대책인데 왜 일본인도 부담해야 하느냐"", ""외국인에게만 더 높은 세금을 부과하면 되는 것 아니냐""는 지적이 이어지고 있다. 다만 일본 정부는 출국세를...",ajunews.com,https://www.ajunews.com/view/20260702083812812,,
인바운드 관광,2026. 7. 2.,"부산관광공사, 수도권 여행업계와 400건 상담…부산 관광상품 판로 확대","구매기업 가운데 인바운드 여행사가 전체의 91.1%를 차지했으며, OTA와 플랫폼 기업도 참여해 부산 관광상품의 국내외 판매 확대 가능성을 높였다. 판매기업은 숙박업이 46%로 가장 많았고 체험·레저(22%), 문화·예술(14...",viva100.com,https://www.viva100.com/article/20260702500860,,
인바운드 관광,2026. 7. 2.,"부산관광, 외국인 400만명 앞두고 수도권 유통망 넓힌다","부산시·부산관광공사, 서울서 트래블마트 개최…인바운드 상품 개발 협력 부산관광이 외국인 관광객 400만명 시대를 앞두고 수도권 여행업계와의 접점을 넓히고 있다. 부산시와 부산관광공사는 지난 1일 서울...",pressian.com,https://n.news.naver.com/mnews/article/002/0002447015?sid=102,,
인바운드 관광,2026. 7. 2.,"美 매장 열더니 이번엔 페스타...올리브영, 현지 공략 '속도'",한국을 찾는 외국인 관광객을 중심으로 쌓아온 K뷰티 수요를 현지 소비자까지 확대하기 위한 행보로... 업계에서는 이러한 인바운드 수요 확대가 해외 사업 확장의 기반이 되고 있다는 분석이 나온다. 국내에서 축적한...,opinionnews.co.kr,http://www.opinionnews.co.kr/news/articleView.html?idxno=140974,,
인바운드 관광,2026. 7. 2.,"K-미식관광의 진화…외국인 입맛, ‘로컬 음식’으로 이동","2일 국내 인바운드 관광 플랫폼 크리에이트립(Creatrip)에 따르면 외국인 관광객이 가장 많이 찾은 음식은 간장게장, 한식 다이닝, 소고기 구이, 치킨, 장어 순으로 나타났다. 특히 장어의 성장세가 두드러졌다. 올해 1~6월...",ddaily.co.kr,https://n.news.naver.com/mnews/article/138/0002232928?sid=101,,
인바운드 관광,2026. 7. 2.,"충남문화관광재단, '2026 성지혜윰길' 파트너 여행사 공모 연장…오는 ...","특히 올해는 국내 관광시장뿐만 아니라 외국인 단체관광객 유치까지 확대 추진함으로써 충남의 치유·순례 관광 콘텐츠를 해외에 알리고, 인바운드 관광 활성화 기반을 마련할 계획이다. 모집 대상은 국내 여행업 등록을...",cctimes.kr,http://www.cctimes.kr/news/articleView.html?idxno=914571,,
인바운드 관광,2026. 7. 2.,"[특징주] GS피앤엘, 중국인 관광객 회복에 호텔 실적 기대…10%대 강세",하나증권은 최근 리포트에서 외국인 인바운드 관광객 증가로 호텔 업계가 객실 점유율(OCC)과 객실 평균단가(ADR)가 함께 오르는 고실적 구간에 진입했다고 분석했다. 실제 5월 누적 외국인 관광객은 872만명으로 전년...,tokenpost.kr,https://www.tokenpost.kr/news/economy/374432,,
인바운드 관광,2026. 7. 2.,"[현장] 부산관광공사, '2026 부산트래블마트 in 서울' 성료… B2B 상담 40...","-  주요 구성 및 업종 비율 - 구매사 (수도권 87개사)인바운드 여행사 (91.1%), OTA·플랫폼 기업 (5.5%) 등 - 판매사 (부산권 50개사)숙박 (46%), 체험·레저 (22%), 문화·예술 (14%), 식음료 (8%) (사진=부산관광공사) 2026...",discoverynews.kr,https://www.discoverynews.kr/news/articleView.html?idxno=1095060,,
인바운드 관광,2026. 7. 2.,"""마카오는 부진한데""…7월 성수기 실적 기대되는 롯데관광개발-KB","같은 달 제주도 인바운드 관광객(외국인 관광객) 증가율은 8.1%로 나타났다. 롯데관광개발 카지노 방문객 증가수가 전체 제주 외국인 관광 회복세보다 가팔랐다는 설명이다. 이에 따라 최 연구원은 보고서를 통해 ""7월...",mt.co.kr,https://n.news.naver.com/mnews/article/008/0005380549?sid=101,,
인바운드 관광,2026. 7. 2.,부산시·부산관광공사 '2026 부산트래블마트 in 서울' 개최,참여해 관광상품 개발을 위한 교류의 장이 펼쳐졌다. ' 2026 부산트래블마트 인 서울 행사' 비즈니스 상담회장 구매사 구성은 인바운드 여행사가 91.1%로 가장 많았고 OTA·플랫폼 기업이 5.5%를 차지했다. 판매사는 숙박...,gukjenews.com,https://www.gukjenews.com/news/articleView.html?idxno=3624210,,
인바운드 관광,2026. 7. 2.,"롯데관광개발, 6월 마카오 침체 뚫고 ‘질주’…KB증권 “7월 역대 최대...",이는 같은 기간 제주도 전체 인바운드 외국인 관광객 성장률(16.2%)을 넘어서는 수치다. 제주를 찾는 외국인들이 롯데관광개발 카지노로 집중되고 있음을 증명한다. 하반기 전망은 더욱 밝다. 최근 Mass(일반 대중) 고객...,kpenews.com,https://kpenews.com/View.aspx?No=4134176,,
인바운드 관광,2026. 7. 2.,"롯데관광개발 제주 드림타워, 2분기 매출 1,926억… ""연간 최대 실적 기...","방문객 수 증가율(+18.7%)도 제주도 인바운드 관광객 성장률(+16.2%)을 웃돌았다. 최 연구원은 ""1인당 드롭액이 매스(Mass) 고객 증가로 전년 대비 다소 낮아졌지만 롤링 테이블 확대와 최소 베팅 금액 상향으로 반등이...",biztribune.co.kr,http://www.biztribune.co.kr/news/articleView.html?idxno=355425,,
인바운드 관광,2026. 7. 2.,[특징주] 중국인 유커 한국으로 '유턴'…국내 호텔 '역대급 호실적',"국내 호텔 산업이 외국인 인바운드 관광객 유입 확대에 힘입어 올해 2분기 견조한 실적 개선세를 나타낼 전망이다. 2일 하나증권 이기훈 애널리스트의 분석에 따르면, 최근 호텔 업계는 객실 점유율(OCC)과 객실...",newstnt.com,https://www.newstnt.com/news/articleView.html?idxno=708640,,
인바운드 관광,2026. 7. 2.,부산관광공사 '부산트래블마트 in 서울' B2B 400여건 상담,"구매사는 외국인 관광객을 국내로 유치하는 인바운드 여행사가 91.1%로 대부분을 차지했으며, 판매사는 숙박(46%), 체험·레저(22%), 문화·예술(14%), 식음료(8%) 분야 기업이 참여했다. 공사는 이번 상담회를 통해 400건...",newsis.com,https://n.news.naver.com/mnews/article/003/0014042516?sid=102,,
인바운드 관광,2026. 7. 2.,[통하는 충남] 대기업-중소기업 복지 격차 완화 정부 재원 확보,"특히 올해는 국내 관광시장뿐만 아니라 외국인 단체관광객 유치까지 확대 추진함으로써 충남의 치유·순례 관광 콘텐츠를 해외에 알리고, 인바운드 관광 활성화 기반을 마련할 계획이다. 모집 대상은 국내 여행업 등록을...",kukinews.com,https://www.kukinews.com/article/view/kuk202607020042,,
인바운드 관광,2026. 7. 2.,"부산관광공사, ‘부산트래블마트 in 서울’ 성료",이어서 2부 순서 기업 간 상담회에는 부산권 관광기업이 50개사가 판매사(Seller)로 수도권 여행업계 87개사가 구매사(Buyer)로 참여해 실질적인 상품 개발을 위한 교류의 장을 만들었다. 참여 구매사는 인바운드 여행사가...,busan.com,https://n.news.naver.com/mnews/article/082/0001387984?sid=102,,
인바운드 관광,2026. 7. 2.,"충남문화관광재단, 성지혜윰길 이끌 10개 프로 여행사 급구",충남이 보유한 치유와 순례 관광 콘텐츠를 해외 시장에 널리 전파해 인바운드 관광의 토대를 다진다는 구상이다. 모집 대상은 국내 여행업 등록을 마친 여행사다. 공모 분야는 충남 지역 연계형과 공주 특화형 등 2개...,sports.donga.com,https://n.news.naver.com/mnews/article/382/0001281263?sid=103,,
인바운드 관광,2026. 7. 2.,"마카오도 꺾었다…롯데관광개발, 제주 카지노 ‘잭팟’ 시동",이는 같은 기간 제주도 인바운드 관광객 증가율 8.1%를 웃도는 수준이다. 제주 외국인 관광객 회복세가 이어지는 가운데 드림타워 카지노의 집객력이 시장 평균을 상회하고 있다는 해석이 나온다. KB증권은...,megaeconomy.co.kr,https://www.megaeconomy.co.kr/news/newsview.php?ncode=1065576093821401,,
인바운드 관광,2026. 7. 2.,"제주 관광객 회복세 탄 롯데관광개발, 7월 성수기 기대감 확대",6월 제주도 인바운드 관광객은 24만7574명으로 전년 동기 대비 8.1% 늘었다. 롯데관광개발의 방문객 증가율은 18.7%로 제주도 전체 인바운드 관광객 증가율을 웃돌았다. KB증권은 롯데관광개발이 계속해서 시장을...,pinpointnews.co.kr,https://www.pinpointnews.co.kr/news/articleView.html?idxno=464951,,
인바운드 관광,2026. 7. 2.,"KB증권 “롯데관광개발, 이달 매출 성수기 효과 기대…시장을 상회”","롯데관광개발의 방문객수는 전년 동기 대비 18.7% 늘면서 제주도 인바운드 관광객 성장률 16.2%를 상회했다고 분석했다. 또 인당 드롭액은 매스(대중) 고객이 늘면서 전년 대비 다소 낮은 모습을 보이지만, 롤링 테이블...",mk.co.kr,https://n.news.naver.com/mnews/article/009/0005701671?sid=101,,
인바운드 관광,2026. 7. 2.,롯데관광개발 6월 마카오 제치고 선방…7월 성수기 역대 최대 매출 기대,지난달 롯데관광개발 카지노 방문객 수는 전년 동월 대비 18.7% 증가해 동기간 제주도 전체 인바운드 외국인 관광객 성장률인 16.2%를 상회했다. 제주를 찾는 전체 관광객 증가 속도보다 롯데관광개발로 유입되는 고객의...,pointe.co.kr,https://www.pointe.co.kr/news/articleView.html?idxno=81300,,
인바운드 관광,2026. 7. 2.,"KB증권 “롯데관광개발, 7월 역대 최대 매출 전망”","매출 증가율은 마카오 카지노 시장을 상회했고, 방문객 증가율(18.7%)도 제주 인바운드 관광객 증가율(16.2%)보다 높았다는 설명이다. 최 연구원은 “매스(Mass) 고객 비중 확대로 인당 드롭액은 다소 낮아졌지만, 롤링...",mydaily.co.kr,https://n.news.naver.com/mnews/article/117/0004080636?sid=103,,
인바운드 관광,2026. 7. 2.,"롯데관광개발, 마카오 부진에도 6월 카지노 매출 36% 증가-KB","같은 달 제주도 인바운드 관광객 증가율이 8.1%였던 점을 고려하면, 제주 관광 회복세보다 빠른 속도로 카지노 방문객이 증가한 셈이다. 수익성 지표인 홀드율도 양호했다. 6월 홀드율은 18.3%로 전년 동월 대비...",edaily.co.kr,https://n.news.naver.com/mnews/article/018/0006320588?sid=101,,
인바운드 관광,2026. 7. 2.,"한국관광공사, '2026 코리아뷰티페스티벌' 2차 팝업 전개... 참여 브랜드...","인바운드 뷰티 관광 채널 다각화 목표 [사진=한국관광공사] 코리아뷰티페스티벌 2차 한여옥 한국관광공사 국제관광콘텐츠실장은 ""현장을 방문한 외국인 이용객들이 메이크업, 헤어, 패션, 이너뷰티 등 다채로운 K-뷰티...",discoverynews.kr,https://www.discoverynews.kr/news/articleView.html?idxno=1095027,,
인바운드 관광,2026. 7. 2.,"""롯데관광개발, 마카오와 달리 월드컵 와중에도 카지노 실적 개선""-KB","그는 “롯데관광개발의 방문객 수 증가율은 제주도 인바운드 관광객 증가율을 웃돈다”며 “인당 드롭액은 매스(대중) 고객이 늘어나 전년 대비 다소 낮은 모습을 보이고 있지만, 롤링 테이블 확대 전략과 최소...",hankyung.com,https://n.news.naver.com/mnews/article/015/0005305368?sid=101,,
인바운드 관광,2026. 7. 2.,"[호텔·리조트 트렌드] 더블트리 바이 힐튼 서울 판교, 여름 보양식 담...","첫 번째 세션에서는 서울 호텔 시장의 수요 회복과 공급 부족 현황을 진단하고, 인바운드 관광객 증가와 객실 평균 판매가격(ADR), 객실 점유율(OCC) 상승에도 불구하고 개발비 증가로 신규 호텔 개발의 사업성이 점차...",ibabynews.com,https://www.ibabynews.com/news/articleView.html?idxno=152495,,
인바운드 관광,2026. 7. 2.,방한객 1000만명 조기 돌파…하반기 볕 드는 관광주 [줌인e종목],윤슬빈 관광전문기자 = 올해 방한 외국인 관광객이 예년보다 한 달가량 빠른 속도로 1000만 명을 돌파하면서 하반기에도 인바운드(외국인 관광객 유치) 훈풍이 이어질 것이라는 기대감이 커지고 있다. 증권가는 방한객...,news1.kr,https://n.news.naver.com/mnews/article/421/0009036089?sid=103,,
인바운드 관광,2026. 7. 2.,"[취재수첩] 다시 올린다는 출국세, '천수답 구조'부터 손봐야",올해 기준 관광 예산에서 일반회계 예산은 20억원으로 0.1%에 불과하다. 해외여행과 인바운드(외국인 방한) 업황에 따라 예산 규모가 출렁이는 ‘천수답’ 구조다. 실제로 코로나19 시기 출국자가 급감하자 기금이 바닥을...,hankyung.com,https://n.news.naver.com/mnews/article/015/0005305319?sid=110,,
인바운드 관광,2026. 7. 1.,"""3000만명보다 중요한 건 지역 체류""…지역관광 체질 개선 논의","주제발표를 맡은 손신욱 문광연 부연구위원은 '인바운드 3000만 명을 위한 지역관광 교통 활성화 과제'를 발표했다. 손 부연구위원은 외국인 관광객 증가가 지역 방문 확대로 곧장 이어지지 않는 현실을 짚으며, 지역관광...",view.asiae.co.kr,https://n.news.naver.com/mnews/article/277/0005784350?sid=103,,
인바운드 관광,2026. 7. 1.,수도권 방문 비중 81.7%…학계 “교통·관광 잇는 거버넌스 구축 시급”,"이제는 출입국부터 교통, 숙박, 체험, 음식까지 하나로 연결하는 거버넌스 정비가 인바운드 외래관광객 3000만의 선제 조건이 됐다. 정부는 이러한 학계의 의견을 바탕으로 지역과 수도권, 지역과 지역을 이을 초광역...",ddaily.co.kr,https://n.news.naver.com/mnews/article/138/0002232833?sid=101,,
인바운드 관광,2026. 7. 1.,외국인 관광객 늘었는데 지역은 그대로...인바운드 3000만 시대의 역설,"최규완 경희대 교수는 ""인바운드 관광객의 73%가 수도권 공항을 통해 입국하고 있다""며 지방공항 활용도를 높이는 접근성 개선이 시급하다고 짚었다. 인바운드 3000만 시대를 눈앞에 둔 지금, 숫자를 늘리는 것보다...",newspim.com,https://www.newspim.com/news/view/20260701001361,,
인바운드 관광,2026. 7. 1.,"""예약택시 타러 멀리 안 갑니다""… 공항공사, 주요 공항 승차 편의 대폭...",이번 전용 구역 조성은 정부가 추진하는 ‘지방공항 중심의 지역 인바운드 거점 육성’ 과제와도 궤를 같이한다. 언어 장벽이나 요금 시비 우려가 적은 플랫폼 택시 서비스가 공항 인프라와 결합되면서 외국인 관광객의...,g-enews.com,https://www.g-enews.com/view.php?ud=202607011408367427a9fc143920_1,,
인바운드 관광,2026. 7. 1.,"‘무비자·성수기’ 훈풍 탄 중국 하늘길… 항공업계, 이색 노선부터 부...","전통적인 대도시 관광을 넘어 서북부 실크로드 등 이색 지역으로 영토를 넓히는가 하면, 급증하는 양방향... 이스타항공, 2만 석 규모 부정기편 전격 투입 이스타항공은 중국 현지 방학 시즌과 맞물린 ‘방한(인바운드)...",digitalchosun.dizzo.com,http://digitalchosun.dizzo.com/site/data/html_dir/2026/07/01/2026070180205.html,,
인바운드 관광,2026. 7. 1.,"지역관광 경쟁력 높인다…문광연, 로컬리즘 시대 발전 전략 논의","토론에서는 지역관광 서비스 품질 향상과 관광 매력도 제고를 위한 정책 과제, 지역 특성을 반영한 관광 활성화 방안, 인바운드 관광객 확대에 대응한 지역 접근성 개선 등에 대한 다양한 의견이 오갔다. 황교익 문광연...",dailysportshankook.co.kr,https://www.dailysportshankook.co.kr/news/articleView.html?idxno=430496,,
인바운드 관광,2026. 7. 1.,"""3000만명보다 중요한 건 지역 체류…관광정책 바꿔야""(종합)","""3000만 명보다 중요한 건 지역 체류""…방문자경제로 전환해야 손신우 한국문화관광연구원 부연구위원은 '인바운드 3000만 명을 위한 지역관광 교통 활성화 과제' 발표에서 관광객 수 확대보다 지역 체류와 소비를 늘리는...",news1.kr,https://n.news.naver.com/mnews/article/421/0009035576?sid=103,,
인바운드 관광,2026. 7. 1.,[新큰손 외국인] 관광성지 된 올리브영·무신사…K-뷰티·패션에 지갑연...,"이예린 하나금융연구소 연구원은 ""K콘텐츠는 단순한 흥미 유발 요인을 넘어 실제 행동을 촉발하는 직접적인 트리거로 작용하며 인바운드 관광의 새로운 성장 동력으로 부상했다""며 ""콘텐츠를 통해 촉발된 심리적...",bloter.net,https://n.news.naver.com/mnews/article/293/0000087076?sid=101,,
인바운드 관광,2026. 7. 1.,"[新큰손 외국인] 내수 넘은 신세계·롯데白, 인바운드 효과 '톡톡'","5월 외국인 관광객의 국내 카드 결제액은 2조 1222억 원으로 1년 전보다 67.1% 늘었는데, 세부 업종 중 백화점 결제액은 무려 89.2% 급증했다. 전체 인바운드 지출 증가율을 크게 웃도는 속도로 쏠림 현상이 짙어진 셈이다....",bloter.net,https://n.news.naver.com/mnews/article/293/0000087073?sid=101,,
인바운드 관광,2026. 7. 1.,"""관광객은 오는데 지역관광은 한계""…전문가들이 내놓은 해법","손신우 한국문화관광연구원 부연구위원은 '인바운드 3000만 명을 위한 지역관광 교통 활성화 과제' 발표에서 ""인바운드 3000만 명의 핵심은 얼마나 많이 입국했느냐가 아니라 얼마나 많은 관광객이 지역까지 이동해 경제적...",news1.kr,https://n.news.naver.com/mnews/article/421/0009035492?sid=103,,
인바운드 관광,2026. 7. 1.,"일본, 7월 1일부터 비자 수수료 '5배' 전격 인상…한국은 제외","현지에서는 급격한 수수료 인상이 아시아권 관광객들의 반발을 부르는 것은 물론, 일본 내 인바운드(외국인 국내 여행) 관광 산업에도 적지 않은 타격을 줄 수 있다는 관측이 나오고 있다.",dongponews.net,https://www.dongponews.net/news/articleView.html?idxno=59051,,
인바운드 관광,2026. 7. 1.,“일본 오려면 5배 더 내라”…외국인 비자 비용 오늘부터 폭탄 인상 [핫...,모테기 외무상도 인바운드 관광에 당장 큰 영향을 미칠 가능성은 작다는 취지로 밝혔다. 다만 가족 단위 여행객이나 비자를 반복해 발급받아야 하는 국가의 방문객은 부담이 커질 수 있다. 단수 비자가 필요한 4인...,nownews.seoul.co.kr,https://n.news.naver.com/mnews/article/081/0003657448?sid=104,,
인바운드 관광,2026. 7. 1.,"""LG생활건강, 2026년 영업익 133% 폭발적 성장 전망…과제는 '8조 영광' ...","외국인 인바운드 관광객 증가 수혜는 제한적이다. 백화점 산업 전체적으로 외국인 매출 비중이 크게 상승했지만, 주로 명품/패션 카테고리 중심으로 소비가 이뤄지고 있다. 면세점 채널은 개별 여행객들의 접근성이...",newsquest.co.kr,https://www.newsquest.co.kr/news/articleView.html?idxno=268890,,
인바운드 관광,2026. 7. 1.,日 대기업 제조업 체감경기 5분기 연속 개선… AI·반도체가 끌고 인바...,"외국인 관광객(인바운드) 증가와 원활한 가격 전가로 비제조업 체감 경기 역시 33년 만에 최고 수준을 기록했지만, 중동 지정학적 리스크에 따른 원자재 비용 폭등 우려가 커지면서 향후 경기 전망에는 짙은 먹구름이...",g-enews.com,https://www.g-enews.com/view.php?ud=202607011340214445e7e8286d56_1,,
인바운드 관광,2026. 7. 1.,"""800년 전 베트남 왕조의 맥이 이곳에""… 봉화, 'K-콘텐츠'로 동남아 시...",봉화군은 이번 글로벌 팸투어의 성공적인 개최를 신호탄 삼아 베트남을 필두로 한 동남아 인바운드(외래객 국내 유입) 관광 시장 공략에 속도를 낼 방침이다. 한국관광공사와의 공조를 통해 국경을 넘나드는 스토리텔링...,eroun.net,https://www.eroun.net/news/articleView.html?idxno=84363,,
인바운드 관광,2026. 7. 1.,김포공항 등 전국 주요공항 예약택시 승차존 설치,아울러 정부의 ‘지방공항을 통한 지역 인바운드 거점 육성 과제’에 따라 외국인 관광객이 언어 소통과 요금 부담에 대한 우려가 적은 플랫폼 택시를 이용할 수 있도록 전용 승차구역을 조성함으로써 외래객 이동 편의가...,segye.com,https://n.news.naver.com/mnews/article/022/0004139614?sid=102,,
인바운드 관광,2026. 7. 1.,"""한중 항공 수요 회복"" 티웨이항공, 중국 하계 정기편 재운항","양측은 이번 협약을 통해 대구국제공항을 포함한 지방국제공항 인바운드 항공 수요 확대, 공동 해외 마케팅 및 특화상품 개발·판촉, 데이터 기반 성과관리 및 디지털 관광 콘텐츠 구축 등 다양한 분야에서 협력을 추진할...",wolyo.co.kr,https://www.wolyo.co.kr/news/articleView.html?idxno=314381,,
인바운드 관광,2026. 7. 1.,"롯데·신세계·현대, 나란히 호실적 전망...비결은 '내수+외국인'","이 같은 백화점 3사의 실적 호조는 내수 소비 회복과 외국인 관광객 매출 성장이 공통으로 견인했다.... 내수 소비 강세에 더해, 외국인 매출 비중 증가에 따른 인바운드 소비가 기존점 성장에 기여하는 폭이 점차 확대될...",thepublic.kr,https://www.thepublic.kr/news/articleView.html?idxno=309680,,
인바운드 관광,2026. 7. 1.,"'밀려드는 관광객에..' 日, 외국인 비자 수수료 5배 인상",이번 조치는 방일 관광객 급증에 따른 행정 부담과 관광 정책 변화가 맞물린 결과다. 일본은 인바운드 확대 정책에 힘입어 지난해 외국인 입국자 수가 4243만명으로 역대 최고치를 기록했다. 2030년까지는 외국인...,fnnews.com,https://n.news.naver.com/mnews/article/014/0005542064?sid=104,,
인바운드 관광,2026. 7. 1.,"한국공항공사, 주요 지방공항 '예약택시 전용 승차구역' 확대",공사는 정부의 '지방공항을 통한 지역 인바운드 거점 육성 과제'에 따라 외국인 관광객이 언어 소통과 요금 부담에 대한 우려가 적은 플랫폼 택시를 이용할 수 있도록 전용 승차구역을 조성함으로써 외래객 이동 편의가...,ikld.kr,http://www.ikld.kr/news/articleView.html?idxno=336861,,
인바운드 관광,2026. 7. 1.,"日, 외국인 비자 수수료 5배 인상...오버투어리즘 대응","일본은 인바운드 관광 확대 정책을 추진해 왔으며, 2025년 외국인 입국자는 잠정치 기준 4243만명으로 역대 최대를 기록했다. 정부는 2030년까지 방일객 6000만명 유치를 목표로 하고 있다. 방일객 증가와 함께 비자...",newspim.com,https://www.newspim.com/news/view/20260701000283,,
인바운드 관광,2026. 7. 1.,"놀유니버스, 10월 개최 'NOL FESTIVAL' 얼리버드 응모 시작","특히 단순한 티켓 판매를 넘어 숙박, 교통 등 여가 서비스를 결합한 '인바운드(방한 외국인) 관광객 유치' 연계형 페스티벌 모델을 다각도로 시도 중이다. 얼리버드 응모 시작과 함께 공개된 2차 라인업을...",popcornnews.net,http://www.popcornnews.net/news/articleView.html?idxno=125259,,
인바운드 관광,2026. 7. 1.,[분석] 하반기 MZ세대 여행 트렌드 | 고물가 시대지만 영리하게 여행할...,"트립닷컴에 따르면 올여름(7~8월) 방한 인바운드 항공 예약은 전년 대비 63% 급증한 가운데, K-콘텐츠를... 또한, 외국인 관광객들은 서울에만 머무는 데 그치지 않고 기차를 이용해 서울-부산 노선(이용률 1위), 부산-경주...",traveltimes.co.kr,https://www.traveltimes.co.kr/news/articleView.html?idxno=416088,,
인바운드 관광,2026. 7. 1.,"지역연계 상품으로 외국인 끄는 일본 지방공항, 다양한 인바운드 정책이...",소도시에서는 인바운드 관광객이 자신들의 지역을 목적지가 아니라 단순히 경유지로 사용한다고 해도 관광객을 적극적으로 유치할 충분한 경제적 이유가 있다는 것이다. 구체적으로 2010년대 이후 일본 정부는 중앙과...,kyosu.net,https://www.kyosu.net/news/articleView.html?idxno=206957,,
인바운드 관광,2026. 7. 1.,"""안전 자산 엔화는 옛말""… 지정학 리스크가 부른 '유사시 매도' 구조 고...",아울러 항공유 할증료 인상으로 인한 여행 비용 증가는 일본의 핵심 외화 획득 창구인 방일 관광(인바운드) 수요를 억누르는 잠재적 요인으로 작용한다. 연간 7조 엔(약 60조 원)에 달하는 '디지털 적자' 역시 뼈아픈...,g-enews.com,https://www.g-enews.com/view.php?ud=202607010757014428e7e8286d56_1,,
키즈카페 방문,2026. 7. 9.,"IPARK현산, 美 설계사와 하안주공6·7 재건축 협업 [건설·분양오늘]","겐슬러 핵심 설계진은 지난 8일부터 오는 10일까지 사흘간 IPARK현대산업개발 관계자들과 현장을 방문한다.... 커뮤니티 시설은 피트니스, 실내 골프 연습장, 키즈카페, 어린이집 등이 들어선다. 스마트 주거서비스로는...",sisaon.co.kr,https://www.sisaon.co.kr/news/articleView.html?idxno=202552,,
키즈카페 방문,2026. 7. 9.,신도시 대형 아파트 수요 증가…'옥정중앙역 디에트르' 전용 128㎡ 계약...,"패밀리카페, 키즈룸 등이 계획돼 있다. 분양 관계자는 ""신도시는 도시가 성숙할수록 같은 생활권에서 주거... 한편 '(가칭)옥정중앙역 디에트르' 견본주택은 양주시 옥정동 일원에 마련돼 있으며, 직장인 방문 편의를 위해...",economist.co.kr,https://n.news.naver.com/mnews/article/243/0000100222?sid=101,,
키즈카페 방문,2026. 7. 8.,[대형마트 재편] ③ 장보기만 해선 못 산다…대형마트 생존법 다시 쓴다,"2023년 12월 재단장한 은평점은 올해 상반기 매출이 2023년 상반기보다 5.9%, 방문객 수는 5% 증가했다. 이종우... 스타필드 마켓에는 식당과 카페, 휴식 공간, 키즈·문화 콘텐츠를 넣어 장보기 이후에도 고객이 머물도록 했다....",newspim.com,https://www.newspim.com/news/view/20260708001088,,
키즈카페 방문,2026. 7. 8.,"[HOT 마켓 트렌드] 호텔가, 여름방학 맞아 '키캉스' 수요 공략","이용권과 키즈 배스로브, 선물 등을 제공한다. 이와 함께 호텔 레스토랑 '파크카페'에서 여름철 대표 보양... 레고랜드 코리아 리조트가 가족 단위 방문객들을 위한 썸머 호텔 패키지 3종을 선보였다. 사진=레고랜드...",bizwnews.com,http://www.bizwnews.com/news/articleView.html?idxno=140225,,
키즈카페 방문,2026. 7. 8.,도심 피서지 된 백화점…'몰캉스족' 몰리며 F&B·레포츠 매출 동반 상승,무더위를 피해 백화점 식당가와 카페를 찾는 고객이 증가한 영향으로 풀이된다. 신세계백화점은 같은 기간... 실제로 여름철 백화점 방문 비중은 꾸준히 높아지는 추세다. 현대백화점에 따르면 지난해 6~8월 방문객...,ajunews.com,https://www.ajunews.com/view/20260708125122010,,
키즈카페 방문,2026. 7. 8.,"[푸드·다이닝 트렌드] ""상암벌에 이영표가 떴다!"" 일동후디스, 이영표...","방문객은 대형 에어바운스를 활용한 축구 게임, SNS 팔로우 시 참여 가능한 '룰렛 이벤트' 등 참여를 통해... 에스코트 키즈 프로그램이 운영된다. 아울러 지하철역 입구 등 주요 유입 동선에서 진행되는 '꽝 없는 스크래치...",ibabynews.com,https://www.ibabynews.com/news/articleView.html?idxno=152735,,
키즈카페 방문,2026. 7. 7.,[사사건건] 개정 정보통신망법 시행…여야 쟁점은?,"블로그니, 뭐니, 커뮤니티니, 카페니, 그러면 거기에 대해서는 본인이 이 부분과 관련 차단 조치를 해 달라고... 아니면 또 김민석 전 총리 같은 경우는 나는 DJ의 적자다, 나는 DJ 키즈고 그렇게 정치의 첫발을 뗐다. 이 정도로...",news.kbs.co.kr,https://n.news.naver.com/mnews/article/056/0012213273?sid=100,,
키즈카페 방문,2026. 7. 7.,역사 교육에 야외 활동까지! 아이와 함께 갈만한 강화도 가볼만한곳 BES...,"여정의 마무리 단계에서 휴식을 취할 수 있는 화도면 일대의 도레빌리지 정원 카페 구역도 가족 동반... 단, 내부 시설 중 일부 공간은 노키즈존으로 운영되는 제한 구역이 존재하므로 자녀와 함께 방문할 때는 아동 입장이...",ftimes.kr,https://www.ftimes.kr/news/articleView.html?idxno=38410,,
키즈카페 방문,2026. 7. 7.,"시원한 바닷바람과 함께, 인천의 여름 가볼 만한 곳","깔끔하게 관리되는 시설은 방문객들이 쾌적하게 동물을 관찰하고 체험하는 데 도움을 준다. 아이들과 함께 새로운 경험을 할 수 있는 교육적인 장소로, 단순한 키즈카페를 넘어선 특별한 추억을 만들 수 있다. 남동구...",cbci.co.kr,https://www.cbci.co.kr/news/articleView.html?idxno=587080,,
키즈카페 방문,2026. 7. 7.,"이 대통령, 나토서 방산외교 시동…'제2의 한국' 몽골 국빈방문도","북대서양조약기구(NATO) 정상회의 참석 및 몽골을 국빈 방문하는 이재명 대통령과 김혜경 여사가 7일 경기... CU·GS25 등 한국 편의점이 수백 개 수준으로 늘어나고 대형마트와 카페, 베이커리, 패스트푸드, 키즈카페 등 K...",ntoday.co.kr,https://www.ntoday.co.kr/news/articleView.html?idxno=128035,,
키즈카페 방문,2026. 7. 7.,[패트롤] 구리시-남양주시-시흥시-양평군-하남시,이번 상담센터는 피해를 겪고도 상담 기관을 방문하기 어려운 시민에게 직접 찾아가는 상담 서비스를... 하남=에너지경제신문 강근주기자 6일 오전 하남시 미사3동 행정복지센터 2층 공공형 키즈카페 '맘대로A+놀이터...,ekn.kr,https://www.ekn.kr/web/view.php?key=20260707027519921,,
키즈카페 방문,2026. 7. 6.,"하남시, 영유아 놀이·돌봄 공간 '맘대로A+놀이터' 문 열어",미사3동 공공형 키즈카페 '맘대로A+놀이터'를 찾은 한 가족이 장난감을 활용한 놀이를 즐기고 있다. [사진제공... 개소 첫날에는 보호자와 함께 방문한 영유아들이 놀이시설을 이용하며 공간을 둘러봤다. 신체활동...,discoverynews.kr,https://www.discoverynews.kr/news/articleView.html?idxno=1095380,,
키즈카페 방문,2026. 7. 6.,하남시 공공형 키즈카페 '맘대로A+놀이터' 운영,공공형 키즈카페 '맘대로A+놀이터'를 정식 개소하고 운영에 들어갔다고 밝혔다. 이날 오전 문을 연 맘대로A+놀이터는 첫날부터 새로운 놀잇감을 찾아 방문한 영유아들과 보호자들로 북적였다. 따뜻한 노란색과 갈색...,kihoilbo.co.kr,https://www.kihoilbo.co.kr/news/articleView.html?idxno=3028123,,
키즈카페 방문,2026. 7. 5.,무더운 장마철…'체감 31도' 찜통더위 속 기습 폭우도,"▶ 인터뷰 : 황리안·안단테 / 키즈카페 방문객 - ""너무 덥고 이제 비가 오려고 습해지니까 집에 있기도 너무 힘들고 바깥에 나가기도 힘들어갖고 여기를 처음 오게 됐는데 너무 쾌적하고…."" ▶ 인터뷰 : 왕선율·정예원...",mbn.co.kr,https://n.news.naver.com/mnews/article/057/0001957041?sid=102,,
키즈카페 방문,2026. 7. 4.,거기서 우리를 기다린다 | 장난감 여행지 4선 [여행 PICK],아이와 함께 방문하기 좋고 어른들에게도 반가운 곳 4곳을 소개한다. 파주 어린이토이박물관 / 경기 파주... 카페도 함께 운영한다. 알토이미술관 / 경기 용인 마치 북유럽 감성의 키즈 공간에 들어선 듯한 분위기가...,econovill.com,https://www.econovill.com/news/articleView.html?idxno=742692,,
키즈카페 방문,2026. 7. 3.,[YES KIDS ZONE] 비싼 키카 대신…육아 거지맵 어때요,◆ 오픈런만 잘하면 가성비 甲 비싼 키즈카페 대신 '국립·시립·구립' 시설을 적극 활용하는 부모들이 늘고... 역사와 문화를 아이들 눈높이에 맞춰 놀이처럼 풀어낸 공간이라 주말이면 가족 단위 방문객들로 북적인다....,imaeil.com,https://n.news.naver.com/mnews/article/088/0001017410?sid=004,,
키즈카페 방문,2026. 7. 2.,"논산시, 탑정호 주변 ‘체류형 복합 관광벨트’로 거듭난다","가족 단위 방문객을 겨냥한 ‘탑정호 어드벤처 키즈파크’도 부적면 신풍리... 궤도형 놀이시설과 복합 어드벤처 타워, 유아숲체험원, 키즈카페 등이 마련되며 올해...",breaknews.com,http://www.breaknews.com/1218801,,
키즈카페 방문,2026. 7. 2.,‘반짝 팝업’ 넘어 상설 공간으로…한남에 둥지 트는 K브랜드들,"레코드숍, 카페, 전시, 리빙 콘텐츠를 층별로 결합한 복합문화공간 ‘누아르 마르디 메크르디’를 열었다. 앞서 이 브랜드는 2020년 한남동에 플래그십을 연 뒤 인접 지역에 매장과 키즈 라인 ‘레쁘띠’ 등을 잇따라...",edaily.co.kr,https://n.news.naver.com/mnews/article/018/0006321051?sid=103,,
키즈카페 방문,2026. 7. 2.,"[인터뷰] 장세일 군수 ""에너지로 먹거리 만들고, 기본사회로 삶 지키는...","65세 이상 무료버스, 섬 주민 무료여객선, 병원동행 서비스, 방문의료 돌봄, 대학생 등록금 지원, 에듀택시... 산후조리비 지원을 대폭 늘리고 영광형 키즈카페와 글로벌 인재양성 에듀센터, 특성화고 설립 등을 추진해...",seoulfn.com,https://www.seoulfn.com/news/articleView.html?idxno=632499,,
롯데월드 입장,2026. 7. 9.,"잠실에서 만나는 '붕괴: 스타레일', 체험 전시회 ‘별 사이를 걷는 회고...","잠실 롯데월드 아이스링크 B3F 인근 이머시브 플랫폼 딥(DEEP)에서 진행된다. 전시는 이용자들의 3년간의 플레이 여정과 발자취를 직접 확인할 수 있게 약 450평 규모로 마련된다. 전시장에 입장하면, 관람객은 작품의...",xportsnews.com,https://m.sports.naver.com/esports/article/311/0002031815,,
롯데월드 입장,2026. 7. 9.,"[게임 이모저모] '철가면' 27년 만의 귀환…라인게임즈, '창세기전 모바...","1차 예매는 7월 17일부터 31일까지 입장 가능한 티켓을 대상으로 하며, 2차 예매는 7월 15일부터 진행돼 8월 31일까지 일정의 티켓 구매가 가능하다. 이번 전시는 7월 17일부터 8월 31일까지 서울 잠실 롯데월드...",worktoday.co.kr,http://www.worktoday.co.kr/news/articleView.html?idxno=86551,,
롯데월드 입장,2026. 7. 9.,K호러·레트로 촌캉스… 더위 몰러 나간다,롯데월드 민속박물관까지 K호러 롯데월드 어드벤처는 8월 30일까지 여름의 더위를 날려버릴 K호러 콘셉트... 특히 7월 한 달간 꽃무늬나 땡땡이 등 레트로 촌캉스 바지를 입고 방문하면 입장권을 50% 이상 할인된 가격에...,kmib.co.kr,https://n.news.naver.com/mnews/article/005/0001859834?sid=103,,
롯데월드 입장,2026. 7. 8.,"'미니언즈 & 몬스터즈', 개봉 D-7…개봉 2주차까지 무대인사 확정→일정...","18일에는 롯데시네마 월드타워, 19일에는 롯데시네마 김포공항에서 무대인사가 진행된다. 개봉 2주차인... 영화진흥위원회 영화관입장권 통합전산망에 따르면 이날 오후 10시 기준 예매율은 2.9%로 5위다. '미니언즈...",topstarnews.net,https://www.topstarnews.net/news/articleView.html?idxno=16128149,,
롯데월드 입장,2026. 7. 8.,[게임뉴스] 위메이드플레이 및 블리자드 소식 외,"31일까지 입장할 수 있는 티켓의 구매가 가능하다. '별 사이를 걷는 회고록'은 7월 17일부터 8월 31일까지 서울 잠실 롯데월드 아이스링크 B3F 인근 이머시브 플랫폼 딥(DEEP)에서 진행되며, '붕괴: 스타레일'IP를 활용한...",gamevu.co.kr,https://www.gamevu.co.kr/news/articleView.html?idxno=59208,,
롯데월드 입장,2026. 7. 8.,"'눈동자' 신민아X김남희, 개봉 3주차에도 관객들 만난다…무대인사 확정...","12일에는 롯데시네마 월드타워, 롯데시네마 건댕비구, 메가박스 코엑스에 김남희, 이승룡, 염지호 감독이... 영화진흥위원회 영화관입장권 통합전산망에 따르면 지난 7일까지 누적 관객 수는 930,806명이다. 2일 연속...",topstarnews.net,https://www.topstarnews.net/news/articleView.html?idxno=16127973,,
롯데월드 입장,2026. 7. 8.,빠져든다..신민아의 '눈동자' 역주행 100만 카운트다운 [스타이슈],"8일 영진위 영화관입장권 통합전산망에 따르면 지난 달 24일 개봉한 '눈동자'는 지난 7일 4만 4464명의 관객을... 이어 7월 12일 무대인사는 김남희, 이승룡, 염지호 감독이 참석, 롯데시네마 월드타워를 시작으로...",starnewskorea.com,https://m.entertain.naver.com/article/108/0003451171,,
롯데월드 입장,2026. 7. 8.,"'붕괴: 스타레일' 몰입형 체험 전시, 17일부터 잠실서 개최","이번 전시는 붕괴: 스타레일 IP를 활용한 국내 최초의 몰입형 체험 전시로, 오는 17일부터 8월 31일까지 서울 잠실 롯데월드 아이스링크 B3F 인근 이머시브 플랫폼 딥(DEEP)에서 열린다. 입장권 예매는 차수별로 나누어...",gamemeca.com,https://m.sports.naver.com/esports/article/356/0000083995,,
롯데월드 입장,2026. 7. 8.,"면세점인가, 무인매장인가…직원 없어 발길 돌리는 롯데면세점","서울 송파구 롯데월드타워에 위치한 롯데면세점 월드타워점. 롯데면세점은 이곳을 '아시아를 대표하는 국내... 반면 롯데면세점은 고객이 직접 매장을 찾아가도 직원을 찾기 어려운 경우가 있었다""고 말했다.소비자 입장에...",wemakenews.co.kr,https://wemakenews.co.kr/news/view.php?no=25733,,
롯데월드 입장,2026. 7. 8.,호요버스 '붕괴 : 스타레일' 몰입형 체험 전시회 오픈,호요버스코리아는 이달 17일부터 내달 31일까지 서울 잠실 롯데월드 아이스링크 B3F에 위치한 이머시브... 1차 예매에서는 이달 17일부터 31일까지의 입장권을 판매한다. 이후 2차 예매는 이달 15일 오후 6시부터 다시...,tgdaily.co.kr,https://www.tgdaily.co.kr/news/articleView.html?idxno=405529,,
롯데월드 입장,2026. 7. 8.,몰입형 체험 전시 ‘붕괴: 스타레일 - 별 사이를 걷는 회고록’ 1창 예매...,"31일까지 입장할 수 있는 티켓이 판매된다. ‘별 사이를 걷는 회고록’은 7월 17일부터 8월 31일까지 서울 잠실 롯데월드 아이스링크 B3F 인근 이머시브 플랫폼 딥(DEEP)에서 진행되며, 3년간의 플레이 여정과 발자취를...",game.donga.com,https://game.donga.com/123298/,,
롯데월드 입장,2026. 7. 8.,"'붕괴: 스타레일', 국내 첫 몰입형 전시 연다…'별 사이를 걷는 회고록...",이어 2차 예매는 오는 15일 오후 6시에 시작되며 8월 1일부터 31일까지 입장권을 판매한다. 전시는 오는 17일부터 8월 31일까지 서울 잠실 롯데월드 아이스링크 B3F 인근 이머시브 플랫폼 '딥(DEEP)'에서 열린다. '붕괴...,sportschosun.com,https://n.news.naver.com/mnews/article/076/0004423717?sid=105,,
롯데월드 입장,2026. 7. 8.,"호요버스, 〈붕괴: 스타레일〉 최초 몰입형 전시회 예매 돌입","2차 예매는 7월 15일 오후 6시에 가동되며, 8월 1일부터 31일까지 한 달간 입장 가능한 잔여 티켓을 매입할 수 있다. '별 사이를 걷는 회고록'은 7월 17일부터 8월 31일까지 서울 잠실 롯데월드 아이스링크 지하 3층 구역에...",globale.co.kr,https://www.globale.co.kr/news/articleView.html?idxno=39242,,
롯데월드 입장,2026. 7. 8.,잠실에 '겨울왕국' 테마존 생긴다…팝업·아이스링크 17일 동시 개장,롯데월드 아이스링크를 작품 테마 공간으로 꾸민다. 롯데백화점 잠실점 트레비 분수 광장 앞에 들어서는 팝업 '프로즌 써머'는 17일부터 30일까지 운영한다. 방문객은 입장과 함께 '엘사'의 얼음 왕국 초대장을...,news1.kr,https://n.news.naver.com/mnews/article/421/0009047925?sid=103,,
롯데월드 입장,2026. 7. 8.,"붕괴: 스타레일, 국내 최초 몰입형 체험 전시 1차 예매 오픈","31일까지 입장할 수 있는 티켓의 구매가 가능하다. ‘별 사이를 걷는 회고록’은 7월 17일부터 8월 31일까지 서울 잠실 롯데월드 아이스링크 B3F 인근 이머시브 플랫폼 딥(DEEP)에서 진행되며, ‘붕괴: 스타레일’IP를...",gameshot.net,https://www.gameshot.net/common/con_view.php?code=GA6a4ddd4e1f3c7,,
롯데월드 입장,2026. 7. 8.,"호요버스, 몰입형 체험 전시회 ‘‘붕괴: 스타레일: 별 사이를 걷는 회...","31일까지 입장할 수 있는 티켓의 구매가 가능하다. ‘별 사이를 걷는 회고록’은 7월 17일부터 8월 31일까지 서울 잠실 롯데월드 아이스링크 B3F 인근 이머시브 플랫폼 딥(DEEP)에서 진행되며, ‘붕괴: 스타레일’IP를...",gamefocus.co.kr,https://gamefocus.co.kr/detail.php?number=177306,,
롯데월드 입장,2026. 7. 8.,"호요버스 '붕괴 스타레일', 국내 최초 몰입형 체험 전시 '붕괴: 스타레일...","31일까지 입장할 수 있는 티켓의 구매가 가능하다. ‘별 사이를 걷는 회고록’은 7월 17일부터 8월 31일까지 서울 잠실 롯데월드 아이스링크 B3F 인근 이머시브 플랫폼 딥(DEEP)에서 진행되며, ‘붕괴: 스타레일’IP를...",gamechosun.co.kr,https://www.gamechosun.co.kr/webzine/article/view.php?no=223249,,
롯데월드 입장,2026. 7. 8.,"'붕괴: 스타레일', 국내 첫 몰입형 체험 전시 1차 예매 오픈","2차 예매는 오는 15일 오후 6시 오픈되며, 8월 1일부터 31일까지의 입장권을 판매한다. '별 사이를 걷는 회고록'은 오는 17일부터 8월 31일까지 서울 잠실 롯데월드 아이스링크 B3F 인근 이머시브 플랫폼 딥에서 진행된다....",khgames.co.kr,https://www.khgames.co.kr/news/articleView.html?idxno=306166,,
롯데월드 입장,2026. 7. 8.,‘붕괴:스타레일’ 몰입형 체험 전시 1차 예매 멜론티켓 오픈,‘별 사이를 걷는 회고록’은 오는 17일부터 8월 31일까지 서울 잠실 롯데월드 아이스링크 B3F 인근 이머시브 플랫폼 딥(DEEP)에서 진행된다. 입장권 예매는 1차와 2차로 나뉘어 진행된다. 1차 예매에서는 오는 17일부터...,mk.co.kr,https://n.news.naver.com/mnews/article/009/0005704433?sid=105,,
롯데월드 입장,2026. 7. 8.,"'붕괴: 스타레일', 몰입형 체험 전시회 앞두고 1차 예매 진행",2차 예매는 15일 오후 6시에 열리며 8월 1일부터 8월 31일까지 입장할 수 있는 티켓의 구매가 가능하다. '별 사이를 걷는 회고록'은 17일부터 8월 31일까지 서울 잠실 롯데월드 아이스링크 B3F 인근 이머시브 플랫폼 딥(DEEP)...,fomos.kr,https://m.sports.naver.com/esports/article/236/0000255830,,
롯데월드 입장,2026. 7. 8.,"붕괴: 스타레일, 국내 최초 몰입형 체험 전시 '붕괴: 스타레일 - 별 사이...","31일까지 입장할 수 있는 티켓의 구매가 가능하다. <별 사이를 걷는 회고록>은 7월 17일부터 8월 31일까지 서울 잠실 롯데월드 아이스링크 B3F 인근 이머시브 플랫폼 딥(DEEP)에서 진행되며, <붕괴: 스타레일> IP를 활용한...",thisisgame.com,https://www.thisisgame.com/articles/427587,,
롯데월드 입장,2026. 7. 8.,"'겨울왕국' 팝업·아이스링크로 잠실이 꽁꽁... 엘사의 마법, 도심에 펼...","뮤지컬 '겨울왕국'의 한국 첫 개막을 앞두고 롯데백화점 잠실점과 롯데월드 아이스링크에서 각각... 이번 팝업은 롯데백화점의 여름 테마 캠페인 'Freeze the Summer'의 중심 행사로 기획됐으며, 방문객들은 입장 시...",mhns.co.kr,https://www.mhns.co.kr/news/articleView.html?idxno=752706,,
롯데월드 입장,2026. 7. 8.,"붕괴: 스타레일, 체험 전시 별 사이를 걷는 회고록 1차 예매 오픈",31일까지 입장할 수 있는 티켓의 구매가 가능하다. '별 사이를 걷는 회고록'은 7월 17일부터 8월 31일까지 서울 잠실 롯데월드 아이스링크 B3F 인근 이머시브 플랫폼 딥에서 진행된다. 이번 전시는 약 450평 규모로...,betanews.net,https://www.betanews.net/article/view/beta202607080053,,
롯데월드 입장,2026. 7. 8.,"호요버스, '붕괴: 스타레일' 국내 첫 체험 전시 1차 예매 시작",1차 예매는 오는 17일부터 31일까지의 입장권을 대상으로 이날 오후 6시부터 진행된다. 다음 달 1일부터... 잠실 롯데월드 아이스링크 인근 이머시브 플랫폼 딥(DEEP)에서 약 450평 규모로 운영된다. 관람객은 은하열차에...,zdnet.co.kr,https://n.news.naver.com/mnews/article/092/0002429693?sid=105,,
롯데월드 입장,2026. 7. 8.,"붕괴 스타레일, 몰입형 체험 전시 '별 사이를 걷는 회고록' 1차 예매 오...",31일까지 입장할 수 있는 티켓의 구매가 가능하다. 별 사이를 걷는 회고록은 7월 17일부터 8월 31일까지 서울 잠실 롯데월드 아이스링크 B3F 인근 이머시브 플랫폼 딥(DEEP)에서 진행되며 붕괴: 스타레일 IP를 활용한 몰입형...,inven.co.kr,https://m.sports.naver.com/esports/article/442/0000194166,,
롯데월드 입장,2026. 7. 8.,"뮤지컬 '겨울왕국', 잠실 팝업·아이스링크 테마존으로 얼음왕국 확장","8월 13일 샤롯데씨어터에서 한국 초연 개막을 앞두고 롯데백화점 잠실점과 롯데월드 아이스링크에... 롯데백화점과의 컬래버레이션으로 준비된 만큼 도심 한가운데에 나타난 얼음 왕국을 콘셉트로, 입장과 동시에...",topstarnews.net,https://www.topstarnews.net/news/articleView.html?idxno=16127336,,
롯데월드 입장,2026. 7. 8.,[재개발ㆍ재건축 탐방] (22) 27세 청년 조합장의 도전… “모든 세대가...,"남향 거실에서는 한강을 중심으로 롯데월드타워, 잠실종합운동장, 삼성동 현대차 신사옥 예정지... 않겠다”는 입장이다. 현재 조합은 설계자와 정비사업전문관리업자 선정 입찰을 진행 중이며, 전 세대 남향ㆍ한강 조망...",dnews.co.kr,https://www.dnews.co.kr/uhtml/view.jsp?idxno=202607061257003410076,,
롯데월드 입장,2026. 7. 7.,“둘이서 일본여행 300만원 깨진다”…역대급 해외여행비에 휴가철 앞두...,실제 여행객 입장에서는 항공권과 숙박비가 동시에 오르면서 체감 부담이 더 커지고 있다. 성인 2명이... 앞서 롯데월드 역시 자유이용권 성인 요금을 6만7000원으로 4.7% 올렸다. 높아진 여행 비용은 소비자들의 체감...,biz.heraldcorp.com,https://n.news.naver.com/mnews/article/016/0002666556?sid=101,,
롯데월드 입장,2026. 7. 7.,하루 임차료 1000만원에도 줄 선 브랜드…상반기 팝업 2100개,잠실 롯데월드몰 역시 86개에서 150개로 늘렸다. 소셜미디어에서 인기 있는 식음료 브랜드의 팝업을 늘리며... “브랜드 입장에서도 만지고 경험하게 함으로써 소비자들을 ‘팬’으로 만들 수 있다는 강점에 선호도가...,edaily.co.kr,https://n.news.naver.com/mnews/article/018/0006324162?sid=101,,
롯데월드 입장,2026. 7. 6.,"개봉 앞둔 '호프', 예매량 10만 돌파…시사회→무대인사 일정 관심","6일 영화진흥위원회 영화관입장권 통합전산망에 따르면 이날 오후 10시 기준 예매율 1위는 '호프'다. 106... '호프' 개봉 전 시사회는 오는 13일 롯데시네마 월드타워에서 열린다. 나홍진 감독, 배우 황정민, 조인성...",topstarnews.net,https://www.topstarnews.net/news/articleView.html?idxno=16125585,,
롯데월드 입장,2026. 7. 6.,상업용 오피스텔 보유해도 유주택자? 국토부 비공개 내부지침에 혼선,"서울 송파구 롯데월드타워에서 바라본 모습 /사진=뉴스1#지난달 A씨는 재건축 사업이 속도를 내고 있는 서울... 서울시는 국토교통부의 내부 지침에 따라 상업용 오피스텔도 주택으로 판단하고 있다는 입장이지만, 국토부는...",news.mtn.co.kr,https://news.mtn.co.kr/news-detail/2026070617021224864,,
롯데월드 입장,2026. 7. 6.,"'성수 르엘 S70' 현실화···롯데건설, 서울 최대 재개발 수주전 승리",준수하겠다는 입장을 지속적으로 강조했다. 제안 내용에서도 조합원들의 관심을 끌 요소를 다수 담았다.... 롯데건설이 롯데월드타워와 시그니엘 등을 통해 축적한 초고층 시공 경험과 하이엔드 브랜드 '르엘'의 프리미엄...,smartbizn.com,https://www.smartbizn.com/news/articleView.html?idxno=147796,,
롯데월드 입장,2026. 7. 5.,"[현장]성수4지구, 롯데건설 택했다…대우와 3년 8개월 만 재대결 승리","빨간 넥타이를 메고 총회장으로 입장하는 오일근 롯데건설 대표이사(첫번째)./사진=미디어펜 조태민 기자... 국내 최고층인 123층, 555m 규모 롯데월드타워 시공 경험을 바탕으로 초고층 구조와 품질관리, 공기 관리...",mediapen.com,https://www.mediapen.com/news/view/1108296,,
롯데월드 입장,2026. 7. 5.,"""150만원 우습게 깨져요""…여름휴가 앞두고 40대女 결국",주요 관광지 입장료도 오름세다. 국내 최대 호텔리조트 기업인 소노는 오는 11일부터 워터파크 가격을... 앞서 롯데월드도 자유이용권 성인 가격을 6만 7000원으로 4.7% 올렸다. 리서치 기업 피앰아이 설문에 따르면...,hankyung.com,https://n.news.naver.com/mnews/article/015/0005306370?sid=103,,
롯데월드 입장,2026. 7. 5.,"[르포] 성수4지구 시공사 선정 총회, 마지막 총력전…사장도 총출동","조합원들은 행사장에 입장하며 양사가 내건 조건을 다시 한번 꼼꼼히 살피는 등 신중한 모습을 보였다.... 오일근 사장은 조합원들에게 ""롯데월드 타워, 시그니엘의 초고층 기술력과 새로운 주거의 기준을 성수...",newspim.com,https://www.newspim.com/news/view/20260705000097,,
롯데월드 입장,2026. 7. 5.,성수4지구 시공사 선정 디데이…롯데·대우 대표 나서 한 표 호소[TF현장...,"양사 직원들은 ""기호 1번 롯데건설입니다"", ""기호 2번 대우건설입니다""를 외치며 입장하는 조합원들에게... 데이비드 치퍼필드와 LERA 등 해외 전문가를 참여시킨 설계와 '르엘' 브랜드, 롯데월드타워 시공 경험을...",news.tf.co.kr,https://n.news.naver.com/mnews/article/629/0000513247?sid=101,,
롯데월드 입장,2026. 7. 5.,'한국 최초 상륙' 한 달도 안 남았다…'121층' 서울 상공 뒤흔들 美 대작,서울 송파구 롯데월드타워 전망대 '서울스카이'는 7월 3일부터 8월 31일까지 영화 '스파이더맨: 브랜드 뉴... 방문객들은 지하 1층 입장 동선에서부터 최고 전망층에 이르기까지 건물 전체를 아우르는 화려한 미디어 연출을...,tvreport.co.kr,https://m.entertain.naver.com/article/213/0001393220,,
롯데월드 입장,2026. 7. 5.,"[현장] '논란의 수주전' 마침표 찍는다... 성수4지구, 시공사 선정 총회...",성수4지구 시공사 선정 총회 장소로 입장하는 김보현 대우건설 대표. 사진=시장경제DB 총회를 하루 앞둔... '청담 르엘'과 '잠실 르엘'을 통해 축적한 하이엔드 브랜드 경쟁력과 롯데월드타워 시공 경험을 바탕으로 성수를...,meconomynews.com,https://www.meconomynews.com/news/articleView.html?idxno=132521,,
롯데월드 입장,2026. 7. 4.,"성수4지구 시공사 5일 결정…롯데·대우, 1.3조 한강변 수주전 결판","최저 이주비 조건 역시 감정가가 낮은 조합원을 위한 경쟁 조건이라는 입장을 냈다. 성동구는 롯데건설의... 롯데월드타워 시공 경험과 글로벌 설계사 협업, 최고 수준의 내진 설계를 강점으로 내세우고 있다....",4th.kr,http://www.4th.kr/news/articleView.html?idxno=2114225,,
롯데월드 입장,2026. 7. 3.,"'K-호러 vs 레트로 촌캉스'…테마파크 여름축제, 취향대로 즐긴다",사진=롯데월드 제공  더위를 피하려면 물만 맞으면 될까. 국내 주요 테마파크들이 등골까지 서늘하게 만드는... 특히 7월 한 달간 꽃무늬나 땡땡이 등 레트로 촌캉스 바지를 입고 방문하면 입장권을 50% 이상 할인된 가격에...,daily.hankooki.com,https://daily.hankooki.com/news/articleView.html?idxno=1382586,,
롯데월드 입장,2026. 7. 3.,"CJ온스타일, 미니언즈 시사회 패키지 단독 판매","행사는 오는 7월 10일부터 11일까지 롯데시네마 월드타워점에서 열린다. 패키지 구매자는 공식 개봉 전... 유통 플랫폼 입장에서는 단발성 협업에 그치지 않고, 방송 콘텐츠 완성도와 오프라인 운영 경험, 구매 이후...",koreastocknews.com,http://www.koreastocknews.com/news/articleView.html?idxno=119532,,
롯데월드 입장,2026. 7. 3.,"나홍진 '호프', 황정민·조인성과 3주간 전국 무대인사","이날 나홍진 감독과 배우 황정민, 조인성, 정호연, 음문석이 CGV 용산아이파크몰과 롯데시네마 월드타워를... 이야기는 이 과정에서 드러나는 각 인물의 입장 차이와 선택을 따라가며, 사건이 점차 커지는 양상을 그린다....",topstarnews.net,https://www.topstarnews.net/news/articleView.html?idxno=16122421,,
롯데월드 입장,2026. 7. 3.,"""쇼핑 성지""로 거듭난 한국…백화점업계, 외국인 고객 유치戰 '활활'","이는 글로벌 금융위기 직후인 2009년 3월 이후 가장 높은 수준으로, 외국인 입장에서는 쇼핑 비용이 그만큼... 일례로 잠실 롯데월드몰, 신세계백화점 강남점, 더현대서울 등은 단순 쇼핑뿐 아니라 사진 촬영과 식음(F&B)...",youthdaily.co.kr,https://www.youthdaily.co.kr/news/article.html?no=222139,,
롯데월드 입장,2026. 7. 2.,"오시리아 테마파크, 실내형 스포츠파크 개장으로 '사계절 관광지' 도약","2021년 스카이라인 루지를 시작으로 2022년 롯데월드 어드벤처 부산, 2023년 짚라인 등이 순차적으로 문을... 있다는 입장이다. 시설 조성과 용지 공급, 운영, 안전관리, 인허가 기능이 각각 민간 사업자와 부산시, 기장군...",ajunews.com,https://www.ajunews.com/view/20260702153223820,,
롯데월드 입장,2026. 7. 2.,롯데타워 점령한 스파이더맨?... 서울 하늘 위 '슈퍼히어로' 체험,사진=서울스카이 제공 롯데월드타워 전망대 서울스카이가 다음 달 3일부터 8월 31일까지 소니 픽처스 영화... 방문객은 입장 동선부터 전망층까지 이어지는 미디어 연출을 통해 스파이더맨이 고층 건물 사이를 활강하는...,ggilbo.com,https://www.ggilbo.com/news/articleView.html?idxno=1166283,,
롯데월드 입장,2026. 7. 1.,"CJ온스타일, '미니언즈' 세계관 라방으로 구현…시사회·굿즈 결합 패키...","이번 패키지는 오는 7월 10~11일 롯데시네마 월드타워점에서 열리는 '미니언즈 런투 시네마' 행사 입장권을 비롯해 신작 영화 '미니언즈 & 몬스터즈' 사전 시사회, 10만원 상당의 한정판 미니언즈 굿즈, 오프라인 체험...",megaeconomy.co.kr,https://www.megaeconomy.co.kr/news/newsview.php?ncode=1065601485550712,,
롯데월드 입장,2026. 7. 1.,"CJ온스타일, '미니언즈' 라방 단독 진행... ""팬덤 콘텐츠 커머스 확대""","해당 패키지는 오는 10~11일 롯데시네마 월드타워점에서 열리는 신작 영화 '미니언즈 & 몬스터즈' 사전 시사회 입장권과 한정판 굿즈, 현장 체험 프로그램 등을 결합한 상품이다. 구매 고객은 정식 개봉에 앞서 영화를...",thefirstmedia.net,http://www.thefirstmedia.net/news/articleView.html?idxno=202722,,
롯데월드 입장,2026. 7. 1.,[창간15주년]숫자로 보는 상반기 게임업계,"지급했다는 입장이다. 하운드13은 스팀 버전을 이달 중 출시하겠다고 밝힌 가운데, 웹젠은 자체 퍼블리싱... 롯데월드와 협업해 600평 규모 공간을 '메이플스토리' IP로 꾸민 메이플 아일랜드를 운영하고 있으며 '아크...",fomos.kr,https://m.sports.naver.com/esports/article/236/0000255735,,
롯데월드 입장,2026. 7. 1.,[공기업 센터] 부산도시공사·한국마사회 부산경남·부산항만공사,"오시리아관광단지 테마파크는 2021년 스카이라인 루지, 2022년 롯데월드 어드벤처 부산, 2023년 짚라인에... 입장료는 오전권(오전 10시~오후 1시45분)과 오후권(오후 2시~5시45분) 모두 1인 5천 원이다. 외부 음식물 반입이...",iminju.net,http://www.iminju.net/news/articleView.html?idxno=166042,,
에버랜드 입장,2026. 7. 9.,레고랜드 이용권 50% 할인,"프로그램으로, 입장객 누구나 참여할 수 있다. 11일부터 8월 30일까지 매주 토·일요일에는 보드게임, 컬러링 프로그램처럼 다양한 무료 체험 콘텐츠를 가족 단위로 즐길 수 있는 ‘플레이존’을 운영한다. 에버랜드...",munhwa.com,https://n.news.naver.com/mnews/article/021/0002803449?sid=103,,
에버랜드 입장,2026. 7. 8.,"2026 강원 국제 모터 페스타, 18일 인제서 개막…나이트 레이스로 여름...","올 시즌 총 8라운드로 편성된 슈퍼레이스는 용인 에버랜드 스피드웨이, 영암 코리아 인터내셔널 서킷, 인제... 확대로 이어질지도 관심사다. 2026 강원 국제 모터 페스타 입장권은 온라인 예매 플랫폼 'NOL티켓'에서 판매된다.",dailysportshankook.co.kr,https://www.dailysportshankook.co.kr/news/articleView.html?idxno=430862,,
에버랜드 입장,2026. 7. 8.,jTBC 사태와 터널링(부당지원) 의혹,"SLL중앙 입장에서는 개꿀이지만, jTBC 입장에서는 완전 노예계약이다. 기형적인 밸류체인인 것이다. 결국... 에버랜드 전환사채 불법 승계때도 매우 신랄하게 비판했었다. 하지만 그 비판의 칼은 자신의 사주일가...",ngonews.kr,https://www.ngonews.kr/news/articleView.html?idxno=232431,,
에버랜드 입장,2026. 7. 6.,에버랜드 점령한 아이브 멤버들 목격담 확산에 팬들 성지순례,매장 입장 후 에버랜드 모바일앱으로 스페셜 패스를 예약하면 원하는 멤버의 포토패스를 수령할 수 있다. 패스 뒷면 QR코드를 통해 모바일 미션을 완료한 이용자에게는 한정판 포토카드를 추가로 증정한다....,sports.donga.com,https://n.news.naver.com/mnews/article/382/0001281799?sid=103,,
에버랜드 입장,2026. 7. 6.,[Who Is ?] 장인화 포스코홀딩스 대표이사 회장,"'국내 1호 재난 안전 박사학위 보유자'로 알려진 그는 삼성에버랜드, 삼성물산 리조트부문의 안전총괄을... 나란히 입장하고 있다. <연합뉴스> △2030년 그룹 시가총액 200조 목표 제시 장인화는 포스코그룹의 시가...",businesspost.co.kr,https://www.businesspost.co.kr/BP?command=article_view&num=441344,,
에버랜드 입장,2026. 7. 5.,"촌캉스 바지 입고 가면 반값…에버랜드, '촌캉스 밤마실' 이벤트 진행","에버랜드, '촌캉스 밤마실' 스페셜 이벤트 진행 (사진=에버랜드) 삼성물산 리조트부문이 운영하는... 7월 한 달간 꽃무늬나 땡땡이 패턴의 레트로 바지를 입고 방문하면 2만 5000원에 입장할 수 있다. 정상가 대비 최대 50...",edaily.co.kr,https://n.news.naver.com/mnews/article/018/0006323136?sid=103,,
에버랜드 입장,2026. 7. 4.,"아이브, 에버랜드와 '포에버 아이브'로 여름 콜라보 전개","에버랜드 입장권과 함께 포토패스 1종, 모바일 미션 콘텐츠를 묶은 형태로, 이용객들이 놀이공원 곳곳을 돌며 미션을 수행하는 과정에서 자연스럽게 아이브와 공식 캐릭터 '미니브(MINIVE)'의 세계관을 접하도록...",topstarnews.net,https://www.topstarnews.net/news/articleView.html?idxno=16123550,,
에버랜드 입장,2026. 7. 3.,"[김성주 더봄] 코스프레, 모방의 생태학","입장료가 1만8000원이란다. 안내요원이 두 번이나 말해준다. 뭣도 모르는 중년으로 생각한 모양이다. 입장권을... 삼성에버랜드에서 오랫동안 '환상의 나라'를 설계하며 쌓은 노하우를 바탕으로, 현재는 슬로우빌리지...",womaneconomy.co.kr,https://www.womaneconomy.co.kr/news/articleView.html?idxno=255649,,
에버랜드 입장,2026. 7. 2.,"[유통레이더] 이마트, LG생건과 손잡고 초저가 순면 생리대 출시…“개...","에버랜드가 7~8월 두 달간 낮에는 시골 테마 체험존, 밤에는 세계 길거리음식 야시장을 즐기는 '촌캉스 밤마실' 이벤트를 연다고 2일 밝혔다. 꽃무늬나 땡땡이 패턴 등 레트로 촌캉스룩을 입고 방문하면 최대 50% 입장료...",mydaily.co.kr,https://n.news.naver.com/mnews/article/117/0004080956?sid=103,,
에버랜드 입장,2026. 7. 2.,"에버랜드, 시골 감성·세계 야시장 담은 여름 축제 '촌캉스 밤마실' 진행","▲에버랜드, '촌캉스 밤마실' 스페셜 이벤트 삼성물산 리조트부문이 운영하는 에버랜드는 여름방학과... 7월에는 꽃무늬나 땡땡이 무늬 등 촌캉스 복장을 착용한 방문객을 대상으로 입장권 할인과 '루이&후이의 촌캉스...",thefirstmedia.net,http://www.thefirstmedia.net/news/articleView.html?idxno=202932,,
에버랜드 입장,2026. 7. 2.,"에버랜드, 여름 시즌 '촌캉스 밤마실' 스페셜 이벤트 진행",2만5천원에 에버랜드를 이용할 수 있는 특별 프로모션을 진행한다. 뿐만 아니라 4일부터 오픈하는 '루이&후이의 촌캉스' 테마 체험존에 우선 입장할 수 있는 혜택도 함께 제공된다. 축제콘텐츠존에 마련된 촌캉스...,kgnews.co.kr,https://www.kgnews.co.kr/news/article.html?no=902326,,
에버랜드 입장,2026. 7. 2.,"""낮에는 시골 바캉스, 밤에는 야시장""…에버랜드, 여름 '촌캉스 밤마실...",에버랜드는 7월 한 달간 레트로 촌캉스 바지를 입고 방문한 고객에게 입장권 할인 혜택을 제공한다. 꽃무늬나 땡땡이 무늬 등 촌캉스 콘셉트의 바지를 입으면 정상가보다 50% 이상 낮은 2만5000원에 에버랜드를 이용할 수...,hankyung.com,https://n.news.naver.com/mnews/article/015/0005305517?sid=101,,
에버랜드 입장,2026. 7. 2.,여름방학 어디 갈까? 에버랜드 촌캉스·불꽃쇼·야시장 한 번에 즐긴다,에버랜드가 여름방학과 휴가철을 맞아 7~8월 두 달간 특별 여름 축제 '촌캉스 밤마실'을 선보인다. 이번... 2만5천원에 입장할 수 있는 특별 프로모션이 진행된다. 또한 4일부터 운영되는 '루이&후이의 촌캉스' 테마 체험존...,kizmom.com,https://www.kizmom.com/news/articleView.html?idxno=111314,,
에버랜드 입장,2026. 7. 2.,"에버랜드, 여름 '촌캉스 밤마실' 연다…판다 테마존부터 야시장까지",에버랜드는 7~8월 본격적인 여름방학과 휴가철을 맞아 '촌캉스 밤마실' 스페셜 이벤트를 진행한다고 2일... 오는 4일 개장하는 '루이&후이의 촌캉스' 테마 체험존 우선 입장 혜택도 제공한다. 촌캉스 테마존에서는 시골...,mt.co.kr,https://n.news.naver.com/mnews/article/008/0005380508?sid=103,,
에버랜드 입장,2026. 7. 2.,"에버랜드, 7·8월 ‘촌캉스 밤마실’ 연다",에버랜드는 7월 한 달간 레트로 촌캉스 바지를 입고 방문한 고객에게 입장권 할인 혜택을 제공한다. 꽃무늬나 땡땡이 무늬 등 촌캉스 콘셉트의 바지를 입으면 정상가보다 50% 이상 낮은 2만5000원에 에버랜드를 이용할 수...,sedaily.com,https://n.news.naver.com/mnews/article/011/0004637362?sid=103,,
에버랜드 입장,2026. 7. 2.,"에버랜드, 판다 테마 촌캉스·세계 야시장 선보인다",7월 한 달간 꽃무늬나 땡땡이 패턴 등 레트로풍 촌캉스 바지를 입고 방문하는 고객은 2만5000원에 에버랜드를 이용할 수 있다. 4일부터 문을 여는 '루이&후이의 촌캉스' 테마 체험존 우선 입장 기회도 제공된다. 촌캉스...,newsquest.co.kr,https://www.newsquest.co.kr/news/articleView.html?idxno=268937,,
에버랜드 입장,2026. 7. 2.,"에버랜드, 여름 시즌 ‘촌캉스 밤마실’ 이벤트 연다",삼성물산 리조트부문이 운영하는 에버랜드가 여름방학과 휴가철을 맞아 7~8월 ‘촌캉스 밤마실’ 스페셜... 2만5000원에 입장할 수 있다. 또 4일부터 운영되는 ‘루이&후이의 촌캉스’ 체험존 우선 입장 혜택도 제공한다....,biz.heraldcorp.com,https://n.news.naver.com/mnews/article/016/0002664649?sid=101,,
에버랜드 입장,2026. 7. 2.,"에버랜드, 여름 더위 나기에 제격 ‘촌캉스 밤마실’ 운영",대상으로 에버랜드 이용권을 2만5000원에 구매할 수 있는 프로모션이 진행된다. 이와 함께 4일부터 운영되는 ‘루이&후이의 촌캉스’ 테마 체험존 우선 입장 혜택도 제공된다. 축제콘텐츠존에 조성되는 촌캉스...,etoday.co.kr,https://www.etoday.co.kr/news/view/2599503,,
에버랜드 입장,2026. 7. 2.,"에버랜드, 여름방학 맞아 '촌캉스 밤마실' 이벤트 진행",삼성물산 리조트부문이 운영하는 에버랜드는 오는 8월까지 여름방학과 휴가철을 맞아 '촌캉스 밤마실... 이 달 꽃무늬나 땡땡이 패턴 등 레트로 촌캉스 바지를 입고 방문하면 최대 50% 이상 할인된 2만5000원에 입장할 수...,etnews.com,https://n.news.naver.com/mnews/article/030/0003443656?sid=101,,
에버랜드 입장,2026. 7. 2.,"에버랜드, 여름 시즌 '촌캉스 밤마실' 스페셜 이벤트 진행",2만5천원에 에버랜드를 이용할 수 있는 특별 프로모션을 진행한다. 뿐만 아니라 4일부터 오픈하는 '루이&후이의 촌캉스' 테마 체험존에 우선 입장할 수 있는 혜택도 함께 제공된다. 축제콘텐츠존에 마련된 촌캉스...,edu.donga.com,https://edu.donga.com/news/articleView.html?idxno=109513,,
에버랜드 입장,2026. 7. 2.,"에버랜드, 여름 시즌 '촌캉스 밤마실' 스페셜 이벤트 진행",2만5000원에 에버랜드를 이용할 수 있는 특별 프로모션을 진행한다. 뿐만 아니라 4일부터 오픈하는 '루이&후이의 촌캉스' 테마 체험존에 우선 입장할 수 있는 혜택도 함께 제공된다. 축제콘텐츠존에 마련된 촌캉스...,view.asiae.co.kr,https://n.news.naver.com/mnews/article/277/0005784484?sid=101,,
에버랜드 입장,2026. 7. 2.,'촌캉스'가 에버랜드에 떴다…반값 할인에 야시장까지,에버랜드는 이달 한 달간 꽃무늬나 물방울 패턴 등 레트로 촌캉스 바지를 입고 방문하는 이용객에게 이용권 반값 할인 혜택을 제공한다. 아울러 오는 4일부터 문이 열리는 '루이&후이의 촌캉스' 테마 체험존에 우선 입장할...,news1.kr,https://n.news.naver.com/mnews/article/421/0009036257?sid=103,,
에버랜드 입장,2026. 7. 2.,"에버랜드, 여름 시즌 '촌캉스 밤마실' 스페셜 이벤트",2만5000원에 에버랜드를 이용할 수 있는 특별 프로모션이 진행된다. 여기에 4일부터 운영되는 ‘루이&후이의 촌캉스’ 테마 체험존에 우선 입장할 수 있는 혜택도 함께 제공된다. 축제 콘텐츠존에 마련된 촌캉스...,g-enews.com,https://www.g-enews.com/view.php?ud=202607020830231540a96f092d0c_1,,
에버랜드 입장,2026. 7. 1.,"캐리비안 베이, '워터 뮤직 풀파티' 라인업 공개","오는 7월 3일부터 8월 30일까지 캐리비안 베이 이용객은 당일 원하는 시간에 에버랜드를 무료로 입장할 수 있어, 워터파크와 에버랜드의 '워터 페스티벌'을 하루에 모두 즐길 수 있다. 자세한 이용 정보는 캐리비안...",ggilbo.com,https://www.ggilbo.com/news/articleView.html?idxno=1166171,,
공간대여,2026. 7. 9.,"여름의 옥천, 자연 속 휴식과 역사 탐방이 어우러진 가볼 만한 곳","관련 물품과 함께 앞치마, 허브티 등 여러 제품이 전시되어 소량부터 박스 단위까지 구매가 가능하다. 이곳은 음료와 디저트에 대한 소통의 장을 제공하며, 매장 운영 관련 상담이나 사진 촬영을 위한 공간 대여도 지원한다.",joongangenews.com,https://www.joongangenews.com/news/articleView.html?idxno=529462,,
공간대여,2026. 7. 9.,[유통가 오늘] CUㆍ롯데홈쇼핑ㆍ유한킴벌리ㆍ이랜드파크,"로컬 푸드 연계 판매 공간도 별도로 조성해 지역 주민과의 상생을 도모하며 새로운 편의점 모델을 제시하고... 패키지는 ▲식사 메뉴(한식·양식 중 택1), ▲음주류 무제한 혜택, ▲생일 케이크, ▲돌상차림, ▲돌복 대여...",cnbnews.com,https://www.cnbnews.com/news/articleView.html?idxno=1007570,,
공간대여,2026. 7. 9.,[민주 라이프] 골프존·신라호텔·이랜드파크·휘닉스파크앤리조트,"행사는 15층 메인 연회장 센트럴파크에서 진행되며 실제 돌잔치 분위기를 체험할 수 있는 공간을 선보인다.... 식사 메뉴와 돌상차림, 돌복 대여, 성장 동영상 제작, 전문 사회자 서비스 등을 포함했으며 8인 가족...",iminju.net,http://www.iminju.net/news/articleView.html?idxno=166437,,
공간대여,2026. 7. 9.,"켄싱턴호텔 여의도, 맞춤형 돌잔치 페어 연다","이번 페어는 아이의 첫 생일을 호텔 연회 공간에서 준비하려는 고객을 겨냥했다. 가족 규모와 예산, 선호하는... 해당 상품은 식사, 음주류, 생일 케이크, 돌상차림, 돌복 대여, 성장 동영상 제작, 전문 사회자 서비스 등을 한...",thepowernews.co.kr,https://www.thepowernews.co.kr/view.php?ud=202607091325438958de3f0aa1be_7,,
공간대여,2026. 7. 9.,"인공지능 시대, 책이 묻고 사람이 답하다","작가 강연, 북토크, 사인회 등 독자 참여 프로그램 운영비부터 부스 장비 대여, 온·오프라인 홍보비까지... 음악과 책을 결합한 돛과 닻의 감성적인 음향 장비 부스, 작가의 작업실을 그대로 옮겨놓은 듯한 서사원의 공간...",korea.kr,https://www.korea.kr/news/reporterView.do?newsId=148967583&call_from=naver_news,,
공간대여,2026. 7. 9.,"켄싱턴호텔 여의도, 돌잔치 페어 17일 개최","행사장에는 실제 돌잔치 분위기를 볼 수 있는 공간 연출도 마련된다. 호텔 측은 고객이 계약 전 행사장... 올인클루시브 패키지에는 식사 메뉴, 음주류 무제한 혜택, 생일 케이크, 돌상차림, 돌복 대여, 성장 동영상 제작...",newstnt.com,https://www.newstnt.com/news/articleView.html?idxno=709591,,
공간대여,2026. 7. 9.,"이랜드파크 켄싱턴호텔 여의도, 프리미엄 '돌잔치 페어' 개최···'골드...","있는 공간 연출을 선보일 계획이다. 행사 당일 계약을 체결한 고객에게는 대관료 면제, 생일 케이크, 전문... 패키지는 ▲식사 메뉴(한식·양식 중 택1) ▲음주류 무제한 혜택 ▲생일 케이크 ▲돌상차림 ▲돌복 대여...",ngonews.kr,https://www.ngonews.kr/news/articleView.html?idxno=232529,,
공간대여,2026. 7. 9.,"서대문구, 초등학생 가족 8팀과 떠나는 여름밤 별자리 여행… 쌍안경 4...",참가 가족에게는 별자리 관찰에 활용할 수 있는 쌍안경을 4주 동안 무료로 대여해 일회성 행사에 그치지 않고 집과 생활 공간에서도 밤하늘을 꾸준히 관찰할 수 있도록 지원한다. 이번 프로그램은 '과학 도구 빌려주는...,gukjenews.com,https://www.gukjenews.com/news/articleView.html?idxno=3630926,,
공간대여,2026. 7. 9.,"켄싱턴호텔 여의도, 프리미엄 돌잔치 페어 개최…맞춤형 상담·혜택 강...","돌잔치 공간을 구현해 고객들이 행사 분위기를 직접 체험할 수 있도록 했다. 행사 당일 계약 고객에게는... 패키지는 식사 메뉴(한식·양식 선택), 무제한 음주류, 생일 케이크, 돌상차림, 돌복 대여, 성장 동영상 제작...",dailysmart.co.kr,http://www.dailysmart.co.kr/news/articleView.html?idxno=126692,,
공간대여,2026. 7. 9.,"켄싱턴호텔 여의도, 돌잔치 페어 '픽 유어 퍼스트' 개최","맞춤형 공간 연출도 선보일 계획이다. 행사 당일 계약한 고객에게는 대관료, 생일 케이크, 전문 사회자... 이 패키지는 식사 메뉴(한식·양식 중 택1), 음주류 무제한 혜택, 생일 케이크, 돌상차림, 돌복 대여, 성장 동영상...",nextdaily.co.kr,https://www.nextdaily.co.kr/news/articleView.html?idxno=251166,,
공간대여,2026. 7. 9.,선유도해수욕장 올여름 '가족 휴양지'로 진화한다,"휴식·체험 공간을 확대하는 등 운영 전반을 새롭게 개편했다. 가장 눈에 띄는 변화는 무료 편의서비스 확대다. 백사장에는 파라솔 100개를 무료로 설치·대여하고, 물놀이 안전을 위해 구명조끼 700벌도 무상으로 제공한다....",jeollailbo.com,http://www.jeollailbo.com/news/articleView.html?idxno=804893,,
공간대여,2026. 7. 9.,영암 월출산기찬랜드 11일 개장… 문화·체험 콘텐츠 대폭 확대,"휴양공간으로 관광객을 맞이할 예정이다. 군은 개장 행사와 가족 참여형 체험 프로그램, 주말 공연 등... 특히 풀장 주변에 울창한 소나무 숲산림욕장이 조성돼 있고, 대여 가능한 평상과 정자가 잘 구비돼 있다. 지정된...",cnbnews.com,https://www.cnbnews.com/news/articleView.html?idxno=1007522,,
공간대여,2026. 7. 9.,[1-LIFE] 1인 가구에 필요한 생활비 절약 노하우...'고정지출 다이어트',"OTT, 음악 스트리밍, 전자책, 클라우드 저장공간, 운동 앱, AI 서비스 등은 월 이용료가 적어 보여도 여러 개를... 충동구매 막는 '24시간 장바구니 법칙 의류와 가전은 물론 캠핑용품을 공유하거나 대여하면 목돈 지출을 줄일...",sisacast.kr,http://www.sisacast.kr/news/articleView.html?idxno=97596,,
공간대여,2026. 7. 9.,"호텔업계, 웨딩·돌잔치 수요 공략","돌잔치 분위기를 사전에 경험할 수 있도록 공간 연출을 선보일 계획이다. 행사 당일 계약한 고객에게는... 패키지는 식사 메뉴(한식ㆍ양식 중 택1), 음주류 무제한 혜택, 생일 케이크, 돌상차림, 돌복 대여, 성장 동영상...",wsobi.com,http://www.wsobi.com/news/articleView.html?idxno=314964,,
공간대여,2026. 7. 9.,"[라이프 PICK] 국내 숙박업계, 미식·행사·농가 연계로 차별화 시도","최근 한 명의 자녀에게 지출을 집중하는 보육 소비 경향을 겨냥해 연회 담당자가 직접 예산과 규모에 맞춘 공간 연출 기법을 제안할 예정이다. 준비 과정을 간소화하기 위해 무대 구성부터 의상 대여, 영상 제작까지...",lcnews.co.kr,https://www.lcnews.co.kr/news/articleView.html?idxno=204678,,
공간대여,2026. 7. 9.,"관악구, 조례 완화로 '골목상권' 서울 최다 지정 이끌어","우수 사례로는 노후 공간을 복합 정원문화공원으로 전환한 '낙성꽃뜰정원' 조성과 관악구 최초로 설치된... 무상대여로 이사비용 절감과 자원순환을 함께 챙긴 'Re:Use 착한이사'가 이름을 올렸다. 박준희 구청장은 ""기존의...",gukjenews.com,https://www.gukjenews.com/news/articleView.html?idxno=3630784,,
공간대여,2026. 7. 9.,올해 상반기 부산서 39편 영상작품 촬영…광안리 최다 촬영,"유지했지만, 대여일 수는 지난해 122일에서 184일로 늘었다. 부산에서 가장 많이 촬영된 곳은 도시의 상징적인 경관을 담을 수 있는 광안리와 광안대교로 나타났다. 이어 복합문화공간 도모헌(옛 부산시장 관사)과...",yna.co.kr,https://m.entertain.naver.com/article/001/0016184325,,
공간대여,2026. 7. 9.,"켄싱턴·반얀트리는 돌잔치, 워커힐은 산후조리 … 호텔가 '육아' 공략법","호텔 측은 고객이 실제 돌잔치 분위기를 사전에 경험할 수 있도록 맞춤형 공간 연출도 선보일 예정이다. 행사... 패키지는 식사 메뉴, 음주류 무제한 혜택, 생일 케이크, 돌상차림, 돌복 대여, 성장 동영상 제작, 전문 사회자...",biz.newdaily.co.kr,https://biz.newdaily.co.kr/site/data/html/2026/07/09/2026070900044.html,,
공간대여,2026. 7. 9.,"켄싱턴호텔 여의도, 프리미엄 돌잔치 페어 개최","이에 호텔업계가 전문 연회 서비스와 맞춤형 공간 연출을 앞세워 가족 단위 고객 공략에 나서고 있다.... 패키지는 식사 메뉴(한식·양식 중 선택), 음주류 무제한 혜택, 생일 케이크, 돌상차림, 돌복 대여, 성장 동영상 제작...",popcornnews.net,http://www.popcornnews.net/news/articleView.html?idxno=126063,,
공간대여,2026. 7. 9.,"이랜드파크 켄싱턴호텔 여의도, 돌잔치 페어 '픽 유어 퍼스트' 개최","고객이 실제 돌잔치 분위기를 사전에 경험할 수 있도록 맞춤형 공간 연출을 선보일 계획이다. 행사 당일... 패키지는 식사 메뉴(한식·양식 중 택1), 음주류 무제한 혜택, 생일 케이크, 돌상차림, 돌복 대여, 성장 동영상...",youthdaily.co.kr,https://www.youthdaily.co.kr/news/article.html?no=222606,,
공간대여,2026. 7. 9.,"침수 초기 대응체계 강화...광진구, 침수취약지역에 '통합형 자율대여 ...",자율대여 양수기함은 침수 초기 대응을 위해 수중펌프 세트와 모래주머니·물먹는 포대 등 차수 물품을 비치한 24시간 무인 대여함이다. 침수 위험이 있거나 지하공간·출입구 쪽 물 유입이 예상될 때 가까운 양수기함을...,cnbizm.com,https://www.cnbizm.com/news/articleView.html?idxno=308044,,
공간대여,2026. 7. 9.,"산후조리원 손잡고 돌잔치 페어까지…호텔업계, '키즈' 수요 잡는다",돌복 대여 △성장 동영상 제작 △전문 사회자 서비스 등으로 구성됐다. 회사 관계자는 “골드키즈 소비 트렌드 확산으로 돌잔치 시장의 프리미엄 수요가 확대되고 있다”며 “도심 속 한강 전망의 공간과 전문 연회...,edaily.co.kr,https://n.news.naver.com/mnews/article/018/0006325834?sid=101,,
공간대여,2026. 7. 9.,"HMK홀딩스그룹, ‘공유창고오렌지’ 3호 강동로데오점 개점",HMK홀딩스그룹은 향후에도 도심 내 공실 상가와 활용도가 낮은 지하 공간을 중심으로 보관 대여 서비스 규격에 부합하는 입지를 선별해 직영 지점 확장을 지속할 계획이다. HMK홀딩스그룹 관계자는 “공유창고오렌지는...,sentv.co.kr,https://www.sentv.co.kr/article/view/sentv202607070082,,
공간대여,2026. 7. 9.,[경제인사이드] 휴양지서 일한다… 복지 넘어 전략 된 '워케이션',공간과 시간의 유연한 조정이 업무 몰입도와 리프레시를 통한 창의적 아이디어 도출에 직접적인 기여를... 체험 대여 마케팅과 오피스 객실 빌트인 사업에 속도를 내고 있다. 한국관광공사 조사 결과 워케이션 참여자가...,newscj.com,https://www.newscj.com/news/articleView.html?idxno=3415450,,
공간대여,2026. 7. 9.,[비즈톡톡] 아이스크림 시장 규모 작아지는 데 美 밴루엔은 왜 한국에 ...,프리미엄 아이스크림이 단순히 제품을 판매하는 것이 아니라 공간과 브랜드 경험을 함께 소비하는... 자체 생산 시설을 구축하는 등 현재까지 출자와 대여금을 포함해 약 450억원을 투입했습니다. 업계에서는 향후...,biz.chosun.com,https://n.news.naver.com/mnews/article/366/0001177806?sid=101,,
공간대여,2026. 7. 9.,"'장외투쟁' 눈돌린 장동혁, '징계 거리두기' 한동훈…엇갈린 셈법","張, 참정권 집회·징계 드라이브 '투트랙'…강성 당원 결집 집중 韓, 징계 정국 거리두고 외통위·대여투쟁... 할 공간이 분명히 그쪽(강성 당원)이라고 판단하는 것""이라고 말했다. 당내에서는 장 대표가 사실상 장외투쟁을...",news.tf.co.kr,https://n.news.naver.com/mnews/article/629/0000514469?sid=100,,
공간대여,2026. 7. 8.,"동작구, '2026년 여름철 폭염종합대책' 추진...역대급 폭염에 대비","먼저, 신개념 야외 냉방 에어돔인 '해피소 해피동(해를 피하는 공간+HAPPY한 동작)'을 7월 내 노들나루공원에... 구청사와 동 주민센터 16개소에서는 누구나 이용할 수 있는 '양우산 무료 대여 서비스'를 운영한다. 아울러...",cnbizm.com,https://www.cnbizm.com/news/articleView.html?idxno=308033,,
공간대여,2026. 7. 8.,학교 오케스트라 활성화 발 벗고 나서는 부산시교육청,"악기 대여부터 운반, 수리까지의 행정 처리를 원스톱으로 지원한다. 이를 통해 고가의 신규 악기 구입... 공간의 혁신을 통한 문화예술교육 거점도 새롭게 조성된다. 폐교를 활용해 전국 최초의 ‘오페라 아카데미’를...",busan.com,https://n.news.naver.com/mnews/article/082/0001388959?sid=102,,
공간대여,2026. 7. 8.,"""고온 공급온도 108도 시스템 본격 가동""…LG전자, '히트펌프'로 글로벌...","이재성 LG전자 ES사업본부장(사장)은 ""주거 공간·상업시설은 물론 산업현장까지 냉난방과 열에너지 활용... 기기 대여나 명목상 홍보용 친환경 캠페인으로 끝나기 쉬운 기존 업계 관행과 격을 달리하는, 지속가능하고...",financialpost.co.kr,https://www.financialpost.co.kr/news/articleView.html?idxno=265605,,
공간대여,2026. 7. 8.,"[양껏써본 체험기] 소니, 눈·귀가 되다…'장인정신' α7M5 카메라·WF-10...","2주간 써본 α7M5는 대여 기간이 끝난 뒤에도 놓아주고 싶지 않은 복덩이였다. 우선 압도적인 것은 AF... 저장공간이 부족해 사진 크기를 줄여야 할 때 JPEG은 ▲엑스트라 파인 ▲파인 ▲표준 ▲라이트를, RAW는 ▲무손실...",econovill.com,https://www.econovill.com/news/articleView.html?idxno=744626,,
공간대여,2026. 7. 8.,[단신]‘광주 수족구병 유행…영유아 위생관리 당부’ 외,"정장 대여 등 생활밀착형 청년정책을 추진하고 있다. 올해 상반기 이용 실적은 총 1604건으로 집계됐으며... 학생 맞춤형 학습관리와 상담을 지원하는 자기주도학습 공간으로, 지역 교육경쟁력 강화와 학생 성장 지원에...",kukinews.com,https://www.kukinews.com/article/view/kuk202607080141,,
공간대여,2026. 7. 8.,부산에 ‘교권보호국’ 대신 ‘교육지원청 민원대응팀’ 생긴다…AI 튜...,거점 공간이 필요하다”고 말했다. 서부산권에는 이중언어와 국제교육 중심의 ‘글로컬 미들스쿨’ 설립이... 부산교육청은 2027년 악기공유센터를 개관해 학교에 악기를 무상 대여하고 운반·수리까지 지원할 계획이다....,munhwa.com,https://n.news.naver.com/mnews/article/021/0002803316?sid=102,,
공간대여,2026. 7. 8.,"롯데·현대百, '프리미엄 혁신'·'현장 체감 서비스' 통했다","롯데백화점의 이번 1위 탈환은 대대적인 공간 인프라 투자와 서비스 표준 재정비가 맞물린 결과다. 롯데는... 현대백화점 무역센터점을 찾은 주부 박모 씨는 ""현대백화점은 유모차 대여나 주차 등 사소한 동선마다 직원의...",asiatime.co.kr,https://www.asiatime.co.kr/article/20260708500348,,
공간대여,2026. 7. 8.,[주간 축제] “은어 잡고 숯불구이까지”… 봉화은어축제 25일 개막,맨손잡이 체험은 간이 공간에 풀어놓은 은어를 손으로 직접 잡는 방식으로 진행된다. 두 체험 프로그램의 참가비는 각각 1만2000원이다. 이 가운데 5000원은 봉화사랑상품권으로 환급받을 수 있다. 반두는 별도 대여료를...,biz.chosun.com,https://n.news.naver.com/mnews/article/366/0001177661?sid=102,,
공간대여,2026. 7. 8.,"휴머노이드 로봇 렌탈시장 성장세, 가정용 구독 모델도 등장","글로벌 로봇 시장에서 휴머노이드 로봇을 직접 구매하지 않고 대여하는 렌탈·구독 모델이 로봇 산업의... 생성형 AI는 인터넷에 축적된 텍스트와 이미지를 활용해 학습할 수 있지만, 로봇은 실제 공간에서 물건을 잡고...",ekoreanews.co.kr,https://www.ekoreanews.co.kr/news/articleView.html?idxno=86949,,
공간대여,2026. 7. 8.,"순천의 자연과 역사를 만나는 여름, 가볼 만한 명소",교복 대여 체험으로 이색적인 추억을 사진에 담기도 한다. 잘 관리된 세트장은 다양한 볼거리를 제공한다. 순천시 조곡동의 청춘창고는 낡은 농협 양곡창고가 청년들의 꿈을 키우는 창업 인큐베이팅 공간으로 탈바꿈한...,stardailynews.co.kr,https://www.stardailynews.co.kr/news/articleView.html?idxno=541582,,
공간대여,2026. 7. 8.,"한복 전통시장 활성화, 무형유산 전승 논의로 확장","전승 공간으로 살핀다는 점에서 의미를 갖는다. ▲'한복생활', 인류무형문화유산 등재를 위한 제4차... 이번 심포지엄은 한복 수요와 소비 감소, 한복 대여 확대, 온라인 유통 확산 등 변화 속에서 전통 한복시장이 겪는...",sctoday.co.kr,http://www.sctoday.co.kr/news/articleView.html?idxno=48124,,
공간대여,2026. 7. 8.,"동작구, 폭염 대응 강화…냉방 에어돔·스마트그늘막 가동","이곳의 명칭에는 해를 피하는 공간과 행복(해피)한 동작이라는 의미를 담았다. 또한 기온에 따라 자동... 구청사와 동주민센터 16곳에서는 양우산 무료 대여 서비스를 한다. 류삼영 구청장은 ""기후위기로 폭염이...",yna.co.kr,https://n.news.naver.com/mnews/article/001/0016182422?sid=102,,
공간대여,2026. 7. 8.,"[김홍권 칼럼] 마트·슈퍼마켓 세무, 놓치면 손해 보는 포인트 5가지",""" 자료를 받아 검토해보니 과세와 면세를 제대로 구분하지 않았고, 매장 간 자금 대여가 제대로 관리되지... 사업자에게 공간을 임대해주는 매장이 섞여 있는 경우가 많다. 정육, 수산, 베이커리, 화장품 코너가 대표적인...",financialreview.co.kr,http://www.financialreview.co.kr/news/articleView.html?idxno=43393,,
공간대여,2026. 7. 8.,"[인터뷰] 홍우태 세컨신드롬 대표 ""최초 셀프스토리지 책임감…산업표...","한국형 공간 대여 시장의 서막을 올린 순간이었다. ■ 최초이자 1등 셀프스토리지…산업 표준을 만드는 책임감 -간단한 회사 소개와 함께 경영 철학이 무엇인지 궁금합니다. ""미니 창고 다락이라는 셀프스토리지 서비스를...",ebn.co.kr,https://www.ebn.co.kr/news/articleView.html?idxno=1715497,,
공간대여,2026. 7. 8.,[8일 서울 동작구] 20일까지 '주민 소통의 날' 개최 등,"먼저, 신개념 야외 냉방 에어돔인 ‘해피소 해피동(해를 피하는 공간+HAPPY한 동작)’을 7월 내... 구청사와 동 주민센터 16개소에서는 누구나 이용할 수 있는 ‘양우산 무료 대여 서비스’를 운영한다. 아울러 폭염에...",asiatime.co.kr,https://www.asiatime.co.kr/article/20260708500105,,
공간대여,2026. 7. 8.,OTT 한파에도 부산 영화 촬영 늘었다,상반기 영화와 영상물 등 4편을 유치해 지난해와 비슷한 수준을 유지했지만 스튜디오 대여일수는 122일에서... 복합문화공간 도모헌과 폐교를 오픈세트장으로 활용한 부산남고등학교도 대체 불가능한 공간 특성으로...,sedaily.com,https://n.news.naver.com/mnews/article/011/0004639294?sid=102,,
공간대여,2026. 7. 8.,"인니·필리핀·UAE로 날아오른다…KF-21, 10년내 200대 영공 장악","여러 애널리스트 보고서는 한국의 대여성 금융 지원 패키지가 결합된 20대 도입 구조를 유력한 방안으로... 이 '제3의 공간'은 오히려 급속도로 확장되는 흐름""이라고 진단했다. 10년 뒤 200대의 KF-21이 자카르타...",g-enews.com,https://www.g-enews.com/view.php?ud=202607080715546940e8b8a793f7_1,,
공간대여,2026. 7. 8.,로비엔 ‘소닉’-베개엔 ‘헬로 키티’… 특급호텔의 발랄한 변신,스폰지밥 객실 패키지에는 굿즈와 어린이 전용 텐트 무료 대여 혜택 등이 담겼다. 서울 용산구 서울드래곤시티도 카카오프렌즈와 협업한 캐릭터 테마 객실 패키지를 운영 중이다. 객실 침구와 소품 등 공간 전반에 올해...,donga.com,https://n.news.naver.com/mnews/article/020/0003732253?sid=101,,
공간대여,2026. 7. 7.,"AI가 먼저 답한다”… 패스트파이브, 오피스 운영 방식 바꿨다","이에 따라 현장 매니저는 시설 관리와 공간 운영, 고객 경험 개선 등 보다 전문성이 필요한 업무에 집중할... 패스트파이브는 앞으로 시설 이용과 출입 관리, 계약 변경, 비품 대여 등 운영 매니저 확인이 필요한...",venturesquare.net,https://www.venturesquare.net/1096626/,,
공간대여,2026. 7. 7.,[곡성소식] 구직자 대상 '관내기업 면접비 지원사업'추진 외,"이번 사업은 취업을 준비하는 과정에서 교통비, 정장 대여비 등 필수적으로 발생하는 경제적 비용을... 갤러리107을 지역 문화예술 거점 공간으로 활성화하고, 군민들의 문화예술 향유 기회를 확대하기 위해 추진된다....",daily.hankooki.com,https://daily.hankooki.com/news/articleView.html?idxno=1383732,,
공간대여,2026. 7. 7.,"이통3사, AIDC 사업 경쟁 치열…차별화 전략 승부","AI 특화 코로케이션은 SKT가 공간과 전력, 냉각 등의 환경을 제공하는 방식으로 이번에 건설하는 대규모 AIDC에서 글로벌 빅테크와 국내 수요자에게 공간을 대여한다. AI 컴퓨팅 클라우드는 GPU 등 AI 컴퓨팅 자원을...",g-enews.com,https://www.g-enews.com/view.php?ud=2026070710180487793d7a510102_1,,
공간대여,2026. 7. 7.,"패스트파이브, AI 챗봇으로 문의 80% 자동 해결…""오피스 운영 효율 높였...","반복적인 문의를 AI가 담당하면서 현장 매니저는 시설 관리와 공간 운영, 고객 경험 개선 등 보다 전문성이... 향후 시설 이용과 출입 관리, 계약 변경, 비품 대여 등 운영 매니저의 확인이 필요한 업무까지 AI 적용...",epnc.co.kr,https://www.epnc.co.kr/news/articleView.html?idxno=403982,,
공간대여,2026. 7. 7.,<IT 사랑방> 가상 오피스의 퇴장과 하이브리드 워크: 기술은 왜 인간의...,"최근 공유 오피스가 단순한 책상 대여를 넘어 커뮤니티 중심의 유연한 공간으로 재탄생하고, 주거 시장에서 재택근무를 고려한 가변형 공간 설계(프롭테크 및 스마트 홈 기술)가 주목받는 이유도 이와 궤를 같이한다....",ifs.or.kr,http://www.ifs.or.kr/bbs/board.php?bo_table=News&wr_id=55875,,
공간대여,2026. 7. 7.,대여 공세 집중하는 장동혁…인천 등 '참정권 집회' 참석 예고도,"내며 대여 공세에 집중하고 있다. 당 중앙윤리위원회가 당내 의원들을 향한 징계 논의에 착수하면서 당... 온라인 공간에 '이재명 찬양'만 남는 세상, 저들이 원하는 대한민국""이라고 했다. 장 대표는 광주 여고생...",newsis.com,https://n.news.naver.com/mnews/article/003/0014051855?sid=100,,
공간대여,2026. 7. 7.,"패스트파이브, AI 챗봇 도입해 문의 응대 강화","비품 대여 등 운영 매니저 확인이 필요한 영역에도 표준 안내 체계를 강화한다. AI 챗봇의 응대 범위를 단계적으로 넓혀 반복 업무는 자동화하고, 현장 인력은 입주사 만족도와 공간 서비스 품질 향상에 집중할 수 있는...",hansbiz.co.kr,http://www.hansbiz.co.kr/news/articleView.html?idxno=848643,,
공간대여,2026. 7. 7.,"금산군, 아인수림공원 어린이 물놀이장 10일 개장","충남 금산군은 여름철 어린이들에게 시원하고 쾌적한 휴식 공간을 제공하기 위해 오는 10일 아인수림공원... 무료 대여 서비스도 함께 제공한다. 군 관계자는 ""어린이와 가족들이 안심하고 즐길 수 있도록 안전하고...",ccdn.co.kr,https://www.ccdn.co.kr/news/articleView.html?idxno=1086972,,
공간대여,2026. 7. 7.,"'개정 정보통신망법' 시행 첫날 정면충돌...국민의힘 ""헌법소원·전면개...","표현의 자유 대 허위정보 규제 논란, 정국 새 전선 부상 국민의힘, '온라인 검열' 프레임으로 대여 공세 본격화... ■ 표현의 자유와 허위정보 규제의 충돌 이번 논란의 핵심은 표현의 자유와 온라인 공간의 책임성 가운데...",news2day.co.kr,https://www.news2day.co.kr/article/20260707500172,,
공간대여,2026. 7. 7.,"금산군, 10일 아인수림공원 어린이 물놀이장 개장","금산군 제공 금산군은 여름철 어린이들에게 시원하고 쾌적한 휴식 공간을 제공하기 위해 오는 10일... 무료 대여 서비스도 함께 제공한다. 군 관계자는 ""어린이와 가족들이 안심하고 즐길 수 있도록 안전하고 쾌적한...",ggilbo.com,https://www.ggilbo.com/news/articleView.html?idxno=1167939,,
공간대여,2026. 7. 7.,"패스트파이브, 'AI 챗봇'이 매니저 역할...""10건 중 8건 자동 해결""","비품 대여 등 운영 매니저의 확인이 필요한 영역에 대해서도 AI 챗봇 응대 범위를 단계적으로 넓혀갈 방침이다. 반복 업무는 자동화하고, 현장 인력은 입주사 만족도 제고와 공간 서비스 품질을 높이는 업무에 더욱...",zdnet.co.kr,https://n.news.naver.com/mnews/article/092/0002429564?sid=105,,
공간대여,2026. 7. 7.,"우리금융, 스타트업에 7조원 투자…2026 WFRI 컨퍼런스 개최","최근 국내 금융지주사들의 벤처 투자 및 스타트업 육성 기조는 단순한 자금 지원이나 공간 대여 위주의 1차원적 방식을 넘어, 전 계열사의 자본력을 유기적으로 연결해 기업의 생애주기 전반을 책임지는 '토탈 케어형...",cnbnews.com,https://www.cnbnews.com/news/articleView.html?idxno=1007203,,
공간대여,2026. 7. 7.,"패스트파이브, AI 기반 운영 체계 강화...""문의 10건 중 8건, 상담원 없...","비품 대여 등 운영 매니저의 확인이 필요한 영역에 대해서도 표준 안내 체계를 강화해 AI 챗봇의 응대 범위를 단계적으로 넓혀갈 방침이다. 반복 업무는 자동화하고, 현장 인력은 입주사 만족도 제고와 공간 서비스...",aitimes.kr,https://www.aitimes.kr/news/articleView.html?idxno=40866,,
공간대여,2026. 7. 7.,모르면 손해…세금만 냈는데 인천공항 혜택이?! [동영상],"사무공간: PC, 복사기, 팩스 등 설치하여 업무공간으로 사용가능 휴식공간: 쇼파, 티테이블을 비치하고 음료와 다과 제공 납세지원: 각종신고서·신청접접및 국세증명 발급 서비스 제공 대여서비스: 휴대용 통.번역기 무료...",joseilbo.com,https://n.news.naver.com/mnews/article/123/0002386057?sid=101,,
공간대여,2026. 7. 7.,금산군 7월 10일 아인수림공원 어린이 물놀이장 개장,"▲ 금산군 제공 충남 금산군은 여름철 어린이들에게 시원하고 쾌적한 휴식 공간을 제공하기 위해 오는 10일... 무료 대여 서비스도 함께 제공한다. 군 관계자는 ""어린이와 가족들이 안심하고 즐길 수 있도록 안전하고...",cctimes.kr,http://www.cctimes.kr/news/articleView.html?idxno=915301,,
공간대여,2026. 7. 7.,"금산군, 아인수림공원 어린이 물놀이장 10일 개장","충남 금산군은 여름철 어린이들에게 시원하고 쾌적한 휴식 공간을 제공하기 위해 오는 10일 아인수림공원... 군은 보호자 편의를 위해 물놀이장 주변에 그늘막을 추가로 설치하고, 이용객을 대상으로 돗자리 무료 대여...",jeonmae.co.kr,https://www.jeonmae.co.kr/news/articleView.html?idxno=1272225,,
공간대여,2026. 7. 7.,‘안 봐도 보이는’ 스마트 글래스 부작용,수요가 늘어나면서 중국에서는 스마트 안경 대여 사업까지 성행하고 있다. 한 대여업자는 최근 4개월간 1000명... 그러나 스마트 글래스 열풍은 시험장을 포함한 일상 공간에서의 개인정보 침해로 이어질 수 있다. 메타가...,ilyosisa.co.kr,https://www.ilyosisa.co.kr/news/article.html?no=256739,,
공간대여,2026. 7. 7.,"금산군, 아인수림공원 어린이 물놀이장 10일 개장","충남 금산군은 여름철 어린이들에게 시원하고 쾌적한 휴식공간을 제공하기 위해 아인수림공원 어린이... 설치해 보호자들이 편안하게 휴식을 취할 수 있도록 하고, 이용객을 위한 돗자리 무료 대여 서비스도 제공한다.",news1.kr,https://n.news.naver.com/mnews/article/421/0009044583?sid=102,,
공간대여,2026. 7. 7.,"금산군, 아인수림공원 물놀이장 개장... '무료 운영' 가족 피서명소 기...","금산군은 여름철 어린이들에게 시원하고 쾌적한 휴식 공간을 제공하기 위해 오는 10일 아인수림공원 어린이... 무료 대여 서비스도 제공해 현장 편의성을 높일 예정이다. 군 관계자는 ""어린이와 가족들이 안심하고 즐길 수...",newsworker.co.kr,http://www.newsworker.co.kr/news/articleView.html?idxno=434975,,
공간대여,2026. 7. 7.,"해줌, 설치비 3억원도 대신 낸다…’초기 비용 0원’ 태양광 대여사업 ...",태양광 대여사업’ 참여 기업을 모집한다. 이번 사업은 공장 지붕이나 건물 옥상 등 유휴 공간에 태양광 발전설비를 설치하는 방식으로 진행된다. 가장 큰 특징은...,venturesquare.net,https://www.venturesquare.net/1096409/,,
공간대여,2026. 7. 7.,"""와이파이 어디로 붙나요"" 묻자 6초 만에 답, 패스트파이브 매니저 대신...","사무 공간을 오가며 마주치는 생활 밀착형 항목이 대부분을 차지한 셈이다. 와이파이 접속 정보나 프린트... 앞으로는 시설 이용과 출입 관리, 계약 변경, 비품 대여처럼 운영 매니저의 확인이 필요한 영역까지 표준 안내...",econovill.com,https://www.econovill.com/news/articleView.html?idxno=744484,,
공간대여,2026. 7. 7.,"[프롭테크 뉴스브리핑] 패스트파이브, AI 기반 운영 체계 강화","비품 대여 등 운영 매니저의 확인이 필요한 영역에 대해서도 표준 안내 체계를 강화해 AI 챗봇의 응대 범위를 단계적으로 넓혀갈 방침이다. 반복 업무는 자동화하고, 현장 인력은 입주사 만족도 제고와 공간 서비스...",asiatime.co.kr,https://www.asiatime.co.kr/article/20260707500106,,
공간대여,2026. 7. 7.,"해줌, 공장·건물 대상 태양광 대여사업 출시",해줌은 공장과 건물 소유주를 대상으로 '해줌 태양광 대여사업' 참여 기업을 모집한다고 7일 밝혔다. 이 사업은 공장 지붕과 건물 옥상 등 유휴 공간에 태양광 발전설비를 설치하는 방식으로 운영된다. 참여 기업은 별도의...,ikld.kr,http://www.ikld.kr/news/articleView.html?idxno=337167,,
공간대여,2026. 7. 7.,"패스트파이브, AI 기반 운영 체계 강화","비품 대여 등 운영 매니저의 확인이 필요한 영역에 대해서도 표준 안내 체계를 강화해 AI 챗봇의 응대 범위를 단계적으로 넓혀갈 방침이다. 반복 업무는 자동화하고, 현장 인력은 입주사 만족도 제고와 공간 서비스...",ikld.kr,http://www.ikld.kr/news/articleView.html?idxno=337152,,
공간대여,2026. 7. 7.,"경북교육청, 학도병 기록물 전시 ‘소년의 시간’ 성료","전시공간에서 개최한 경상북도 학도병 기록물 전시회 ‘소년의 시간’을 성황리에 마무리했다고 6일 밝혔다.... 기증하거나 대여한 사진, 졸업장, 학생증, 참전수기, 학적부 등 다양한 기록물이 공개돼 관람객들의 관심을...",sports.donga.com,https://n.news.naver.com/mnews/article/382/0001281927?sid=102,,
공간대여,2026. 7. 6.,울산 올 첫 '폭염주의보',"현장과 선상, 선실에 총 260여개 휴게공간을 마련하고 이동식 버스 쉼터 10여대 운영하는 한편... 도로 살수차량과 양심양산대여소, 생수냉장고를 운영하는 등 생활밀착형 폭염 대응도 강화한다. gpfk2202@",ulsanpress.net,https://www.ulsanpress.net/news/articleView.html?idxno=578628,,
공간대여,2026. 7. 6.,"희경루 옆 작은 논, 함께 심고 함께 돌보는 예술","그러던 중 사용자공유공간PlanC를 9년여 동안 무상 대여했던 집주인이 이젠 팔아야겠다는 비보를 전해왔다. 예술가들의 공유 전시공간이었던 그곳이 사라지는 것도 가슴 아픈 일이었지만, 구들장논으로 얽혀있던...",jndn.com,http://www.jndn.com/article.php?aid=1783328404435564058,,
공간대여,2026. 7. 6.,"희경루 옆 작은 논, 함께 심고 함께 돌보는 예술","그러던 중 사용자공유공간PlanC를 9년여 동안 무상 대여했던 집주인이 이젠 팔아야겠다는 비보를 전해왔다. 예술가들의 공유 전시공간이었던 그곳이 사라지는 것도 가슴 아픈 일이었지만, 구들장논으로 얽혀있던...",jndn.com,http://www.jndn.com/article.php?aid=1783326956435558058,,
공간대여,2026. 7. 6.,전주시 측량업체 대상 일제 지도·점검 실시,"점검은 '공간정보의 구축 및 관리 등에 관한 법률'에 따라 측량업체의 등록 기준 준수 여부를 확인하고, 불법... 주요 점검 내용은 △법적 등록기준(기술인력 및 측량장비) 준수 여부 △측량업 등록증 및 장비 불법 대여...",jeollailbo.com,http://www.jeollailbo.com/news/articleView.html?idxno=804583,,
공간대여,2026. 7. 6.,이준영의 WE (42회),32구를 수용할 수 있는 시신 안치 공간이 꽉 찼습니다. 그런데도 시신을 안치할 수 있냐는 문의 전화가... 이번 대여는 브렉시트 이후 영국과 프랑스의 문화 협력을 상징하는 사례로도 주목받고 있습니다. 오늘의...,obsnews.co.kr,https://www.obsnews.co.kr/news/articleView.html?idxno=1529688,,
공간대여,2026. 7. 6.,울산 올해 첫 폭염특보…전력수요 급증 속 산업계·지자체 비상,"현장과 선상, 선실에 총 260여개 휴게공간을 마련하고 이동식 버스 쉼터 10여대 운영하는 한편... 도로 살수차량과 양심양산대여소, 생수냉장고를 운영하는 등 생활밀착형 폭염 대응도 강화한다.",yna.co.kr,https://n.news.naver.com/mnews/article/001/0016178356?sid=102,,
공간대여,2026. 7. 6.,"SK에코플랜트, 교육·카페 접목한 주민시설 도입…“주거 모델 차별화”",아이엔지스토리는 스터디카페 브랜드 ‘작심’의 프리미엄 인테리어와 서비스를 커뮤니티 공간에... 커피머신도 무상으로 대여한다. SK에코플랜트는 지난 2024년 테라로사와 함께 드파인 브랜드의 정체성을 담은 전용...,g-enews.com,https://www.g-enews.com/view.php?ud=202607061420021909514e0091f6_1,,
공간대여,2026. 7. 6.,"“아이는 체험, 부모는 휴식”…호텔가 여름방학 특화 프로그램 쏟아진...","'패밀리 풀 앤 펀 패키지'는 객실 1박에 물총·튜브·DIY 비치볼 키트 중 선택 제공, 웰컴 드링크, BBQ 장비 대여를 포함한다. 2박 일정의 캠핑 패키지 '핫 서머 풀 캠프'는 수영장 이용과 독립 샤워공간을 갖췄으며, 관내...",digitalchosun.dizzo.com,http://digitalchosun.dizzo.com/site/data/html_dir/2026/07/06/2026070680135.html,,
공간대여,2026. 7. 6.,"전주시, 측량업체 대상 일제 지도·점검 실시",이번 점검은 ‘공간정보의 구축 및 관리 등에 관한 법률’에 따라 측량업체의 등록 기준 준수 여부를... 주요 점검 내용은 △법적 등록기준(기술인력 및 측량장비) 준수 여부 △측량업 등록증 및 장비 불법 대여 행위...,thepowernews.co.kr,https://www.thepowernews.co.kr/view.php?ud=2026070614434124223dfcd109a8_7,,
공간대여,2026. 7. 6.,"[펫뉴스] 올여름 반려견과 함께하는 '펫캉스' 제안 카시아 속초, 펫룸 런...","있는 공간에 대한 관심이 높아지고 있다. 세계적인 프리미엄 호텔&리조트 그룹인 반얀그룹의 '카시아 속초... 이와 더불어, 펫 동반 투숙객을 대상으로 운영되는 반려견 유모차 대여 서비스도 업그레이드했다. 반려동물...",ibabynews.com,https://www.ibabynews.com/news/articleView.html?idxno=152635,,
공간대여,2026. 7. 6.,"세종의 여름, 아이와 함께 가볼만한 곳은?",체험공간으로 소개되고 있다. 여름철 더위를 식히기엔 공공캠핑장 물놀이 시설도 좋은 선택이다.... 물총 대여 서비스를 운영한다. 어린이 동반 가족을 위해 전문 안전관리 요원을 상시 배치하고 용수를 매일 전량...,goodmorningcc.com,https://www.goodmorningcc.com/news/articleView.html?idxno=448533,,
공간대여,2026. 7. 6.,"옥천의 여름, 숲과 물이 어우러진 가볼 만한 곳","매장 운영 관련 문의나 상담도 가능하며, 음료와 디저트에 대한 소통을 즐길 수 있는 장소이다. 사진 촬영을 위한 공간 대여도 가능하여, 특별한 분위기에서 촬영을 원하는 이들에게 유용하다. ▮ CBC뉴스ㅣCBCNEWS",cbci.co.kr,https://www.cbci.co.kr/news/articleView.html?idxno=586816,,
공간대여,2026. 7. 6.,"인천문화예술회관, 재개관 첫 기획 박신양 초대전 '제4의 벽' 개최",인천미술은행은 지역 작가들의 작품을 수집·관리하고 전시와 대여 등을 통해 시민들에게 소개하는 사업을 운영하고 있다. 공공 소장품을 문화공간에서 지속적으로 선보이며 지역 미술 생태계의 창작 기반을 넓히는...,kmaeil.com,https://www.kmaeil.com/news/articleView.html?idxno=644410,,
공간대여,2026. 7. 6.,"""청년 혁신가 한자리에""…교육부, '학생창업주간' 개막",한복 대여 비즈니스를 최초로 고안한 ㈜한복남의 박세상 대표는 고유문화를 활용한 부가가치 창출 패러다임과 로컬 자원을 통한 지역 문제 해결 전략을 전수한다. 이 같은 움직임은 대학을 학문 탐구의 공간에 가두지...,youthdaily.co.kr,https://www.youthdaily.co.kr/news/article.html?no=222353,,
공간대여,2026. 7. 6.,"금강 따라 흐르는 공주의 여름, 자연 속에서 찾은 평온한 가볼 만한 곳","신관동에 자리 잡은 금강신관공원은 매년 백제문화제의 중심지 역할을 하는 시민 휴식 공간이다. 이곳에는 3.... 자전거를 대여하여 강변을 따라 자전거를 즐길 수 있다. 강물 위로 햇살이 반짝이는 여름날, 여유롭게...",stardailynews.co.kr,https://www.stardailynews.co.kr/news/articleView.html?idxno=541575,,
공간대여,2026. 7. 6.,무료 요트부터 해상케이블카까지…올여름 여수에서 꼭 해야 할 바다 여...,"체험비와 장비 대여료는 모두 무료다. 다만 샤워장과 물품보관함은 유료이며, 여수시민은 신분증 제시 시... 1989년 조성된 거북선공원은 거북 모양의 인공호수와 분수, 잔디광장, 야외무대가 어우러진 시민 휴식공간이다....",tournews21.com,https://www.tournews21.com/news/articleView.html?idxno=137894,,
공간대여,2026. 7. 6.,"노동안전보건은 원청의 책임, 원청은 교섭에 나서라","설치한다거나, 대여받은 시설·설비를 교체하는 것은 현실적으로 불가능하다. 결국 노동안전보건 문제에 관한 개선은 오직 물적 토대를 장악하고 있는 원청 사용자만이 가능하다. 특히 원·하청 노동자들이 같은 공간에서...",ohmynews.com,https://n.news.naver.com/mnews/article/047/0002521610?sid=102,,
공간대여,2026. 7. 6.,"가평 자라섬 야외수영장, 오는 11일 개장… “무더위 날릴 도심 속 피서...","수영장은 이용객의 연령과 편의를 고려해 성인풀, 청소년풀, 유아풀 등 3개의 공간으로 나뉘어 조성됐으며, 썬베드와 테이블, 평상 등은 유료로 대여할 수 있다....",breaknews.com,http://www.breaknews.com/1219348,,
공간대여,2026. 7. 6.,"광주시, 여름철 물놀이시설 불법촬영 예방 점검 강화",특히 탈의실과 화장실 등 사생활 보호가 필요한 공간에 대한 안전 점검 요구가 커지는 가운데 광주시가... 한편 광주시는 시민들이 가정이나 개인 시설에서도 자체 점검을 할 수 있도록 불법촬영 탐지장비 무상 대여 사업도...,discoverynews.kr,https://www.discoverynews.kr/news/articleView.html?idxno=1095313,,
공간대여,2026. 7. 6.,"인천시, 여름방학 맞아 청소년 유해환경 집중 수사",판매·대여 행위 등도 함께 점검한다. 청소년보호법은 청소년의 건전한 성장환경을 조성하기 위해 유해업소... 최근에는 신종 업종과 복합문화공간이 늘어나면서 청소년 출입 제한 기준을 명확히 안내하고 업소의 자율적인...,kmaeil.com,https://www.kmaeil.com/news/articleView.html?idxno=644389,,
공간대여,2026. 7. 6.,"[전격시사] 민주, 보완수사권 처리 강행? (박성준) 보완수사요구권으로...",투쟁인데 대여 투쟁도 그냥 발목 잡기란 말이에요. 좀 나이스하고 세련되게 해야 되는데 그러한 정치적 공간을 못 만들다 보니까 오늘날 이렇게 되는 거고 저는 그냥 머지않아 국민의힘 의원들 다 들어올 것 같은데요....,news.kbs.co.kr,https://n.news.naver.com/mnews/article/056/0012212245?sid=100,,
공간대여,2026. 7. 6.,"전주시, 등록 측량업체 47곳 일제 점검…""불법행위 차단""","이번 점검은 '공간정보의 구축 및 관리 등에 관한 법률'에 따라 측량업체의 등록 기준 준수 여부를 확인하고, 등록증 불법 대여 등 위법 행위를 사전에 차단해 건전한 측량업 시장을 조성하기 위해 추진된다. 주요 점검...",newsis.com,https://n.news.naver.com/mnews/article/003/0014047999?sid=102,,
공간대여,2026. 7. 6.,"전주시, 측량시장 신뢰도 전면 점검","등록증 대여, 장비 불법 임대 등 중대한 위반사항이 확인될 경우에는 관련 법령에 따라 등록취소, 영업정지, 과태료 부과 등 강도 높은 행정처분을 실시할 예정이다. 이번 점검은 단순한 업체 관리 차원을 넘어 공간정보의...",newsfreezone.co.kr,https://www.newsfreezone.co.kr/news/articleView.html?idxno=697959,,
공간대여,2026. 7. 6.,"부산시민공원, 독서·전통문화 품은 복합문화공간으로…시민·외국인 발...","대여되는 등 시민들의 높은 관심을 받았다. 올해는 어린이와 가족 단위 이용객을 위한 키즈존과 캠핑존, 시민서재 등을 확대하고 빈백과 선베드, 캠핑텐트 등을 설치해 도심 속 휴식과 독서를 함께 즐길 수 있는 공간으로...",viva100.com,https://www.viva100.com/article/20260706500393,,
공간대여,2026. 7. 6.,발리,"시·공간으로 여행자를 안내한다. 특히 7~9월이 되면 비가 내리지 않는 쾌적한 건기에 접어들어 말 그대로... 핵심은 어깨와 무릎을 가리는 것이며, 매표소 옆에서 무료로 대여해주는 보자기를 이용해 가려야 한다. 빠당빠당...",yonhapmidas.com,https://www.yonhapmidas.com/news/articleView.html?idxno=10421,,
공간대여,2026. 7. 6.,"""수영하러 카페·식당으로 가요""…달라진 여름 제주 피서법",텐트 대여부터 바비큐까지 글램핑이 가능한 곳이다. 아이들을 위한 에어바운스와 물놀이장 등을 갖춰 가족 단위 고객들에게 맞춤형 서비스를 제공한다. '코코컬처클럽'은 성산읍 신산리에 위치한 복합 문화 공간이다....,news1.kr,https://n.news.naver.com/mnews/article/421/0009041773?sid=102,,
공간대여,2026. 7. 6.,"[BS모닝]대부업체 4곳 중 1곳 공유오피스 사용…금융당국, 등록 요건 강...","명의대여 행위를 적발하는 데 한계가 있다는 지적이 나온다. 이에 금융위는 지난 2일 대부업 등록 요건을... 개정안은 공유오피스와 주택 등을 고정사업장으로 인정하지 않고, 독립된 출입문과 별도 공간을 갖춘...",segyebiz.com,http://www.segyebiz.com/newsView/20260705509454?OutUrl=naver,,
공간대여,2026. 7. 6.,농축수산물 판매장 제공…도농상생 결실,"서울 동서울농협(조합장 장만선)이 산지농협에 판매 공간을 무상 제공하는 도농상생 공동사업을 잇달아... 동서울농협은 본점 옆 157㎡(47평) 규모의 판매 공간을 영암낭주농협에 무상 제공했고, 영암낭주농협은 이곳에서...",nongmin.com,https://n.news.naver.com/mnews/article/662/0000098969?sid=102,,
공간대여,2026. 7. 5.,"中 애지봇, 런던 컨퍼런스서 유럽 최초로 A3 휴머노이드 공개","로봇들 대여 및 지원 서비스를 시작한다고 발표했다. 이 행사는 기술 혁신, 실제 환경 배포, 현지... ◇영국의 쇼핑몰과 상업공간에 배치 애지봇은 이미 영국에서 현지 소매점 배포 및 시나리오 보여주기를 시작했다....",irobotnews.com,https://www.irobotnews.com/news/articleView.html?idxno=47265,,
공간대여,2026. 7. 5.,[오션 뷰] 디지털 노마드가 꿈꾸는 부산,"지금까지 부산의 여름 경제는 파라솔 대여나 숙박, 음식 소비와 같은 단기 관광 수익을 올리는 일에 지나치게... 교류하는 공간으로 만드는 일이다. 해변 카페가 공유 오피스가 되고, 서핑숍과 마리나가 글로벌 네트워크의...",busan.com,https://n.news.naver.com/mnews/article/082/0001388365?sid=110,,
공간대여,2026. 7. 5.,"""안전문화 확산 나선다""ⵈ 교통안전공단, 수원역서 '오늘도 무사고' 캠...",경기도대여사업조합과 함께 교통안전문화 확산 캠페인을 전개했다고 밝혔다. '오늘도 무사고' 캠페인은... 대기 공간에서 기다리기 등 환승센터에서 지켜야 할 필수 안전수칙을 소개했다. '오(5)·늘·도 무(0)·사(4)·고'를...,ikld.kr,http://www.ikld.kr/news/articleView.html?idxno=337072,,
공간대여,2026. 7. 5.,"〈지금 속초는 ⑨속초해수욕장 명당은 유료 파라솔이 선점, 시민 돗자리...",■ 해수욕장은 장사터보다 먼저 공공 공간이다 파라솔 대여 사업 자체가 불법이라는 뜻은 아니다. 유료 편의시설 운영이 모두 문제라는 뜻도 아니다. 성수기 해수욕장...,breaknews.com,http://www.breaknews.com/1219244,,
공간대여,2026. 7. 5.,[전북일보-우석대학교 공동기획] ‘수소산업 보안관’ 한국가스안전공...,"수소안전기술원은 일부 입주 공간을 제공하며 기업의 연구 활동을 지원하고 있다. 수소안전기술원 관계자는 “최근에 수소안전기술원에 입주한 기업들이 있는데, 입주비 등을 받지 않고 관리비만 받고 사무실을 대여해줬...",jjan.kr,https://www.jjan.kr/article/20260705500338,,
공간대여,2026. 7. 5.,순천의 아름다운 풍경과 이야기가 가득한 가볼 만한 곳,조성된 공간이다. 2004년에 개관한 이곳은 순천만에 서식하는 조류와 갯벌 생태에 대한 정보를 제공하여... 교복 대여 체험도 가능하여 과거의 정취를 더욱 실감 나게 경험하는 데 도움을 준다. 조례동에 조성된...,joongangenews.com,https://www.joongangenews.com/news/articleView.html?idxno=528747,,
공간대여,2026. 7. 5.,[단독] 가스통·무신고 영업…이호 계절음식점 '관리 구멍',"이용료는 무료였지만 파라솔·평상 대여료는 2시간 기준 2만·3만원, 종일 이용은 5만·10만원으로 적혀 있었다. 문제는 해당 공간이 음식점 영업 신고를 받은 장소가 아니라는 점이다. 해수풀장은 주민참여예산 등을 통해...",jemin.com,https://www.jemin.com/news/articleView.html?idxno=839785,,
공간대여,2026. 7. 5.,"""여름 휴가 즐겨요"" 리조나레 괌, 공홈 예약 고객 대상 한정 프로모션 ...",최대 규모 워터파크에서는 만타 슬라이드와 유수풀을 비롯해 대형 튜브를 무료로 대여할 수... 놀이 공간 'Brick Studio'도 운영된다. 이밖에도 디럭스 이상 객실(이그제큐티브?스위트) 투숙객에게는 오후 4시 30분부터...,sportschosun.com,https://n.news.naver.com/mnews/article/076/0004422558?sid=101,,
공간대여,2026. 7. 5.,"대부업체 4곳 중 1곳 공유오피스 영업…금융위, 등록 요건 강화","문제는 이 같은 명의대여나 유령 영업이 의심되더라도, 현행 체제 내에선 단속이 어렵다는 점이다. 대부업... 최소한의 공간적 실체를 확보하게 만들어, 등록증 양도를 통한 불법사금융의 진입을 차단하겠다는 취지다....",biz.chosun.com,https://n.news.naver.com/mnews/article/366/0001176830?sid=101,,
공간대여,2026. 7. 5.,'집콕 시네마'의 진화... 홈 오디오로 극장 부럽지 않은 공간 음향 경험,"신제품을 LG전자에서 대여해 2주 남짓 써봤다. ""돌비 첨단 음향 기술 애트모스 첫 적용"" LG 사운드 스위트는... 배치해도 공간에 최적화한 입체 음향이 구현된다고 LG전자는 설명했다. 스피커 배치는 최대 50가지로 할 수...",hankookilbo.com,https://n.news.naver.com/mnews/article/469/0000940385?sid=105,,
공간대여,2026. 7. 5.,"""연인·가족과 함께 오세요""…롯데호텔 괌, 다채로운 프로그램 '눈길'","미끄럼틀과 트램폴린, 볼풀장 등으로 구성된 공간에서 창밖으로는 넓은 바다를 조망할 수 있어 아이들에게는... 햇빛이 강하지 않은 오전이나 늦은 오후 시간에는 해변에서 해수욕을 하거나 카약을 대여해 타는...",news1.kr,https://n.news.naver.com/mnews/article/421/0009040954?sid=101,,
공간대여,2026. 7. 5.,대부업체 4곳 중 1곳 공유오피스 영업…불법양도까지,"문제는 이 같은 명의대여나 유령 영업이 의심되더라도, 현행 체제 내에선 단속이 어렵다는 점이다. 대부업... 최소한의 공간적 실체를 확보하게 만들어, 등록증 양도를 통한 불법사금융의 진입을 차단하겠다는 취지다....",yna.co.kr,https://n.news.naver.com/mnews/article/001/0016176021?sid=101,,
공간대여,2026. 7. 4.,"픽코파트너스, 딩글스터디카페에 키오스크 기반 무인 운영 솔루션 공급",무인 매장 자동화 솔루션 기업 픽코파트너스가 프랜차이즈 브랜드 ‘딩글스터디카페’에 키오스크 기반의 통합 무인 운영 시스템을 공급했다고 밝혔다.최근 스터디카페 운영 패러다임이 단순한 공간 대여를 넘어 예약...,kbsm.net,https://www.kbsm.net/news/view.php?idx=525451,,
공간대여,2026. 7. 4.,"예스러움 품고 젊음 입은, 예상 밖 예산…세대·취향 넘어 함께 즐기는...",전용 공간도 마련되어 있다. 황하정루 주변에 있는 코끼리 석등과 포대화상도 함께 둘러볼 만하다. 내려가는... 정육점에서 고기를 산 후 불판 대여점에서 도구들을 빌려 장터광장에서 구워 먹는 이들이 많다. 주말에는...,khan.co.kr,https://n.news.naver.com/mnews/article/032/0003456014?sid=103,,
공간대여,2026. 7. 3.,[위클립] 7월 1주,"영화관 대여 등 사적 행사를 추진하고, 인사 비리와 현장 지휘권 부재 방치 등 의혹에 휩싸인 이력이 있다고... 노조는 ""기후 위기와 에너지 효율, 공간 효율성 면에서 가장 유리한 철도를 적극 활용하여 전국의 산업...",laborplus.co.kr,https://www.laborplus.co.kr/news/articleView.html?idxno=41094,,
공간대여,2026. 7. 3.,"여주시, 오학물놀이장 2일 개장…지역주민 1시간 먼저 입장","무료로 대여받을 수 있다. 시설도 대폭 확충됐다. 대형 슬라이드와 자동회전 물썰매 등 물놀이 시설을... 자쿠지는 기존 5개에서 10개로 확대했고, 대형 천막도 추가 설치해 휴식 공간을 늘렸다. 시는 개장 전 시설...",ohmynews.com,https://n.news.naver.com/mnews/article/047/0002521451?sid=100,,
공간대여,2026. 7. 3.,"TS, 수원역서 '오늘도 무사고' 캠페인…민관 협력 안전수칙 홍보","이번 캠페인은 수원시, 경기남부경찰청, 팔달경찰서, 한국철도공사, AK플라자(수원점), 경기도대여사업조합... 대기 공간 이용 등 혼잡 사고 예방 수칙도 강조됐다. 현장에서는 '오(5)‧늘‧도 무(0)‧사(4)‧고'를 상징하는...",dailian.co.kr,https://n.news.naver.com/mnews/article/119/0003107858?sid=101,,
공간대여,2026. 7. 3.,법사위 ‘서영교’ 공세 쏟아내지만...원 구성 대안 없는 국힘,민주당이 법사위를 포함한 11개 상임위원장을 단독 선출한 데 맞서 대여 투쟁의 명분을 쌓는 모습이다. 다만... 일각에서는 민주당이 이미 11개 상임위원장을 가져간 상황에서 남은 상임위원장까지 포기하면 원내 대응 공간...,kukinews.com,https://www.kukinews.com/article/view/kuk202607030134,,
공간대여,2026. 7. 3.,[박찬현의 횡설종설(橫設從設)] '당원 중심주의'의 민낯,선명성과 대여 투쟁 능력을 강조하는 그의 메시지는 당 내부를 향할 때 날카로운 칼날이 된다. 조금이라도... 선거라는 제도 공간에서 승리하려면 핵심 지지층을 넘어 대다수 보통 시민들의 상식과 이해관계에 부합해야...,ilyoseoul.co.kr,https://www.ilyoseoul.co.kr/news/articleView.html?idxno=519349,,
공간대여,2026. 7. 3.,"[퇴근길포인트] 이재명 대통령, 우주항공 국가 안보 미래 성장 산업 육...",이 대통령은 세계 기술 패권 경쟁이 지구 밖 우주 공간으로 넓어지고 있다고 진단했다. 과거 국가 주도의... 자금은 대여하지 않겠다는 입장을 냈다. 노동조합과 근로자대표는 회생절차 계속 진행을 요구했다. 그러나...,pointdaily.co.kr,https://www.pointdaily.co.kr/news/articleView.html?idxno=310651,,
공간대여,2026. 7. 3.,"리조나레 괌, 룸 크레딧 쏜다 “지갑은 가볍게, 휴양은 무겁게”",구명조끼 대여 등을 무료로 제공한다. 현장 스태프들이 주도하는 참여형 게임 이벤트 ‘클럽 만타’도 매일... 장난감과 보드게임이 구비된 액티비티룸과 전문 강사가 상주하는 블록 놀이 공간 ‘Brick Studio’가...,enter.etoday.co.kr,https://enter.etoday.co.kr/news/view/299297,,
공간대여,2026. 7. 3.,"TS, 수원역서 '오늘도 무사고' 캠페인…전국 교통거점 확대","이번 캠페인에는 수원시와 경기남부경찰청, 팔달경찰서, 한국철도공사, AK플라자 수원점, 경기도대여사업조... 대기공간 이용 등 환승센터 안전수칙도 함께 홍보했다. TS는 앞으로 인천공항과 제주공항 등 전국 주요...",news1.kr,https://n.news.naver.com/mnews/article/421/0009040140?sid=101,,
공간대여,2026. 7. 3.,"TS, 수원역서 ‘오늘도 무사고’ 캠페인 전개","(수원점)·경기도대여사업조합과 함께 ‘오늘도 무사고’ 현장 릴레이 캠페인을 전개했다. TS는 6대 핵심... 대기 공간 이용)을 홍보했다. ‘오(5)·늘·도 무(0)·사(4)·고’를 상징하는 5.04초 스톱워치 게임, 음주 운전...",lawissue.co.kr,http://www.lawissue.co.kr/view.php?ud=20260703171329868567191f6c6e_12,,
공간대여,2026. 7. 3.,"익산 가볼만한곳, 백제의 시간을 걷는 여름날의 문화 기행","풍요로운 자연 속에서 다채로운 문화유산과 현대적인 체험 공간이 조화를 이루는 익산에는 색다른 가볼... 방문객은 의상을 대여하여 교도관이나 죄수 복장을 하고 이색적인 기념 사진을 남기거나, 천연 잔디가 깔린...",cbci.co.kr,https://www.cbci.co.kr/news/articleView.html?idxno=586504,,
공간대여,2026. 7. 3.,"화순에서 만나는 천년의 지혜와 비경, 여름날 가볼 만한 곳","푸른 산과 맑은 물줄기가 어우러진 풍경 속에서 오랜 역사와 선조들의 지혜가 담긴 공간들을 만날 수 있다.... 또한, 취사도구나 물놀이 용품 대여도 가능하여 편리하게 이용할 수 있다. ▮ CBC뉴스ㅣCBCNEWS",cbci.co.kr,https://www.cbci.co.kr/news/articleView.html?idxno=586491,,
공간대여,2026. 7. 3.,성수4지구 시공권 어디로…대우 '보증·공사비' vs 롯데 '강남⋅롯데타...,"대우건설은 전 가구에 거실 외부 공간과 분리된 포켓 테라스를 적용했다. 이는 눈, 비바람, 배수에... 이주비 대여에 있어 LTV 100%를 적용한다는 방침이다. 또한 어메니티 이용료의 경우, 연 5억2000만원 규모의 브랜드...",newspim.com,https://www.newspim.com/news/view/20260703000795,,
공간대여,2026. 7. 3.,"TS, 수원역서 '오늘도 무사고' 캠페인 전개",현장에는 △수원시 △경기남부경찰청 △팔달경찰서 △한국철도공사 △AK플라자 수원점 △경기도대여사업조... 대기 공간에서 기다리기 등 환승센터 이용 시 필요한 생활형 안전수칙이 포함됐다. 시민 참여형 프로그램도...,asiatime.co.kr,https://www.asiatime.co.kr/article/20260703500290,,
공간대여,2026. 7. 3.,"""참여형 체험으로 안전 문화 확산""... TS, 수원역서 '오늘도 무사고' 캠...","이번 행사에는 수원시와 경기남부경찰청, 팔달경찰서, 한국철도공사, AK플라자 수원점, 경기도대여사업조합... 대기공간 이용 등을 집중 홍보했다. 행사장에서는 '오(5)·늘·도 무(0)·사(4)·고'를 의미하는 5.04초 스톱워치...",thefirstmedia.net,http://www.thefirstmedia.net/news/articleView.html?idxno=203030,,
공간대여,2026. 7. 3.,"코웨이, 8월 27일까지 얼음 정수기 대여료 할인 '아이스 페스타' 행사","코웨이는 공간 효율을 극대화한 초소형 사이즈부터 쾌속 제빙 기능을 갖춘 대용량 모델, 인테리어 효과를 높인 다양한 색상까지 라인업을 구축해 소비자 선택의 폭을 넓혔다. 행사 기간 공식 홈페이지 코웨이닷컴에서...",hbnpress.com,https://hbnpress.com/news/view/1065594641791347,,
공간대여,2026. 7. 3.,"TS, 수원역서 '오늘도 무사고' 현장 릴레이 캠페인",경기도대여사업조합과 함께 교통안전문화 확산 캠페인을 전개했다고 밝혔다. '오늘도 무사고'는 교통안전... 대기공간 이용 등을 홍보했다. '오(5)·늘·도 무(0)·사(4)·고'를 상징하는 5.04초 맞추기 게임과 음주운전 고글...,bizwork.co.kr,https://www.bizwork.co.kr/news/articleView.html?idxno=417099,,
공간대여,2026. 7. 3.,'징계' 꺼낸 장동혁…기강 잡기? 적은 늘고 동지는 줄었다,"발의, 대여 공세 등 다방면으로 당 중진들과 접촉면을 넓히고 있다. 반면 장 대표는 친한계에 이어 김재섭·김용태 의원 등 젊은 정치인들과도 신경전을 펼치면서 강경파와 강성 지지층만을 중심으로 스스로 공간을 좁히고...",sisajournal.com,https://n.news.naver.com/mnews/article/586/0000132996?sid=100,,
공간대여,2026. 7. 3.,"구미에서 만나는 자연과 도시의 조화, 여름날의 특별한 가볼 만한 곳","체험 공간이 건강한 휴식과 여가를 선사한다. 양호동의 낙동강체육공원은 도심과 가까운 낙동강 둔치에... 공원 내에서는 무료 자전거 대여 서비스를 이용할 수 있으며, 플라타너스 산책로와 계절별로 조성되는 꽃길을...",topstarnews.net,https://www.topstarnews.net/news/articleView.html?idxno=16108405,,
공간대여,2026. 7. 3.,"""폭염엔 야간 개장까지"" 여주시 오학물놀이장 운영 시작","무료로 대여할 수 있다. 또한, 이용객의 편의를 대형 슬라이드, 자동회전 물썰매 등 놀이시설을 확충했고, ‘냉방 쉼터’와 ‘가족탈의실’이 신설 및 자쿠지 수 확대(기존 5개에서 10개)를 통해 쾌적한 휴식 공간을...",m-economynews.com,https://www.m-economynews.com/news/article.html?no=68398,,
공간대여,2026. 7. 3.,색으로 사람과 세상을 잇다... 펭귄마을 공방 '컬러브릿지',"광주 출신인 최 대표는 2019년부터 양림동에서 근대의상 대여점인 '미광의상실'을 운영하고 있다. 양림동의... 그래서 색을 중심으로 사람들과 소통할 수 있는 공간을 만들어 보자는 생각을 했습니다."" 현재 컬러브릿지는...",ohmynews.com,https://n.news.naver.com/mnews/article/047/0002521398?sid=102,,
공간대여,2026. 7. 3.,"""왜 하필 미국에?"" 메타의 '클라우드 드림'에 던진 냉정한 질문","메타가 남는 AI 인프라를 외부에 대여하는 '클라우드 시장' 진출 소식에 주가가 폭등했다. 기존 강자인... 더글라스는 ""원시 데이터센터 공간을 그대로 가져다 쓸 수 있는 기업은 많지 않다""며 ""따라서 수요 고객층이 매우...",fortunekorea.co.kr,https://www.fortunekorea.co.kr/news/articleView.html?idxno=53087,,
공간대여,2026. 7. 3.,소니가 걷어낸 디스크···산다는 것의 정의 바꾼 디지털 독점의 이면,이용자 간의 중고 거래나 타이틀 대여 행위 자체가 원천 차단되기 때문에 마켓에서 발생하는 모든 부가가치... 실물 디스크가 있었다면 선반에 남아 영구히 보존됐을 개인의 가치가 가상 공간 속에서 흔적 없이 지워지는...,globale.co.kr,https://www.globale.co.kr/news/articleView.html?idxno=39165,,
공간대여,2026. 7. 3.,"여주시, 본격 여름 맞이 오학물놀이장 운영… 시민 우선입장·놀이시설...","무료로 대여받을 수 있다. 시설도 한층 업그레이드됐다. 대형 슬라이드와 자동회전 물썰매 등 물놀이 시설을... 휴식 공간을 제공하겠다""고 말했다. 이용요금은 1인 기준 1만원이며, 6세 이하 어린이는 무료로 입장할 수...",m-i.kr,https://www.m-i.kr/news/articleView.html?idxno=1387997,,
공간대여,2026. 7. 3.,[패트롤] 화성시-여주시-오산시-이천시,있는 공간이다. 화성시는 이곳에서 힐링가드너 프로그램을 운영하며 정원 가꾸기와 치유 활동을 연계한... 무료로 대여한다. 놀이시설과 편의시설도 확대했다. 대형 슬라이드와 자동회전 물썰매 등 물놀이 시설을 갖췄고...,ekn.kr,https://www.ekn.kr/web/view.php?key=20260703025368997,,
공간대여,2026. 7. 3.,"[위클리오늘] 여주시, '오학물놀이장' 8월 30일까지 운영…시민 혜택·편...","물론 작년과 마찬가지로 시민이라면 구명조끼와 튜브 대여도 무료다. 또한, 올해는 이용객의 편의를... 대형 천막도 추가 설치되어 쾌적한 휴식 공간을 제공한다. 이용 요금은 1인 1일 기준 10,000원(6세 이하 무료)이며...",weeklytoday.com,http://www.weeklytoday.com/news/articleView.html?idxno=783350,,
공간대여,2026. 7. 3.,"농심, 서울시 공공예식장 ‘스드메’ 보탠다… 청년결혼 문턱 낮추기 지...","이에 따라 농심은 선정된 부부들에게 스튜디오 촬영과 드레스 대여, 메이크업 등 예식 준비에 필요한 제반... 공공 예식 공간에 민간 기업의 자원이 결합하면서 이용자들에게 실질적인 혜택이 돌아갈 것이라는 관측이다....",donga.com,https://n.news.naver.com/mnews/article/020/0003731341?sid=101,,
공간대여,2026. 7. 3.,"""게임 디스크 안 만든다"" 소니 발표에 소유권 논란 재점화","할인 판매 접근성이 높고, 보관 공간이 필요 없다는 점도 다운로드 구매 확산의 배경이다. 반면 실물 패키지를 선호해온 이용자들은 중고거래와 대여, 선물, 소장 가치가 줄어든다는 점을 문제로 지적한다. 디스크가...",smedaily.co.kr,http://www.smedaily.co.kr/news/articleView.html?idxno=359717,,
공간대여,2026. 7. 3.,"[TN 인터뷰] '괜찮아마을' 홍동우 대표 ""서울만 답 아냐…로컬은 새로운...",스쿠터 대여점에서 출발했다. 이후 2014년 법인을 설립하면서 전국 일주 여행 전문 기업이 됐고 그러다 2017년에 목포로 처음 내려왔다. '괜찮아마을'이라는 이름은 2018년에 처음 만들었다. 많은 사람이 지역의 유휴 공간을...,ntoday.co.kr,https://www.ntoday.co.kr/news/articleView.html?idxno=127933,,
공간대여,2026. 7. 3.,[부산 전시] 이번주에뭐볼까 [2026년 7월 1일~ ],사색 공간(1층) △프렌치 헤리티지(French Heritage) 영광의 뿌리가 된 문화유산(지하 1층)으로 구성된다. 고은... 전시는 부산현대미술관 소장품 29점과 대여 작품 16점까지 총 45점으로 구성된다. 부산현대미술관...,busan.com,https://n.news.naver.com/mnews/article/082/0001388154?sid=103,,
공간대여,2026. 7. 3.,"블럭팡, 세종 아름동에 4일 개점…레고 체험·대여 서비스 확대",아이 체험형 공간과 완구 대여 서비스에 대한 수요가 이어지면서 레고방 기반의 실내키즈카페형 매장이 지역 상권으로 확장되고 있다. 레고대여 전문 브랜드 블럭팡은 오는 4일 세종시 아름동에 ‘블럭팡 세종아름점’...,thevaluenews.co.kr,http://www.thevaluenews.co.kr/news/view.php?idx=199821,,
공간대여,2026. 7. 3.,"남산은 무료, 광교역사공원은 3만 원... 예비부부들 몰린다","서울시도 남산 한남웨딩가든, 용산가족공원, 월드컵공원 평화잔디광장 등 61곳을 공공예식장으로 대여해주... 울산시도 올해부터 태화강 국가정원 등 야외 8곳과 울산정원지원센터 등 실내 4곳을 공공예식 공간으로...",hankookilbo.com,https://n.news.naver.com/mnews/article/469/0000940127?sid=102,,
공간대여,2026. 7. 2.,"정읍시, 민생 안정·고용 활성화 종합대책 추진 박차","올해에는 17억 2600만원의 사업비를 투입해 정다운 투어 패키지, 창업 공간 채우기, 상권 노후 거리 정비 등... 무료 대여, 취업용 건강진단서 발급비 지원 등은 청년들의 구직 비용 부담을 크게 줄였다. 또한 취업 이후에도...",jeonmin.co.kr,http://www.jeonmin.co.kr/news/articleView.html?idxno=442673,,
공간대여,2026. 7. 2.,[2026 경기도 박물관·미술관 다시보기] 시흥오이도박물관,문화 공간이다. ■ 조개더미의 비밀-오이도 신석기 이야기 박물관 1층에서 아주대 도구박물관과 공동으로... 무상 대여 서비스를 제공한다. 신분증만 지참하면 누구나 자전거를 빌려 시원한 바닷바람을 맞으며 황새바위길...,kyeonggi.com,https://n.news.naver.com/mnews/article/666/0000113742?sid=103,,
공간대여,2026. 7. 2.,"소니, 2028년부터 플레이스테이션 게임 디스크 생산 중단…디지털 전환...","디스크는 중고 거래나 대여, 소장 등의 장점이 있지만 디지털 게임은 계정에 귀속되는 특성상 이러한 활용이 제한된다. 또한 저장 공간 확보와 장기적인 게임 보존 문제를 우려하는 목소리도 나오고 있다.  소니는 이와...",news.appstory.co.kr,https://news.appstory.co.kr/daily19305,,
공간대여,2026. 7. 2.,'협치'는 사라지고 '힘'만 남았다…국회 후반기 시작부터 충돌,"강력한 대여 투쟁을 선언했다. 여야가 원 구성 협상에 끝내 실패하면서 국회는 또다시 협상보다 힘이 앞서는... 협상 대신 힘으로 출발한 22대 국회 후반기가 대화의 공간을 회복할지, 아니면 입법 전쟁이 일상화되는 국회로...",kyongbuk.co.kr,https://www.kyongbuk.co.kr/news/articleView.html?idxno=4077293,,
공간대여,2026. 7. 2.,"테일러 스위프트, 뉴욕 한복판서 초호화 결혼식?… 비용만 최대 310억원","음악 공연과 스포츠를 모두 아우르는 상징적인 공간이라는 점에서, 팝스타와 풋볼 선수의 결합에... 가장 큰 비용은 장소 대여료다. 미국 웨딩 정보업체 더낫에 따르면 올해 일반적인 결혼식장 대여료는 평균...",edaily.co.kr,https://n.news.naver.com/mnews/article/018/0006321091?sid=104,,
공간대여,2026. 7. 2.,"김동선의 벤슨, 450억 투입에도 적자···공격 출점이 해법?","현재 신사동 부지는 F&B 계열사인 에프지코리아, 베러스쿱크리머리의 사무공간과 브랜드 거점으로 활용되고... 대신 회사는 출자 대신 운영자금을 명목으로 50억원을 단기 대여했다. 해당 대여는 이달 16일(이자율 연 4.6...",sisajournal-e.com,https://www.sisajournal-e.com/news/articleView.html?idxno=422146,,
공간대여,2026. 7. 2.,"역사와 쉼이 공존하는 여름 순천, 가볼 만한 곳",옛 교복을 대여하여 특별한 추억을 남기는 것도 가능하다. 연향동에 위치한 호남호국기념관은 6·25 전쟁 당시 호남지역 호국 영웅들의 숭고한 희생을 기리는 공간이다. 2020년 개관 이후 지역민들이 국가보훈의 의미를...,cbci.co.kr,https://www.cbci.co.kr/news/articleView.html?idxno=586246,,
공간대여,2026. 7. 2.,"[르포] 소수민족 문화 넘어 'K컬처' 촉매제, 연길 조선족민속원 '한복 열...","한복 대여 상점들이었다. 족히 수백 개가 넘어 보이는 한복 대여 매장 안에는 화려한 금박이 박힌 치마와... 겉으로는 소수민족 문화 구역이지만, 내적으로는 가장 현대적이고 세련된 형태의 한류가 숨 쉬는 공간이라는...",newspim.com,https://www.newspim.com/news/view/20260702001006,,
공간대여,2026. 7. 2.,"서로 다른 것들이 공존하는 도시 ""여기는 상하이!""","그로부터 2년이 지난 1921년, 중국에서 가장 국제화된 공간이자 도시 노동자가 많았던 상하이에서 공산주의... 대중교통 이용, 택시 호출과 결제, 공공자전거와 전동킥보드 대여, 택배 수령, 병원 예약, 각종 행정서비스 등...",mygoyang.com,http://www.mygoyang.com/news/articleView.html?idxno=89388,,
공간대여,2026. 7. 2.,"경기도 특사경, 룸카페-멀티방-홀덤펍 등 청소년 유해업소 집중단속","및 대여하는 행위는 3년 이하의 징역 또는 3000만 원 이하의 벌금, 청소년유해업소에서 청소년 출입 및... 한편 청소년의 룸카페 이용 실태는 우리 사회에서 꾸준히 논의되어 온 이슈로, 특히, '밀폐된 공간에서의 탈선'과...",cnbnews.com,https://www.cnbnews.com/news/articleView.html?idxno=1006739,,
공간대여,2026. 7. 2.,한일 인디 뮤지션 교류 프로젝트 ‘사운드나루@서울’ 개최,"기획과 제작, 공간 대여 등 프로젝트 운영 비용도 지원한다. 최보결 한국커뮤니티댄스협회 이사장은 “이번 프로젝트는 단순한 일회성 공연이 아니라 양국 인디 아티스트들이 지속할 수 있는 글로벌 네트워크를 만드는...",zdnet.co.kr,https://n.news.naver.com/mnews/article/092/0002429060?sid=105,,
공간대여,2026. 7. 2.,"장성에서 만나는 자연과 역사, 여름에 가볼 만한 곳","닭볶음탕과 같은 메뉴를 제공하며, 단체 모임에 적합한 넓은 공간을 갖추고 있다. 평상 대여 서비스도 운영하여 물놀이 후 편안하게 쉴 수 있는 환경을 제공한다. 주차 공간이 마련되어 있으며, 주변 자연의 경치를...",joongangenews.com,https://www.joongangenews.com/news/articleView.html?idxno=528313,,
공간대여,2026. 7. 2.,"DMZ 뮤페, ‘잘 살아 있음’이 누구에게나 당연한 음악축제",누구나 참여할 수 있는 공간을 만드는 것. 서로 다른 사람들이 대열을 이탈하지 않고 함께 머무르는 것. 가장 입바른 소리지만 가장 구현하기 어려운 과제를 실천해보기. 그것이야말로 인간활동의 출발점이라는 듯이....,h21.hani.co.kr,https://n.news.naver.com/mnews/article/036/0000053836?sid=103,,
공간대여,2026. 7. 2.,"서울 도심에 뜬 '성곽뷰' 파티 명소… 특별한 하루를 담는 공간, 파티룸...",공간대여 파티룸 '낙산경(景)'(대표 김경민)이 모임 문화를 즐기는 2030 세대와 소규모 단체 사이에서 조용히 입소문을 타고 있다. 지난 1일 기자가 찾은 낙산경은 이름 그대로 '낙산의 풍경(景)'을 실내로 끌어들인...,fntoday.co.kr,https://www.fntoday.co.kr/news/articleView.html?idxno=387392,,
공간대여,2026. 7. 2.,내년까지 서울 모든 학교에 지능형 과학실…“AI·디지털 탐구공간으로...,이번 정책은 과학실을 단순 실험 공간에서 데이터 기반 탐구 공간으로 바꾸는 데 초점이 있다. 기존 과학... K-STEM Bank가 운영되면 교사들은 수업에 필요한 디지털 탐구도구를 검색하고 대여할 수 있다. 서울시교육청은...,metroseoul.co.kr,http://www.metroseoul.co.kr/article/20260702500115,,
공간대여,2026. 7. 2.,"""90층에서 강풍맞은 코스피, 고소공포증 느끼나""","있는 공간들을 팔겠다라는 거죠. 그러면 시장에서 이런 해석이 가능합니다. '그래, 메타가 지금 데이터... 데 대여를 한다라는 거죠. 그러니까 그거를 당장 비워가지고 새로운 칩을 심어서 데이터 센터를 하기에는 지금...",ytn.co.kr,https://n.news.naver.com/mnews/article/052/0002373768?sid=101,,
공간대여,2026. 7. 2.,짐 줄이고 거리 짧게…'작은 이사' 인기,"하지만 며칠 안에 이사를 마쳐야 하는 사람들에게는 포장 서비스나 트럭 대여, 전문 이사 인력의 도움이 꼭... 이 같은 변화는 소형 주거 공간으로 이사하는 이들이 늘고 있기 때문으로 분석된다. 원룸 아파트 검색이 19...",koreadaily.com,https://www.koreadaily.com/article/20260701185822607,,
공간대여,2026. 7. 2.,"세종시 캠핑장, 여름 물놀이로 가족 휴가 즐거움 두 배","휴식 공간을 제공한다. 전월산국민여가캠핑장에는 문화체육관광부의 ‘2026년 야영장 활성화 지원사업’의 지원을 받아 이동식 에어수영장을 설치·운영한다. 또한, 물총을 무료로 대여하는 등 어린이와 가족이 함께 즐길...",viva100.com,https://www.viva100.com/article/20260702500423,,
공간대여,2026. 7. 2.,"블럭팡 세종아름점, 7월 4일 오픈…레고 체험·대여 서비스 운영","세종아름점은 민트 컬러를 중심으로 한 인테리어를 적용해 밝고 쾌적한 공간으로 조성될 예정이다. 매장에는 약 200여 종의 레고 제품이 마련되며, 이용자는 연령과 관심사에 맞춰 매장 체험 또는 대여 서비스를...",itbiznews.com,https://www.itbiznews.com/news/articleView.html?idxno=217975,,
공간대여,2026. 7. 2.,김대중컨벤션센터 전시홀 대관해 ‘웨딩박람회’ 열면 바보?…꼼수·편...,2일 서울경제 취재를 종합하면 전시 및 비즈니스 업무 대여 시설이 부족한 전남광주통합특별시 지역 특성 상... B웨딩 컨설팅 업체의 한 관계자는 “A업체가 마찬가지로 우리도 센터 내 남는 공간을 임대해 달라고...,sedaily.com,https://n.news.naver.com/mnews/article/011/0004637303?sid=102,,
공간대여,2026. 7. 2.,"검색 회사 넘어 AI 인프라 사업자로…네이버, 'AI 팩토리' 승부수 통할까","인프라 대여가 아닌 인프라부터 애플리케이션까지 전 주기를 잇는 역할을 지향한다""고 설명했다. 이... 이에 따라 증권가에서는 2027년 상반기 첫 가동 물량이 세종 자체 증설분보다는 별도 임차 공간을 중심으로...",digitaltoday.co.kr,https://www.digitaltoday.co.kr/news/articleView.html?idxno=680310,,
공간대여,2026. 7. 2.,"[인터뷰] 임병택 시흥시장 ""평범한 시민의 평범한 행복 지키겠다""","모든 시민이 함께 즐기는 공간을 만들고 사업 이익이 시흥시 전체 발전을 이끌도록 최선을 다하겠다. -시흥... 시는 지난해부터 순환형 시티투어 이층버스 운행을 시작했으며 거북섬 관광 자전거 무료 대여, 주차장 조성...",news1.kr,https://n.news.naver.com/mnews/article/421/0009036130?sid=102,,
공간대여,2026. 7. 2.,AI 콤팩트시티·5중 역세권… ‘B.I.G 부천’ 향해 힘찬 출발 [지방기획...,"면접 컨설팅, 화상 면접장 및 정장 무료 대여 등 취업 준비 전 과정을 돕는 청년리더샵(#) 역할은 대폭 확대시킨다. 기존 오정청년공간 통합 플랫폼인 드림센터로 조성한다. 조 시장은 “향후 공간별 기능을 체계화해 역량...",segye.com,https://n.news.naver.com/mnews/article/022/0004139891?sid=102,,
공간대여,2026. 7. 2.,600년 전 엄흥도의 충절부터 간송의 보물까지…대구·군위로 떠나는 인...,"사색의 공간은 팔공산 자락에 숨겨진 비밀의 숲, ‘사유원’이다. ‘사유의 깊이와 넓이를 확장해 가는 곳’... 간송의 소장품은 물론 국립중앙박물관 등 타 기관의 대여까지 이끌어내어 전국에 흩어진 추사 김정희와...",sportsseoul.com,https://n.news.naver.com/mnews/article/468/0001251352?sid=103,,
공간대여,2026. 7. 2.,"추억을 입고 즐긴다…‘묵호, 시간여행호’ 인기 ‘쑥’","‘묵호, 시간여행호’는 논골담길 내 공가를 활용해 조성한 공간으로, 묵호의 역사와 어구 전시를 비롯해 교복 대여, 추억의 간식 판매, 추억의 뽑기 등 다양한 체험 프로그램을 운영하며 가족 단위 관광객과 젊은...",kwnews.co.kr,https://n.news.naver.com/mnews/article/087/0001202671?sid=102,,
공간대여,2026. 7. 1.,"국민연금공단, 사회적 기업과의 협업 성과 우수기관...'고용노동부 장관...","아울러 상생협력 관련해서는 ‘NPS 카페 36.5°’를 운영해 공간 무상대여와 경영 컨설팅을 제공하며 이주여성에게 안정적인 일자리를 창출해 왔고, ‘마을자치연금’을 기획해 마을기업에 태양광 시설 등을 지원하고 그...",sjbnews.com,https://sjbnews.com/news/news.php?number=881976,,
공간대여,2026. 7. 1.,“원구성 절대 협조없다”지만… 국힘 내부선 출구전략 고개,"거론하며 대여 압박 수위를 끌어올리고 있다. 표면적으로는 “추호도 협조할 수 없다”며 강경 대응 기조를 유지하고 있지만, 당내에서는 투쟁이 장기화할 경우 스스로 원내 공간을 잃을 수 있다는 우려도 커지고 있다....",segye.com,https://n.news.naver.com/mnews/article/022/0004139757?sid=100,,
공간대여,2026. 7. 1.,[종교칼럼] 어느 성당 신부의 여름맞이,쾌적한 냉방 시설을 갖춘 공간에서 일하고 거주하는 이들에게 여름은 그저 '불쾌지수가 높은 계절'에... 시민들이 자발적으로 기증한 양산을 모아 '양심양산 대여사업'을 벌인 사례도 눈에 띈다. 이처럼 지역사회가 지혜를...,jbnews.com,https://www.jbnews.com/news/articleView.html?idxno=1506896,,
공간대여,2026. 7. 1.,민주당 왜 법사위를 놓지 않나…국민의힘 '보이콧의 덫'에 빠지나,문제는 그 과정에서 협치의 공간이 사실상 사라졌다는 점이다. ◆이재명 대통령 관련 사법 리스크 차단 의도... 하지만 정치권에서는 실제 의도가 무엇이든 국민의힘이 이러한 프레임을 향후 대여 투쟁의 핵심 소재로...,idaegu.com,https://www.idaegu.com/news/articleView.html?idxno=664023,,
공간대여,2026. 7. 1.,김대중컨벤션센터 사무실 빌려 매주 '꼼수 웨딩 박람회'… 특정 업체 특...,"전시 및 비즈니스 업무 대여 시설이 부족한 지역 특성 상 웨딩 업계에선 DJ센터 내 웨딩 박람회 개최 여부가... A사의 변칙 영업 방식에 반발한 C사 웨딩 컨설팅 업체가 ""우리도 센터 내 남는 공간을 임대해 달라""고...",hankookilbo.com,https://n.news.naver.com/mnews/article/469/0000939751?sid=102,,
공간대여,2026. 7. 1.,"[현장] ""보는 한강""에서 ""즐기는 밤""으로… 베일 벗은 서울크루즈 '비트...","선박 대여 서비스를 운영할 수 있는 구조를 갖추고 있다. 실제 행사사진 자료에는 연회장 형태의 테이블 세팅, 무대와 LED, 야외 테라스 좌석, 브랜드 행사용 공간 연출 사례가 담겼다. 대규모 인원을 수용할 수 있는 선박...",onews.tv,https://www.onews.tv/news/articleView.html?idxno=282367,,
공간대여,2026. 7. 1.,"평상 걷히나, 버티나···계곡은 여전히 '식당 영업장'",식당 입구에는 ‘평상만 대여 시 외부음식 반입 가능’이라는 현수막도 걸려 있었다. 평상 이용료는 5만원... 이용하는 공간인데 물이 좋고 그늘진 자리는 대부분 식당이 차지하고 있어 결국 식당을 이용할 수밖에 없다”...,mdilbo.com,http://www.mdilbo.com/detail/c3QycN/756807,,
공간대여,2026. 7. 1.,"[위클리오늘] 동해시 '묵호, 시간여행호' 인기…상반기 방문객 지난해 ...","'묵호, 시간여행호'는 논골담길 내 공가를 활용해 조성한 공간으로, 묵호의 역사와 어구 전시를 비롯해 교복 대여, 추억의 간식 판매, 추억의 뽑기 등 다양한 체험 프로그램을 운영하며 가족 단위 관광객과 젊은...",weeklytoday.com,http://www.weeklytoday.com/news/articleView.html?idxno=782906,,
공간대여,2026. 7. 1.,"금호건설, 과천 하수처리시설 현대화 사업 수주 [건설·분양오늘]",양 기관은 '스타트업 코리아 투자위크' 참여와 창업지원공간 'W-브릿지' 개소 등을 계기로 협력해 왔다. 양... 이용객은 코레일톡에서 롯데렌터카를 이달 내로 이용할 경우 대여료를 최대 70% 할인받을 수 있다. 차량은...,sisaon.co.kr,https://www.sisaon.co.kr/news/articleView.html?idxno=202310,,
공간대여,2026. 7. 1.,교복 입고 떠나는 '묵호 시간여행'…논골담길 레트로 명소 인기,"묵호의 역사와 어구 전시를 비롯해 교복 대여, 추억의 간식 판매, 추억의 뽑기 등 다양한 체험 프로그램을... 김선옥 시문화예술과장은 ""묵호, 시간여행호가 묵호의 역사와 레트로 감성을 함께 즐길 수 있는 공간으로...",kado.net,https://n.news.naver.com/mnews/article/654/0000188344?sid=102,,
공간대여,2026. 7. 1.,"도심 가까이에서 만나는 하남의 여름 풍경, 여유로운 시간을 보낼 가볼...","자전거를 대여하여 호수 주변을 달리거나, 잘 조성된 산책로를 따라 걷는 이들이 많다. 축구장, 족구장 등... 싱그러운 자연 속에서 여유로운 휴식을 제공하며, 넓은 주차 공간과 편리한 접근성이 돋보인다. 신장동에...",joongangenews.com,https://www.joongangenews.com/news/articleView.html?idxno=528287,,
공간대여,2026. 7. 1.,"동해시 '묵호, 시간여행호' 인기…체험 프로그램 확대","1일 시에 따르면 이 시설은 논골담길 내의 빈 공간을 활용해 조성된 곳으로 묵호의 역사와 관련된 전시물, 교복 대여 서비스, 다양한 추억의 간식 판매 및 뽑기 체험 등 가족 단위 및 젊은 관광객들에게 인기를 끌고...",newspim.com,https://www.newspim.com/news/view/20260701000854,,
공간대여,2026. 7. 1.,영주를 시민의 품으로 온전히 돌려주겠다…황병직 민선 9기 영주시장 취...,"행정은 정책 수립에 그치지 않고 시민이 체감할 때 완성된다며 그 예로 농기계 대여를 넘어 고령 농민을 위한... 운영 프로그램과 위탁기관의 구조를 과감히 수술해, 관광객이 다시 찾고 시민이 자부심을 느끼는 공간으로...",kbmaeil.com,https://www.kbmaeil.com/article/20260701500237,,
공간대여,2026. 7. 1.,동해시 '묵호 시간여행호' 인기...상반기에 연간 방문객 넘어,"이 시설은 동해시 대표 관광지인 논골담길 내 빈집을 활용한 공간으로 교복 대여, 추억의 간식 판매, 추억의 뽑기 등 다양한 체험 행사를 운영하고 있습니다. 동해시는 묵호항과 도째비골 스카이밸리 등 인근 관광지와...",ytn.co.kr,https://n.news.naver.com/mnews/article/052/0002373208?sid=102,,
공간대여,2026. 7. 1.,배원정 국립현대미술관 학예연구사 - 발견의 기록,"간단히 말하면 갤러리는 작품을 사고파는 상업 공간이고, 미술관은 작품을 수집하고 연구하고 보존해 공공에... 단순히 전시를 위한 대여가 아니라 국립현대미술관 소장품으로 남겨야 한다는 생각으로 설득을 이어갔고...",forbeskorea.co.kr,https://www.forbeskorea.co.kr/news/articleView.html?idxno=402250,,
공간대여,2026. 7. 1.,동해 '묵호 시간여행호' 인기…상반기 방문객 작년 연간치 돌파,"'묵호, 시간여행호'는 논골담길 내 공가를 활용해 조성한 공간이다. 이곳에는 묵호의 역사와 어구 전시를 비롯해 교복 대여, 추억의 간식 판매, 추억의 뽑기 등 다양한 체험 행사를 운영하며 가족 단위 관광객과 젊은...",yna.co.kr,https://n.news.naver.com/mnews/article/001/0016169248?sid=103,,
공간대여,2026. 7. 1.,"퍼시스, 기업용 사무가구 렌탈 서비스 공식 출시",이번 서비스는 사무가구 대여뿐 아니라 유지관리와 디지털 운영 플랫폼을 결합한 통합 서비스로 구성됐다. 기업이 사무환경 구축 이후 발생하는 운영 부담을 줄이고 공간 관리 효율을 높일 수 있도록 지원하는 데 초점을...,beyondpost.co.kr,http://www.beyondpost.co.kr/view.php?ud=20260701092125399246a9e4dd7f_30,,
공간대여,2026. 7. 1.,"""오피스서비스 허브 구축""…퍼시스, 사무가구 렌털 서비스 선봬","퍼시스는 고객 전용 플랫폼을 통해 공간 도면 관리, 가구 레이아웃 변경, 클리닝 예약, 정기 케어 일정 등을 한... 가구 대여를 넘어 업무 방식 전반을 고려한 배치를 지향한다. 정기 점검과 의자 클리닝을 포함한 오피스 케어...",news1.kr,https://n.news.naver.com/mnews/article/421/0009033359?sid=101,,
공간대여,2026. 7. 1.,"유럽과 이슬람이 만난 입체적 매력, 자카르타","광장 주변에는 박물관과 오래된 카페, 자전거 대여점이 자리하는데 여행객뿐 아니라 현지 사람도 많이... 바로 맞은편에는 가톨릭 성당인 자카르타 대성당이 자리하고 있어 서로 다른 종교 공간이 마주하며 공존하는...",weekly.donga.com,https://n.news.naver.com/mnews/article/037/0000038426?sid=103,,
공간대여,2026. 7. 1.,펫캉스에 골프·로컬 미식까지…여름 리조트 변신,"객실에는 반려견 전용 쿠션과 계단, 배변판, 식기류, 어메니티 등을 비치하고 노령견을 위한 유모차 대여 서비스도 운영한다. 또 반려견 전용 놀이터 '나랑놀아주개', 체크인 전후 이용 가능한 휴게 공간 '쉬어가개' 등을...",news1.kr,https://n.news.naver.com/mnews/article/421/0009033181?sid=103,,
공간대여,2026. 7. 1.,공공 장난감 대여 인기 속 '위생·노후화'는 숙제,"보관 공간까지 부족해 현실적인 어려움을 겪고 있다는 설명이다. 한 지자체 관계자는 ""장난감 대여사업은 이용자 만족도가 높은 대표적인 생활밀착형 육아 지원 서비스""라며 ""예산과 인력의 한계는 있지만 노후 장난감...",ksilbo.co.kr,https://www.ksilbo.co.kr/news/articleView.html?idxno=1060913,,
공간대여,2026. 7. 1.,"""카페보다 좋다""…지갑 얇은 ‘카공족’ 몰리는 '이곳'[출동!인턴]","지상 2~3층에는 노트북 작업용 좌석이 집중돼 있으며, 1인석과 창가석 등 몰입형 공간이 다양하게 구성돼 있다. 좌석마다 콘센트와 빠른 와이파이도 제공된다. 무인 키오스크를 통한 노트북·태블릿 대여 서비스도 운영...",newsis.com,https://n.news.naver.com/mnews/article/003/0014038392?sid=102,,
공간예약,2026. 7. 9.,'년세'와 '신구간'…주거문화 이해해야 정착이 보인다,삶의 공간으로 오늘날에도 신구간의 영향력은 상당하다. 이 시기가 되면 제주 전역에서 이삿짐센터 예약이 잇따르고 주택 매매와 임대차 계약 만료와 시작이 동시에 집중되면서 부동산 시장이 요동치기도 한다. 따라서...,jejumaeil.net,https://www.jejumaeil.net/news/articleView.html?idxno=402626,,
공간예약,2026. 7. 9.,김대중 대통령 사저기념관 해설 재개…상시 문화관광해설 9곳 운영,소개하는 공간이다. 문화관광해설은 사저와 전시 공간을 관람하며 김대중 대통령의 생애와 민주화 과정 등을... 참여를 희망하는 시민이나 관광객은 사저기념관 누리집을 통해 사전 예약 후 이용할 수 있다. 이번 해설...,onews.tv,https://www.onews.tv/news/articleView.html?idxno=282794,,
공간예약,2026. 7. 9.,"술은 거들 뿐…유흥가 지고, ‘취향’ 켜는 상권 [취하지 않는 사회③]","룸들은 예약제로 운영될 만큼 성황을 이룬다. 술을 많이 마셔 만취하는 유흥 공간이 아니라, 공간이 가진 고유한 정취와 문화 콘텐츠를 소비하는 취향 공간으로 관심이 완전히 옮겨간 결과다. 7년째 전통주점을 운영 중인...",dailian.co.kr,https://n.news.naver.com/mnews/article/119/0003109791?sid=103,,
공간예약,2026. 7. 9.,"﻿하우스터디카페, 픽코파트너스 키오스크 도입","픽코파트너스 키오스크는 좌석 예약, 이용권 결제, 입퇴실 처리, 스터디룸 예약, 모바일 앱 연동 기능을... 외에도 작심스터디카페, 비허밍스터디카페, 멘토즈스터디카페 등 주요 학습공간 브랜드로 공급 범위를 넓히고 있다.",finomy.com,http://www.finomy.com/news/articleView.html?idxno=257109,,
공간예약,2026. 7. 9.,"양산시, 도심 속 물놀이장 4곳 잇달아 개장",지난해 10월 웅상센트럴파크 개관 후 평소 어린이놀이터로 활용하던 공간을 물놀이시설로 전환해 여름... 황산공원 이색광장 물놀이장은 오는 22일부터 8월 30일까지 40일간 사전예약제로 운영한다. 이용대상은 초등학생...,idomin.com,https://www.idomin.com/news/articleView.html?idxno=2009728,,
공간예약,2026. 7. 9.,"제주문화예술재단, 제주예술인복지센터 시범 운영","공간대관서비스는 세미나룸과 미팅룸을 활용해 교육, 회의, 워크숍 등을 지원한다. 대관은 사전 예약제로, 유선 신청 후 목적과 적합성을 검토해 승인된다. 재단은 시범운영 기간 이용자 의견과 수요를 분석해 서비스...",mediajeju.com,https://www.mediajeju.com/news/articleView.html?idxno=365125,,
공간예약,2026. 7. 9.,‘존엄한 이별’… 제주 첫 반려동물 공설 장례시설 10일 문 연다,예약부터 장례 절차까지 원스톱으로 진행해 이용자의 편의를 높인 것이 특징이다. 장묘시설에는 시간당 50... 추모공간은 무료로 이용할 수 있고 봉안시설과 자연장지는 조례에 따른 사용료를 내면 된다. 도는 앞으로...,seoul.co.kr,https://n.news.naver.com/mnews/article/081/0003659800?sid=102,,
공간예약,2026. 7. 9.,"무주의 여름, 자연과 역사를 만끽하는 특별한 가볼 만한 곳","복합문화공간이다. 1종 공립 미술관으로 운영되며, 최북의 작품세계를 이해할 수 있는 상설전시관과... 참여할 수 있도록 다양한 체험 프로그램을 제공하며, 최대 200명까지 동시 수용 가능하다. 방문 시 사전 예약이 필요하다.",joongangenews.com,https://www.joongangenews.com/news/articleView.html?idxno=529458,,
공간예약,2026. 7. 9.,촘촘해진 호우 대비 문자…달라진 여름철 재난 대응 살펴보니,"지하공간, 저지대 출입을 삼가달라""고 당부했다. 정부는 작은 위험이라도 감지되면 올해부터 전국으로... 산림청은 많은 비가 예보되면 시·도별로 산사태 위기경보를 발령하고, 위험 시 국립자연휴양림 예약 취소나...",korea.kr,https://www.korea.kr/news/policyNewsView.do?newsId=148967844&call_from=naver_news,,
공간예약,2026. 7. 9.,"고양특례시, 김대중 대통령 사저기념관 문화관광해설 재개… 역사관광...","고양특례시가 대한민국 민주주의의 상징적 공간인 김대중 대통령 사저기념관의... 사전 예약을 통해 서비스를 신청할 수 있다. 고양시 관계자는 ""문화관광해설...",breaknews.com,http://www.breaknews.com/1220475,,
공간예약,2026. 7. 9.,"전자랜드, 겟플레이 용산점서 원신 팝업 연다","사전 예약 없이 운영 당일 현장 도착 순서에 따라 대기 후 순차 입장하는 방식으로 진행된다. 전자랜드 관계자는 “겟플레이는 단순히 상품을 진열하는 매장이 아니라, 고객이 좋아하는 IP를 현실 공간에서 다시 만나는...",cnet.co.kr,https://www.cnet.co.kr/view/?no=20260709123644,,
공간예약,2026. 7. 9.,"제주문화예술재단, 예술인복지센터 오는 14일부터 시범 운영","공간대관서비스는 세미나룸과 미팅룸을 활용해 예술인과 예술단체의 교육, 회의, 워크숍 등 문화예술 분야 활동을 지원하며, 사전 예약제로 운영된다. 단, 대관은 유선으로 신청할 수 있으며 대관 목적과 공간 활용...",headlinejeju.co.kr,https://www.headlinejeju.co.kr/news/articleView.html?idxno=595708,,
공간예약,2026. 7. 9.,런던 뒤흔든 ‘BTS’ 슈퍼 파워…#2분만에마감 #한복입고떼창,이미 모든 회차가 사전 예약 시작 2분 만에 마감될 정도로 높은 관심을 모았다. 행사 기간 현장 입장을... 현장은 ▲방탄소년단의 무대 의상을 조명하는 특별전 ‘아이코닉 룩스(Iconic Looks)’ ▲참여형 문화공간...,sportsseoul.com,https://m.entertain.naver.com/article/468/0001252737,,
공간예약,2026. 7. 9.,"안동시, 도심 속 야외 물놀이장 7월 17일 개장",쾌적한 휴식 공간도 함께 마련된다. 물놀이장 주변에는 푸른 소나무 숲과 대형 텐트 휴식 시설이 배치돼... 입장료는 무료이며 별도 사전 예약 없이 이용할 수 있다. 위생적이고 안전한 물놀이 환경을 위해 매주 월요일은...,kbsm.net,https://www.kbsm.net/news/view.php?idx=526138,,
공간예약,2026. 7. 9.,형산강 야외물놀이장 11일 개장…에어바운스·예약 확대 '새 단장',"포항시시설관리공단이 여름철 대표 피서 공간인 형산강 야외물놀이장을 새롭게 단장하고 오는 11일부터 본격 운영에 들어간다.공단은 형산강 야외물놀이장을 11일부터 8월 26일까지 운영하며, 신규 놀이시설 도입과 예약...",kbsm.net,https://www.kbsm.net/news/view.php?idx=526113,,
공간예약,2026. 7. 9.,"제주문화예술재단, 제주예술인복지센터 시범 운영","공간대관 서비스는 세미나룸과 미팅룸을 활용해 예술인과 예술단체의 교육, 회의, 워크숍 등 문화예술 분야 활동을 지원하며, 사전 예약제로 운영된다. 단, 대관은 유선으로 신청할 수 있으며 대관 목적과 공간 활용...",samdailbo.com,http://www.samdailbo.com/news/articleView.html?idxno=267282,,
공간예약,2026. 7. 9.,원스톱 예술인 복지 거점 '제주예술인복지센터' 시범 운영,"세미나룸과 미팅룸을 활용해 예술인과 예술단체의 교육, 회의, 워크숍 등 문화예술 분야 활동을 지원하는 '공간 대관' 서비스도 사전 예약제 방식으로 운영된다. 다만, 유선으로 신청할 수 있으며 목적과 활용 적합성 등...",jejusori.net,https://www.jejusori.net/news/articleView.html?idxno=504624,,
공간예약,2026. 7. 9.,"직지 만나고, 추억을 인쇄하다","개인 관람객은 평일 별도 예약 없이 자유롭게 체험에 참여할 수 있어 방학 기간 가족 단위 문화체험 공간으로도 큰 호응이 기대된다. 청주고인쇄박물관 관계자는 ""여름방학 동안 박물관이 어린이와 가족 모두에게 즐거운...",ccreview.co.kr,https://www.ccreview.co.kr/news/articleView.html?idxno=352410,,
공간예약,2026. 7. 9.,물놀이·숙박·농촌체험 한 번에… 홍천 'Let's 홍캉스' 운영,"리조트 물놀이와 숙박, 식사, 농촌체험을 하나의 일정으로 구성해 가족 여행객의 예약 부담을 줄이고... 숙박, 물놀이, 저녁 식사, 조식이 한 공간에서 이어져 아이와 함께 이동해야 하는 부담을 줄인 점이 특징이다....",kids.donga.com,https://kids.donga.com/news/articleView.html?idxno=169336,,
공간예약,2026. 7. 9.,"푸른 대나무 숲 따라 거니는 여름날, 담양의 역사와 자연을 느낄 가볼 ...","예약 인원만을 위한 프라이빗한 공간으로 운영되며, 어린이 바이킹, 롤러코스터, 에어바운스, 페달보트 등 9가지 놀이기구가 준비되어 있다. 어른들은 바비큐를 즐기며 휴식을 취할 수 있으며, 당일 캠핑 시설도 완비되어...",joongangenews.com,https://www.joongangenews.com/news/articleView.html?idxno=529436,,
공간예약,2026. 7. 9.,포항 영일만항서 10월 크루즈 출항…후쿠오카·나가사키 기항,"이스턴 비너스호는 총 2만6594톤급 정통 크루즈로, 선내에는 다양한 편의시설과 휴식 공간, 공연 프로그램이... 할인 적용 시 크루즈 상품은 89만 원부터 이용할 수 있으며, 예약은 9일부터 선착순으로 진행된다. 포항시는...",shinailbo.co.kr,https://www.shinailbo.co.kr/news/articleView.html?idxno=5039224,,
공간예약,2026. 7. 9.,"고양시, 김대중 대통령 사저 해설 다시 시작…역사관광 콘텐츠 확대","관람하니 공간이 담고 있는 역사적 의미를 훨씬 깊이 이해할 수 있었다""며 만족감을 나타냈다. 문화관광해설은 매주 화요일부터 일요일까지 오전 10시부터 오후 5시까지 운영되며, 사저기념관 누리집을 통해 사전 예약하면...",newsfreezone.co.kr,https://www.newsfreezone.co.kr/news/articleView.html?idxno=698701,,
공간예약,2026. 7. 9.,숙박·물놀이·농촌체험 결합…홍천 '렛츠 홍캉스' 선보여,"리조트 물놀이부터 숙박, 식사, 농촌체험까지 모든 일정을 하나로 묶어, 매번 따로 예약해야 했던 가족... 특히 숙박과 물놀이, 식사가 모두 한 공간에서 이루어져 어린 자녀와 함께 이동해야 하는 부모들의 부담을...",dhnews.co.kr,https://dhnews.co.kr/news/view/1065583806233238,,
공간예약,2026. 7. 9.,"안동 정하동 낙동강변 야외 물놀이장, 7월 17일 개장","여가 공간으로 운영할 방침이다. 운영 시간은 오전 10시부터 오후 5시까지다. 오후 1시부터 2시까지는 안전요원 휴게와 시설 정비를 위해 이용을 제한한다. 입장료는 무료이며, 별도 사전 예약 없이 이용할 수 있다. 매주...",eroun.net,https://www.eroun.net/news/articleView.html?idxno=85026,,
공간예약,2026. 7. 9.,"대전시, 반려견과 풍덩... '반려동물 물놀이장' 연다",대전시 동물보호사업소는 무더운 여름철 반려동물과 보호자가 함께 즐기고 교감할 수 있는 여가 공간을... 이용 방식은 '대전OK예약서비스'를 통한 사전 예약제로 진행되며 보호자 1명당 반려동물 1마리만 예약할 수...,newsworker.co.kr,http://www.newsworker.co.kr/news/articleView.html?idxno=435561,,
공간예약,2026. 7. 9.,제주문화예술재단 예술인복지센터 시범 가동,"공간대관서비스는 세미나룸과 미팅룸을 활용해 예술인과 예술단체의 교육, 회의, 워크숍 등 문화예술 분야 활동을 지원하며 사전 예약제로 운영된다. 대관은 전화로 신청하면 대관 목적과 공간 활용 적합성 등을 검토한...",jejudomin.co.kr,https://www.jejudomin.co.kr/news/articleView.html?idxno=320530,,
공간예약,2026. 7. 9.,'BTS 더 시티 아리랑 런던' 방문객 발길 이어져,"모든 회차는 사전 예약 개시 2분 만에 조기 마감됐으며, 현장 입장을 기다리는 방문객들도 이어지고 있다.... 문화공간 '커넥트 라운지'로 구성됐다. 특별전 '아이코닉 룩스'에서는 방탄소년단이 2019년 영국 웸블리 스타디움...",m-i.kr,https://www.m-i.kr/news/articleView.html?idxno=1389726,,
공간예약,2026. 7. 9.,"유통·식품업계, 여름 대목 잡아라...한정판 디저트부터 초고속 배송·보...","■ 복합 문화 공간 이벤트와 '초복·중복' 맞이 보양식 할인 프로모션 바캉스 시즌을 맞이한 오프라인 공간... 판초 형태의 귀여운 디자인과 실용성을 갖춘 굿즈로, 오는 16일까지 사전 예약을 진행한 후 17일부터...",dailypop.kr,http://www.dailypop.kr/news/articleView.html?idxno=100455,,
공간예약,2026. 7. 9.,"농심, 해외선 신라면 현지화 국내선 결혼문화 지원…소비자 접점 확대",농심은 문화원 안에 마련된 한국식 PC방 콘셉트 공간에서 신라면 분식 부스를 운영하며 신라면컵과 과자... 서울시가 운영하는 더 아름다운 결혼식을 예약한 예비부부라면 누구나 참여할 수 있다. 선정 절차는 서울시와...,whitepaper.co.kr,http://www.whitepaper.co.kr/news/articleView.html?idxno=264388,,
공간예약,2026. 7. 9.,성동구 노동자 쉼터 만족도 96%…폭염 기간 운영 확대,"공간도 운영한다. 노무·심리 상담 프로그램도 진행된다. 매월 둘째 주 목요일 오후 2시부터 5시까지는 노무상담, 넷째 주 목요일 같은 시간대에는 심리상담을 받을 수 있다. 상담은 방문 또는 성동구청 누리집 신속예약...",newstnt.com,https://www.newstnt.com/news/articleView.html?idxno=709578,,
공간예약,2026. 7. 9.,"전자랜드, 원신 굿즈 팝업 연다…용산 팬덤 공간 확대",게임 IP 기반 굿즈와 체험 콘텐츠를 결합한 공간이 새로운 오프라인 마케팅 수단으로 주목받는 가운데... 마지막 입장은 오후 7시 30분까지다. 행사는 별도 사전 예약 없이 현장 대기 순서에 따라 입장할 수 있다. 스마트경제,dailysmart.co.kr,http://www.dailysmart.co.kr/news/articleView.html?idxno=126698,,
공간예약,2026. 7. 9.,먹거리∙서비스∙글로벌…편의점의 확장,"GS25는 지난해까지 모바일 앱 사전예약으로만 판매했던 '통오이김밥'을 전국 매장에서 한 달간 선보인다.... 새롭게 문을 연 점포에는 샤워시설과 태양광 설비, 전기차 충전소, 로컬푸드 판매 공간 등을 갖춰 지역 생활...",kdfnews.com,http://www.kdfnews.com/news/articleView.html?idxno=184999,,
공간예약,2026. 7. 9.,"메르세데스-벤츠, ‘GLC’ 첫 순수 전기차 사전 계약… 9000만원부터","트렁크 공간은 570L로, 뒷좌석을 접으면 1740L까지 확장된다. 차량 보닛 아래 트렁크로 128L를 추가... 방문해 진행할 수 있고, 벤츠 코리아 공식 홈페이지 내 사전 예약 페이지에서 차량 상담 신청이 가능하다.",biz.chosun.com,https://n.news.naver.com/mnews/article/366/0001177918?sid=103,,
공간예약,2026. 7. 9.,[여밤시] “사유원부터 간송미술관까지” 예술과 역사의 도시 대구,하루 제한된 인원만 예약제로 운영한다니 조용하고 쾌적하게 즐길 수 있겠다. 해설가 동행 프로그램도 있다.... 대구간송미술관은 간송미술문화재단의 유일한 상설 전시 공간이다. ‘문화보국(文化報國)’ 정신을...,sports.donga.com,https://n.news.naver.com/mnews/article/382/0001282410?sid=103,,
공간예약,2026. 7. 9.,"제주 반려동물 공설장례시설, 10일부터 가동",이용자 불편을 줄이기 위해 예약부터 장례 절차까지 한 번에 처리하는 원스톱 서비스를 제공한다. 이용... 추모공간 사용은 무료로 가능하다. 제주도는 33억9700만원을 들여 어름비 별하늘 쉼터를 만들었다. 김영준 제주도...,jejusori.net,https://www.jejusori.net/news/articleView.html?idxno=504614,,
공간예약,2026. 7. 9.,"[유통갤러리] 롯데면세점, 2026년도 국가고객만족도 8년 연속 1위 外",투숙객이라면 누구나 사전 예약 또는 현장 접수를 통해 참여할 수 있다. 참여 투숙객에게는 ▲어린이용... 취향과 공간의 개성을 담아내는 차별화된 브랜드 경험을 제공한다. ‘Art on Art Relay’는 ‘예술 위에 예술을...,theviewers.co.kr,https://theviewers.co.kr/View.aspx?No=4142623,,
공간예약,2026. 7. 9.,"지리산 대화엄사, 8월 8일 '모기장영화음악회' 개최","올해 6회째를 맞는 모기장영화음악회는 사찰 공간을 활용한 여름 야간 문화행사로, 올해는 '별빛에 눕다... 참가자는 사전 예약 후 행사 당일 현장에서 자율적으로 기금 참여를 할 수 있으며, 조성된 기금은 구례...",thefairnews.co.kr,https://www.thefairnews.co.kr/news/articleView.html?idxno=81722,,
공간예약,2026. 7. 9.,"[이코노믹's] '슬로우그라운드 목공방' 서민지 대표 ""무언가를 만들어보...",공방 공간 역시 단순한 작업 공간이 아니라 머무는 시간 자체가 편안하고 즐거울 수 있도록 아늑하고 감성적인 분위기로 구성되어 있습니다. 또한 100% 예약제로 운영해 한 타임에 소수 인원만 참여할 수 있도록 하여 보다...,sisunnews.co.kr,http://www.sisunnews.co.kr/news/articleView.html?idxno=242121,,
공간예약,2026. 7. 9.,"위브리빙, 서울 숭인동에 550실 서비스드 아파트 개발","가구가 완비된 주거 공간과 함께 코워킹 공간, 피트니스, 웰니스 시설, 리테일, 주차시설 등을 갖춘다. 모바일 앱을 통해 입주와 계약 갱신, 퇴거, 단기 숙박 예약도 지원한다. 사친 도시 위브리빙 창립자 겸 최고경영자...",ddaily.co.kr,https://n.news.naver.com/mnews/article/138/0002233674?sid=101,,
공간예약,2026. 7. 9.,"토니모리, 창립 20주년 'UNCOMMON FACTORY' 진행","사전예약 방문객에게는 치크톤 젤리 블러셔 본품 1개를 랜덤 컬러로 제공한다. 토니모리 관계자는 ""토니모리가 20년간 쌓아온 제조 경쟁력과 브랜드가 걸어온 여정을 한 공간에 담아낸 '언커먼 팩토리(UNCOMMON FACTORY)...",bosa.co.kr,https://www.bosa.co.kr/news/articleView.html?idxno=3008011,,
공간예약,2026. 7. 9.,"울산시립미술관, 고립·은둔 청년들 대상 ‘인문교실’ 운영…청년 고립...",사전 예약 없이 당일 선착순으로 현장 접수해 참여할 수 있다. 프로그램 종료 이후에도 참가자들이... 울산시립미술관 관계자는 “이번 사업은 정서적 어려움을 겪는 청년들이 미술관이라는 문화공간에서 치유와 회복을...,munhwa.com,https://n.news.naver.com/mnews/article/021/0002803480?sid=102,,
공간예약,2026. 7. 9.,"전자랜드, 게임 IP 굿즈 매장 겟플레이 용산점서 원신 ‘찬란한 밤의 연...",특화 공간이다. 전자랜드는 용산 전자랜드 4층에 겟플레이 용산점을 시작으로 게임과 애니메이션을... 별도의 사전 예약 없이 운영 당일 현장 도착 순서에 따라 대기 후 순차 입장하는 방식으로 운영된다. [ ] [gamechosun.co....,gamechosun.co.kr,https://www.gamechosun.co.kr/webzine/article/view.php?no=223274,,
공간예약,2026. 7. 9.,"전자랜드, '겟플레이' 용산점서 '원신' 팝업 이벤트 진행",특화 공간이다. 전자랜드는 용산 전자랜드 4층에 겟플레이 용산점을 열어 게임과 애니메이션을 좋아하는... 오후 7시 30분까지 가능하다. 별도 사전 예약 없이 현장 도착 순서에 따라 순차 입장하는 방식으로 운영된다.,nextdaily.co.kr,https://www.nextdaily.co.kr/news/articleView.html?idxno=251161,,
공간예약,2026. 7. 9.,"전자랜드, 겟플레이 용산점서 '원신' 팝업…10~12일 사흘간","특화 공간이다. 팝업 주제인 원신은 모바일·PC·콘솔 등 여러 플랫폼에서 서비스되며 글로벌 팬덤을... 팝업 운영 시간은 오전 10시부터 오후 8시까지(마지막 입장 오후 7시30분)이며, 사전 예약 없이 당일 현장 도착...",wolyo.co.kr,https://www.wolyo.co.kr/news/articleView.html?idxno=314801,,
공간예약,2026. 7. 9.,안동 낙동강변 야외 물놀이장 17일 개장…물썰매 슬라이드 첫 선,"휴식 공간도 강화했다. 물놀이장 주변 소나무 숲에는 대형 텐트 쉼터를 설치했으며, 주말에는 마술쇼와... 입장료는 무료이고 사전 예약 없이 이용할 수 있다. 매주 월요일은 시설 소독과 수질검사, 시설물 점검을 위해...",kbmaeil.com,https://www.kbmaeil.com/article/20260709500181,,
공간예약,2026. 7. 9.,"위브리빙, TPG아시아와 장기 체류형 주거시설 개발 맞손","입주민은 코워킹·미팅 공간, 가족 친화 공간, 피트니스 및 웰니스 시설, 리테일, 주차장 등 공용 편의시설을 이용할 수 있다. 전용 모바일 앱을 통해 방 검색부터 입주, 계약 갱신, 퇴거, 단기 숙박 예약까지 관리할 수...",hankyung.com,https://n.news.naver.com/mnews/article/015/0005308038?sid=101,,
공간예약,2026. 7. 9.,"부산비엔날레, 청소년·어린이 입장권 '사전예매 40% 할인'",조직위는 학교와 기관 등 20인 이상 단체 관람객을 위한 사전예약 제도도 운영한다. 단체 관람객은 공식... 조직위는 이번 전시를 통해 부산 곳곳의 전시 공간을 무대로 동시대 예술의 다양한 목소리와 감각을...,newsis.com,https://n.news.naver.com/mnews/article/003/0014055728?sid=102,,
공간예약,2026. 7. 9.,"포항 도심 공원, 어린이 물놀이터로 변신…생활권 피서 공간 확대","도심 공원 안에 마련된 시설인 만큼 장거리 이동이 어려운 가족들에게 가까운 피서 공간이 될 것으로 보인다. 침촌근린공원 물놀이터는 예약제로 운영된다. 오전 10시부터 정오까지, 오후 2시부터 4시까지 하루 두 차례...",kyongbuk.co.kr,https://www.kyongbuk.co.kr/news/articleView.html?idxno=4077849,,
공간예약,2026. 7. 9.,석성산 자락 인근 동백리틀포레 타운하우스 정주 환경 및 복합 인프라 ...,3040세대부터 은퇴 이후의 여유로운 정주 공간을 희망하는 장년층까지 세대 구성을 넓혀 주택 공급 상담이 진행되고 있다. 용인 동백지구의 새로운 주거 시설로 공급되는 동백리틀포레는 사전 예약제를 거쳐 운영된다.,fnnews.com,https://n.news.naver.com/mnews/article/014/0005545831?sid=101,,
공간예약,2026. 7. 9.,치솟는 분양가 속 '1억원대' 내 집 마련…'수원 금호 리첸시아 퍼스티지...,"전 실을 국민평형인 전용면적 84㎡로 구성했으며, 신평면 설계와 넉넉한 수납공간을 적용해 공간 활용성을... 현장 2단지 단지 내 상가 일원에 마련돼 있으며, 방문 예약을 통해 보다 빠르고 편리한 상담을 받을 수 있다.",woodkorea.co.kr,https://www.woodkorea.co.kr/news/articleView.html?idxno=90215,,
공간예약,2026. 7. 9.,"'신한 프리미어', '2026 프리미엄브랜드지수' 프라이빗뱅크 부문 1위","신한 프리미어 고객만을 위한 SOL PB 애플리케이션을 통해 공간을 예약해 프라이빗한 이용이 가능하다. '신한 프리미어 Hall'은 라운지 공간을 넘어, 금융 서비스와 감성적인 공간 마케팅을 결합한 정규 문화센터 강좌...",ftoday.co.kr,http://www.ftoday.co.kr/news/articleView.html?idxno=361855,,
공간예약,2026. 7. 9.,"전자랜드, 용산 매장에 게임 IP 팝업 개최… '체험형 공간' 확장 시도","기획한 공간""이라며 ""앞으로도 대중적인 팬덤을 보유한 다양한 IP와의 협업을 지속해 매장의 콘텐츠 경쟁력을 높여가겠다""고 전했다. 한편, 이번 팝업 행사는 오전 10시부터 오후 8시까지 운영되며, 사전 예약 없이 당일...",discoverynews.kr,https://www.discoverynews.kr/news/articleView.html?idxno=1095624,,
공간예약,2026. 7. 9.,“주말엔 선비가 되어 보세요”,"인문공간, 호반선비문화체험’의 대표 프로그램이다. 입고, 쓰고, 쏘고, 마시며 배우는 선비문화를 체험할... 매회 선착순 10명씩 사전 예약(온라인 QR코드 접수)을 우선으로 모집하며, 잔여 인원에 한해 현장 접수도...",naeil.com,https://www.naeil.com/news/read/594688?ref=naver,,
공간예약,2026. 7. 9.,[유통딜리버리] 신세계百ㆍ이마트ㆍBGF리테일ㆍ세븐일레븐ㆍGS25ㆍSSG닷...,"이 점포는 샤워 시설을 갖췄고 태양광 발전 설비와 전기차 충전소, 로컬 푸드 판매 공간을 별도로 뒀다.... ▲GS25, 사전예약 한정이던 통오이김밥 전국 매장 판매로 확대 GS25는 8일부터 통오이김밥을 전국 매장에서...",dnews.co.kr,https://www.dnews.co.kr/uhtml/view.jsp?idxno=202607090902343880504,,
공간예약,2026. 7. 9.,런던 붉게 물들인 BTS…공연 넘어 'K-컬처 축제'로 피어나다,이달 8~10일 복합문화공간 아우터넷(Outernet)에서는 BTS를 소재로 한 특별 미디어아트가 상영돼 열기를... 사전 예약 개시 2분 만에 전 회차가 매진된 이 행사는 현장 입장객을 포함해 약 2800여 명이 방문할 것으로...,newdaily.co.kr,https://www.newdaily.co.kr/site/data/html/2026/07/09/2026070900041.html,,
공간예약,2026. 7. 9.,"스위트호텔 남원, 체류형 관광 돕는 '옥수수 수확 체험' 운영… 체험형...","가족 단위 투숙객을 중심으로 사전 예약을 통해 신청을 접수하며, 안전하고 원활한 체험을 위해 필요한 수확... 단순한 휴식 공간으로서의 호텔을 넘어, 지역의 자연환경을 활용한 문화 공간으로의 변화를 시도하는...",discoverynews.kr,https://www.discoverynews.kr/news/articleView.html?idxno=1095621,,
공간예약,2026. 7. 9.,"안동시, 낙동강변 야외 물놀이장 17일 개장…물썰매 슬라이드 첫 선","휴식 공간도 확대했다. 물놀이장 주변 소나무 숲에는 대형 텐트 쉼터를 설치했으며, 주말에는 마술쇼와... 입장료는 무료이며 별도의 사전 예약 없이 이용할 수 있다. 시설 소독과 수질검사 등을 위해 매주 월요일은...",shinailbo.co.kr,https://www.shinailbo.co.kr/news/articleView.html?idxno=5039051,,
공간예약,2026. 7. 9.,"""400년 선비 정신 체험"" 안동 호계서원 '하루유생' 운영","사전 예약자를 우선 모집하고, 남은 자리는 현장 접수도 가능하다. 10명 이상 단체 참가자는 별도 문의를 통해 일정을 조율할 수 있다. 한국국학진흥원 관계자는 ""호계서원의 자연경관과 역사 공간 속에서 현대인들이...",newsis.com,https://n.news.naver.com/mnews/article/003/0014055413?sid=102,,
공간예약,2026. 7. 9.,"신한 프리미어, 은행·증권 '지점장 PB'가 VIP 자산관리 통합 서비스","신한 프리미어 고객만을 위한 SOL PB 애플리케이션을 통해 공간을 예약해 프라이빗한 이용이 가능하다. ‘신한 프리미어 Hall’은 라운지 공간을 넘어, 금융 서비스와 감성적인 공간 마케팅을 결합한 정규 문화센터 강좌...",hankyung.com,https://n.news.naver.com/mnews/article/015/0005307992?sid=101,,
공간예약,2026. 7. 9.,"여의도, 금융업 회복세에 관심 집중···'더클라브60 워크앤 스테이 여...","연결하는 공간 가치를 더해, 금융권 종사자와 기업 경영진, 전문직 종사자에게 차별화된 비즈니스... 한편 '더클라브60 워크앤 스테이 여의도'의 홍보라운지는 서울 강남구 언주로 압구정역 인근에 위치하며, 사전 예약제...",finomy.com,http://www.finomy.com/news/articleView.html?idxno=257072,,
공간예약,2026. 7. 9.,"전자랜드, 원신 팝업 연다…용산 '겟플레이'서 팬덤 공략",특화 공간이다. 전자랜드는 용산점을 시작으로 다양한 IP와 연계한 팝업 및 체험형 콘텐츠를 확대하고 있다.... 오후 7시 30분까지 가능하다. 별도 사전 예약 없이 현장 도착 순서에 따라 순차 입장하는 방식으로 운영된다.,m-i.kr,https://www.m-i.kr/news/articleView.html?idxno=1389753,,
공간예약,2026. 7. 9.,안동 낙동강변 '도심 피서지' 열린다…물놀이장 무료 개장,"어린이를 위한 별도 물놀이 공간도 운영된다. 태화동 천리천 어린이 물놀이장은 미취학 아동과 어린이를 대상으로 평일 오전에는 어린이집·유치원 예약제로, 평일 오후와 주말·공휴일에는 일반 개방 방식으로 운영된다.",newsis.com,https://n.news.naver.com/mnews/article/003/0014055371?sid=102,,
공간예약,2026. 7. 9.,"‘별빛에 눕다, 바람에 스며들다’...화엄사 히트상품 ‘모기장음악회...","문화공간에서 특별한 뮤지컬 갈라 무대로 꾸며진다. 이번 행사는 단순한 공연 관람을 넘어, 천년고찰... 행사 당일 관람 예약자는 원활한 입장을 위해 오후 7시 10분까지 현장 접수 등록을 완료해야 한다. 오후 7시 10분...",biz.heraldcorp.com,https://n.news.naver.com/mnews/article/016/0002667829?sid=102,,
공간예약,2026. 7. 9.,'BTS 더 시티 아리랑 런던' 주영한국문화원에 전세계 방문객 쇄도,사전 예약 개시 2분 만에 조기 마감되고 현장 입장을 기다리는 방문객들의 발길이 끊이지 않는 등 높은... 이번 프로그램은 방탄소년단의 무대 의상을 조명하는 특별전 '아이코닉 룩스'와 참여형 문화공간 '커넥트 라운지...,slist.kr,https://www.slist.kr/news/articleView.html?idxno=750572,,
공간예약,2026. 7. 9.,'BTS 더 시티 런던' 특별전 성료 '런던서 빛난 케이컬처',"사전 예약 개시 2분 만에 전 회차가 조기 마감되었으며, 행사 기간 동안 약 2,800여 명이 참여할 것으로 예상된다. 이번 행사는 방탄소년단의 무대 의상을 조명하는 특별전 '아이코닉 룩스(Iconic Looks)'와 참여형 문화공간...",stardailynews.co.kr,https://www.stardailynews.co.kr/news/articleView.html?idxno=542141,,
공간예약,2026. 7. 9.,‘BTS 더 시티 아리랑 런던’ 2800명 발길,"공연을 넘어 한국 전통문화와 케이컬처를 함께 체험할 수 있는 공간으로 자리매김하며 한국 문화 확산에... 행사에는 약 2800명이 참여할 것으로 예상되며, 모든 회차가 예약 시작 2분 만에 마감되는 등 뜨거운 반응을 얻고...",bntnews.co.kr,https://www.bntnews.co.kr/article/view/bnt202607090042,,
공간예약,2026. 7. 9.,캐나다 랍스터부터 복날 삼계탕까지…여름을 더 맛있게 즐기는 법 [쿠킹...,"배스킨라빈스가 '원피스'와 협업한 '쵸파 비치타월 & 비치백' 세트를 선보이고 사전 예약을 진행합니다. 이번... 포셔의 공간을 담은 완두콩 리조 파스타, 바사니오의 청혼을 모티브로 한 사프란 탈리올리니, 애플 부케...",joongang.co.kr,https://n.news.naver.com/mnews/article/025/0003536396?sid=103,,
공간예약,2026. 7. 9.,7월의 트렌드 뉴스 ②,"실내 공간에서 마치 해변 휴양지를 온 듯한 분위기를 즐길 수 있도록 기획됐다. luxury beauty items 구찌... 앞두고 예약 접수를 개시했다. 바다와 사막, 하구라는 세 생태계가 교차하는 절경 속에 18개의 카시타와...",woman.chosun.com,http://woman.chosun.com/news/articleView.html?idxno=126249,,
공간예약,2026. 7. 9.,"반려견 전용 물놀이장, 대전반려동물공원서 개장","대전OK예약서비스에서 확인할 수 있다. 문의는 대전동물보호사업소 반려동물과로 하면 된다. 대전시 동물보호사업소 관계자는 ""무더위에 지친 반려동물과 보호자를 위해 특별한 여름 놀이 공간을 마련했다""며...",ccdailynews.com,https://www.ccdailynews.com/news/articleView.html?idxno=2426996,,
공간예약,2026. 7. 9.,"[이코노믹's] '미앤모' 권미진 대표 ""지친 일상 속에서 오직 나 자신만을...","이 공간을 시작하게 되었습니다. 피부 관리부터 바디 케어, 왁싱, 페디플래닝까지 다양한 관리를 한곳에서... 저희 샵은 예약제로 운영되는 1인샵인 만큼 고객 한 분이 머무시는 시간 동안 오롯이 그분에게만 집중합니다....",sisunnews.co.kr,http://www.sisunnews.co.kr/news/articleView.html?idxno=242094,,
공간예약,2026. 7. 9.,WHAT'S NEW,"다이닝룸, 물품 보관실, 팬트리, 수석 마부의 집무실, 런드리룸, 기숙사 등 6개의 미스터리한 공간 속에서... 전시는 공식 홈페이지를 통한 사전 예약 후 관람할 수 있다. 라도, 캡틴 쿡 | 다이아몬드 파우더를 연상시키는...",magazine.hankyung.com,https://magazine.hankyung.com/money/article/202606184671c,,
공간예약,2026. 7. 9.,"윈도우11 시스템파일 500GB 폭증, MS 뒤늦게 수정",별도 조치를 취해야 하는지는 명확히 언급되지 않았다. 저장공간 부족으로 골머리를 앓았던 사용자라면 이번 패치 적용 후 '설정 > 시스템 > 저장소'에서 시스템 및 예약됨 항목 용량을 다시 확인해 볼 필요가 있다.,wikitree.co.kr,https://www.wikitree.co.kr/articles/1145473,,
공간예약,2026. 7. 9.,"베일 벗는 역대급 삼성 폴더블…이통3사, 사전 모객 경쟁","저장 공간 1TB를 512GB 가격에 업그레이드해주고, 3만원 상당의 T 기프트(올리브영, 컬리, 다이소 등)를 모든... (AI) 플러스 400GB 1개월 무료 혜택으로 차별화했다. 예약 후 개통하면 무료 2개월 추가 혜택이 주어진다．",newsis.com,https://n.news.naver.com/mnews/article/003/0014055198?sid=105,,
공간예약,2026. 7. 9.,부천 시민 더위 피난처 된 ‘도심 열대숲’,힐링 공간인 수피아가 있어 예약이 되면 방문하고 있다”며 이렇게 말했다. 경기 부천시가 부천호수식물원 ‘수피아’에 시민들이 여름철 불볕더위를 피할 수 있는 쾌적한 녹색 휴식 공간을 만들어 시민들로부터 좋은...,donga.com,https://n.news.naver.com/mnews/article/020/0003732595?sid=102,,
공간예약,2026. 7. 9.,"[N포커스] 초고령사회, '문화소외'의 벽을 넘다...현장에서 확인된 해법...","일부 지역에서는 공연장이나 전시 공간 자체가 부족해 문화 활동이 제한된다. 시설이 있더라도 이동이 쉽지... 예약과 결제, 회원 가입 절차가 복잡할수록 접근 자체를 포기하는 사례가 늘어난다. 디지털 중심으로 바뀐 문화...",nc.press,https://www.nc.press/news/articleView.html?idxno=620208,,
공간예약,2026. 7. 8.,"프리미엄 웨딩홀 ‘더채플앳대치’, 시즌별 아트 큐레이션으로 웨딩 공...","전시는 지난해 국내 웨딩홀 최초로 예식 공간에 예술을 접목한 프로젝트의 세 번째 기획으로, 분기마다... 이러한 경쟁력을 바탕으로 예약 건수와 가동률, 고객 인지도 등 주요 지표에서 업계 선도적 위치를 확고히 하고...",sports.khan.co.kr,https://n.news.naver.com/mnews/article/144/0001125162?sid=104,,
공간예약,2026. 7. 8.,"부산교육역사관, 24~25일 '피란수도 부산 국가유산 야행' 개최","사전 예약 프로그램인 야간 전시 해설 '중훈이 형 공부방'은 전문 강사가 하루 4회 진행하며, 전시 공간과 교육 역사에 대한 이해를 돕는다. 또 '교육역사관에 나타난 영희' 프로그램에서는 영희 퍼포머를 찾아 폴라로이드...",gukjenews.com,https://www.gukjenews.com/news/articleView.html?idxno=3630501,,
공간예약,2026. 7. 8.,"지유, 유아유 컴백 앞두고 무대 비주얼 근황 공개","8일 올라온 게시물에는 지유가 실내 공간에서 한 손을 머리 위로 올린 포즈를 취한 모습이 담겼다. 그는... 유아유는 예약 판매와 티저 이미지, 하이라이트 메들리, 뮤직비디오 티저 등을 순차적으로 공개하고 있으며...",topstarnews.net,https://www.topstarnews.net/news/articleView.html?idxno=16128172,,
공간예약,2026. 7. 8.,대구 동구 가족과 연인과 함께 금호강 두두썸동 추억,"먹거리 공간으로는 수제맥주펍, 바비큐존, 푸드트럭이 운영된다. 플리마켓과 체험부스도 함께 열린다.... QR 기반 스마트 시스템을 도입해 프로그램 예약과 이벤트 참여를 돕는다. 쿨링시설과 쉼터, 응급의료반도...",hansbiz.co.kr,http://www.hansbiz.co.kr/news/articleView.html?idxno=849147,,
공간예약,2026. 7. 8.,"흑자 낸 토종 공유오피스, 다음 승부수는…","전용 앱에 출입 관리, 공간 예약 등 오피스 이용 필수 기능을 담고, 커머스 기능을 결합했다. 입주사가 자사 제품을 홍보·판매할 수 있는 채널로 키우겠다는 구상이다. 손주환 스파크플러스 대표는 “안정적인 수익...",mk.co.kr,https://n.news.naver.com/mnews/article/024/0000106750?sid=101,,
공간예약,2026. 7. 8.,서울역 대구·경북 기업인라운지 이용객 19%↑,운영하는 공간으로 올해 개소 17년을 맞았다. 서울역사 내에 위치해 대구·경북 기업인은 물론 유관기관과... 이용을 원하는 기업인 및 유관기관 관계자는 홈페이지(www.dgbiz.kr)에서 사전에 예약하면 무료로 이용할 수...,idaegu.co.kr,https://www.idaegu.co.kr/news/articleView.html?idxno=553320,,
공간예약,2026. 7. 8.,"키사아 속초, 프랑스 니치 향수 '메모파리'와 협업 패키지","패키지 예약 관련 자세한 사항은 ‘카시아 속초’ 홈페이지를 참고하면 된다. 카시아 속초 관계자는 “향과 미식, 공간이 어우러진 색다른 여름 여행을 즐길 수 있도록 구성한 패키지”라며 “메모파리의 향기와 함께...",edaily.co.kr,https://n.news.naver.com/mnews/article/018/0006325631?sid=101,,
공간예약,2026. 7. 8.,"에스앤아이, 에이텐과 맞손…스마트오피스 구축부터 운영까지 원스톱 서...","에스앤아이는 공간 이용자 플랫폼 ‘샌디(SANDI)’를 통해 공간 예약과 모바일 민원, 통근버스 등 다양한 편의 서비스를 제공하고 있으며, 자산관리(PM)와 시설관리(FM)...",venturesquare.net,https://www.venturesquare.net/1097137/,,
공간예약,2026. 7. 8.,'한끼에 20만원' 그래도 줄 섰어요…요즘 '여기' 인기폭발 [트렌드+],시연 공간과 테이블 서비스를 앞세워 손님을 모으고 있다. 한화테크푸드의 '63뷔페 파빌리온 더 프리미엄... 역시 인상 직후부터 주말 예약이 빠르게 마감되며 뷔페 시장에도 'K자형 양극화'가 심화하고 있다는 평가다.,hankyung.com,https://n.news.naver.com/mnews/article/015/0005307890?sid=101,,
공간예약,2026. 7. 8.,'제주 카페' 희비 갈렸다…이상순 폐업→이동건 휴업→박한별만 '굳건'...,"그는 지난 2022년 7월 카페 '롱플레이'를 열었고, 긴 대기 줄이 이어질 정도로 큰 관심을 받으며 예약제로... 그는 ""시간이 지날수록 점점 더 예뻐지는 공간. 인위적인 것이 이길 수 없다. 자연의 아름다움""이라며 정원...",tvreport.co.kr,https://m.entertain.naver.com/article/213/0001393648,,
공간예약,2026. 7. 8.,"김보라 안성시장, 집중호우 대응부터 청년창업·광역교통까지…민선9기...",청년창업캠퍼스는 약 331.5㎡ 규모로 독립형 오피스 2개와 개방형 오피스 6개를 비롯한 창업 공간을 갖췄으며... 좌석 예약제가 도입될 예정이다. 특히 현재 운행 중인 4401번 광역버스의 혼잡도를 분산해 서울 강남권으로...,beyondpost.co.kr,http://www.beyondpost.co.kr/view.php?ud=2026070819220583064c878f8fa1_30,,
공간예약,2026. 7. 8.,"40만명이 찾은 K라면 성지 ‘보글하우스’, 여행객 홀린 비결은? [여행+...",사전 예약제로 운영되는 이 프로그램은 참가자의 입맛에 가장 잘 맞는 라면을 추천해 준다. 방문객들은 추천받은 라면을 3층 옥상정원으로 가져가 직접 조리해 맛볼 수 있다. 확 트인 옥상 공간에서 자신만의 라면을 끓여...,segye.com,https://n.news.naver.com/mnews/article/022/0004141577?sid=103,,
공간예약,2026. 7. 8.,"""6·3 선거는 명백한 '투표자 억압' … 내 출국 정지 상황, 백악관 등 美...",많은 내용을 쓸 수 있는 공간이 있었기 때문이다. 그러나 그 한 문장에는 제 진실이 담겨 있었다. 저는 계속... 작년 7월 윤 전 대통령을 방문하고자 예약했지만 당시 특검이 막았다. 그래서 대신 서신을 썼고 통역사가...,newdaily.co.kr,https://www.newdaily.co.kr/site/data/html/2026/07/08/2026070800043.html,,
공간예약,2026. 7. 8.,"상주시, 25일부터 어린이 물놀이장 개장…'6m 물썰매' 탑재","휴게 공간, 탈의실, 샤워장 등 각종 편의시설도 함께 운영된다. 시민들이 안심하고... 미리 예약해야 한다. 안윤정 상주시 아이여성행복과장은 어린이들이 집 근처에서...",breaknews.com,http://www.breaknews.com/1220327,,
공간예약,2026. 7. 8.,"대구 동구, 금호강변서 여름축제 '두두썸동' 개최…물놀이·드론쇼 등 다...","프로그램 예약과 행사 안내, 이벤트 참여 등은 QR 기반 스마트 시스템을 통해 간편하게 이용할 수 있다. 이 밖에도 쿨링 시설, 휴식 공간, 응급의료반이 배치돼 폭염과...",breaknews.com,http://www.breaknews.com/1220326,,
공간예약,2026. 7. 8.,"[fn이사람] ""오피스 임대료 폭등… 효율적 '공간 전략'이 기업 경쟁력""","그는 ""센서 기반 공간 운영, 좌석 예약 시스템, 출입 데이터 등을 활용해 공간의 수요를 정확히 파악하고 유연하게 대처하는 기술 활용이 주류를 이룰 것""이라며 ""결국 데이터와 직원 경험을 기반으로 공간의 역할을...",fnnews.com,https://n.news.naver.com/mnews/article/014/0005545639?sid=102,,
공간예약,2026. 7. 8.,"영도구, 여름방학 어린이 물놀이장 무료 운영…안전·위생 강화",부산 영도구가 여름 방학 기간 동안 동삼동 도심 공원에 유아·초등학생 가족의 휴식 공간을 마련한다.... 회당 이용 정원은 300명으로 인터넷 사전예약 150명과 현장 접수 150명으로 운영된다. 평일에는 어린이집과...,newspim.com,https://www.newspim.com/news/view/20260708001246,,
공간예약,2026. 7. 8.,[위클리오늘] 13억8000만원 예산 심의하는 시의원들도 VIP 라운지 참석…...,"▲대구시의회 전경 / 박성원 기자 VIP 라운지는 일반 시민의 출입이 제한된 공간으로 운영됐다. 행사장 안내판에는 '비즈니스 라운지', '예약 인원만 출입 가능', '일반 관람객 출입 제한'이라는 안내 문구가 게시돼 있었다....",weeklytoday.com,http://www.weeklytoday.com/news/articleView.html?idxno=784266,,
공간예약,2026. 7. 8.,"에스앤아이, 스마트오피스 사업 확대…공간 구축부터 운영까지 원스톱","에스앤아이는 공간 이용자 플랫폼 '샌디(SANDI)'를 기반으로 공간 예약과 모바일 민원, 통근버스 등 이용자 서비스를 제공하고 있으며, 자산관리(PM)와 시설관리(FM) 서비스와 연계해 공간 운영 효율을 높이고 있다. 이번...",kdfnews.com,http://www.kdfnews.com/news/articleView.html?idxno=184984,,
공간예약,2026. 7. 8.,"에스앤아이, 스마트오피스 사업 위해 에이텐시스템과 맞손","양사는 회의실과 자율좌석, 방문자 예약 시스템을 비롯해 IoT와 화상회의 장비, 공간 운영 서비스를 업무 환경에 맞춰 통합 구축하는 스마트오피스 서비스를 제공할 계획이다. 협약에 따라 에스앤아이는 공간 이용자...",nbntv.co.kr,https://www.nbntv.co.kr/news/articleView.html?idxno=4022928,,
공간예약,2026. 7. 8.,"LG전자 베스트샵 고덕점, 새단장 오픈 기념 프로모션 진행…혼수·입주...","상담예약 서비스를 이용하면 대기 시간을 줄일 수 있으며, 전문 컨설턴트가 제품 선택부터 공간 구성까지 1대1 맞춤형 컨설팅을 제공한다. 이를 통해 고객들은 라이프스타일과 주거 환경에 적합한 가전을 보다 효율적으로...",economist.co.kr,https://n.news.naver.com/mnews/article/243/0000100187?sid=101,,
공간예약,2026. 7. 8.,"'무신사 모델' 따라가는 에이블리, IPO 기대감 커지나",◇에이블리 앱 벗어나 오프라인 사업 확대 에이블리는 최근 오프라인 예약 서비스 '에이블리 플레이스'를... 쇼룸은 일반 패션 상품뿐 아니라 로컬 브랜드와 협업하는 공간으로 활용될 것으로 알려졌다. 에이블리는...,sisajournal-e.com,https://www.sisajournal-e.com/news/articleView.html?idxno=422290,,
공간예약,2026. 7. 8.,[Car & Now] 현대차 일반 고객 V2G 실증 본격화·지리 상반기 최대 실적 ...,홈페이지에서 예약할 수 있다. 한편 혼다 에듀케이션 센터는 2025년 3월 문을 연 모터사이클 안전운전... 스칼라는 넓은 실내 공간과 실용성을 앞세운 대표 준중형 해치백 모델이다. 스칼라에 장착되는 '엑스타 HS52'는...,ebn.co.kr,https://www.ebn.co.kr/news/articleView.html?idxno=1715608,,
공간예약,2026. 7. 8.,"글로벌 AI 글라스 기업 로키드, 크레비티와 손잡고 한국 시장 공식 진출","국내 판매는 주요 이커머스 플랫폼에서 7월 중에 예약판매를 시작한다. 예약판매 참여 고객에게는... 행사에서는 국내 미디어와 유통 파트너, 일반 소비자를 대상으로 제품 체험 공간이 운영되며, 한국 시장 전용...",etnews.com,https://n.news.naver.com/mnews/article/030/0003445864?sid=101,,
공간예약,2026. 7. 8.,"에스앤아이코퍼레이션, 원스톱 ‘스마트오피스 패키지’ 확대...에이텐...",이번 협약은 스마트오피스 시장이 공간 예약 시스템 도입을 넘어 이용자 경험과 운영 효율을 함께 고려하는 방향으로 변화하는 가운데 마련됐다. 이번 협약을 통해 양사는 에스앤아이의 공간 구축·운영 역량과...,lawissue.co.kr,http://www.lawissue.co.kr/view.php?ud=2026070815531487299aeda69934_12,,
여행업 매출,2026. 7. 9.,"선관위 용역 논란 벗은 비투엔, 토큰 사업 나서나","지식재산권, 매출채권, 예술품 등 실물·무형자산의 토큰화 및 관련 중개, 관리, 권리관리, 평가 지원 및... 앞서 2023년 11월에는 △여행업 △종합전시관, 미디어 아트, 유소년 대상 교육전시관업 △대부업 등을 사업목적에...",bizhankook.com,https://bizhankook.com/articles/139250.html,,
여행업 매출,2026. 7. 8.,"‘체질 개선’ 끝낸 하나투어, ‘글로벌 전략가’ 조좌진에 성장 맡겼다",관건은 조 내정자의 강점인 글로벌·브랜딩 역량을 여행업에 이식해 외형 성장으로 잇는 것이다. 하나투어 매출은 수익성과 달리 아직 팬데믹 이전인 2019년 7631억원에는 미치지 못한다. 외형 성장이 다음 목표인...,ekn.kr,https://www.ekn.kr/web/view.php?key=20260708021070396,,
여행업 매출,2026. 7. 8.,"IMMPE '조좌진 대표 카드'로 하나투어 매각 기반 다진다, 롯데카드 매각...","여행업이 다시 침체될 가능성이 부각하면서 하나투어를 사겠다고 손을 드는 기업을 찾기 어려워졌기... 롯데카드는 2022년 연결기준으로 매출 2조1430억 원, 영업이익 3149억 원을 기록했다. 임기 3년 동안 매출은 21.9...",businesspost.co.kr,https://www.businesspost.co.kr/BP?command=article_view&num=441875,,
여행업 매출,2026. 7. 8.,'전략통' 조좌진 영입한 하나투어…체질 전면개편 초읽기,해외여행 수요는 코로나19 이후 회복세에 들어섰지만 여행업의 경쟁 방식이 가격과 물량 중심에서 고객... 올해 1분기 연결 기준 여행알선서비스 매출은 1722억원으로 전체 매출의 93.18%를 차지했다. 항공권과 패키지...,newsway.co.kr,https://www.newsway.co.kr/news/view?ud=2026070815060186878,,
여행업 매출,2026. 7. 7.,"가짜 매매에 '부모 찬스'까지… 국세청, 부동산 탈세 731억 적발",무자료 매출로 조성된 비자금 약 30억원을 부동산 매입에 사용한 것으로 조사됐다. 국세청은 법인세와... 미등록 여행업을 운영하며 현금 수입 60억원을 신고하지 않은 사실이 드러나 부가가치세와 종합소득세 등...,joongangenews.com,https://www.joongangenews.com/news/articleView.html?idxno=531100,,
여행업 매출,2026. 7. 7.,"""월세 700만 원 무직자, 가장매매""…부동산 탈세 731억 적발","미등록 여행업으로 매출 60억 원을 통째로 누락한 30대는 강북의 70평형대, 40억 원짜리 초고가 대형 아파트를 샀다가 개인 사업체까지 세무조사를 받아 부가세와 소득세 등 25억 원을 추징당했습니다. 국세청은 이번...",news.bbsi.co.kr,https://news.bbsi.co.kr/news/articleView.html?idxno=4093621,,
여행업 매출,2026. 7. 7.,[사례] 초고가 아파트 취득거래 등 부동산 탈세 세무조사 추징 사례 7가...,"도매업체의 매출누락에 대한 법인세, 甲의 부동산 취득자금 증여세 등 31억 원 추징 사례 5 [초고가] 외국인 상대 미등록 여행업을 영위하면서신고누락한 현금 수입금액으로 초고가아파트 취득 □ 주요 조사내용 ○ 30대...",sejungilbo.com,https://www.sejungilbo.com/news/articleView.html?idxno=59120,,
여행업 매출,2026. 7. 7.,"가짜 매매·편법 증여로 80여명 731억원 탈세…국세청, 127명 추가 조사",이 밖에도 미등록 여행업을 운영하면서 현금 매출 약 60억원을 신고하지 않고 40억원대 고가 아파트를 취득한 사례도 있었다. 외국인 배우자로부터 취득 자금을 증여받고 신고하지 않은 ‘검은머리 외국인’ 사례와...,dailian.co.kr,https://n.news.naver.com/mnews/article/119/0003108761?sid=101,,
여행업 매출,2026. 7. 7.,초고가 아파트 돈줄 캐보니 부모·회사…부동산 탈루 731억원 들통,"미등록 여행업으로 거둔 현금 매출을 신고하지 않고 초고가 아파트를 산 30대도 적발됐다. 이 납세자는 서울 강북의 70여 평형 대형 아파트를 약 40억원에 취득했지만, 외국인 대상 미등록 여행서비스업을 운영하며 현금...",etoday.co.kr,https://www.etoday.co.kr/news/view/2601018,,
여행업 매출,2026. 7. 7.,'중동 종전' 항공·여행업 회복 기대···놀유니버스 등 여행플랫폼 '훈...,중동 전쟁이 사실상 종전 국면에 접어들면서 국내 항공·여행업계에 회복 기대감이 커지고 있다. 그동안 여행... 해외 항공권과 숙박 예약이 증가하면 플랫폼 거래액(GMV) 확대와 함께 중개 수수료 매출도 늘어날 수 있기...,newsfreezone.co.kr,https://www.newsfreezone.co.kr/news/articleView.html?idxno=698162,,
여행업 매출,2026. 7. 6.,"[어바웃 교원그룹] ③교육의 울타리를 넘다…교원그룹, 종합 생활문화 ...",선행 매출 지표인 관광수탁금과 선수금이 매년 두 자릿수 이상 증가하고 있다는 점은 매우 고무적이라 할 수 있다. 여행업계에서는 교원투어가 대형 여행사 위주의 과점 체제를 깨뜨리고 단숨에 업계에서 종합 여행사...,kfenews.co.kr,https://www.kfenews.co.kr/news/articleView.html?idxno=659856,,
여행업 매출,2026. 7. 6.,서비스대상 '명예의 전당' 이름 올린 롯데관광개발,"회사는 오너인 김기병 회장과 여행업을 총괄하는 백현 사장, 제주드림타워 복합리조트 사업을 이끌고 있는... 가장 최근인 올해 2분기에는 1926억원의 매출을 기록하면서 분기별 역대 최고 실적을 달성했다. 특히...",shinailbo.co.kr,https://www.shinailbo.co.kr/news/articleView.html?idxno=5037916,,
여행업 매출,2026. 7. 2.,"롯데관광개발, 현금창출력 기반 이자부담 줄어드나","반면 호텔업과 여행업 매출 비중은 같은 기간 각각 18.2%, 17.8%에서 지난해 12.5%, 13.6%로 낮아졌으며 올해 1분기에는 모두 11%대로 축소됐다. 제주드림타워의 실적 구조가 카지노 중심으로 재편되면서 수익성이...",fetv.co.kr,https://www.fetv.co.kr/news/articleView.html?idxno=305511,,
여행업 매출,2026. 7. 1.,"롯데관광개발 6월 매출, 카지노↓·호텔↑","증가분의 합계 매출은 1억6100만원 감소했다. 롯데관광개발은 1분기 영업이익 287억원, 분기순손실 74억원을 기록했다. 롯데관광개발의 사업비중은 카지노 62.49%, 호텔업 18.22%, 여행업 17.84% 순이다. 중기이코노미",junggi.co.kr,https://www.junggi.co.kr/news/articleView.html?idxno=36983,,
여행업 실적,2026. 7. 8.,조좌진號 하나투어 출범… '프리미엄·인바운드·AI' 3대 과제 시험대,"0' 등을 통해 체질 개선에 나섰지만, 여행업은 여전히 환율과 항공 공급, 유류할증료 등 외부 변수의 영향을 크게 받는다. 업계에서는 단순 송출객 확대보다 객단가와 고객 충성도를 높일 수 있는 프리미엄 전략이 실적...",biztribune.co.kr,http://www.biztribune.co.kr/news/articleView.html?idxno=355674,,
여행업 실적,2026. 7. 7.,"매각 멈춘 하나투어, 새 CEO 카드…IMM '몸값 키우기' 다시 시동","업계 관계자는 ""조 내정자는 전형적인 여행업 CEO라기보다 기업 체질 개선과 밸류업 경험이 강한 인물""이라며 ""실적 개선과 플랫폼 경쟁력 강화에 방점을 둔 인선으로 해석된다""고 말했다. 실제 하나투어는 최근 글로벌...",news1.kr,https://n.news.naver.com/mnews/article/421/0009045824?sid=103,,
여행업 실적,2026. 7. 7.,"경남, 지리산권 ESG 관광상품 운영할 여행사 6곳 공모","공모 대상은 관광진흥법에 따라 등록된 종합여행업, 국내외여행업 또는 국내여행업 업체다. 지역별 당일형... 개별 상품은 관광객 1인당 2만원, 연계 상품은 1인당 3만 5000원이며 지역 내 소비 실적과 모객 성과를...",metroseoul.co.kr,http://www.metroseoul.co.kr/article/20260706500562,,
여행업 실적,2026. 7. 7.,"화천군, ‘관광과 교육복지’ 서울권역 협력체계 구축","서울특별시 관광협회는 국내·외 여행업, 관광 호텔업, 관광 유람업, 관광 기념품업, 관광 편의시설업 등... 특히 관심 부족으로 실적이 미미했던 주요 관광시설에 대해 지역의 대표적인 관광자원으로 재활용하겠다는...",kukinews.com,https://www.kukinews.com/article/view/kuk202607070096,,
여행업 실적,2026. 7. 6.,"경남도, 지리산권 ESG 가치여행 전담여행사 모집","공모 대상은 '관광진흥법'에 따라 등록된 종합여행업, 국내외여행업 또는 국내여행업 등록업체다. 지역별... 소비 실적과 모객 성과를 기준으로 지급해 관광객 유치와 지역경제 활성화 효과를 함께 높여 나갈 계획이다....",gndomin.com,http://www.gndomin.com/news/articleView.html?idxno=481175,,
여행업 실적,2026. 7. 6.,"경남, '지리산권 ESG 가치여행' 특화상품 만든다","공모 대상은 '관광진흥법'에 따라 등록된 종합여행업, 국내외 여행업 또는 국내여행업 등록업체로, 지역별... 소비 실적과 모객 성과를 기준으로 지급해 관광객 유치와 지역 경제 활성화 효과를 함께 높여 나갈 방침이다....",newsgn.com,https://www.newsgn.com/news/articleView.html?idxno=560747,,
관광업 매출,2026. 7. 7.,"[작품속 경제리뷰] 김종찬 노래 '토요일은 밤이 좋아', 주6일제에서의 ...","기업과 자영업자 입장에서도 토요일 밤은 가장 중요한 매출 시간대 가운데 하나였으며 서비스 산업은 이... 유통업과 외식업, 숙박업, 관광업은 모두 금요일 저녁 수요 확대에 맞춰 영업 전략을 조정했다. 과거 토요일 밤이...",financialreview.co.kr,http://www.financialreview.co.kr/news/articleView.html?idxno=43359,,
관광업 실적,2026. 7. 7.,8월 항공권 부담 낮아진다…유류할증료 인하에 여행 수요 '꿈틀',국내 관광업계도 여행 수요 회복에 대한 기대감을 키우고 있다. 7일 항공업계에 따르면 최근 국제 항공유... 업계는 향후 국제유가와 환율 변동이 하반기 실적의 주요 변수로 작용할 것으로 보고 있다. 더퍼블릭,thepublic.kr,https://www.thepublic.kr/news/articleView.html?idxno=310438,,
관광업 실적,2026. 7. 7.,[화요시선] 강원 건설업의 복합 위기와 민선 9기,"강원 경제를 조명할 때 대개 관광업을 먼저 떠올리지만, 지역 실물경제를 지탱하는 또 하나의 주요 축은... 대형 국책 사업의 상당수가 시공 능력과 수행 실적을 보유한 외지 대형 건설사 중심으로 낙찰되는 반면, 강원지역...",kado.net,https://n.news.naver.com/mnews/article/654/0000189121?sid=110,,
관광업 실적,2026. 7. 2.,[패트롤] 해남군-완도군-진도군,"플랫폼은 개인별 탄소저감 실적 관리, 포인트 적립·전환, 환경 퀴즈, 설문조사, 친구 초대 등을 갖춰... '정책의 주인은 군민, 군민이 체감하는 변화·성과 이룰 것!' 수산업과 관광업 침체, 지역 소멸 등 위기 극복 주력...",ekn.kr,https://www.ekn.kr/web/view.php?key=20260702029098697,,
해외여행 증감,2026. 7. 3.,독일 소스류 시장동향,"최근에는 해외여행 증가와 이민자 유입 확대, 소셜 미디어를 통한 글로벌 외식문화 확산에 따라... 90 기준)> (단위: US$ 천, %) 순위 국가 금액 점유율 수입 규모 증감률 2023 2024 2025 2023 2024 2025 25/24...",dream.kotra.or.kr,http://dream.kotra.or.kr/kotranews/cms/news/actionKotraBoardDetail.do?SITE_NO=3&MENU_ID=190&CONTENTS_NO=2&bbsGbn=254&bbsSn=254&pNttSn=242329,,
국내여행 선호,2026. 7. 9.,"KTX·SRT…더 많은 국민을 싣고 ""함께 달려요""","유럽과 미국은 물론 동남아를 여행할 때도, 국내 여행을 할 때에도 가능하면 기차를 우선순위에 두고 이동... 개인적으로는 창가 좌석을 선호하지만, 이날은 좌석 여유가 많지 않아 예매가 가능한 통로 쪽 좌석을...",korea.kr,https://www.korea.kr/news/reporterView.do?newsId=148967654&call_from=naver_news,,
국내여행 선호,2026. 7. 9.,"오뚜기, '3일 숙성카레' 라인업 확대... ""일본식 카레 수요 공략""","사진=오뚜기 일본 여행 증가와 현지 외식 경험 확산으로 일본식 카레에 대한 소비자 관심이 높아지는 가운데... 오뚜기는 이번 라인업 확대를 통해 일본식 카레를 선호하는 소비자 수요에 대응하고, 취향별 제품 선택지를...",thefirstmedia.net,http://www.thefirstmedia.net/news/articleView.html?idxno=203434,,
국내여행 선호,2026. 7. 9.,신분증 하나만으로 일본 가는 시대 열릴까,"현재 해외여행을 위해 반드시 여권을 발급받아야 하지만 제도가 도입될 경우 국내선 항공기를 이용하듯... 외래관광객의 선호도가 점증하는 추세""라며 ""자국 간편결제를 바로 쓸 수 있는 결제인프라가 확대된다면...",dongponews.net,https://www.dongponews.net/news/articleView.html?idxno=59187,,
국내여행 선호,2026. 7. 9.,'가깝고 짧게 떠난다'... 숙박·외식·기름값에 눌린 여름휴가,"해외 근거리 여행 20.8%, 해외 장거리 여행 2.8%를 합친 비중보다 국내 여행 선호가 크게 높았다. 국내 여행지로는 강원도 33.0%, 제주도 18.9% 순으로 선호도가 높았고 여행지 선택 기준은 '휴식·힐링이 가능한 환경'이 28.7%로...",chungnamilbo.co.kr,http://www.chungnamilbo.co.kr/news/articleView.html?idxno=897122,,
국내여행 선호,2026. 7. 9.,"오뚜기, 일본 가정식 재현한 '3일 숙성카레 하모니' 출시…라인업 '클래...","오뚜기는 최근 해외여행 증가와 다양한 외식 경험 확대로 일식 카레에 대한 소비자 관심이 높아진 점을... 선보이며 국내 카레 시장을 선도해 나가겠다""고 밝혔다. 이번 라인업 확대는 가정식·외식 스타일의 미각 선호가...",newstnt.com,https://www.newstnt.com/news/articleView.html?idxno=709579,,
국내여행 선호,2026. 7. 9.,[오늘의 카드] 하나카드·현대카드,9일 국내 카드업계의 경영활동을 살펴본다. 하나카드가 해외여행 특화 서비스와 감성적인 디자인을 결합한... 이번 신규 디자인은 최근 캐릭터와 감성 디자인을 선호하는 트렌드를 반영해 귀여운 판다를 모티브로...,financialreview.co.kr,http://www.financialreview.co.kr/news/articleView.html?idxno=43432,,
국내여행 선호,2026. 7. 9.,"NOL, '2026 가민런 아유타야' 패키지 출시...글로벌 러닝 여행 시장 공략","출국 전 국내에서 진행되는 '전문가 사전 클래스 2회'를 비롯해 태국 현지에서 컨디션 조절을 위한... 상품은 고객의 여행 목적과 선호에 따라 세 가지 유형으로 마련됐다. 왕복 항공권과 4성급 호텔 숙박, 대회...",popcornnews.net,http://www.popcornnews.net/news/articleView.html?idxno=126080,,
국내여행 선호,2026. 7. 8.,신라면세점-정관장 ‘홍삼 담금주’ 출시…신세계 ‘푸빌라’ 키링 이벤...,신라면세점은 한국을 찾는 해외 여행객들이 한국 전통 증류주와 홍삼의 가치를 동시에 경험할 수 있도록... 현대백화점 관계자는 “앞으로도 경쟁력 있는 국내 뷰티 브랜드를 고객들에게 소개하고 해외 바이어와...,ekn.kr,https://www.ekn.kr/web/view.php?key=20260708021120466,,
국내여행 선호,2026. 7. 8.,"케이크 만들고, 테니스 배우고 … 서울서 '키캉스' 어때요","특히 최근 고환율과 물가 상승 여파로 해외여행 대신 국내에서 체류형 휴식을 선호하는 흐름이 생기면서 서울 주요 호텔들은 가족 특화 패키지, 얼리버드 할인, 이색 이벤트 등을 앞세워 고객 몰이에 나서고 있다....",mk.co.kr,https://n.news.naver.com/mnews/article/009/0005704631?sid=101,,
국내여행 선호,2026. 7. 8.,"""껍데기 다 벗겨진 축구공으로 축구""…인구 52만 섬나라 카보베르데, 월...","있는데 국내에서도 관심이 높습니다. 카보베르데, 어떤 나라인가요? 조남홍 : 뭐라고 그럴까, 10개의 섬으로... 이 나라는 민주주의가 굉장히 발달한 나라고 일반적인 아프리카 대륙과 달리 굉장히 안전한 나라라서 여행자...",mbn.co.kr,https://n.news.naver.com/mnews/article/057/0001957530?sid=102,,
국내여행 선호,2026. 7. 8.,"""일본 이어 대만까지""…'15조' 몸값 무신사, 직접 진출로 K패션 글로벌 ...",대만은 한국 문화에 대한 선호도가 높고 온라인 패션 소비 비중도 큰 데다 구매력까지 갖춘 시장으로 평가받는다. 여기에 한국 여행 경험이 많은 소비자가 많아 국내에서 접한 브랜드를 현지에서도 구매하려는 수요도...,techm.kr,https://www.techm.kr/news/articleView.html?idxno=153212,,
국내여행 선호,2026. 7. 8.,"여름 휴가객 절반 ""국내여행 간다""…가족과 3~4일 휴식 선호",SK텔레콤 뉴스룸이 자사 고객 총 1073명을 대상으로 올여름 휴가 계획을 조사한 결과 응답자의 46.2%는 국내 여행을 계획하고 있다고 답했다. 이어 △집에서 휴식을 취하겠다 21.5% △해외여행을 떠나겠다 20.5% △아직...,banronbodo.com,https://www.banronbodo.com/news/articleView.html?idxno=32584,,
국내여행 선호,2026. 7. 8.,"""기억해 주세요, 탄자니아""…한국 관광시장 확대 본격화","이들은 국내 여행업계와 B2B 미팅을 진행하며 한국 시장에 맞춘 상품 개발과 관광 교류 확대 방안을... 이번 행사를 통해 한국 여행객이 선호하는 일정, 가격대, 상품 유형을 파악하고, 향후 한국 시장에 맞춘 사파리...",traveltimes.co.kr,https://www.traveltimes.co.kr/news/articleView.html?idxno=500028,,
국내여행 선호,2026. 7. 7.,[하반기 신작 프리뷰②] '실적 턴어라운드'를 꿈꾸는 K-게임...야심작 대...,여러 미소녀 캐릭터들과 함께 세상을 구하기 위해 시간 여행을 떠난다는 설정이다. 미래시는 지난해 도쿄... 또 국내 유저들에게 선호도가 높은 MMORPG 장르인 만큼 하반기 최고 기대작 중 하나라고 할 수 있겠다....,ftoday.co.kr,http://www.ftoday.co.kr/news/articleView.html?idxno=361762,,
국내여행 선호,2026. 7. 7.,‘노 재팬’ 열풍 끝나자…韓 여행·식품·패션 ‘적자 행진’,"반면 국내로 들어온 일본산 맥주는 9만7945t에 달한다. 7914만8000달러(약 1208억원) 어치를 수입해 무역수지... 기업 선호도가 높고 그들만의 특징도 뚜렷한 편""이라고 말했다. 여헌우 기자 yes@ekn.kr 작년 對日 여행수지...",ekn.kr,https://www.ekn.kr/web/view.php?key=20260707026340040,,
국내여행 선호,2026. 7. 7.,"앳홈 톰, 롯데면세점 온라인몰 공식 입점","국내 주요 면세 채널 전반으로 유통망을 넓혔다. 해외 여행객과 글로벌 소비자 접점이 높은 면세 채널에서... 톰 브랜드 관계자는 ""면세 채널은 글로벌 고객의 소비 성향과 제품 선호도를 파악할 수 있는 중요한 시장...",hansbiz.co.kr,http://www.hansbiz.co.kr/news/articleView.html?idxno=848667,,
국내여행 선호,2026. 7. 7.,"앳홈 톰, 롯데면세점 입점... ""K-뷰티 디바이스 해외 공략 속도""","입점하며 국내 주요 면세 채널 전반으로 유통망을 확대하게 됐다. 해외 여행객과 글로벌 소비자 접점이 높은... 톰 관계자는 ""면세 채널은 글로벌 고객의 소비 성향과 제품 선호도를 파악할 수 있는 중요한 시장""이라며...",thefirstmedia.net,http://www.thefirstmedia.net/news/articleView.html?idxno=203220,,
국내여행 선호,2026. 7. 7.,[오늘의 홈케어] LG생활건강·엣홈·패칫·다슈,"진출하며 국내 주요 면세 채널 전반으로 유통망을 확대하게 됐다. 특히 해외 여행객과 글로벌 소비자... 톰 브랜드 관계자는 ""면세 채널은 글로벌 고객의 소비 성향과 제품 선호도를 파악할 수 있는 중요한 시장""이라며...",financialreview.co.kr,http://www.financialreview.co.kr/news/articleView.html?idxno=43376,,
국내여행 선호,2026. 7. 7.,일본 편도 항공권이 7000원…트립닷컴 ‘7.7 메가세일’ 개시,"특히 이번 세일의 핵심인 항공권 깜짝딜은 한국 여행자들이 선호하는 아시아 주요 노선을 중심으로... 메종글래드 제주, 서울 신라스테이 구로, 강릉 세인트존스 호텔 등 국내 여행지 숙소를 비롯해 오사카 호텔 케이한...",biz.heraldcorp.com,https://n.news.naver.com/mnews/article/016/0002666984?sid=103,,
국내여행 선호,2026. 7. 7.,"앳홈 ‘톰’, 롯데면세점 입점⋯ 면세 판매 채널 확대",입점하며 국내 주요 면세 채널로 유통망을 확대했다. 면세 채널을 통해 해외 여행객과 글로벌 소비자 접점을... 면세 채널은 국가별 소비 성향과 제품 선호도를 확인할 수 있는 시장으로도 활용되고 있다. 톰은 면세...,viva100.com,https://www.viva100.com/article/20260707500730,,
국내여행 선호,2026. 7. 7.,"세븐일레븐, 글로벌 직소싱 '질주'…1년 만에 1000만개 판매·매출 20%↑","또한 미국·일본·대만·태국 등 해외 세븐일레븐과 정기적으로 상품 정보를 공유하는 전담 글로벌소싱팀을 운영하며 현지 판매 데이터와 한국인 여행객들의 구매 패턴, SNS 화제성, 국내 소비자 선호도 등을 종합 분석해...",megaeconomy.co.kr,https://www.megaeconomy.co.kr/news/newsview.php?ncode=1065588549047173,,
국내여행 선호,2026. 7. 7.,"앳홈 '톰', 롯데면세점 입점…글로벌 고객 접점 확장","진출하며 국내 주요 면세 채널 전반으로 유통망을 확대하게 됐다. 특히 해외 여행객과 글로벌 소비자 접점이... 톰 브랜드 관계자는 ""면세 채널은 글로벌 고객의 소비 성향과 제품 선호도를 파악할 수 있는 중요한 시장...",mt.co.kr,https://n.news.naver.com/mnews/article/008/0005382506?sid=101,,
국내여행 선호,2026. 7. 7.,"[게임 브리핑] 넥써쓰, 퍼블리싱 작 '프로스트 킹덤' 23일 글로벌 출시","iOS·안드로이드·PC로 출시되며, 국내 버전과 블록체인 기능을 포함한 글로벌 버전으로 서비스된다. 앞서... 주인공 산라쿠와 파트너인 에무르의 여행이 테마인 영상에서는 전투 장면과 오리지널 보스 몬스터의 모습을...",worktoday.co.kr,http://www.worktoday.co.kr/news/articleView.html?idxno=86453,,
국내여행 선호,2026. 7. 7.,"예약도 '직접' 잡는다…호텔신라, 디지털 채널 강화 승부수",온라인 여행사(OTA)에 의존하던 예약 구조에서 벗어나 고객을 공식 채널로 직접 유입시키는 'D2C(Direct to... 국내 호텔업계 역시 멤버십 혜택과 디지털 서비스를 강화하는 방향으로 경쟁이 옮겨가는 추세다. 호텔신라 역시...,techm.kr,https://www.techm.kr/news/articleView.html?idxno=153170,,
국내여행 선호,2026. 7. 7.,'마이클 병주 킴'의 MBK는 홈플러스에 무슨 짓을 했나,"부여하며 국내 사모펀드 규제 풀어줘..그 규제 역이용해 사익 추구한 대표적 모델 - MBK 다음 희생타는 '네파... 대한 선호도가 떨어지는 상태에서 법원에서 당연히 홈플러스를 회생을 허가해 줄까, 반대로 MBK 같은 데서...",ytn.co.kr,https://n.news.naver.com/mnews/article/052/0002375792?sid=101,,
국내여행 선호,2026. 7. 7.,앳홈 '톰' 롯데면세점 입점... 면세 유통망 확대,신세계면세점과 신라면세점에 이어 롯데면세점까지 입점하면서 국내 주요 면세 채널을 모두 확보하게 됐다. 톰은 면세 채널을 글로벌 고객과의 접점을 확대하는 핵심 유통망으로 활용하고 있다. 해외 여행객과 글로벌...,fashionbiz.co.kr,https://www.fashionbiz.co.kr/article/227696,,
국내여행 선호,2026. 7. 7.,"앳홈 '톰', 롯데면세점 입점…면세 3사 유통망 완성",입점하며 국내 주요 면세 유통망을 모두 확보했다. 앳홈은 톰의 대표 제품인 '더 글로우 시그니처'를 비롯한... 해외 여행객과 외국인 고객의 이용 비중이 높은 면세 채널을 기반으로 해외 소비자와의 접점을 넓혀간다는...,m-i.kr,https://www.m-i.kr/news/articleView.html?idxno=1388828,,
국내여행 선호,2026. 7. 7.,"[인터뷰] 탄자니아관광청, 한국 시장 진입 본격화…GO EAST 전략으로 아...","계기로 국내 여행업계와 미디어를 대상으로 한 인터뷰를 진행했다. 앞서 탄자니아관광청과 주한... 특히 한국인 여행객의 선호, 여행 기간, 가격대, 사파리와 휴양을 결합한 상품 가능성, MICE와 블레저(Bleisure...",onews.tv,https://www.onews.tv/news/articleView.html?idxno=282608,,
국내여행 선호,2026. 7. 7.,"신세계·신라 이어 롯데까지…앳홈 ‘톰’, 면세 3강 입점 완성",이번 입점으로 톰은 국내 주요 면세 채널 전반으로 유통망을 확대했다. 해외 여행객과 글로벌 소비자 유입이... 톰 브랜드 관계자는 “면세 채널은 글로벌 고객의 소비 성향과 제품 선호도를 파악할 수 있는 중요한 시장”...,mk.co.kr,https://n.news.naver.com/mnews/article/009/0005703696?sid=103,,
국내여행 선호,2026. 7. 7.,"스위스관광청, 학계와 협업해 여름 시즌 '트래블 트레이너' 하이킹 프로...","주요 운영 지역 및 하이킹 코스 발레주지역 [사진=스위스정부관광청] 운영 구역은 국내 여행객들의 방문 선호도가 높은 루체른 근교, 융프라우, 발레주 등 3개 권역을 중심으로 구성된다. 루체른 근교...",discoverynews.kr,https://www.discoverynews.kr/news/articleView.html?idxno=1095398,,
국내여행 선호,2026. 7. 7.,"앳홈 톰, 롯데면세점 입점...K-뷰티 디바이스 글로벌 시장 공략 확대","롯데면세점까지 국내 주요 면세 유통망에 진출하게 됐다. 해외 여행객과 글로벌 소비자 접점이 높은 면세... 톰 브랜드 관계자는 ""면세 채널은 글로벌 고객의 소비 성향과 제품 선호도를 확인할 수 있는 중요한 시장...",popcornnews.net,http://www.popcornnews.net/news/articleView.html?idxno=125785,,
국내여행 선호,2026. 7. 7.,유럽 허니문 “신혼여행을 여는 1순위 혼수품…미리 준비해야 할 하이라...,스페인이 파리·이탈리아를 제쳤다 스페인이 2025년 허니문 시장에서 전통 강자 파리와 이탈리아를 밀어내고 MZ세대가 가장 선호하는 여행지로 떠올랐다. 국내 허니문 시장을 가장 오래 지켜본 팜투어의 예약...,sports.khan.co.kr,https://n.news.naver.com/mnews/article/144/0001124720?sid=103,,
국내여행 선호,2026. 7. 7.,‘오케이 마담2’→‘손 없는 날’…CGV 투자·배급 재개 배경은 [IS포커...,"실제 올해 초 국내 5대 투자·배급사 CJ ENM, 롯데엔터테인먼트, 플러스엠엔터테인먼트, 쇼박스, NEW가 발표한... 지난 2020년 122만 관객을 동원한 ‘오케이 마담’ 후속작으로, 초호화 크루즈 여행을 떠난 전직 레전드...",isplus.com,https://m.entertain.naver.com/article/241/0003518577,,
국내여행 선호,2026. 7. 6.,"마세라티, '도깨비'와 10년 만의 재회","10주년 여행'은 tvN 개국 20주년 프로젝트의 일환으로 제작된 특집 예능이다. 지난 2016년 방영돼 국내외에서... 여기에 클라이밋 패키지와 테크 어시스턴트 패키지 등 고객 선호 사양을 포함해 1억 1,860만원의 가격으로...",ggilbo.com,https://www.ggilbo.com/news/articleView.html?idxno=1167652,,
국내여행 선호,2026. 7. 6.,7~8월 폭염·바가지 요금 피하자… 요즘 직장인들이 휴가 가려고 손꼽아...,"단거리 여행지를 최종 선택하는 경향이 뚜렷했다고 설명했다. 검색과 예약 단계에서 여행지 선호가 이처럼... 국내 여행객을 대상으로 한 또 다른 설문에서는 성수기를 피한 일정 조정이 28.7%, 저비용항공사 이용이 14.9...",wikitree.co.kr,https://www.wikitree.co.kr/articles/1144953,,
국내여행 선호,2026. 7. 6.,술 덜 마시는데 일본 맥주는 더 마셨다…수입량 첫 10만t 돌파,"일본 여행이 늘어나면서 일본 맥주에 대한 소비자들의 친근감이 커지고 프리미엄 제품에 대한 선호가 높아진 점도 소비가 늘어나는 요인으로 작용하고 있다. 업계 관계자는 ""일본 맥주 수입 증가는 국내 주류...",newsis.com,https://n.news.naver.com/mnews/article/003/0014048595?sid=103,,
국내여행 선호,2026. 7. 6.,"[팜투어] 하반기 허니문 시장, '발리' 선호도 지속… 리조트 직거래 서...","(사진=팜투어) 국내 허니문 송출 분야에서 장기 운영 중인 팜투어의 경우, 2003년 설립 이후 22년간 신혼여행 상품을 전문적으로 취급해 오고 있다. 연간 2만 쌍 이상의 수주 실적을 바탕으로 기업 신용등급 A-를...",discoverynews.kr,https://www.discoverynews.kr/news/articleView.html?idxno=1095326,,
국내여행 선호,2026. 7. 6.,"[유통소식] 롯데마트·슈퍼, ESG 연계 '농촌 체험 프로그램'","제품 안에 동봉된 랜덤 코드를 프로모션 홈페이지에 입력하면 추첨을 통해 여행상품권과 에어팟 등을 제공할 예정이다. 해태제과 관계자는 ""가루비의 제품 경쟁력과 해태제과의 제조 노하우를 결합해 국내 생산...",4th.kr,http://www.4th.kr/news/articleView.html?idxno=2114283,,
국내여행 선호,2026. 7. 6.,"연어초밥을 감자칩으로…해태, 일본 대표 미식 담은 '연어초밥맛' 선보...","소비자들은 단순한 간식을 넘어 새로운 맛과 경험을 제공하는 제품을 선호하는 경향을 보이고 있으며, 글로벌 음식 문화를 접목한 스낵에 대한 관심도 꾸준히 확대되고 있다. 원재료에도 차별화를 더했다. 국내 감자 수확...",e-science.co.kr,https://www.e-science.co.kr/news/articleView.html?idxno=131494,,
국내여행 선호,2026. 7. 6.,"듀오, 여름휴가 시즌 맞춤 데이트 코스 제안…물놀이부터 축제까지",결혼정보회사 듀오가 여름휴가 시즌을 맞아 연인들이 함께 즐길 수 있는 국내 데이트 코스를 정리해... 드라이브를 선호하는 이들에게는 제부도가 추천됐다. 바닷길과 해안 산책로를 따라 여유롭게 이동할 수 있고...,seoul.co.kr,https://n.news.naver.com/mnews/article/081/0003658620?sid=101,,
국내여행 선호,2026. 7. 6.,"""9월에 혼자 떠난다""... 늦캉스·혼행 선택한 MZ세대, 이유는?","찾은 국내 여행지는 서울, 제주, 부산, 인천, 강릉 순으로 나타났다. 대중교통 접근성이 우수하고 혼자서도 관광과 식사를 편하게 즐길 수 있는 지역들이 선호도가 높았다는 설명이다. 해외 여행지로는 도쿄가 가장 많은...",insight.co.kr,https://www.insight.co.kr/news/561624,,
국내여행 선호,2026. 7. 6.,"노스페이스 화이트라벨, 올여름 여심 저격 스니커즈",아식스의 ‘하이퍼싱크’나 푸마의 ‘스피드캣 뮬’처럼 간결한 디자인을 선호하는 소비자를 공략하겠다는... 핑크와 아이보리 색상은 발레코어나 로맨틱 캐주얼 의상에 어울리고 베이지와 블랙 색상은 여행이나...,sports.donga.com,https://n.news.naver.com/mnews/article/382/0001281812?sid=103,,
국내여행 선호,2026. 7. 6.,"유가 안정에 여행 심리 기지개…트립닷컴, '7.7 메가세일' 진행","항공권은 한국 여행자 선호도가 높은 아시아 주요 노선 중심으로 구성됐다. 7일 오전 11시에는 서울-도쿄... 호텔은 메종글래드 제주, 라마다 프라자 바이 윈덤 여수, 부산 영무파라드호텔 해운대 비치 등 국내 주요...",etnews.com,https://n.news.naver.com/mnews/article/030/0003444678?sid=103,,
국내여행 선호,2026. 7. 6.,"경기관광공사, 글로벌 관광객 유치 확대…평화관광·체험형 콘텐츠 알리...","이번 프로그램에는 유엔참전국 13개국 참전용사 후손과 국내 대학(원)생들이 참여했다. 참가자들은 과거... 경기관광공사 관계자는 ""구미주 관광객은 단체관광보다 개별 맞춤형 여행을 선호하는 만큼 차별화된 콘텐츠...",g-enews.com,https://www.g-enews.com/view.php?ud=2026070609463690798fbfc802b3_1,,
국내여행 선호,2026. 7. 6.,"노랑풍선, 베트남 지역 허니문 상품 확대…","베트남은 국내에서 약 4~6시간이면 이동할 수 있어 장거리 여행 대비 이동 부담이 적은 것이 장점이다.... 있는 여행을 선호하는 경향이 뚜렷하다""며 ""이번 베트남 신규 허니문 상품은 프리미엄 리조트와 다양한 허니문...",megaeconomy.co.kr,https://www.megaeconomy.co.kr/news/newsview.php?ncode=1065573027987961,,
국내여행 선호,2026. 7. 6.,"노랑풍선, 베트남 신혼여행 상품 라인업 확대… 다낭·나트랑 등 4개 지...","푸꾸옥_세일링클럽 시그니처 리조트 [사진=노랑풍선] 이동 부담 완화 및 지역별 환경 고려 베트남은 국내에서... 휴양을 선호하는 경향이 있다""며 ""향후에도 여행 소비자의 다양한 스타일과 예산 조건에 맞춘 신혼여행...",discoverynews.kr,https://www.discoverynews.kr/news/articleView.html?idxno=1095268,,
국내여행 선호,2026. 7. 6.,"노랑풍선, 베트남 허니문 상품 확대…프리미엄 리조트 중심 구성","베트남은 국내에서 약 4~6시간이면 이동할 수 있어 장거리 이동 부담이 적다. 세계적 수준의 리조트 시설과... 있는 여행을 선호하는 경향이 뚜렷하다""며 ""이번 베트남 신규 허니문 상품은 프리미엄 리조트와 다양한 허니문...",pinpointnews.co.kr,https://www.pinpointnews.co.kr/news/articleView.html?idxno=465706,,
국내여행 선호,2026. 7. 6.,강원 올여름 '국내여행 1번지' 숙소 예약 비중 전국 최고,올여름 국내 여행 수요가 크게 늘어난 가운데 강원도가 올해 초여름 국내 여행객이 가장 선호하는 여행지로 자리매김했다. 해안 관광지뿐 아니라 내륙 지역까지 여행객이 분산되며 도 전역으로 관광 수요가 확대되는...,kado.net,https://n.news.naver.com/mnews/article/654/0000188991?sid=101,,
국내여행 선호,2026. 7. 6.,"상반기 잠잠했던 IPO 시장, 하반기 '대어'가 깨울까","◆ 상반기 IPO, 케이뱅크 빼면 '소강'…대어 부재에 투심도 관망 올해 상반기 국내 증시는 대형주를 중심으로 강세를 이어갔지만 IPO 시장의 체감 온도는 이와 사뭇 달랐다. 지수 상승으로 위험자산 선호가 되살아나는...",news.tf.co.kr,https://n.news.naver.com/mnews/article/629/0000513268?sid=101,,
국내여행 선호,2026. 7. 5.,"체류형 여행 뜬다…경북 숙박관광 전국 3위, 대구는 미식관광 경쟁력",5일 한국문화관광연구원의 '2025 국민여행조사'에 따르면 지난해 국내여행에서는 숙박을 동반하는 여행이... 특히 20~40대를 중심으로 호텔과 리조트 이용이 늘어나면서 보다 편안한 숙박시설을 선호하는 경향이...,kyongbuk.co.kr,https://www.kyongbuk.co.kr/news/articleView.html?idxno=4077417,,
국내여행 선호,2026. 7. 5.,연차없이 즐긴다 … 해외여행도 '시성비'가 대세,흥미로운 건 7월 말부터 8월 초 사이 금요일부터 일요일까지의 주말 체크인 기준 일본 도쿄가 선호 여행지... 힘입어 여행객들 사이에서 주목받는 핫플레이스다. 배우 한가인과 방송인 박명수 등 국내 연예인과...,mk.co.kr,https://n.news.naver.com/mnews/article/009/0005702858?sid=103,,
국내여행 선호,2026. 7. 5.,"[유통정보통] 비빔면도 경험 경쟁, '여름 입맛 잡기' 총력전",5일 한국농수산식품유통공사(aT)에 따르면 국내 비빔면 시장 규모는 2015년 757억원에서 2023년 약 1800억원으로... 농심은 공항이라는 이색 공간을 활용해 여행객에게 브랜드 경험을 제공하고 소비자 접점을 넓힐 계획이다....,the-biz.co.kr,http://www.the-biz.co.kr/news/articleView.html?idxno=723794,,
국내여행 선호,2026. 7. 5.,당일치기 줄고 숙박여행 늘었다…국내여행 트렌드 변화,"호텔·리조트 이용 증가…먹거리·역사관광도 인기 국내여행이 ‘당일치기’ 중심에서 숙박을 동반한... 연령과 소득에 따라서도 여행 활동에 차이가 있었지만, 전반적으로 음식관광과 체험 중심 여행 선호가...",segye.com,https://n.news.naver.com/mnews/article/022/0004140535?sid=103,,
국내여행 선호,2026. 7. 5.,"400년 고도(古都) 타이난의 여름, 서울의 심장을 두드리다 ... ""홍대 뒤흔...","이번 행사는 단순한 홍보를 넘어, 오감을 자극하는 문화 콘텐츠로 서울 시민과 국내외 관광객들의 발길을... 29% 증가해 타이난의 풍부한 역사, 문화, 요리 매력을 보여주며, 한국 여행객들에게 여전히 선호되고 있다""면서...",ttlnews.com,http://www.ttlnews.com/news/articleView.html?idxno=3122785,,
국내여행 선호,2026. 7. 4.,[여기서놀자] 한 지붕 아래 '듀얼 브랜드'···시너지 승부 던진 르메르...,"지난 2022년 문을 연 르메르디앙 & 목시 서울 명동은 국내 최초로 메리어트 인터내셔널의 '르메르디앙'과... 럭셔리 여행객부터 합리적인 소비를 선호하는 여행객, 비즈니스 수요까지 품을 수 있는 배경이다. ◇ 파리지엥...",enewstoday.co.kr,http://www.enewstoday.co.kr/news/articleView.html?idxno=2445506,,
국내여행 선호,2026. 7. 4.,[유통체크업] 여름 특수 잡아라…이커머스 '할인 전쟁' 시작,"계절 가전부터 식품, 패션, 여행 상품까지 할인 품목을 대폭 확대하며 소비자 잡기에 나섰다. 물가가 높아진... 아울러 가족 단위 고객들이 선호하는 해외 휴양지 패키지와 대형 리조트·호텔 중심의 국내숙박 상품 구성도...",the-biz.co.kr,http://www.the-biz.co.kr/news/articleView.html?idxno=723751,,
국내여행 선호,2026. 7. 4.,"'같은 장소, 두 얼굴'…물때가 빚어낸 안면암 최고의 볼거리",여행객들 사이에서는 간조 1시간 전쯤 도착해 갯벌이 펼쳐진 모습을 둘러본 뒤 만조 시간까지 머물며 바닷물이 차오르는 과정을 지켜보는 일정이 선호된다. 하루 동안 부상탑이 보여주는 상반된 매력을 모두 경험할 수...,joseilbo.com,https://n.news.naver.com/mnews/article/123/0002385930?sid=103,,
국내여행 선호,2026. 7. 4.,"[D테일] 향수 디스커버리 세트, '취향의 틈새' 파고들다","소용량 향수에 대한 국내 소비자들의 수요가 확인되면서 엑스니힐로의 지난 2월부터 5월까지의 매출은 전년... 고려할 때, 여행객들이 부담 없는 가격대와 휴대성이 높은 제품에 선호를 보이는 것으로 분석된다""고 했다.",ddaily.co.kr,https://n.news.naver.com/mnews/article/138/0002233133?sid=101,,
국내여행 선호,2026. 7. 4.,"“보물 찾기 쇼핑” 온다…오프프라이스 매장, 유통 새 축으로",국내 대표 매장인 강남점을 3일 리뉴얼 개장할 예정이다. 의류와 잡화 중심이던 상품 구성을 △뷰티 △여행... 최근들어 유통업체들이 오프프라이스 방식에 집중하는 배경에는 시장의 미래 주역인 Z세대들의 선호가 한...,sedaily.com,https://n.news.naver.com/mnews/article/011/0004638091?sid=101,,
국내여행 선호,2026. 7. 4.,[기획] 휴가철 성수기 승부수…소노호텔은 어떻게 고객을 잡나,"객실 할인으로 수요를 끌어들이던 방식에서 벗어나 숙박과 항공, 레저를 하나로 묶어 여행 전반의 경험을... 야놀자리서치의 '국내 숙박업 동향 보고서'에 따르면 리조트의 판매가능객실당매출(RevPAR)은 여름 성수기...",startuptoday.co.kr,https://www.startuptoday.co.kr/news/articleView.html?idxno=805584,,
국내여행 선호,2026. 7. 4.,"""항공·숙박 비싸서 이틀만 갈게요""…고환율·고물가 여름휴가 '직격탄...","국내 여행지 가운데 선호하는 지역으로는 강원도가 33%로 1위에 올랐다. 응답자의 51.1%가 휴가지를 선택하는 기준으로 '휴식·힐링이 가능한 환경'(51.1%)을 꼽았고 '접근성 및 이동 편의성'(46.8%), '비용 대비 효율성'(46....",view.asiae.co.kr,https://n.news.naver.com/mnews/article/277/0005785393?sid=103,,
국내여행 선호,2026. 7. 4.,"""혼자 떠나고, 늦게 떠나고, 가깝게 떠난다""…여행 소비 바꾸는 '가성비...","결과 국내 혼행객이 가장 많이 찾은 여행지는 서울, 제주, 부산, 인천, 강릉""이라며 ""대중교통 접근성이 뛰어나고 혼자서도 관광과 식음료를 즐기기 쉬운 지역들이 높은 선호를 보였다""고 밝혔다. 해외에서는 도쿄가 가장...",newsway.co.kr,https://www.newsway.co.kr/news/view?ud=2026070310212788890,,
국내여행 선호,2026. 7. 4.,[N포커스] 'AI 혁명' 문화·관광·콘텐츠 산업 덮쳤다...일자리 재편 가...,한국경제연구원과 국내 산업계에서는 AI가 단기적으로 일부 직무를 줄일 가능성이 있지만 장기적으로는... 관광지에서는 AI 안내 시스템과 맞춤형 여행 추천 서비스가 확대되고 있으며 여행사들도 AI를 활용해 일정...,nc.press,https://www.nc.press/news/articleView.html?idxno=619773,,
국내여행 선호,2026. 7. 4.,"어디서 약을 팔아? 외국인에게 이렇게 많이… K힐링 쇼핑, 명동 ‘약국...",관광객의 국내 카드 소비액은 2조1222억원으로 사상 처음 2조원을 넘어섰다. 이 가운데 약국 소비 증가율은 206.... 개별 여행객과 젊은 층이 늘면서 일상 속에서 경험할 수 있는 생활형 소비를 선호하는 경향이 뚜렷해졌다는...,khan.co.kr,https://n.news.naver.com/mnews/article/032/0003456017?sid=103,,
국내여행 선호,2026. 7. 4.,미국·싱가포르 다 제쳤다... 세계 게 요리 1위 등극한 '한국 밥도둑',지난 13일 크로아티아의 글로벌 미식 지도이자 온라인 여행 가이드 '테이스트 아틀라스'는 자신들의... 일본에서도 뜨거운 인기 간장게장의 인기는 국내를 넘어 일본에서도 확인된다. 일본에서는 간장게장을...,wikitree.co.kr,https://www.wikitree.co.kr/articles/1144076,,
국내여행 선호,2026. 7. 3.,“7월에도 공휴일이 있다니” 직장인들 환호…여행 숙소부터 끊었다,놀유니버스는 올여름 국내 숙소 예약 건수가 지난해 같은 기간보다 68% 증가했다고 3일 밝혔다. 또 캠핑·카라반·글램핑 숙소의 예약은 102% 늘어나 자연 속 휴양을 선호하는 여행 수요가 확대된 것으로 나타났다. 이는...,sedaily.com,https://n.news.naver.com/mnews/article/011/0004638022?sid=103,,
국내여행 선호,2026. 7. 3.,"외국인 북적이는 일본, 현지인들은 ""해외여행 안 가요""",해외여행 비용이 32만3000엔(약 310만원)으로 지난해보다 6.3% 늘어날 것으로 예상했다. 여행지 선호도에서는... JTB는 같은 기간 일본 국내여행객도 지난해보다 4.4% 감소한 6900만 명에 그칠 것으로 전망했다. 반면 엔저...,hankyung.com,https://n.news.naver.com/mnews/article/015/0005306139?sid=104,,
국내여행 선호,2026. 7. 3.,1000만 관광도시 노리는 장성…꼭 가봐야 할 대표 관광명소 7곳 공개,"장성군은 관광객 선호도와 변화한 여행 트렌드를 반영해 기존 '장성8경'을 '장성 관광명소'로 개편하고... 국내 대표 치유숲…축령산 편백숲 축령산 편백숲은 1,150ha 규모의 울창한 상록수림을 자랑하는 치유 여행지다. 6...",tournews21.com,https://www.tournews21.com/news/articleView.html?idxno=137905,,
국내여행 선호,2026. 7. 3.,특집대담:옷은 사람의 마음과 삶까지 변화시키는 언어다,"이번 창간 29주년 특집 대담에서는 국내 패션치유 분야의 대표 연구자인 김성희 교수를 나주에서 직접 만났다.... 같은 옷이라도 출근용, 휴식용, 수면용, 산책용, 여행용처럼 생활 상황에 따라 편안함의 기준이 다르기...",okfashion.co.kr,http://okfashion.co.kr/detail.php?number=63787&thread=81r21,,
국내여행 선호,2026. 7. 3.,대한민국 국제 관광박람회서 강원특별자치도 홍보관 운영…수도권 주민...,"한편, 지난 6월 5일부터 10일까지 리서치기업 피앰아이가 실시한 '2026년 여름휴가 관련 조사'에서 강원특별자치도가 국내 여행 선호도 1위(33.0%)를 차지했다. 도는 이번 박람회에서 여름 축제와 관광 프로그램 등 다양한...",gukjenews.com,https://www.gukjenews.com/news/articleView.html?idxno=3625719,,
국내여행 선호,2026. 7. 3.,세계축제가 이곳에서 반짝반짝!…'글로벌 K-페스티벌 반짝매장'으로,"나의 이름과 국적을 입력하고, 선호하는 영화 분야까지 고르면 이에 맞춰 '글로벌축제'를 추천하고, 그 추천... 다양한 글로벌축제 가운데서도 내 취향을 고려한 축제를 추천해 준다니, 여름휴가나 올 하반기 국내 여행을...",korea.kr,https://www.korea.kr/news/reporterView.do?newsId=148967405&call_from=naver_news,,
국내여행 선호,2026. 7. 3.,"[네이버 종합] 네이버 치지직, 'EWC 2026' 단독 중계 소식 외","네이버는 ▲국내 최초로 기상청, 아큐웨더, 웨더채널, 웨더뉴스 4개의 기상사업자가 제공하는 예보 비교를... ■ 올 여름 싱가포르 여행은 네이버페이(Npay)와 함께 네이버페이(Npay)가 싱가포르관광청과 함께 올 여름...",gamevu.co.kr,https://www.gamevu.co.kr/news/articleView.html?idxno=59135,,
국내여행 선호,2026. 7. 3.,[위클리오늘] 강원도 '대한민국 국제 관광박람회' 참가...여름 관광객 유...,"한편, 지난 6월 5일부터 10일까지 리서치기업 피앰아이의 '2026년 여름휴가 관련 조사' 결과 국내 여행 선호도에서 강원특별자치도가 1위(33.0%)*를 차지하며 국내 대표 관광지로서의 높은 선호도를 다시 한번 입증하였다....",weeklytoday.com,http://www.weeklytoday.com/news/articleView.html?idxno=783469,,
국내여행 선호,2026. 7. 3.,“방학에는 여행 대신 알바”..대학생 사로잡은 여름 알바 조건 1위는?,"선호하는 근무 기간은 방학 기간에 맞춘 ‘1개월~3개월(56.5%)’의 단기 알바가... 2%) 등 자기계발에 매진하겠다는 답변이 많았으며, △국내여행(34.6%) △문화·여가...",breaknews.com,http://www.breaknews.com/1219049,,
국내여행 선호,2026. 7. 3.,애플페이 확대 무산에 업계 희비···현대카드 '선점 효과' 더 커진다,해외는 국내보다 NFC 결제 인프라가 훨씬 잘 구축돼 있어 실물 카드 없이도 대부분의 오프라인 결제가 가능하다. 해외여행이나 해외 직구가 늘어날수록 애플페이 이용 빈도 역시 함께 증가하는 구조다. 여신금융협회에...,sisajournal-e.com,https://www.sisajournal-e.com/news/articleView.html?idxno=422174,,
국내여행 선호,2026. 7. 3.,"장성군, 관광명소 7곳 선정 완료… 관광 경쟁력 강화 시동",변화하는 여행 트렌드와 관광객의 실제 선호도를 반영해 기존 경관 중심의 명칭을 벗어나 체험과 문화... 축령산 편백숲은 국내 대표 치유숲으로 꼽힌다. 한국전쟁 이후 황폐해진 산을 평생에 걸쳐 가꾼 고(故) 춘원 임종국...,thefairnews.co.kr,https://www.thefairnews.co.kr/news/articleView.html?idxno=81244,,
국내여행 선호,2026. 7. 3.,"할인보다 AI…한여름 이커머스 승부, '개인화 쇼핑'이 갈라","본격적인 여름 성수기를 맞아 국내 이커머스 업계의 경쟁도 새로운 국면에 접어들었다. 성장세가 둔화되고... AI는 여행 일정과 계절, 예산, 선호 스타일 등 대화 속 맥락을 이해해 후보를 압축하고 추천 이유까지...",asiatime.co.kr,https://www.asiatime.co.kr/article/20260703500304,,
국내여행 선호,2026. 7. 3.,"""여름 여행 회복세""... 놀유니버스, 국내 숙소 예약 68% 증가","국내 여행에서는 캠핑·카라반·글램핑 예약이 전년 대비 102% 늘며 자연 속 휴양에 대한 선호가 확대됐다. 지역별 예약 비중은 강원특별자치도(23%), 제주특별자치도(11%), 부산광역시(9%) 순으로 집계됐다. 특히 강원은...",thefirstmedia.net,http://www.thefirstmedia.net/news/articleView.html?idxno=202973,,
국내여행 선호,2026. 7. 3.,강원으로 몰리고 발리 뜨고…올여름 여행객 마음 사로잡은 '원픽'은,［뉴시안= 신선경 기자］올여름 여행객들의 선택은 '자연'과 '취향'으로 압축됐다. 국내에서는... 지역별로는 강원특별자치도가 전체 예약의 23%를 차지하며 가장 높은 선호도를 기록했다. 이어 제주특별자치도(11...,newsian.co.kr,http://www.newsian.co.kr/news/articleView.html?idxno=91787,,
국내여행 선호,2026. 7. 3.,원화 약세에 미국 여행객 몰린다···대한항공 '미주 특수' 기대감 커져,"한국 여행 자체에 대한 선호도가 높아지고 있는 점도 긍정적인 요인""이라고 말했다. ◇ 장거리 노선 특성상... 대한항공은 국내 항공사 가운데 가장 탄탄한 미주 노선 네트워크를 갖추고 있다. 미국 주요 도시를...",sisajournal-e.com,https://www.sisajournal-e.com/news/articleView.html?idxno=422151,,
국내여행 선호,2026. 7. 3.,올여름 국내 숙소 예약 전년 보다 68%↑…인기 여행지 1위는 강원도,캠핑·글램핑 예약 102% 증가…해외는 일본 선호 올해 여름 국내 숙소 예약 건수가 지난해 같은 기간보다 68% 증가한 것으로 나타났다. 국내 여행지 가운데 가장 인기가 있는 곳은 강원도였고 해외여행에서는 일본이...,sisajournal.com,https://n.news.naver.com/mnews/article/586/0000132987?sid=101,,
국내여행 선호,2026. 7. 3.,올여름 인기 여행지 1위는 강원…전시 1위는 '인상주의를 넘어',올여름 국내 여행 수요가 늘면서 숙소 예약이 지난해보다 큰 폭 증가한 것으로 나타났다. 특히 캠핑과... 해외여행에서는 일본이 항공권 예약 인원의 35%를 차지하며 가장 높은 선호도를 보였다. 이어 베트남(21...,wowtv.co.kr,https://n.news.naver.com/mnews/article/215/0001257495?sid=103,,
국내여행 선호,2026. 7. 3.,국내여행 17% 늘었다…호텔보다 많이 찾은 의외의 숙소는 ‘이곳’,"여행사 상품 구입비(50.1%)는 전년 1분기(51.2%)보다 줄었으나, 쇼핑비는 같은기간 11.2%에서 11.9%로 소폭 증가했다. 국내여행처럼 해외여행도 검증된 목적지를 선호하며, 현지에서 지출을 늘리는 경향으로 해석된다.",nongmin.com,https://n.news.naver.com/mnews/article/662/0000098873?sid=103,,
국내여행 선호,2026. 7. 3.,[패트롤] 강원도-강원관광재단-강원도립대,한편 최근 여름휴가 여행 선호도 조사에서는 강원도가 33.0%로 전국 1위를 기록하며 국내 대표 여름 관광지로 높은 선호도를 나타냈다. 강원도는 이번 박람회를 통해 여름 축제와 관광 콘텐츠를 적극 홍보해 실제 관광객...,ekn.kr,https://www.ekn.kr/web/view.php?key=20260703027478959,,
국내여행 선호,2026. 7. 3.,"폐철도의 변신, 도시숲이 만든 연천의 미래","연천은 국내 최초의 구석기 유적인 전곡리 유적과 유네스코 세계지질공원으로 지정된 한탄강, 장관을 이루는... 최근 여행객들은 단순한 명소 방문보다 산책과 자전거, 자연 치유를 함께 즐기는 슬로우 투어를 선호한다....",tournews21.com,https://www.tournews21.com/news/articleView.html?idxno=137860,,
국내여행 선호,2026. 7. 3.,"NOL ""여름 국내 숙소 예약 68% 증가…해외는 일본 선호 지속""","놀유니버스가 여름 성수기(7월 1일~8월 31일) 예약 데이터를 분석한 결과, 올해 여름 국내 숙소 예약 건수가... 지역으로 여행 수요가 분산되는 양상을 보였다. 입실 예약이 가장 많은 날은 제헌절 연휴가 시작되는 7월...",fnnews.com,https://n.news.naver.com/mnews/article/014/0005543363?sid=103,,
국내여행 선호,2026. 7. 3.,"여름방학 앞둔 대학생들, 여행보다 ‘목돈 마련’","을 선호한다는 응답이 56.5%로 가장 많았습니다. 아르바이트 외 방학 계획으로는 ‘운동·다이어트’가 57.1%로 가장 높은 응답률을 보였습니다. ‘자격증 준비’는 51.5%, ‘어학공부’ 40.2%였습니다. ‘국내여행’은...",jibs.co.kr,https://n.news.naver.com/mnews/article/661/0000079247?sid=101,,
국내여행 선호,2026. 7. 3.,"""여름휴가 선호도 1위 강원으로 오세요""…관광박람회서 홍보전","특히 도는 리서치기업 피앰아이가 지난달 5일부터 10일까지 실시한 '2026년 여름휴가 관련 조사' 국내 여행 선호도에서 강원이 33%로 1위를 차지한 점을 집중적으로 부각할 방침이다. 이 조사에서 제주는 18.9%로 2위, 부산은...",yna.co.kr,https://n.news.naver.com/mnews/article/001/0016174511?sid=102,,
국내여행 선호,2026. 7. 3.,"중국인 유커 '노재팬' 확산, 올여름 한국 태국 항공 여행업계 반사익","여행 플랫폼 '둥청'의 예약 데이터 통계에 따르면, 중국 주요 도시에서 출발하는 인기 해외 노선 상위권에 서울, 방콕, 싱가포르, 쿠알라룸푸르, 제주도 등이 대거 포진했다. 특히 '서울'은 올여름 유커들이 가장 선호...",newspim.com,https://www.newspim.com/news/view/20260703000417,,
국내여행 선호,2026. 7. 3.,한국은 1위인데… 일본 해외여행객 8.8% 줄었다,"■ 해외·국내 모두 여행객 감소 일본 국내여행도 감소세로 나타났습니다. JTB는 같은 기간 국내여행객이 6,900만 명으로 지난해보다 4.4% 줄어들 것으로 내다봤습니다. 1인당 국내여행 예상 비용은 4만 8,500엔으로 3.2...",jibs.co.kr,https://n.news.naver.com/mnews/article/661/0000079246?sid=101,,
국내여행 선호,2026. 7. 3.,올여름 국내 숙소 예약 68% 증가…인기 1위는 '강원',"놀유니버스의 자체 데이터 분석 결과, 올여름(7~8월) 국내 숙소 예약 건수가 지난해 같은 기간보다 68... 해외여행의 경우 일본이 전체 항공권 예약 인원의 35%를 차지해 가장 높은 선호도를 보였고, 베트남과...",yonhapnewstv.co.kr,https://n.news.naver.com/mnews/article/422/0000881102?sid=101,,
국내여행 선호,2026. 7. 3.,미식가가 들려주는 음식 넘어 ‘문화의 맛’,"월드 베스트 레스토랑 50의 일본 의장이면서 30년간 128개국을 여행하며 음식을 탐구해 온 저자는 신간... 파스타를 선호하는 식이다. 이에 저자는 미식 여부를 판단할 때 그 요리가 얼마나 철저히 연구한 결과물인지, 혹은...",biz.heraldcorp.com,https://n.news.naver.com/mnews/article/016/0002665316?sid=103,,
국내여행 선호,2026. 7. 3.,"대학생 10명 중 9명 ""여름방학 알바 계획""…목돈 마련 위해 단기 근무 선...","근무를 선호하는 경향이 두드러졌다. 아르바이트 구인·구직 플랫폼 알바천국이 지난달 대학생 266명을... 가장 많은 응답은 운동·다이어트(57.1%)였으며, 자격증 취득(51.5%), 어학공부(40.2%), 국내여행(34.6%), 문화·공연...",job-post.co.kr,https://www.job-post.co.kr/news/articleView.html?idxno=219949,,
국내여행 선호,2026. 7. 3.,"日 관광객 넘쳐나는데...일본인은 정작 해외여행 포기, 왜?",해외여행 비용이 32만3000엔(약 310만원)으로 지난해보다 6.3% 늘어날 것으로 예상했다. 여행지 선호도에서는... JTB는 같은 기간 일본 국내여행객도 지난해보다 4.4% 감소한 6900만 명에 그칠 것으로 전망했다. 반면 엔저...,dailian.co.kr,https://n.news.naver.com/mnews/article/119/0003107627?sid=104,,
국내여행 선호,2026. 7. 3.,"올여름 국내 숙소 예약 68% 증가…강원, 인기 여행지 1위",캠핑·글램핑 예약 102% 증가…해외는 일본 선호 35% 놀유니버스는 올여름 국내 숙소 예약 건수가 지난해... 또 캠핑·카라반·글램핑 숙소의 예약은 102% 늘어나 자연 속 휴양을 선호하는 여행 수요가 확대된 것으로...,yna.co.kr,https://n.news.naver.com/mnews/article/001/0016174350?sid=103,,
국내여행 선호,2026. 7. 3.,'해외 마트 털기' 나선 여행객들… 일본·베트남·태국 필수 쇼핑리스트...,마지막으로 국내 시중 가격보다 훨씬 저렴하게 묶음 판매되는 기능성 치약 제품들은 실용적인 생필품 위주의 쇼핑을 선호하는 이들의 카트를 가득 채우는 주된 이유다. 이처럼 해외 각국의 대형마트는 단순한 식료품...,ftimes.kr,https://www.ftimes.kr/news/articleView.html?idxno=38360,,
국내여행 선호,2026. 7. 3.,"놀유니버스, 여름 여행 트렌드 공개···국내는 강원·해외는 일본 선호",해외여행에서는 일본이 전체 항공권 예약의 35%를 차지하며 가장 높은 선호도를 보였다. 국내 여행에서는 캠핑·카라반·글램핑 예약이 전년 동기 대비 102% 증가했다. 지역별 예약 비중은 강원특별자치도가 23%로 가장...,newsfreezone.co.kr,https://www.newsfreezone.co.kr/news/articleView.html?idxno=697744,,
국내여행 선호,2026. 7. 3.,"여름휴가 선호도 1위 강원도, 수도권서 ‘여름 관광객’ 총력 유치 나선...","특히 2026년 ‘강원 방문의 해’를 앞두고 정선 민둥산 돌리네, 동해 무릉별유천지, 망상해수욕장 등 7월 추천 여행지를 전면에 배치해 관광객 방문을 유도한다.최근 조사에서 강원도가 국내 여름휴가 선호도 1위(33.0%)를...",news.mtn.co.kr,https://news.mtn.co.kr/news-detail/2026070309440121765,,
국내여행 선호,2026. 7. 3.,"국내는 강원, 해외는 일본…놀유니버스 여름 성수기 트렌드 공개",우선 국내 숙소 예약 건수는 전년 동기 대비 68% 증가했다. 캠핑·카라반·글램핑 등 야외 숙박 상품 예약도 같은 기간 102% 늘어나 자연 속 휴양을 선호하는 여행 수요가 확대된 것으로 나타났다. 지역별 예약 비중은...,ddaily.co.kr,https://n.news.naver.com/mnews/article/138/0002233025?sid=105,,
국내여행 선호,2026. 7. 3.,40년 만에 최악의 상황…“돈 없어서 여행 못 간다” 휴가 포기하는 日...,그럼에도 한국은 일본인 여름휴가 여행지 선호도 1위(26.2%) 자리를 놓치지 않았다. 대만(16.2%)이 뒤를... 엔저에 지갑이 얇아진 일본인들이 해외 대신 국내 여행으로 눈을 돌릴 것이라는 관측도 있었지만 실제로는...,sedaily.com,https://n.news.naver.com/mnews/article/011/0004637792?sid=104,,
국내여행 선호,2026. 7. 3.,"코엑스·에버랜드·속초해변…지난해 여름휴가지, ‘복합문화’가 대세","반면 세대별 선호 여행지는 달라지는 모습이었다. 2-30대 청년층은 도심 복합문화시설과 해변 관광지를, 3... 김승수 의원은 “국내 관광 활성화는 지역 경제를 살리는 가장 효과적인 민생정책 가운데 하나”라며...",ddaily.co.kr,https://n.news.naver.com/mnews/article/138/0002233023?sid=101,,
국내여행 선호,2026. 7. 3.,"[유통갤러리] 풀무원푸드앤컬처, 전국 휴게소서 문화·체험 콘텐츠 확대...","이를 통해 국내 소비자는 물론 글로벌 소비자들과의 접점을 확대하고 세계 각국에서 진로(JINRO)의 브랜드 인지도와 선호도를 강화할 계획이다. ◆아웃백, 여름 시즌 한정 ‘수박 블렌디드’, ‘수박 그라니타 빙수’ 출시...",theviewers.co.kr,https://theviewers.co.kr/View.aspx?No=4135762,,
국내여행 선호,2026. 7. 3.,"""여름휴가 앞두고 확 줄 듯""⋯해외여행 가는 일본인 급감한 이유는?","여름휴가 해외 여행지로는 한국이 26.2%로 가장 높은 선호도를 보였고, 대만이 16.2%로 뒤를 이었다. 항공권... 국내 여행 수요도 늘지 않을 전망이다. 고물가로 소비를 줄이려는 분위기가 이어지면서 해외여행뿐...",inews24.com,https://n.news.naver.com/mnews/article/031/0001039513?sid=104,,
국내여행 선호,2026. 7. 3.,"[스포츠JOB아보기(25) 임대원] 모터스포츠 넘버1 페이지, F1 CREW","모터스포츠의 꽃 포뮬러원(F1)이 국내에서도 빠르게 팬덤을 넓혀가고 있다. 넷플릭스 다큐멘터리 시리즈... 회사원처럼 정해진 출퇴근 시간이 있는 것이 아니라, 언제든지 인식하고 있어야 하고, 여행을 가거나 친구를...",sportsq.co.kr,http://www.sportsq.co.kr/news/articleView.html?idxno=495794,,
국내여행 선호,2026. 7. 3.,"여름휴가 예약 데이터 열어보니 ""국내는 캠핑 해외는 일본 쏠림""","올여름 여행과 여가 트렌드를 3일 공개했다. 국내 숙소 예약은 전년 동기 대비 68% 늘었고 캠핑과 카라반, 글램핑 예약은 102% 증가하며 자연 속 휴양에 대한 선호가 한층 뚜렷해졌다. 지역별로는 강원특별자치도가 23%로...",econovill.com,https://www.econovill.com/news/articleView.html?idxno=744171,,
국내여행 선호,2026. 7. 3.,"""한국행 엄두 못 내""…日 관광객 발길 돌리는 까닭",한국이 선호도 1위를 수성했으나 해외로 나가는 일본인 여행객 전체 규모 자체가 급감한 탓에 국내 관광업계가 입을 타격은 불가피할 전망이다. 해외여행을 포기한 이들이 일본 국내 여행으로 발길을 돌리는 상황도...,edaily.co.kr,https://n.news.naver.com/mnews/article/018/0006321483?sid=102,,
국내여행 선호,2026. 7. 3.,"대학생 10명 중 9명 ""여름방학 알바 뛴다""…여행보다 목돈 마련","방학 기간에 맞춘 단기 근무를 선호하는 경향이 뚜렷했다. 아르바이트 외 여름방학 계획으로는 운동·다이어트(57.1%)가 가장 많았으며, 자격증 준비(51.5%), 어학공부(40.2%), 국내여행(34.6%), 콘서트·페스티벌 등...",gosiweek.com,https://www.gosiweek.com/article/1065567724266428,,
국내여행 선호,2026. 7. 3.,"‘국내 여행 선호도 1위’ 강원도, 국제 관광박람회서 휴가 명소 알린다","한편, 지난 6월 5일부터 10일까지 리서치기업 피앰아이의 ‘2026년 여름휴가 관련 조사’ 결과 국내 여행 선호도에서 강원도가 1위(33.0%)를 차지하며 국내 대표 관광지로서의 높은 선호도를 다시 한번 입증했다. 2위는...",munhwa.com,https://n.news.naver.com/mnews/article/021/0002802051?sid=102,,
국내여행 선호,2026. 7. 2.,"[유통가] 이마트24, CJ프레시웨이, 농심","특히 한국인이 선호하는 고소한 풍미를 끌어올리는 데 중점을 뒀다. 먼저 김에는 참기름 사용량을 기존... 핵심 원재료인 참치는 국내 대표 참치 브랜드인 '동원참치'를 사용했으며, 참치와 마요네즈의 최적 배합을...",worktoday.co.kr,http://www.worktoday.co.kr/news/articleView.html?idxno=86335,,
국내여행 선호,2026. 7. 2.,공영민 고흥군수 6·3 지방선거에서 84.34% 전국 최다 득표율 기록···군...,"젊은이들이 선호하는 양질의 많은 일자리가 만들어질 것입니다. 청년들의 안정적인 정착을 위해 권역별... 반값여행, 철도관광객 유치를 위한 우주과학열차 등 다양한 관광상품을 운영해 관광객을 유치할 것입니다....",newstnt.com,https://www.newstnt.com/news/articleView.html?idxno=708777,,
국내여행 선호,2026. 7. 2.,"""한국 가고 싶어요"" 외치던 日…""안 갈래요"" 돌변한 까닭","여름휴가 여행지로는 한국(26.2%)이 가장 높은 선호도를 보였고, 대만(16.2%)이 뒤를 이었다. 항공권 가격이... 일본인의 국내 여행 수요도 늘지 않을 것으로 전망됐다. 고물가로 소비를 줄이려는 분위기가 이어지면서...",view.asiae.co.kr,https://n.news.naver.com/mnews/article/277/0005784917?sid=104,,
국내여행 선호,2026. 7. 2.,"[어바웃 교원그룹] ①장동하 호(號)의 출범, '구몬·빨간펜' 학습지 신화...",사진=교원그룹 한국금융경제신문=허지현 기자 | 국내 방문학습지 시장을 개척하며 40년간 대한민국 교육... 대면 관리 중심의 전통적인 학습지 모델은 학부모들의 디지털 선호 경향 및 비대면 교육 수요 증가와 맞물려...,kfenews.co.kr,https://www.kfenews.co.kr/news/articleView.html?idxno=659689,,
국내여행 선호,2026. 7. 2.,"BMW코리아, 7시리즈 역대급 혜택…금융 지원부터 '칸 영화제' 초대까지","국내에서는 740i xDrive, 740d xDrive, 750e xDrive, i7, i7 M70 xDrive 등 다양한 라인업으로 운영된다. 내연기관과 전동화 모델을 모두 갖춘 만큼 고객은 주행 환경과 선호에 따라 선택할 수 있다. 최근에는 블랙 트림도...",newspim.com,https://www.newspim.com/news/view/20260702001113,,
국내여행 선호,2026. 7. 2.,여름휴가 '코엑스·에버랜드·속초해변' 강세,"3-40대 가족 단위 여행객은 테마파크, 워터파크 및 박물관을, 2-30대 청년층은 도심 복합문화시설과 해변 관광지를, 5-60대 중장년층은 자연경관과 휴양지를 선호하는 등 연령별 관광 패턴도 뚜렷하게 나타났다....",hidomin.com,https://www.hidomin.com/news/articleView.html?idxno=711770,,
국내여행 선호,2026. 7. 2.,"올리브영, 이번엔 美서 첫 페스타 연다","2019년 처음 국내에서 열린 올리브영 페스타는 올해부터 해외로 무대를 확장하며, 5월 일본에서 선보였고... 서울 대표 상권의 길거리를 구현해 방문객들이 서울을 여행하는 것처럼 K뷰티 브랜드를 경험할 수 있도록...",sedaily.com,https://n.news.naver.com/mnews/article/011/0004637543?sid=101,,
국내여행 선호,2026. 7. 2.,"8월 유류할증료, 중동 전쟁 이전으로 돌아갈 전망…대구공항 인기 노선...","국내 LCC들이 경쟁적으로 노선을 확대하면, 대구·경북 지역 기업인들의 출장 편의는 물론, 개별 자유여행객들... 지역민들이 선호하는 장자제와 상하이 직항 노선이 속속 재개되면, 그동안 타 지역 공항으로 유출되었던...",idaegu.com,https://www.idaegu.com/news/articleView.html?idxno=664052,,
국내여행 선호,2026. 7. 2.,"현대아울렛 동대문점, 10년 만의 대변신","최신 여행 트렌드를 반영할 예정""이라고 설명했다. 지하 1층과 지상 1~2층은 K-콘텐츠의 거점으로 거듭난다. 지하 1층은 입점 브랜드 절반 이상을 국내 브랜드로 채운 'K-패션 전문관'으로 재편된다. 오는 8월부터...",smedaily.co.kr,http://www.smedaily.co.kr/news/articleView.html?idxno=359673,,
국내여행 선호,2026. 7. 2.,"현대아울렛 동대문점, 10년 만에 대변신…외국인 'K쇼핑 성지' 만든다",등 국내외 F&B(식음료) 브랜드 30여 개가 입점한다. 현대백화점은 한국 전통시장을 모티브로 한국인의 일상과 문화를 직접 체험하려는 외국인 관광객의 최신 여행 트렌드를 공간 설계에 적극 반영했다는 설명이다. 지하...,4th.kr,http://www.4th.kr/news/articleView.html?idxno=2114110,,
국내여행 선호,2026. 7. 2.,올여름 휴가 공식은 “짧고 가깝게”…고물가 시대 국내여행 가성비 코...,"강원과 제주로 대표되는 국내 여행 선호가 뚜렷한 가운데, 산악·계곡 등 역발상 여행지와 예산별 코스를 챙기면 짧은 일정에도 알찬 휴식을 챙길 수 있다는 조언이 나온다. ◆ 국내 여행 선호 뚜렷…강원·제주가 양강...",segye.com,https://n.news.naver.com/mnews/article/022/0004140024?sid=103,,
국내여행 선호,2026. 7. 2.,‘미식’은 맛있기만 한 음식은 아니다[북적book적],"월드 베스트 레스토랑 50의 일본 의장이면서 30년간 128개국을 여행하며 음식을 탐구해 온 저자는 신간... 파스타를 선호하는 식이다. 이에 저자는 미식 여부를 판단할 때 그 요리가 얼마나 철저히 연구한 결과물인지, 혹은...",biz.heraldcorp.com,https://n.news.naver.com/mnews/article/016/0002664918?sid=103,,
국내여행 선호,2026. 7. 2.,면세점 '여행 특화 K플랫폼'으로 활로 찾는다,허브'이자 '여행 특화 플랫폼'으로 재정의하며 활로를 모색하고 있다. 기존의 가격 경쟁력 중심 구조에서... 방식으로 국내외 팬덤을 자연스럽게 공항 동선까지 유입시키는 전략을 강화하는 중이다. 인천공항 내 DF2·DF5...,4th.kr,http://www.4th.kr/news/articleView.html?idxno=2114099,,
국내여행 선호,2026. 7. 2.,"원·달러 환율 1,554.60원… 달러 강세 속 주요 통화 동반 상승","2일 국내 외환시장에서 원·달러 환율이 1달러당 1,554.60원을 기록하며 전 거래일보다 2.10원(0.14... 시장에서는 미국의 통화정책 방향과 글로벌 경기 둔화 우려, 지정학적 리스크 등이 안전자산 선호 심리를...",job-post.co.kr,https://www.job-post.co.kr/news/articleView.html?idxno=219815,,
국내여행 선호,2026. 7. 2.,외국인 매출 3배 ↑…현대아울렛 동대문점 확 바꾼다,기존 패션·뷰티·여행 등 라이프스타일 전반을 아우르던 지하 1층은 전체 입점 브랜드의 절반 이상을 국내... 현대백화점은 외국인 고객의 체류 시간과 구매 패턴을 분석해 관광객 선호 브랜드와 식음 콘텐츠 비중을...,inthenews.co.kr,https://www.inthenews.co.kr/news/article.html?no=88836,,
국내여행 선호,2026. 7. 2.,"현대아울렛 동대문점, 10년 만에 '외국인 핫플레이스'로 탈바꿈 한다","지하 1층의 경우, 기존 패션·뷰티·여행 등 라이프스타일 전반을 아우르던 것에서 'K패션 전문관'으로 탈바꿈해 입점 브랜드의 절반 이상을 국내 패션 브랜드로 채운다. 오는 8월부터 '하고하우스', '루에브르' 등 10여 개...",srtimes.kr,http://www.srtimes.kr/news/articleView.html?idxno=206594,,
국내여행 선호,2026. 7. 2.,"[리빙 트렌드] 쌍용C&B '오닉', 여름철 쾌적함 높인 '유기농 순면커버 쿨...","프라이팬과 궁중팬, 냄비 라인업에는 국내 최고급 세라믹 원료 기술 기업 KFCC와 협업해 개발한 도루코만의... 존은 여행용품을 감각적으로 전시할 수 있는 컬렉션장을 배치했다. '액티브 하비스트' 존은 슈즈랙과...",ibabynews.com,https://www.ibabynews.com/news/articleView.html?idxno=152488,,
국내여행 선호,2026. 7. 2.,"현대아울렛 동대문, 'K관광 성지' 노린다…'외국인 핫플'로 변신",현대백화점은 4595㎡(약 1390평) 규모의 식품관 전체를 외국인 관광객이 선호하는 '골목시장' 콘셉트로 새롭게... 패션·뷰티·여행 등 라이프스타일 전반을 아우르던 지하 1층은 전체 입점 브랜드의 절반 이상을 국내 패션...,news.bizwatch.co.kr,https://n.news.naver.com/mnews/article/648/0000048558?sid=101,,
국내여행 선호,2026. 7. 2.,바캉스의 계절··· '바다가 부른다!',올해는 고유가ㆍ고환율로 국내 여행 선호도가 높아지면서 여름 휴가철 해수욕장에는 많은 인파가 몰릴 것으로 예상된다. 이에 따라 각 지방자치단체는 피서객 유치 및 바가지요금을 막기 위한 단속과 안전관리에...,kidshankook.kr,https://www.kidshankook.kr/news/articleView.html?idxno=17569,,
국내여행 선호,2026. 7. 2.,"""외국인 핫플로 변신""…현대아울렛 동대문점, 10년 만에 리뉴얼",한국인의 일상과 같은 체험 소비를 선호하는 개별관광객(FIT)이 늘면서 백화점 외에도 아울렛과 전통시장... 패션·뷰티·여행 등 라이프스타일 전반을 아우르던 지하 1층은 전체 입점 브랜드 절반 이상을 국내 패션...,news1.kr,https://n.news.naver.com/mnews/article/421/0009036343?sid=101,,
국내여행 선호,2026. 7. 2.,"""외국인 수요 잡는다""…현대아울렛 동대문점, 10년만에 대규모 개편",최신 여행 트렌드를 반영할 예정”이라고 설명했다. 지하 1층과 지상 1~2층도 외국인을 겨냥한 K콘텐츠를 배치한다. 지하 1층은 전체 입점 브랜드의 절반 이상을 국내 패션 브랜드로 채운다. 다음달부터 하고하우스...,edaily.co.kr,https://n.news.naver.com/mnews/article/018/0006320532?sid=101,,
국내여행 선호,2026. 7. 2.,올여름도 '도심 피서' 뜬다…코엑스·에버랜드 검색 1·2위,"윤슬빈 관광전문기자 = 국민들이 선호하는 여름 휴가지 트렌드가 전통적인 피서지에서 실내 복합문화시설로 축을 옮기는 가운데, 올해 하계 시즌 해외 여행객 규모는 지난해보다 더욱 늘어날 것으로 관측됐다. 2일...",news1.kr,https://n.news.naver.com/mnews/article/421/0009036244?sid=103,,
국내여행 선호,2026. 7. 2.,"현대아울렛 동대문점, “외국인 핫플레이스로 진화”…10년 만에 변신 준...","등 국내외 유수의 F&B 브랜드 30여 곳이 입점할 예정이다. 현대백화점 관계자는 “한국 전통시장을 모티브로, 외국인 관광객이 한국인의 일상과 문화를 체험할 수 있도록 최신 여행 트렌드를 반영할 계획”이라고...",g-enews.com,https://www.g-enews.com/view.php?ud=202607020840019376a96f092d0c_1,,
국내여행 선호,2026. 7. 2.,[참여형 스포츠 시대①] '보는 스포츠' 끝났다…뛰는 사람이 늘어난다,"하나금융연구소가 최근 발표한 '일상으로 스며든 참여형 스포츠 열풍' 보고서에 따르면 2025년 기준 국내... 코로나19를 거치면서 건강관리의 중요성이 커졌고, 실내보다 야외활동을 선호하는 문화가 확산됐다. 여기에...",newsian.co.kr,http://www.newsian.co.kr/news/articleView.html?idxno=91705,,
국내여행 선호,2026. 7. 2.,올해 여름휴가 인기 관광지 TOP3 '코엑스·에버랜드·속초해변',"20~30대는 도심 복합문화시설과 레저·스포츠 관광지를 선호했고, 30~40대는 에버랜드와 워터파크, 박물관 등 가족 체험형 관광지를 많이 찾았다. 반면 50~60대 이상은 자연경관과 휴양지를 중심으로 여행 목적지를...",pinpointnews.co.kr,https://www.pinpointnews.co.kr/news/articleView.html?idxno=464865,,
국내여행 선호,2026. 7. 2.,"엠넷플러스, K-POP 팬 겨냥 큐레이션 강화…콘텐츠 스펙트럼 넓힌다","CJ ENM이 운영하는 글로벌 K-POP 콘텐츠 플랫폼 '엠넷플러스(Mnet Plus)'는 공포, 추리, 여행, 서바이벌, ASMR... 국내 이용자에 머물지 않는 확장도 이어지고 있다. 엠넷플러스는 Mnet '쇼미더머니12', 'PRODUCE 101 JAPAN 新世界...",topstarnews.net,https://www.topstarnews.net/news/articleView.html?idxno=16120419,,
국내여행 선호,2026. 7. 1.,"[슈퍼 엔저] 40년 만의 최저 수준으로 밀린 엔화…韓 경제에 득일까, 실...","엔저만으로 국내 물가가 크게 낮아지기는 어렵다. 소비 측면에서 엔저는 한국인의 일본 방문, 일본 제품 직구 등도 가속화 할 수 있다. 특히 고환율 환경에서도 엔화 약세가 해외여행 부담을 일부 상쇄하면서 일본으로...",ajunews.com,https://www.ajunews.com/view/20260701122508501,,
국내여행 선호,2026. 7. 1.,"대구광역시, 일본뇌염 바이러스 검출...모기매개감염병 예방수칙 당부","이 밖에도 뎅기열, 지카바이러스 감염증, 치쿤쿠니아열은 대부분 해외에서 감염돼 국내로 유입되는 모기매개감염병으로, 주요 발생지역이 동남아시아 등 선호 여행지인 만큼 해외여행 시 각별한 주의가 필요하다. 모기가...",gukjenews.com,https://www.gukjenews.com/news/articleView.html?idxno=3623501,,
국내여행 선호,2026. 7. 1.,천상의 어머니 뵙고 이승으로 걸어내려오는 부처를 만나다,"태국은 한국인이 가장 선호하는 해외여행지 중 하나다. 지난해 156만 명의 관광객이 태국을 찾았을 정도다.... 대부분 앉아 있고, 간혹 서 있거나 모로 누운 모습(열반상)인 국내 불상과 달리 걷고 있다는 점이 특이하다....",hankyung.com,https://n.news.naver.com/mnews/article/015/0005305210?sid=103,,
국내여행 선호,2026. 7. 1.,향수도 조금씩 다양하게…10mL 소용량·디스커버리 세트 '눈길',2월 국내 소비자를 위한 단독 제품으로 '오 드 퍼퓸 10mL' 4종을 출시했다. 국내 소용량 향수 수요를 반영해... 외출이나 여행 시 편의성을 강화했다. 픽셀라이프는 일상을 세분화해 자신의 취향에 맞는 제품을 작은...,megaeconomy.co.kr,https://www.megaeconomy.co.kr/news/newsview.php?ncode=1065595594909670,,
국내여행 선호,2026. 7. 1.,교동도부터 거문도까지…올여름 가볼 만한 섬 88곳,대중적으로 알려지지 않은 국내 섬들의 가치를 발굴해 여가 문화의 선택지를 넓히겠다는 취지다.... 도보 여행자들에게 선호도가 높다. 경북 울릉도와 독도는 천혜의 원시림과 영토적 상징성을 동시에 지니고 있어 매년...,nc.press,https://www.nc.press/news/articleView.html?idxno=619527,,
국내여행 선호,2026. 7. 1.,韓·中 수요 회복에 노젓는 티웨이…칭다오·장자제 등 재운항,"추세여서, 국내 저비용항공사(LCC) 간 한중 노선 경쟁도 하반기 들어 더욱 치열해질 전망이다. '칭다오'는 한국 기업의 생산·물류 거점이 밀집한 도시이자 맥주 축제와 해변 관광으로 한국 여행객 수요가 꾸준한 곳이다....",newsworks.co.kr,https://www.newsworks.co.kr/news/articleView.html?idxno=845704,,
국내여행 선호,2026. 7. 1.,“넷플릭스 보고 한국행 티켓 끊는다”…K-콘텐츠가 촉발한 OTT 투어리즘,이처럼 세계 시장에 퍼진 K-콘텐츠는 최근 글로벌 시청자의 발길을 국내로 이끄는 이른바 ‘OTT(온라인... 한국문화관광연구원은 방한 외국인이 한국 여행을 결심한 계기로 ‘한류 콘텐츠 접촉’을 꼽은 비율이 39.6%로...,it.donga.com,https://it.donga.com/109113/,,
국내여행 선호,2026. 7. 1.,"맛 따라 떠나는 전국 일주! 농식품부, ‘K-미식여정’ 시동",있는 여행객과 지역 주민의 의견을 반영했다는 점에서 기존 관광 지도와 차별화된다. 한국식 치킨이 글로벌 소비자가 선호하는 한식 1위인 만큼 이번에 공개되는 ‘K-치킨벨트 플랫폼’은 국내 관광객과 더불어 해외...,newsam.co.kr,https://www.newsam.co.kr/news/article.html?no=43397,,
국내여행 선호,2026. 7. 1.,"신세계, VIP 이동 서비스·아트 매장 동시 확대",않고 여행 전 과정으로 넓히기 위해 마련됐다. 신세계면세점이 앞서 VIP 고객을 대상으로 진행한 설문에서는 구매 금액에 따른 리워드 외에 가장 받고 싶은 혜택으로 '공항↔자택 픽업 서비스' 선호도가 높게 나타났다....,whitepaper.co.kr,http://www.whitepaper.co.kr/news/articleView.html?idxno=264088,,
국내여행 선호,2026. 7. 1.,"11번가, 7월 '월간 십일절'…폭염∙휴가철 필수템 최대 75% 할인",선호하는 해외 휴양지 패키지와 대형 리조트·호텔 중심의 국내숙박 상품 구성을 확대했다. 라이브 커머스 플랫폼 'LIVE11'에서는 2일 오전 11시 '롯데호텔 괌 vs PIC 사이판 올인클루시브'를 시작으로 다양한 여행 상품을...,news1.kr,https://n.news.naver.com/mnews/article/421/0009033427?sid=101,,
국내여행 선호,2026. 7. 1.,"듀오, 올여름 연인과 함께하기 좋은 데이트 코스 5곳 추천","데이트를 선호하는 커플이 늘어나면서, 여행과 액티비티를 결합한 코스가 여름철 인기 데이트로 주목받고... 듀오는 1995년 설립된 국내 대표 결혼정보회사로, 전문 커플매니저의 상담과 체계적인 매칭 서비스를 제공하고...",theviewers.co.kr,https://theviewers.co.kr/View.aspx?No=4132288,,
국내여행 선호,2026. 7. 1.,"[HOT 마켓 트렌드] 한국인 '1인 여행' 늘었다…아고다 ""관심도 전년比 9...",대한민국 혼행객 선호 국내 여행지 순위. 사진=아고다 여행 소비가 '경험의 개인화'와 '유연한 일정 설계' 중심으로 재편되면서 하나의 동반자나 패키지에 의존하기보다 스스로 여행 방식을 설계하려는 수요가 확대되고...,bizwnews.com,http://www.bizwnews.com/news/articleView.html?idxno=139730,,
국내여행 선호,2026. 7. 1.,인간과 휴봇 중 애완동물의 선택은 과연,"국내 최저임금의 상승은 키오스크의 도입과 셀프 서비스의 확대로 이어지고 있으며, 전화 상담의 경우도 AI와... 훗날 휴봇에게 산책을 맡길지도 모르고, 애완견은 휴봇과의 산책을 선호할 수도 있다. 애완견 때문에 여행을...",seouleconews.com,http://www.seouleconews.com/news/articleView.html?idxno=92122,,
국내여행 선호,2026. 7. 1.,"지갑 가볍게, 힐링 넉넉하게...근거리 해외여행 뜬다",선선한 기후에서 골프를 즐기면서 가족여행이나 휴양을 함께 하는 것을 선호하는 골퍼들이 규슈를 찾고... 코스·객실·식음 등에서 국내 골퍼의 취향을 반영한 곳으로 평가되기도 한다.홍콩은 다시 떠오르는 클래식...,asiatoday.co.kr,https://www.asiatoday.co.kr/kn/view.php?key=20260630010010347,,
국내여행 선호,2026. 7. 1.,공항 라운지부터 아트협업까지...넓어진 여행카드 선택지,여행 경비를 계획적으로 관리하려는 젊은층과 체크카드 선호 고객을 중심으로 꾸준한 인기를 얻고 있다.... 정부 지원 숙박 할인권을 먼저 적용한 후 추가 할인이 가능해 여름 휴가철 국내 여행객의 숙박비 부담을...,wolyo.co.kr,https://www.wolyo.co.kr/news/articleView.html?idxno=314350,,
국내여행 선호,2026. 7. 1.,"700억달러 넘게 엔화 방어했지만…1달러=162엔, 日정부 또 개입 경고","다카이치 총리는 대체로 약한 엔화를 선호해 왔다. 엔저는 수출기업의 가격 경쟁력을 높이고, 일본... 그는 엔저 때문에 가족과 해외여행을 가기보다 일본 국내 여행을 택하게 됐다며 “예전처럼 해외에 나가 마음껏 쓸 수...",newsis.com,https://n.news.naver.com/mnews/article/003/0014038462?sid=104,,
국내여행 선호,2026. 7. 1.,"혼자 가도 일본, 짧게 가도 일본…'단기 혼행' 증가","2023년에도 일본은 혼행지 선호 1위였다. 한편, 혼행지로 국내 여행지 중에는 서울이 가장 높은 수요를 기록했다. 이어 제주도, 부산, 인천, 강릉 순으로 상위 5위에 이름을 올렸다. 아고다 한국 지사장 알렉스 박은 ""최근...",econovill.com,https://www.econovill.com/news/articleView.html?idxno=743945,,
방한 외국인,2026. 7. 9.,"CJ제일제당 '단백하니', 웰니스 열풍 타고 고성장…130만개 판매","최근 방한 외국인들 사이에서 K푸드와 K웰니스에 대한 관심이 높아지고 있는 점을 고려해, 외국인 방문객이 많은 명동타운점을 운영 장소로 선정했다. '지금 가장 트렌디한 K헬시 스낵'을 콘셉트로 한 이번 팝업에서는...",econovill.com,https://www.econovill.com/news/articleView.html?idxno=744707,,
방한 외국인,2026. 7. 9.,[인더리포트] 유통업계 2분기 실적 회복…백화점이 끌고 편의점·마트가...,"방한 외국인 관광객이 증가하면서 과거 면세점에 집중됐던 소비가 백화점과 호텔, 외국인 카지노, 식음료 등으로 분산되는 흐름입니다. 인천공항 이용객 추이와 방한 관광객 집계를 보면 코로나19 이후 급감했던 외래...",inthenews.co.kr,https://www.inthenews.co.kr/news/article.html?no=89106,,
방한 외국인,2026. 7. 9.,레몬헬스케어 상장 이튿날 上 '반전'…디앤디파마텍·파마리서치도 강세...,파마리서치의 1분기 내수 의료기기 매출액은 1~2월 방한 외국인 소비 감소에도 불구하고 내국인 수요 증가와 진료과 확대에 힘입어 584억원을 기록하며 전분기 대비 2.2% 감소에 그쳤다. 강은지 한국투자증권...,edaily.co.kr,https://n.news.naver.com/mnews/article/018/0006325733?sid=101,,
방한 외국인,2026. 7. 9.,"강경화, 쿠팡·관세 갈등 관리 강조...원자력·조선 협의 속도",정무차관의 방한을 계기로 원자력 분야 정상 간 합의 사항 이행을 위한 본격적인 소통 체계를 가동했으며... 한국의 미국에 대한 전략 투자 패키지 중 1500만달러(225억6750만원) 규모의 외국인직접투자(FDI)가 조선 분야에...,asiatoday.co.kr,https://www.asiatoday.co.kr/kn/view.php?key=20260709010003231,,
방한 외국인,2026. 7. 8.,"올리브영 찾은 외국인, 번역기 안 켜도 'K-뷰티 잇템' 쏙쏙","올리브영 관계자는 ""K-뷰티 인기와 함께 방한 외국인이 증가하는 추세인 만큼 글로벌 고객의 쇼핑 편의를 높이기 위한 AI 기반 매장 서비스를 지속 고도화하고 전국 매장으로 확대해 나가겠다""며 ""앞으로도 언어 장벽 없는...",ddaily.co.kr,https://n.news.naver.com/mnews/article/138/0002233620?sid=101,,
방한 외국인,2026. 7. 8.,"CJ올리브영, 'AI 쇼핑 어시스턴트' 출시… 실시간 대화형 AI 아바타 활용...","올리브영 관계자는 ""K뷰티 인기와 함께 방한 외국인이 증가하는 추세인 만큼, 글로벌 고객의 쇼핑 편의를 높이기 위한 AI 기반 매장 서비스를 지속 고도화하고 전국 매장으로 확대해 나가겠다""라며 ""앞으로도 언어 장벽...",aitimes.kr,https://www.aitimes.kr/news/articleView.html?idxno=40892,,
방한 외국인,2026. 7. 8.,"원가상승에 짓눌린 치킨업계, 해외진출·스포츠마케팅으로 정면돌파","업계 관계자는 “배달앱 수수료를 아끼기 위해 자체 앱 생태계를 조성하고, 방한 외국인을 대상으로 홍보 이벤트를 진행하는 등 수익성 개선과 외형 성장을 모두 달성하기 위해 다양한 노력을 기울이고 있다""고...",ekn.kr,https://www.ekn.kr/web/view.php?key=20260708028380451,,
방한 외국인,2026. 7. 8.,"화장품 추천도, 통역도 척척… ""언어장벽 없는 K뷰티 허브로""","올리브영 관계자는 ""K뷰티 인기와 함께 방한 외국인이 증가하는 추세인 만큼, 글로벌 고객의 쇼핑 편의를 높이기 위한 AI 기반 매장 서비스를 지속 고도화하고 전국 매장으로 확대해 나가겠다""며 ""언어 장벽 없는 쇼핑...",bokuennews.com,http://www.bokuennews.com/news/article.html?no=281016,,
방한 외국인,2026. 7. 8.,[IT큐레이션] 2년 연속 선밸리로 가는 이재용 회장의 결정적 순간은?,"있다며 외국인 접근을 전면 금지하는 수출통제를 발동했고, 18일 만인 지난달 30일 이를 해제했다. 짧은... 젠슨 황 엔비디아 CEO는 지난달 방한 당시 ""한국에는 중요한 파트너들이 많다""며 ""몇 주 전 미국에서 이재용...",econovill.com,https://www.econovill.com/news/articleView.html?idxno=744660,,
방한 외국인,2026. 7. 8.,"“AI가 추천·통역까지”…올리브영, 외국인 공략 강화",최근 K-뷰티를 찾는 방한 외국인이 늘면서 뷰티 업계에서는 맞춤형 쇼핑 서비스를 강화하려는 움직임이 이어지고 있다. AI 기술을 접목한 고객 응대가 글로벌 고객 유치 경쟁의 새로운 차별화 요소로 떠오를 것이란...,sentv.co.kr,https://www.sentv.co.kr/article/view/sentv202607080164,,
방한 외국인,2026. 7. 8.,[오늘의 뷰티] CJ올리브영·아모레퍼시픽·LG생활건강·유씨엘·센슬,"올리브영 관계자는 ""K뷰티 인기와 함께 방한 외국인이 증가하는 추세인 만큼, 글로벌 고객의 쇼핑 편의를 높이기 위한 AI 기반 매장 서비스를 지속 고도화하고 전국 매장으로 확대해 나가겠다""라며 ""앞으로도 언어...",financialreview.co.kr,http://www.financialreview.co.kr/news/articleView.html?idxno=43416,,
방한 외국인,2026. 7. 8.,"CJ올리브영, 외국인 쇼핑에 AI 입힌다... K뷰티 서비스 고도화",사진=CJ올리브영 K뷰티에 대한 글로벌 관심이 높아지면서 유통업계도 방한 외국인을 겨냥한 쇼핑 서비스 고도화에 속도를 내고 있다. 단순히 외국어 안내를 제공하는 수준을 넘어 인공지능(AI)을 활용해 상품 탐색부터...,thefirstmedia.net,http://www.thefirstmedia.net/news/articleView.html?idxno=203318,,
방한 외국인,2026. 7. 8.,"올리브영, 외국인 쇼핑에 AI 입혔다…8개 국어 쇼핑 어시스턴트·38개 언...","CJ올리브영 관계자는 ""K뷰티 인기에 힘입어 방한 외국인이 꾸준히 증가하는 만큼 글로벌 고객의 쇼핑 편의를 높이기 위한 AI 기반 매장 서비스를 지속적으로 고도화하고 전국 매장으로 확대할 계획""이라며 ""앞으로도 언어...",megaeconomy.co.kr,https://www.megaeconomy.co.kr/news/newsview.php?ncode=1065597244993803,,
방한 외국인,2026. 7. 8.,"외국인 쇼핑 편의 높인다…CJ올리브영, AI 키오스크 도입","올리브영 관계자는 “K뷰티 인기와 함께 방한 외국인이 증가하는 추세인 만큼, 글로벌 고객의 쇼핑 편의를 높이기 위한 AI 기반 매장 서비스를 지속 고도화하고 전국 매장으로 확대해 나가겠다”라며 “언어 장벽 없는...",sportsseoul.com,https://n.news.naver.com/mnews/article/468/0001252538?sid=103,,
방한 외국인,2026. 7. 8.,"38개 언어 술술…올리브영, 외국인 쇼핑 'AI'가 바꾼다",방한 외국인이 늘면서 유통업계가 오프라인 매장에 인공지능(AI)을 접목하고 있다. CJ올리브영은 외국인 고객이 직원 도움 없이 상품을 찾고 추천받을 수 있는 AI 기반 서비스를 확대한다. 언어 장벽을 낮춰 쇼핑 편의를...,sidae.com,https://n.news.naver.com/mnews/article/417/0001150842?sid=103,,
방한 외국인,2026. 7. 8.,"""지난해 적자에서 올해 2분기 영업이익 260억으로…GS피앤엘 '턴어라운...","방한 외국인 수요도 크게 증가했다. 2분기 방한 외국인 수요는 전년 대비 약 20% 성장한 것으로 추정된다. 4월과 5월 각각 18.8%, 19.4% 증가했고, 6월에도 이 같은 추세가 이어진 것으로 해석된다. 1분기에는 전년...",newsquest.co.kr,https://www.newsquest.co.kr/news/articleView.html?idxno=269379,,
방한 외국인,2026. 7. 8.,"외국인 K뷰티 쇼핑 메이트…CJ올리브영, 'AI 서비스' 도입","올리브영 관계자는 ""K뷰티 인기와 함께 방한 외국인이 증가하는 추세인 만큼, 글로벌 고객의 쇼핑 편의를 높이기 위한 AI 기반 매장 서비스를 지속 고도화하고 전국 매장으로 확대해 나가겠다""고 말했다. / 월요신문=",wolyo.co.kr,https://www.wolyo.co.kr/news/articleView.html?idxno=314768,,
방한 외국인,2026. 7. 8.,"CJ올리브영, 인공지능 키오스크 도입...""K뷰티 쇼핑 고도화""","올리브영 관계자는 ""K뷰티 인기와 함께 방한 외국인이 증가하는 추세인 만큼 글로벌 고객의 쇼핑 편의를 높이기 위한 AI 기반 매장 서비스를 고도화하겠다""며 ""앞으로도 전국 올리브영에서 전 세계 고객이 K뷰티를 가까이...",metroseoul.co.kr,http://www.metroseoul.co.kr/article/20260708500325,,
방한 외국인,2026. 7. 8.,"올리브영, 외국인 쇼핑 돕는 AI 매장 서비스 도입","올리브영 관계자는 ""K뷰티 인기와 함께 방한 외국인이 증가하는 추세인 만큼 글로벌 고객의 쇼핑 편의를 높이기 위한 AI 기반 매장 서비스를 지속 고도화하고 전국 매장으로 확대해 나가겠다""고 말했다.",sisafocus.co.kr,http://www.sisafocus.co.kr/news/articleView.html?idxno=362261,,
방한 외국인,2026. 7. 8.,"[ESG] 한-베트남 포럼이 던진 질문, LG 하이퐁 캠퍼스에서 살펴보다",베트남 하이퐁시 시장이 직접 방한해 참석할 만큼 이 자리에 대한 양국의 관심은 남달랐습니다. EU 탄소... 최대 외국인 투자기업으로서의 입지를 더욱 강화했습니다. [사진=LG디스플레이] 또한 2021년 RBA(책임 있는...,joongangenews.com,https://www.joongangenews.com/news/articleView.html?idxno=531449,,
방한 외국인,2026. 7. 8.,[뉴스워커_올리브영] AI로 외국인 쇼핑 혁신…8개 국어 지원,"올리브영 관계자는 ""방한 외국인 증가에 맞춰 AI 기반 매장 서비스를 지속 고도화하고 전국으로 확대할 계획""이라며 ""언어 장벽 없는 쇼핑 환경을 통해 글로벌 K뷰티 허브 역할을 강화하겠다""고 말했다.",newsworker.co.kr,http://www.newsworker.co.kr/news/articleView.html?idxno=435215,,
방한 외국인,2026. 7. 8.,"올리브영, AI 매장 서비스 확대... 외국인 쇼핑 편의 높인다",CJ올리브영은 8일 방한 외국인의 쇼핑 편의 향상을 위해 인공지능(AI) 기반 매장 서비스를 확대 운영한다고 밝혔다. 우선 외국인 방문 비중이 높고 상품 안내 수요가 많은 복층 매장에서 'AI 쇼핑 어시스턴트'를 시범...,mhns.co.kr,https://www.mhns.co.kr/news/articleView.html?idxno=752746,,
방한 외국인,2026. 7. 8.,"CJ올리브영, AI로 외국인 셀프 쇼핑 돕는 '쇼핑 어시스턴트' 도입","올리브영 관계자는 ""K뷰티 인기와 함께 방한 외국인이 증가하는 추세인 만큼, 글로벌 고객의 쇼핑 편의를 높이기 위한 AI 기반 매장 서비스를 지속 고도화하고 전국 매장으로 확대해 나가겠다""라며 ""앞으로도 언어 장벽...",sisacast.kr,http://www.sisacast.kr/news/articleView.html?idxno=97586,,
방한 외국인,2026. 7. 8.,CJ올리브영 인공지능으로 외국인 고객 언어 장벽 허문다 : 'AI 쇼핑 어시...,"올리브영 관계자는 ""K-뷰티 인기와 함께 방한 외국인이 증가하는 추세인 만큼 글로벌 고객의 쇼핑 편의를 높이기 위한 AI 기반 매장 서비스를 지속적으로 고도화하고 전국 매장으로 확대하겠다""라며 ""앞으로도 언어...",huffingtonpost.kr,https://www.huffingtonpost.kr/article/258549,,
방한 외국인,2026. 7. 8.,"올리브영, AI 어시스턴트 도입…외국인 쇼핑 편의 높인다",김경희 기자 | CJ올리브영이 방한 외국인 증가에 맞춰 AI 기반 매장 서비스를 도입하며 글로벌 고객 공략에 나선다. 상품 추천부터 통역까지 AI가 지원하는 쇼핑 환경을 구축해 외국인 고객의 쇼핑 편의와 매장 운영 효율을...,digitalchosun.dizzo.com,http://digitalchosun.dizzo.com/site/data/html_dir/2026/07/08/2026070880096.html,,
방한 외국인,2026. 7. 8.,"CJ올리브영, 외국인 쇼핑 돕는 AI 매장 서비스 도입","올리브영 관계자는 ""K뷰티 수요와 방한 외국인 증가에 맞춰 글로벌 고객의 쇼핑 편의를 높이기 위한 AI 기반 매장 서비스를 고도화하고 전국 매장으로 확대해 나가겠다""며 ""언어 장벽 없는 쇼핑 환경을 통해 글로벌 고객이...",ktnews.com,http://www.ktnews.com/news/articleView.html?idxno=147055,,
방한 외국인,2026. 7. 8.,"CJ올리브영, 외국인 특화 서비스 도입…8개 국어 소통 AI 아바타 등장","올리브영 관계자는 ""K뷰티 인기와 함께 방한 외국인이 증가하는 추세인 만큼, 글로벌 고객의 쇼핑 편의를 높이기 위한 AI 기반 매장 서비스를 지속 고도화하고 있다""며 ""앞으로도 언어 장벽 없는 쇼핑 환경을 통해 글로벌...",inthenews.co.kr,https://www.inthenews.co.kr/news/article.html?no=89079,,
방한 외국인,2026. 7. 8.,"CJ올리브영, 매장에 AI 도입...외국인 쇼핑 지원 강화","올리브영 관계자는 ""K뷰티 인기와 함께 방한 외국인이 증가하는 추세인 만큼, 글로벌 고객의 쇼핑 편의를 높이기 위한 AI 기반 매장 서비스를 지속 고도화하고 전국 매장으로 확대해 나가겠다""며 ""앞으로도 언어 장벽...",digitaltoday.co.kr,https://www.digitaltoday.co.kr/news/articleView.html?idxno=682309,,
방한 외국인,2026. 7. 8.,"올리브영, AI 서비스 힘준다...‘쇼핑 어시스턴트’ 도입",올리브영 관계자는 “K뷰티 인기와 함께 방한 외국인이 증가하는 만큼 글로벌 고객의 쇼핑 편의를 높이기 위한 AI 기반 매장 서비스를 고도화하고 있다”라며 “언어 장벽 없는 쇼핑 환경을 통해 전 세계 고객이 K뷰티를...,sedaily.com,https://n.news.naver.com/mnews/article/011/0004639368?sid=101,,
방한 외국인,2026. 7. 8.,"하나투어, 신임 CEO에 '전략·마케팅 전문가' 조좌진 내정…'챕터 2' 시동",하나투어는 조 내정자의 선임과 함께 ▲프리미엄 여행시장 확대 ▲인바운드(외국인의 국내 여행) 사업 육성... 이어 K-컬처 확산 흐름에 발맞춰 일본과 동남아시아 시장을 겨냥한 방한 여행 서비스를 체계화해...,bizwnews.com,http://www.bizwnews.com/news/articleView.html?idxno=140224,,
방한 외국인,2026. 7. 8.,"""외국인도 직원 도움 없이 쇼핑한다""…CJ올리브영, AI 매장 서비스 도입","올리브영 관계자는 ""K뷰티 인기와 함께 방한 외국인이 증가하는 추세인 만큼, 글로벌 고객의 쇼핑 편의를 높이기 위한 AI 기반 매장 서비스를 지속 고도화하고 전국 매장으로 확대해 나가겠다""며 ""앞으로도 언어 장벽 없는...",wowtv.co.kr,https://n.news.naver.com/mnews/article/215/0001257987?sid=103,,
방한 외국인,2026. 7. 8.,"CJ올리브영, AI로 외국인 쇼핑 돕는다…상품 추천·통역 지원",올리브영 관계자는 “K뷰티 인기와 함께 방한 외국인이 증가하는 만큼 글로벌 고객의 쇼핑 편의를 높이기 위한 AI 기반 매장 서비스를 지속 고도화하고 전국 매장으로 확대할 것”이라며 “언어 장벽 없는 쇼핑 환경을...,zdnet.co.kr,https://n.news.naver.com/mnews/article/092/0002429675?sid=105,,
방한 외국인,2026. 7. 8.,"언어 장벽 허문 올리브영, 'AI'로 외국인 쇼핑 돕는다","올리브영 관계자는 ""K뷰티 인기와 함께 방한 외국인이 증가하는 추세인 만큼 글로벌 고객의 쇼핑 편의를 높이기 위한 AI 기반 매장 서비스를 지속 고도화하고 전국 매장으로 확대해 나가겠다""라고 말했다.",news.bizwatch.co.kr,https://n.news.naver.com/mnews/article/648/0000048720?sid=101,,
방한 외국인,2026. 7. 8.,"CJ올리브영, 외국인 쇼핑 돕는 ‘AI 어시스턴트’ 도입","올리브영 관계자는 ""K뷰티 인기와 함께 방한 외국인이 증가하는 추세인 만큼, 글로벌 고객의 쇼핑 편의를 높이기 위한 AI 기반 매장 서비스를 지속 고도화하고 전국 매장으로 확대해 나가겠다""라며 ""앞으로도 언어 장벽...",etoday.co.kr,https://www.etoday.co.kr/news/view/2601454,,
방한 외국인,2026. 7. 8.,"올리브영, AI가 외국인 쇼핑 돕는다...상품 추천부터 통역까지",우먼타임스 = 심은혜 기자 방한 외국인 증가와 K뷰티 수요 확대에 따라 유통업계가 오프라인 매장에도 인공지능(AI) 기반 고객 서비스를 확대하고 있다. CJ올리브영은 외국인 고객 비중이 높은 매장을 중심으로 AI 쇼핑...,womentimes.co.kr,https://www.womentimes.co.kr/news/articleView.html?idxno=104223,,
방한 외국인,2026. 7. 8.,현장에 AI 심는 유통가…사례 발굴 및 서비스 도입 활발,"올리브영 관계자는 ""K뷰티 인기와 함께 방한 외국인이 증가하는 추세인 만큼, 글로벌 고객의 쇼핑 편의를 높이기 위한 AI 기반 매장 서비스를 지속 고도화하고 전국 매장으로 확대해 나가겠다""며 ""앞으로도 언어 장벽...",cnbizm.com,https://www.cnbizm.com/news/articleView.html?idxno=307901,,
방한 외국인,2026. 7. 8.,"CJ올리브영, 매장서 외국인 쇼핑 돕는 'AI 쇼핑 어시스턴트' 도입","올리브영 관계자는 ""K뷰티 인기와 함께 방한 외국인이 증가하는 만큼 AI 기반 매장 서비스를 지속 고도화하고 전국 매장으로 확대할 계획""이라며 ""앞으로도 글로벌 고객의 쇼핑 편의를 높여 나가겠다'고 말했다.",ziksir.com,https://www.ziksir.com/news/articleView.html?idxno=139430,,
방한 외국인,2026. 7. 8.,"올리브영, 'AI 쇼핑 어시스턴트' 도입… 외국인 대상 38개 언어 지원","올리브영 관계자는 ""K뷰티 인기와 함께 방한 외국인이 증가하는 추세인 만큼 AI 기반 매장 서비스를 지속 고도화하고 전국 매장으로 확대해 나가겠다""며 ""언어 장벽 없는 쇼핑 환경을 통해 전 세계 고객이 K뷰티를 가장...",fashionbiz.co.kr,https://www.fashionbiz.co.kr/article/227719,,
방한 외국인,2026. 7. 8.,"CJ올리브영, 외국인 셀프쇼핑 돕는 'AI쇼핑 어시스턴트' 도입",한류와 더불어 K-뷰티 인기에 힘입어 방한 외국인이 증가하는 가운데 CJ올리브영이 외국인 고객의 쇼핑 편의를 높이기 위해 AI 기반 매장 서비스를 도입한다. 사진=CJ올리브영 올리브영은 외국인 비중이 높고 쇼핑 정보...,slist.kr,https://www.slist.kr/news/articleView.html?idxno=750332,,
방한 외국인,2026. 7. 8.,"올리브영, 외국인 쇼핑 돕는 'AI 쇼핑 어시스턴트' 도입","올리브영 관계자는 ""K뷰티 인기와 함께 방한 외국인이 증가하는 추세인 만큼, 글로벌 고객의 쇼핑 편의를 높이기 위한 AI 기반 매장 서비스를 지속 고도화하고 전국 매장으로 확대하겠다""고 말했다. 한편, 올리브영은 올해...",apparelnews.co.kr,http://www.apparelnews.co.kr/news/news_view/?idx=226258,,
방한 외국인,2026. 7. 8.,"CJ올리브영, AI 쇼핑 어시스턴트·통역 서비스 도입…외국인 고객 편의...","세일 기간에 맞춰 1년에 2회 이상 한국을 다시 찾는 방한 외국인은 2023년부터 최근까지 연평균 2배씩 가파르게 늘어나는 추세다. 올리브영 관계자는 ""K-뷰티 인기와 함께 방한 외국인이 증가하는 추세인 만큼, 글로벌...",srtimes.kr,http://www.srtimes.kr/news/articleView.html?idxno=207019,,
방한 외국인,2026. 7. 8.,"""상품 추천도, 통역도 AI가"" CJ올리브영, 외국인 쇼핑 접점에 AI 도입","그동안 올리브영은 외국어 안내, 글로벌 결제, 즉시 환급 서비스, 휴대용 번역기 등을 도입하며 방한 외국인의 쇼핑 편의를 강화해왔다. 여기에 AI 기반 탐색·상담 기능이 더해지면서 상품 선택부터 결제 전 단계까지...",daily.hankooki.com,https://daily.hankooki.com/news/articleView.html?idxno=1383858,,
방한 외국인,2026. 7. 8.,"CJ올리브영, AI로 외국인 K뷰티 쇼핑 언어 장벽 낮춘다","K뷰티를 찾는 방한 외국인이 늘어나면서, 상품 탐색부터 상담, 결제까지 쇼핑 전 과정에서 언어 장벽을 낮추겠다는 취지다. 올리브영 매장에 도입된 'AI 쇼핑 어시스턴트(키오스크)' (사진=CJ올리브영) 올리브영은 외국인...",edaily.co.kr,https://n.news.naver.com/mnews/article/018/0006325125?sid=101,,
방한 외국인,2026. 7. 8.,"CJ올리브영, 외국인 셀프쇼핑 돕는 'AI 쇼핑 어시스턴트' 도입","올리브영 관계자는 ""K뷰티 인기와 함께 방한 외국인이 증가하는 추세인 만큼, 글로벌 고객의 쇼핑 편의를 높이기 위한 AI 기반 매장 서비스를 지속 고도화하고 전국 매장으로 확대해 나가겠다""며 ""앞으로도 언어 장벽 없는...",view.asiae.co.kr,https://n.news.naver.com/mnews/article/277/0005786987?sid=101,,
방한 외국인,2026. 7. 8.,"파라다이스, 6월 실적 주춤…하반기 상승 '기대'","5월에는 일본의 '골든위크'와 중국의 '노동절 연휴'를 맞아 방한 외국인이 늘면서 드롭액이 큰 폭으로 증가했다. 그럼에도 올해 2분기 실적은 양호한 것으로 평가됐다. 지난 4월과 5월 매출이 각각 30.0%, 20.3% 증가한...",news.einfomax.co.kr,https://news.einfomax.co.kr/news/articleView.html?idxno=4423859,,
방한 외국인,2026. 7. 8.,"""AI가 쇼핑 도와드려요""…올리브영, 외국인 편의성 높인다","올리브영 관계자는 ""K뷰티 인기와 함께 방한 외국인이 증가하는 추세인 만큼 글로벌 고객의 쇼핑 편의를 높이기 위한 AI 기반 매장 서비스를 지속 고도화하고 전국 매장으로 확대해 나가겠다""고 말했다.",hankyung.com,https://n.news.naver.com/mnews/article/015/0005307480?sid=103,,
방한 외국인,2026. 7. 8.,"""GS피앤엘, 2Q 영업익 124.9%↑ 추정…목표가 7.6만""-IBK","남성현 IBK투자증권은 ""영업실적이 시장 추정치를 상회할 것""이라며 ""방한 외국인 수요 성장이 가파르게 나타나고 있고, 웨스틴 파르나스 영업 정상화에 따라 이익 증가가 본격화할 것""이라고 밝혔다. 그러면서...",mt.co.kr,https://n.news.naver.com/mnews/article/008/0005382904?sid=101,,
방한 외국인,2026. 7. 8.,"CJ올리브영, AI 쇼핑 어시스턴트 운영…8개 국어로 외국인 고객 지원","올리브영 관계자는 ""K뷰티 인기와 함께 방한 외국인이 증가하는 추세인 만큼, 글로벌 고객의 쇼핑 편의를 높이기 위한 AI 기반 매장 서비스를 지속 고도화하고 전국 매장으로 확대해 나가겠다""라며 ""앞으로도 언어 장벽...",cstimes.com,https://www.cstimes.com/news/articleView.html?idxno=712615,,
방한 외국인,2026. 7. 8.,반도체 수출 질주에 경상흑자 '역대 최대'…5월 386억달러,여행수지는 방한 외국인 증가에 힘입어 5000만달러 흑자로 전환했고 지식재산권사용료수지도 흑자를 기록했다. 본원소득수지는 21억7000만달러 흑자로 돌아섰다. 전월 계절적 요인으로 늘었던 배당 지급이...,shinailbo.co.kr,https://www.shinailbo.co.kr/news/articleView.html?idxno=5038572,,
방한 외국인,2026. 7. 8.,"[클릭 e종목]""GS피앤엘, 2Q 호실적 기대...목표주가 유지""","남성현 IBK투자증권 연구원은 ""시장 추정치 영업이익 235억원을 약 10% 상회할 전망""이라며 호실적을 예상하는 근거로 ▲가파른 방한 외국인 수요 성장 ▲웨스틴 파르나르 영업 정상화에 따른 이익 증가 본격화...",view.asiae.co.kr,https://n.news.naver.com/mnews/article/277/0005786858?sid=101,,
방한 외국인,2026. 7. 8.,중남미에 번지는 ‘실리주의’… 北 생존 외교전략 균열 [심층기획-신국...,쿠바는 최근 트럼프 행정부의 강한 압박에 민간 부문 확대와 외국인 투자 유치 등 경제 개방을 추진하며... 양국은 지난 2월 루이스 이나시우 룰라 다시우바 대통령 방한을 계기로 전략적 동반자 관계를 수립하고 한...,segye.com,https://n.news.naver.com/mnews/article/022/0004141337?sid=104,,
방한 외국인,2026. 7. 8.,"하나투어, 조좌진 카드 통할까… '집행임원제' 승부수","또 인바운드(외국인의 방한 여행) 사업도 전면에 내세운다. 글로벌 오버투어리즘과 K-컬처 확산을 기회 삼아, 일본과 동남아시아 시장을 중심으로 차별화된 방한 상품 및 서비스를 다각화하겠다는 계획이다. 마지막으로...",traveltimes.co.kr,https://www.traveltimes.co.kr/news/articleView.html?idxno=500029,,
방한 외국인,2026. 7. 7.,"세계감리교협의회(WMC), 한국서 '다중심 선교시대' 새 선교 방향 모색","이것이 오늘의 문화 속에서 교회가 제시할 수 있는 중요한 대안적 가치입니다."" 한편 WMC 대표들은 방한 기간... 또, 양화진 외국인선교사묘원과 비무장지대를 찾아 한국 선교의 지난 발자취를 돌아보고, 한반도의...",nocutnews.co.kr,https://n.news.naver.com/mnews/article/079/0004165938?sid=103,,
방한 외국인,2026. 7. 7.,"창립 80년 대구시의사회, 한일 우정 돈독히",▷ 역사와 우정을 잇는 첫 만남방한 첫날 대표단은 대구에 도착한 뒤 국채보상운동기념관을 찾아 대구... 이운주 고문은 오사카·간사이 엑스포를 중심으로 외국인 의료서비스와 대면·비대면 진료 현황을 발표했고...,ksmnews.co.kr,https://www.ksmnews.co.kr/news/view.php?idx=612359,,
방한 외국인,2026. 7. 7.,"하나투어, 새 수장에 조좌진 전 롯데카드 대표 영입","인바운드 사업에서는 K컬처 확산을 기반으로 외국인 대상 방한 여행 서비스를 강화할 계획이다. 또 AI와 데이터 기반 디지털 혁신을 통해 상품 기획과 마케팅, 고객 상담 등 전 과정의 효율성을 높여 수익성 개선에도...",mydaily.co.kr,https://n.news.naver.com/mnews/article/117/0004082358?sid=103,,
방한 외국인,2026. 7. 7.,"버핏 ""아뿔싸, 너무 일찍 팔았네"" [한경 프리미엄9 TODAY]",명품백 대신 대세는 명품 주얼리 혼인 증가에 따른 예물 수요 급증과 방한 외국인의 원정 쇼핑으로 명품 소비 열기가 뜨겁다. 그런데 가방 수요는 주춤하고 있다. 그 자리를 꿰찬 것은 시계와 주얼리다. 요즘 어떤...,hankyung.com,https://n.news.naver.com/mnews/article/015/0005307345?sid=101,,
방한 외국인,2026. 7. 7.,"하나투어, 신임 CEO로 조좌진 前 롯데카드 대표 내정",하나투어는 조 내정자의 선임을 계기로 △프리미엄 여행 시장 확대 △인바운드(외국인의 국내 여행) 사업... 중심의 방한 여행 서비스를 확대해 하나투어를 대한민국 대표 여행 플랫폼으로 육성한다. 아울러 AI와 데이터...,daily.hankooki.com,https://daily.hankooki.com/news/articleView.html?idxno=1383700,,
방한 외국인,2026. 7. 7.,"국토부, 日에 ‘외국인 토허제’ 전수","방한 당시 목적은 정성호 법무부장관을 만나 한·일 양국의 외국인 사회통합 정책 및 인적교류 확대 방안에 대한 의견 교환이었는데, 도쿄 집값 급등 관련 대책 자문을 위해 국토부도 함께 찾은 것이다. 최근 일본은...",biz.heraldcorp.com,https://n.news.naver.com/mnews/article/016/0002666847?sid=101,,
방한 외국인,2026. 7. 7.,“외국인 입맛 잡아라”…대학생 마케터 앞세운 라면 경쟁,올해 5월에는 신제품 ‘신라면 로제’ 홍보와 연계해 방한 외국인을 대상으로 K팝 댄스와 라면 시식을 결합한 프로그램을 운영했다. 업계에서는 라면업체들이 대학생 서포터즈를 단순 홍보 인력으로만 보지 않는...,segye.com,https://n.news.naver.com/mnews/article/022/0004141116?sid=101,,
방한 외국인,2026. 7. 7.,"1년 남은 서울 WYD, 홈스테이 모집 등 준비에 속도","내년 7월 29일 교구 대회로 시작...약 1년 앞둬 9월 전 세계 WYD 담당자 방한...준비 회의 개최 서울시 조례... 서울 본당 소속 천주교 신자는 ""아무리 신자여도 말이 통하지 않는 외국인에게 좁은 집 일부를 내어주는 일은...",asiatoday.co.kr,https://www.asiatoday.co.kr/kn/view.php?key=20260707010002360,,
방한 외국인,2026. 7. 7.,"대구시의사회, 재일코리안의사회 초청…창립 80주년 한일 의료교류 확대",대표단이 방한해 학술과 문화 교류에 참여했다. 첫날 대표단은 대구공항과 동대구역을 통해 입국한 뒤... 이운주 고문은 '2025 오사카·간사이 엑스포를 통해 본 외국인 여행자 진료와 과제'를 주제로 대면진료와 온라인진료...,bokuennews.com,http://www.bokuennews.com/news/article.html?no=280899,,
방한 외국인,2026. 7. 7.,엔비디아 차세대 AI서버 ‘1년 연기’…반도체주 직격탄,■ AI수혜주 급락: 젠슨 황 엔비디아 최고경영자(CEO)의 방한 한 달 만에 LG전자(066570)와 두산로보틱스... 한국 시장은 대만보다 개방적이라는 평가 속에 외국인통합계좌 도입 등 구조적 수급 우회로도 마련돼 있는...,sedaily.com,https://n.news.naver.com/mnews/article/011/0004638888?sid=101,,
방한 외국인,2026. 7. 7.,"[단독] 국토부, 日 정부에 ‘외국인 토허제’ 전수한다[부동산360]","방한 당시 목적은 정성호 법무부장관을 만나 한·일 양국의 외국인 사회통합 정책 및 인적교류 확대 방안에 대한 의견 교환이었는데, 도쿄 집값 급등 관련 대책 자문을 위해 국토부도 함께 찾은 것이다. 최근 일본은...",biz.heraldcorp.com,https://n.news.naver.com/mnews/article/016/0002666657?sid=101,,
방한 외국인,2026. 7. 7.,"대구 찾은 일본 의료 석학들, K-의료·문화에 감탄","대거 방한해 밀도 높은 일정을 소화했다. ""역사를 알아야 미래가 보인다"" 국채보상운동 정신에 고개 숙인... 본 외국인 여행자 진료와 과제(대면 진료와 온라인 진료)'를 주제로 발표해 향후 국제 행사를 앞둔 의료계의...",kormedi.com,https://n.news.naver.com/mnews/article/296/0000102311?sid=102,,
방한 외국인,2026. 7. 7.,"내국인 소비 잡아라...면세업계, 면세 한도 통합 논의","업계는 하반기 가을 여행 성수기와 중국 국경절을 앞두고 방한 외국인 증가가 예상되는 만큼 면세 한도 통합으로 내국인 수요까지 회복된다면 실적 개선 폭도 한층 커질 것으로 보고 있다. 한 업계 관계자는 ""면세...",mt.co.kr,https://n.news.naver.com/mnews/article/008/0005382282?sid=101,,
방한 외국인,2026. 7. 7.,"""오픈 1년 만에 젠지·외국인 몰렸다""…롯데백화점 '키네틱 그라운드', ...","""오픈 1년 만에 영(young) 고객과 외국인 고객을 유도했다. 롯데백화점 본점 '키네틱 그라운드'가 핵심 집객... 글로벌 젠지 세대의 방한 수요 급증과 오프라인 유통 마켓이 급변하는 가운데 상품권 증정 프로모션 등...",financialpost.co.kr,https://www.financialpost.co.kr/news/articleView.html?idxno=265151,,
방한 외국인,2026. 7. 7.,[핀테크핫이슈] 금융권 '디지털 리스크' 부상...IT통제 시험대,"⦁우리금융, 미소금융 거점 창신동 이전...골목상권 지원 강화 ⦁우리은행 삼성월렛머니, 다이소·CU 결제처 확대 ⦁하나은행, 소상공인·성실상환자에 1조3000억 규모 지원 결제업계에서는 해외 진출과 방한 외국인 결제...",digitaltoday.co.kr,https://www.digitaltoday.co.kr/news/articleView.html?idxno=681673,,
방한 외국인,2026. 7. 6.,코레일 K-헤리티지 외국인 기획상품 성황리 완료,"참여자는 대구·경주·울산 지역의 외국인 유학생 및 방한 외국인 총 24명으로 모객되었으며, 기차를 이용해 부산역에 도착하여, 부산의 주요 세계유산 문화 유적지를 관광하였다. 투어 일정은 용두산공원...",getnews.co.kr,https://www.getnews.co.kr/news/articleView.html?idxno=874312,,
방한 외국인,2026. 7. 6.,"“일본서 보고 한국서 산다”…백화점, 해외서 K브랜드 심는 이유","/사진=롯데백화점 제공 백화점업계가 K브랜드의 해외 진출에 발벗고 나선 것은 유망 브랜드와의 파트너십을 통해 국내 매장 경쟁력을 공고히 하는 동시에, 해외 시장에서 백화점 인지도를 높여 추후 방한 외국인...",mediapen.com,https://www.mediapen.com/news/view/1108481,,
방한 외국인,2026. 7. 6.,"한국철도 부산경남, K-헤리티지 외국인 기획상품 운영","참여 여행객은 대구·경주·울산 지역의 외국인 유학생 및 방한 외국인 총 24명으로 모객되었으며, 각 지역에서 기차를 이용해 부산역에 도착하여, 부산의 주요 세계유산 문화 유적지를 관광했다. 투어 일정은 용두산공원...",gndomin.com,http://www.gndomin.com/news/articleView.html?idxno=481187,,
방한 외국인,2026. 7. 6.,"대구공항, 외국인 관광객 4만6000명…영남권 관광허브 도약 본격화",문화체육관광부와 한국관광공사가 대구공항을 영남권 방한 관광의 거점으로 육성하기 위한 사업에 본격 착수했다. 인천국제공항에 집중된 외국인 관광객을 대구공항으로 분산시켜 대구·경북을 비롯한 영남권 관광...,kyongbuk.co.kr,https://www.kyongbuk.co.kr/news/articleView.html?idxno=4077532,,
방한 외국인,2026. 7. 6.,"한국철도 부산경남, K-헤리티지 외국인 기획상품 운영","참여 여행객은 대구·경주·울산 지역의 외국인 유학생 및 방한 외국인 총 24명으로 모객되었으며, 각 지역에서 기차를 이용해 부산역에 도착해 부산의 주요 세계유산 문화 유적지를 관광하였다. 투어 일정은 용두산공원...",newsgn.com,https://www.newsgn.com/news/articleView.html?idxno=560745,,
방한 외국인,2026. 7. 6.,한번에 1억 결제…외국인 VIP 모시는 백화점,여러 번 방한하는 단골 VIP를 겨냥한 외국인 전용 멤버십도 강화했다. 신세계백화점은 푸드마켓과 식음료(F&B) 할인권을 제공하는 등 외국인 VIP 멤버십을 확대한 결과 올해 1~5월 외국인 VIP 매출이 전년 동기 대비 두 배로...,hankyung.com,https://n.news.naver.com/mnews/article/015/0005306812?sid=101,,
방한 외국인,2026. 7. 6.,"백화점 3사, 2분기도 '나홀로 호황'…명품·패션·외국인이 끌었다","소비 둔화 우려에도 명품과 패션 매출 회복, 방한 외국인 소비 증가가 맞물리면서 백화점 업황은 주요 유통 채널 가운데 두드러진 성장세를 보일 것으로 기대된다. 6일 금융정보업체 에프앤가이드에 따르면 신세계...",etoday.co.kr,https://www.etoday.co.kr/news/view/2600786,,
방한 외국인,2026. 7. 6.,인천공항 편중 줄인다…지역공항 국제관광 허브화 속도,같은 기간 대구공항을 통해 입국한 외국인 관광객도 4만6000여 명을 기록하며 지방공항을 통한 방한 수요 확대를 이끌었다. 관광공사는 인천공항에 편중된 방한 관광 구조를 개선하기 위해 4월 ‘지방공항 국제관광...,newsis.com,https://n.news.naver.com/mnews/article/003/0014049274?sid=101,,
방한 외국인,2026. 7. 6.,"""직항 활성화, 신규 관광개발""…관광공사·다낭시 맞손 등[부산소식]","대구·경주·울산 지역 외국인 유학생과 방한 외국인 등 24명이 참가했다. 참가자들은 열차를 이용해 부산을 방문한 뒤 용두산공원과 부산근현대역사관, 영도대교, 자갈치시장, BIFF광장, 임시수도기념관, 감천문화마을...",newsis.com,https://n.news.naver.com/mnews/article/003/0014049227?sid=102,,
방한 외국인,2026. 7. 6.,"대구시의사회·재일코리안의사회, 국경 넘은 'K-의료·문화' 동행","◆ 역사와 우정으로 문 연 첫날… 국채보상운동 '경의' 방한 첫날인 3일, 대구공항과 동대구역을 통해 입국한... 본 외국인 여행자 진료와 과제'를, 오카모토 신고 원장(정신건강의학과 전문의)은 '정신건강의학과 전문의가...",bosa.co.kr,https://www.bosa.co.kr/news/articleView.html?idxno=3007763,,
방한 외국인,2026. 7. 6.,"썬푸꾸옥항공, 8월 25일부터 인천-하노이·호치민 신규 직항 노선 취항","한국은 베트남의 최대 외국인직접투자(FDI) 지위를 유지하고 있으며, 이번 매일 직항 체제 구축은 양국을... 이에 발맞춰 베트남인의 방한 수요도 탄력을 받아 2026년 1분기에만 16만 7000명이 한국 땅을 밟았다....",ttlnews.com,http://www.ttlnews.com/news/articleView.html?idxno=3122994,,
방한 외국인,2026. 7. 6.,반도체에 가린 유통·소부장·증권…2분기 '깜짝 실적' 기대,유통 업종도 원화 약세에 따른 방한 외국인 관광객 증가와 소비 심리 개선이 겹치며 실적 눈높이를 끌어올리고 있다. 신세계는 2분기 영업이익 추정치가 1319억원에서 1463억원으로 10.9% 늘었다. 현대백화점(10.2%)과...,hankyung.com,https://n.news.naver.com/mnews/article/015/0005306703?sid=101,,
방한 외국인,2026. 7. 6.,방한 외국인 1000만명에 K플랫폼도 웃었다…네이버지도·배민·케이라이...,상반기 내 방한 외국인 1000만명 첫 돌파 촘촘한 지역 정보 제공하는 K플랫폼도 인기 네이버지도 MAU 5개월만에 100만명 늘어 배민 외국인 결제건수 전년 대비 331% 증가 케이라이드 상반기 호출 수 120% 증가 국내를 찾은...,etnews.com,https://n.news.naver.com/mnews/article/030/0003444904?sid=101,,
방한 외국인,2026. 7. 6.,"고환율發 외국인 관광객 특수…웨스틴 조선 서울, '아리아' 리뉴얼로 프...",확산으로 외국인 관광객이 몰리는 가운데 웨스틴 조선 서울이 뷔페 레스토랑 '아리아'를 리뉴얼해 프리미엄 다이닝 경쟁력 강화에 나섰다. 한국문화관광연구원에 따르면 올해 방한 관광객은 약 2200만명으로 전년 대비...,greened.kr,https://www.greened.kr/news/articleView.html?idxno=344322,,
방한 외국인,2026. 7. 6.,“젠지·외국인 몰렸다”…롯데百 본점 고객 지형 바꾼 '키네틱 그라운...,"춘절, 노동절, 국경절 등 외국인 방한 성수기에는 상품권 증정 혜택도 제공하고 있다. 롯데백화점 관계자는 “키네틱 그라운드는 K패션과 K콘텐츠를 매개로 젊은 고객과 글로벌 고객을 끌어들이는 핵심 플랫폼으로 자리...",megaeconomy.co.kr,https://www.megaeconomy.co.kr/news/newsview.php?ncode=1065594641150422,,
방한 외국인,2026. 7. 6.,"청주공항 입국 외국인 114%↑…문체부, 지방공항 관광허브 육성 박차","올해 5월까지 청주공항으로 입국한 외국인 관광객은 5만여 명으로 지난해 같은 기간보다 114% 이상 늘었다. 같은 기간 대구공항을 통해 입국한 외래객은 4만 6000여 명으로, 해외 마케팅에 힘입어 방한시장 성장을...",edaily.co.kr,https://n.news.naver.com/mnews/article/018/0006323928?sid=103,,
방한 외국인,2026. 7. 6.,"""K-팝은 지금인데, 무대는 2034년"" [K-팝 공연장의 숙제]",공연을 보기 위해 방한한 외국인들은 일반 관광객보다 긴 기간 머물며 숙박·식음료 등 소비 활동을 적극적으로 펼친다. 관광·유통 등 다양한 업계가 덩달아 낙수효과를 누리는 구조다. 지방자치단체가 K-팝 공연장...,sportsworldi.com,https://m.entertain.naver.com/article/396/0000748846,,
방한 외국인,2026. 7. 6.,5달 만에 200만 명 육박… 부산 외국인 관광객 '역대 최단기' 돌파,올해 부산을 찾은 외국인 관광객이 5개월 만에 200만 명에 육박한 것으로 나타났다. 전국 평균을 크게... 영국·프랑스·독일 등 유럽권에서도 각각 2만~3만 명이 방한했다. 이 같은 급증세는 시가 전국 최초로...,hankookilbo.com,https://n.news.naver.com/mnews/article/469/0000940647?sid=102,,
방한 외국인,2026. 7. 6.,"청주공항, 외국인 관광객 114% 급증…국제관광 허브 '속도'",청주국제공항을 통해 입국한 외국인 관광객이 큰 폭으로 늘어난 것으로 나타났다. 국제노선 확대와 지역... 관광공사는 인천국제공항 중심의 방한 관광 구조를 개선하기 위해 지난 4월 '지방공항 국제관광 허브화 TF'를...,daejonilbo.com,https://n.news.naver.com/mnews/article/656/0000180782?sid=101,,
방한 외국인,2026. 7. 6.,"""할부도 QR 결제로""···유통家, 외국인 결제 서비스 경쟁 '속도'","투데이코리아=김채윤 기자 | 방한 외국인 관광객의 증가세가 이어지는 가운데, 국내 유통업계가 외국인 대상 결제 서비스를 강화하며 수요 선점 경쟁에 나서고 있다. 6일 투데이코리아 취재를 종합하면, 한국을 찾는...",todaykorea.co.kr,https://www.todaykorea.co.kr/news/articleView.html?idxno=403392,,
방한 외국인,2026. 7. 6.,"롯데百 ‘키네틱 그라운드’ 오픈 1년, 외국인 고객 매출은 440%↑","춘절과 노동절, 국경절 등 주요 방한 시즌에는 외국인 고객을 대상으로 최대 10% 상당의 상품권을 증정하는 프로모션도 운영하고 있다. 강우진 롯데백화점 본점장은 “키네틱 그라운드는 K콘텐츠 허브로서 새로운...",fntimes.com,https://www.fntimes.com/html/view.php?ud=202607061443445858b5b890e35c_18,,
방한 외국인,2026. 7. 6.,"한 번이 아닌 두 번 찾는 나라, 문화가 답하다","2025년 방한 외국인 관광객 수는 전년 대비 15.7% 증가한 총 1,894만 명으로 집계되어 역대 최대 기록을 경신했다. 정부는 2028년까지 외국인 관광객 3천만 명을 유치하는 것을 공식 목표로 삼고 있으며, 올해는 2,300만 명 유치가...",ikoreanspirit.com,http://www.ikoreanspirit.com/news/articleView.html?idxno=86213,,
방한 외국인,2026. 7. 6.,"""노바렉스, 건기식 수요 확대·中 성장…생산능력 2배 확대 기대""-리서치...",리서치알음은 6일 노바렉스에 대해 올리브영·편의점·다이소 등 건강기능식품 유통 채널이 다각화되는 가운데 방한 외국인과 2030세대의 신규 수요까지 더해지며 내수 호조가 이어질 것으로 전망했다. 여기에...,greened.kr,https://www.greened.kr/news/articleView.html?idxno=344294,,
방한 외국인,2026. 7. 6.,"경기도-경기관광공사, 구미주 개별 관광객 유치 박차","한국관광 데이터랩에 따르면, 지난 5월까지 방한한 구미주(유럽주/아메리카주) 관광객은 약 147만 명으로... 외국인 전용 관광 교통수단인 '이지(EG) 투어버스' 노선을 확대 운영(7개 노선)하여 대중교통 이용이 어려운...",cnbnews.com,https://www.cnbnews.com/news/articleView.html?idxno=1007004,,
방한 외국인,2026. 7. 6.,"한국철도 부산경남, K-헤리티지 외국인 기획상품운영","참가자는 대구·경주·울산 지역의 외국인 유학생과 방한 외국인 등 총 24명으로 구성됐으며, 각 지역에서 기차를 이용해 부산역에 도착한 뒤 부산의 주요 근현대 유산지를 탐방하는 일정으로 진행됐다. 여행에 참여한...",gukjenews.com,https://www.gukjenews.com/news/articleView.html?idxno=3627347,,
방한 외국인,2026. 7. 6.,지방공항 키우는 한국관광공사… 인천 원도심 관광도 강화,한국관광공사가 지방공항을 새로운 방한 관광 관문으로 육성하는 사업을 본격화하면서 외국인 관광객 유치 성과를 내고 있다. 청주와 대구공항을 중심으로 국제노선 확대와 지역 관광상품 개발을 병행하며 수도권에...,s-journal.co.kr,https://www.s-journal.co.kr/news/articleView.html?idxno=42192,,
방한 외국인,2026. 7. 6.,롯데百 '키네틱 그라운드' 1주년... 2030·외국인 동시에 잡았다,"춘절, 노동절, 국경절 등 주요 외국인 방한 시즌에는 최대 10% 상당의 상품권을 증정한다. 본점 키네틱 그라운드는 오픈 1주년 기념으로 7월 12일(일)까지 고객 감사 행사를 연다. 당일 20/40만 원 이상 구매 시 7.5% 상당...",insight.co.kr,https://www.insight.co.kr/news/561665,,
방한 외국인,2026. 7. 6.,"한국관광공사, 청주·대구공항 중심 지역관광 유치 확대","입국한 외국인 관광객은 5만여 명으로, 지난해 같은 기간보다 114% 이상 증가했다. 같은 기간 대구공항을 통해 입국한 외래객은 4만6000여 명으로 집계됐다. 공사는 인천국제공항 입국에 집중된 방한 관광 구조를 완화하고...",thepowernews.co.kr,https://www.thepowernews.co.kr/view.php?ud=202607061029513789de3f0aa1be_7,,
방한 외국인,2026. 7. 6.,성심당·해인사·유등축제 잇는다…청주·대구서 시작하는 K관광 새 동선,"올해 5월까지 청주공항으로 입국한 외국인 관광객은 5만여명으로 지난해 같은 기간보다 114% 이상 증가했다.... 그 결과 올해 상반기 기준 연말까지 청주·대구공항으로 방한하는 부정기편은 356회로, 당초 목표를 2배 이상...",view.asiae.co.kr,https://n.news.naver.com/mnews/article/277/0005786007?sid=103,,
방한 외국인,2026. 7. 6.,"“미국에서 홍대·성수 K뷰티 재현”…CJ올리브영, 다음달 LA서 페스타 ...","‘스토어존’ 주변은 홍대·명동·성수·강남의 방한 외국인 관광객들이 즐겨 찾는 서울 대표 상권 4곳을 테마로 꾸며진다. 한글 표지판과 버스정류장 등 서울 거리를 연상시키는 공간 연출과 함께, 각 구역에서...",munhwa.com,https://n.news.naver.com/mnews/article/021/0002802618?sid=101,,
방한 외국인,2026. 7. 6.,"서울시, 국제머신러닝학회(ICML 2026) 연계 '블레저 관광' 프로그램 운영",국제 행사에 참여하기 위해 방한한 외국인 비즈니스 방문객을 체류형 관광객으로 전환함으로써 지역 관광 산업을 활성화하고 도시 브랜드 인지도를 높인다는 취지다. 오는 7월 6일부터 11일까지 진행되는 ICML은 머신러닝...,discoverynews.kr,https://www.discoverynews.kr/news/articleView.html?idxno=1095318,,
방한 외국인,2026. 7. 6.,"하나은행, 24시간 달러 외환시장 첫날 포문 열어… 삼성전자 1호 계약 체...","특히 방한 및 참관 과정에서 주요 수출기업인 삼성전자를 화상으로 연결해, 외환시장 24시간 개장 이후... 대한민국 국채의 세계국채지수 편입 및 증시 선진화와 맞물려 원화 자산에 대한 외국인 자본 유입이 가속화되는...",nbntv.kr,https://www.nbntv.kr/news/articleView.html?idxno=340424,,
방한 외국인,2026. 7. 6.,"롯데백화점 '키네틱 그라운드' 오픈 1년, 2030 고객 70%·매출 130%↑·외...","7월에는 1주년을 맞아 '왕홍'과 함께 '따즈(패션친구) 캠페인'을 진행하며, 춘절, 노동절, 국경절 등 외국인 방한 시즌에는 최대 10% 상당 상품권을 증정한다. 1주년을 기념해 7월 12일까지 고객 감사 행사가 열린다. 당일...",newsquest.co.kr,https://www.newsquest.co.kr/news/articleView.html?idxno=269154,,
유류할증료 해외여행,2026. 7. 8.,"유류할증료·환율 급등 2분기, 김해공항 국제선 이용객 ‘뚝’",유류할증료와 환율이 고공 행진을 한 6월 들어서는 여객은 91만 명까지 줄었다. 지난해 지역 공항 최초로... 휴가철이 끼어있지만 환율이 1500원 중·후반을 오가 해외여행 수요를 크게 위축시켰다. 공항공사는 휴가철을...,kookje.co.kr,https://n.news.naver.com/mnews/article/658/0000149027?sid=102,,
유류할증료 해외여행,2026. 7. 8.,"“휴가철 유류할증료 내렸다”···관광객 감소에 한숨 제주, 피서객 유...","도는 이번 유류할증료 인하로 여행객들의 항공비용 부담이 다소 완화된 점, 고환율로 인해 해외여행 부담은 여전한 점 등이 내국인 관광객을 다시 끌어들이는 데 도움이 될 것으로 보고 있다. 도는 우선 다음달...",khan.co.kr,https://n.news.naver.com/mnews/article/032/0003456854?sid=102,,
유류할증료 해외여행,2026. 7. 8.,중동 리스크 재점화…유가·환율 동반 압박에 LCC 휴가철 부담 확대,중동 불안이 장기화할 경우 국제유가 상승에 따른 유류할증료 인상과 항공권 가격 상승으로 이어질 가능성이 높기 때문이다. 여행객들의 비용 부담이 커질 경우 해외여행 수요 회복세도 둔화될 수 있다는 전망이다....,edaily.co.kr,https://n.news.naver.com/mnews/article/018/0006325386?sid=103,,
유류할증료 해외여행,2026. 7. 8.,[상반기 항공업계] LCC 이용객 최다 '제주항공'… 인천∼도쿄·오사카 점...,"2분기가 항공업계의 비수기인 점, 그리고 2월말·3월초부터 이어진 미국과 이란의 전쟁 여파로 국제유가가 치솟으며 유류할증료 폭등으로 이어져 비용부담에 해외여행 수요가 주춤했던 것을 고려하면 선방한...",sisaweek.com,https://www.sisaweek.com/news/articleView.html?idxno=236577,,
유류할증료 해외여행,2026. 7. 7.,[에어 라이브] 대한항공ㆍ제주항공ㆍ에어프레미아,"9%를 기록했다”며 “7월 유류할증료 부담도 크게 낮아진 만큼, 가을ㆍ겨울 여행을 계획하는 고객들이... 및 해외 여행에 결격 사유가 없어야 한다. 또 교정시력이 1.0 이상이어야 하며, 2024년 7월14일 이후 응시한 국내...",dnews.co.kr,https://www.dnews.co.kr/uhtml/view.jsp?idxno=202607071503578250276,,
유류할증료 해외여행,2026. 7. 7.,"[산업 이모저모] 놀유니버스, 롯데관광개발, 대교에듀캠프 등","회사에 따르면 먼저 NOL은 국제선 유류할증료 하락세에 힘입어 해외여행 예약이 증가세를 보임에 따라 여름 휴가를 겨냥한 해외 프로모션을 준비했다. 일례로 라이브커머스 서비스 'NOL 라이브'에서는 오는 9일, 10일 오전...",bizwnews.com,http://www.bizwnews.com/news/articleView.html?idxno=140115,,
유류할증료 해외여행,2026. 7. 6.,국내선 유류할증료 하락…여름휴가철 기대감 증폭,특히 국제선 유류할증료 인하에도 불구하고 고환율이 이어지면서 해외여행에 대한 부담이 크게 해소되지 않음에 따라 이번 국내선 유류할증료 인하가 관광객들의 제주 방문에 도움이 될 것으로 보고 도내 관광업계가...,jemin.com,https://www.jemin.com/news/articleView.html?idxno=839893,,
유류할증료 해외여행,2026. 7. 6.,"하나투어, 7월 유류할증료 인하 맞춰 '자유여행 올인위크'","이에 따라 여름휴가와 추석 연휴를 앞두고 해외여행 수요도 점차 회복되는 분위기다. 하나투어 관계자는 ""7월 유류할증료 인하 소식에 맞춰 여름휴가와 추석 연휴 여행을 계획하는 얼리버드 고객들의 경비 부담을...",inews24.com,https://n.news.naver.com/mnews/article/031/0001040127?sid=101,,
유류할증료 해외여행,2026. 7. 6.,"7월 유류할증료 8단계 인하…NOL, 여름 휴가 프로모션으로 반등 노린다","유류할증료가 전쟁 이전 수준으로 완전히 돌아온 것은 아니고, 고환율과 중동 정세 불확실성이 여전히 변수로 남아 있어 해외여행 수요 회복을 낙관하기는 이르다는 시각도 있다. 이런 흐름 속에 놀유니버스가...",greened.kr,https://www.greened.kr/news/articleView.html?idxno=344331,,
유류할증료 해외여행,2026. 7. 6.,"에어프레미아, '프로미스' 프로모션 진행","에어프레미아가 할인 프로모션 '프로미스(PROMISE)'를 실시하며 해외여행 수요 공략에 나선다. 이번... 성수기 여행도 할인 혜택을 적용받을 수 있다. 에어프레미아 관계자는 ""최근 유류할증료 인하에 더해 연중 최대...",megaeconomy.co.kr,https://www.megaeconomy.co.kr/news/newsview.php?ncode=1065595974038527,,
유류할증료 해외여행,2026. 7. 6.,"여름 휴가철 여행객 잡아라…카드사, 해외결제·환전·라운지 경쟁",이달부터 유류할증료 인하가 시작되고 해외여행 수요가 늘 것으로 예상되면서 여행 관련 소비를 자사 카드로 유도해 이용 실적과 충성 고객을 동시에 확보하려는 전략으로 풀이된다. 6일 카드업계에 따르면 주요...,wikileaks-kr.org,http://www.wikileaks-kr.org/news/articleView.html?idxno=189440,,
유류할증료 해외여행,2026. 7. 6.,둘이서 200만 원 그냥 깨져…“취소했어요” 역대급 해외여행비에 발 길...,"여름휴가철 여행비 부담이 커지고 있다. 항공료와 환율 상승이 겹치면서 해외여행객 상당수가 국내로... 유류할증료 인상에 따른 항공권 가격 급등(16.2%), 원·달러 환율 상승(9.4%)이 뒤를 이었다. 다만 국내 여행이...",sedaily.com,https://n.news.naver.com/mnews/article/011/0004638587?sid=101,,
유류할증료 해외여행,2026. 7. 6.,"NOL, '놀데이' 여름 휴가 특집…항공·숙소·워터파크 할인","NOL은 국제선 유류할증료 하락과 해외여행 예약 증가 흐름에 맞춰 항공권과 해외 숙소, 패키지여행, 현지 체험상품 등을 대상으로 프로모션을 진행한다고 밝혔다. NOL에 따르면 지난 1일부터 2일까지 해외 항공권 예약...",newstnt.com,https://www.newstnt.com/news/articleView.html?idxno=709103,,
유류할증료 해외여행,2026. 7. 6.,"에어프레미아, 항공권 최대 90% 할인 시작",에어프레미아는 최근 유류할증료 인하로 해외여행 비용 부담이 완화됐지만  여름휴가는 물론 추석과 연말연시까지 미리 준비하는 고객들을 위해 연중 최대 규모의 할인 혜택을 마련했다고 6일 밝혔다 이날부터...,segye.com,https://n.news.naver.com/mnews/article/022/0004140853?sid=101,,
유류할증료 해외여행,2026. 7. 6.,"이스타항공, 항공권 최대 99% 할인...연중 최대 프로모션",7월 유류할증료 인하와 더불어 항공업계의 프로모션까지 활발한 덕분에 승객들의 해외여행 부담이 한층 낮아질 전망이다. 이스타항공 역시 연중 최대 규모의 프로모션을 마련해 여행객들의 이목이 집중된다....,econovill.com,https://www.econovill.com/news/articleView.html?idxno=744390,,
유류할증료 해외여행,2026. 7. 6.,"에어프레미아, 연중 최대 프로모션 '프로미스' 진행...최대 90% 할인",7월 국제선 유류할증료가 큰 폭으로 하락하면서 해외여행 비용 부담이 완화됐다. 이에 항공·여행업계가 여행객의 수요에 대응하고 나섰다. 이 가운데 에어프레미아가 최대 90% 할인 이벤트를 공개해 눈길을 끈다....,econovill.com,https://www.econovill.com/news/articleView.html?idxno=744388,,
유류할증료 해외여행,2026. 7. 6.,여름 성수기 앞두고 여행·항공업계 할인 경쟁 본격화,"서미영 기자 | 7월 국제선 유류할증료가 인하되면서 억눌렸던 해외여행 수요가 살아나고 있다. NOL(놀유니버스)에 따르면 지난 1~2일 이틀간 해외 항공권 예약 건수는 전월 동기 대비 1.5배, 전주 동기 대비 2배 넘게...",digitalchosun.dizzo.com,http://digitalchosun.dizzo.com/site/data/html_dir/2026/07/06/2026070680054.html,,
유류할증료 해외여행,2026. 7. 6.,"NOL, 여름휴가 특집 'NOLDAY' 할인 캠페인 진행","놀유니버스가 운영하는 NOL이 연중 최대 여행·여가 할인 캠페인 'NOLDAY(놀데이)' 4주차를 맞아 인기 해외... NOL은 국제선 유류할증료 하락세로 7월 1일부터 2일까지 해외 항공권 예약 건수가 전월 동기 대비 1.5배, 전주...",newsmap.co.kr,https://www.newsmap.co.kr/news/articleView.html?idxno=1206,,
유류할증료 해외여행,2026. 7. 6.,중동전쟁으로 기름값 오르자 벌어진 일… 고물가 '민생' 파고들다,"유류할증료 인상으로 인해 국내항공료는 25.1% 올랐고, 국내 단체여행비(10.1%)와 해외 단체여행비(24.3%)도 두자릿수 상승률을 기록했다. 개인서비스 가격 상승으로 인해 근원물가(계절적 요인이나 일시적 충격에 의한...",thescoop.co.kr,https://n.news.naver.com/mnews/article/665/0000007692?sid=101,,
유류할증료 해외여행,2026. 7. 6.,"하나투어 '자유여행 올인위크'...모두투어, 해외 파크골프 챔피언십",여행업계에서 유류할증료 인하 프로모션과 해외 스포츠 테마여행을 통해 여름·추석 여행 수요와 동호회 기반 여행 수요를 공략한다. 하나투어는 7월 유류할증료 인하에 맞춰 7월 6일부터 12일까지 '자유여행 올인위크...,slist.kr,https://www.slist.kr/news/articleView.html?idxno=749828,,
유류할증료 해외여행,2026. 7. 6.,유가 진정에 여행 기지개…OTA 여름 할인 경쟁 후끈,"유류할증료 부담이 커지면서 해외 대신 국내 여행이나 단거리 일정으로 방향을 튼 소비자가 적지 않았다. 흐름이 바뀐 건 최근 몇 주 사이다. 유가가 진정세로 돌아서면서 항공사들이 유류할증료를 인하했고, 그동안...",goodkyung.com,https://www.goodkyung.com/news/articleView.html?idxno=288892,,
유류할증료 해외여행,2026. 7. 6.,"에어프레미아, 연중 최대 할인전…나리타 왕복 20만원대부터","최근 유류할증료 인하로 해외여행 비용 부담이 줄어든 가운데, 여름휴가와 추석·연말연시 여행 수요를 겨냥한 할인 행사다. 에어프레미아는 6일부터 오는 19일까지 연중 최대 할인 프로모션인 ‘프로미스’를...",biz.heraldcorp.com,https://n.news.naver.com/mnews/article/016/0002666012?sid=101,,
유류할증료 해외여행,2026. 7. 6.,"NOL, 놀데이 4주차 돌입…해외여행부터 워터파크까지 할인","NOL은 최근 국제선 유류할증료 하락세에 힘입어 해외여행 예약이 증가하자 여름 휴가 수요를 겨냥한 해외 프로모션을 마련했다. 실제 7월 1일부터 2일까지 NOL의 해외 항공권 예약 건수는 전월 동기 대비 1.5배, 전주...",pinpointnews.co.kr,https://www.pinpointnews.co.kr/news/articleView.html?idxno=465712,,
유류할증료 해외여행,2026. 7. 5.,"괌, 휴양지 넘어 체험형 관광 승부…유류할증료도 지원",고환율과 항공료 부담으로 여행 수요가 동남아 지역으로 이동하자 유류할증료를 직접 지원하는 마케팅까지 꺼내 들었다. 5일 여행업계에 따르면 관광지식정보시스템 기준 올해 3월 국민 해외관광객은 지난해 같은 달보다...,ngetnews.com,https://www.ngetnews.com/news/articleView.html?idxno=551282,,
유류할증료 해외여행,2026. 7. 4.,캐나다 항공료 11%↑...항공유 24%↓에도 요지부동,"웨스트젯은 동반자 항공권 예약에 부과하던 유류할증료를 60캐나다달러(약 6만4700원)에서 40캐나다달러(약... 4% 증가, 대미 항공 여객 16개월 연속 감소 흐름은 원화 약세 국면에서 해외여행 수요를 저울질하는 국내...",g-enews.com,https://www.g-enews.com/view.php?ud=20260704071824392bd56fbc3c_1,,
유류할증료 해외여행,2026. 7. 3.,엔저·고물가에 지갑 닫은 일본인... 올여름 해외여행 줄고 국내여행도...,"일본항공(JAL), 전일본공수(ANA) 등 주요 항공사들이 유류할증료를 인상하면서 항공권 가격이 덩달아 올랐다. 교도통신은 코로나 팬데믹이 진정된 2023년 이후 처음으로 해외 여행객 수가 감소세로 돌아섰다고 전했다....",insight.co.kr,https://www.insight.co.kr/news/561437,,
유류할증료 해외여행,2026. 7. 3.,휴가비 부담 줄어든 괌 여행…주요 리조트 8월 말까지 썸머 페이백 진행,"7월 국제선 유류할증료가 인하되면서 여름 휴가철 해외여행을 준비하는 이들의 비용 부담이 완화될 전망이다. 항공업계에 따르면, 6월 27단계였던 국제선 유류할증료는 7월 들어 19단계로 8단계 급락했다. 이에 따라 인천...",ttlnews.com,http://www.ttlnews.com/news/articleView.html?idxno=3122501,,
유류할증료 해외여행,2026. 7. 3.,현지 호텔 최대 79% 할인…올여름 괌 여행 '역대 최저가',com PIC 괌 [사진=PHR 코리아] 올여름 휴가철 괌 여행 비용이 크게 낮아질 것으로 보인다. 국제선 유류할증료... 부담으로 해외여행을 망설이는 여행객들을 잡기 위해 본격적인 여름 성수기 시즌인 7~8월 두 달간...,ajunews.com,https://www.ajunews.com/view/20260703084853571,,
유류할증료 해외여행,2026. 7. 3.,"6월 물가 3.2% 상승…석유류 24.7% 급등, 생활물가 26개월 만에 최대폭","해외 단체여행비는 24.3%, 국내 단체여행비는 10.1% 올랐다. 유류할증료 인상 등이 관련 가격에 반영된 영향이다. 서비스 물가는 2.6% 올라 전체 소비자물가를 1.44%p 높였다. 개인서비스는 3.4%, 공공서비스는 1.6...",newswhoplus.com,https://www.newswhoplus.com/news/articleView.html?idxno=63754,,
유류할증료 해외여행,2026. 7. 3.,6월 물가 3.2% 올라… 중동戰이 ‘기름’ 부었다,"유류 할증료 인상으로 국제 항공료는 28.2%, 국내 항공료는 25.1%, 국내 단체여행비는 10.1%, 해외 단체여행비는 24.3% 올랐다. 여름철에 접어들면서 먹거리 물가도 다시 불안해지기 시작했다. 농축수산물은 3.2% 올라...",seoul.co.kr,https://n.news.naver.com/mnews/article/081/0003657975?sid=101,,
유류할증료 해외여행,2026. 7. 3.,기름값·농산물에 칩플레이션까지… 물가 두 달 연속 3%대,"국제항공료는 전년보다 28.2%, 해외단체여행비는 24.3% 올랐다. 일부 하락 요인도 동시에 작용하고 있다. 이 심의관은 “7월에는 국제유가 하락 영향으로 유류할증료는 낮아질 것으로 보이지만 여름 성수기에...",kmib.co.kr,https://n.news.naver.com/mnews/article/005/0001858703?sid=101,,
유류할증료 해외여행,2026. 7. 2.,'울산 적신호' 물가 상승률 2개월째 3%대,"아울러 석유류 가격 외에도 국내항공료, 해외단체여행비 등이 포함돼 유가 상승의 직격타를 맞은 개인서비스가 전년 대비 3.5% 상승했다. 다만 유류할증료가 인하되며 전월(3.6%) 대비 상승 폭은 줄었다. 농축수산물...",ujeil.com,http://www.ujeil.com/news/articleView.html?idxno=388229,,
유류할증료 해외여행,2026. 7. 2.,유류할증료 인하… 여름철 해외여행 수요 살아날까,중동전 일단락 유류할증료↓ 휴가철 해외여행 상품 잇따라 달러 환율 고공행진은 변수로 수원에 거주하는 김모(33)씨는 국내로 한정지었던 여름휴가 계획을 전면 수정하고 있다. 중동전쟁 영향으로 천정부지로...,kyeongin.com,https://www.kyeongin.com/article/1766688,,
유류할증료 해외여행,2026. 7. 2.,석유·채소에 ‘칩플레이션’까지… 6월 물가 3.2% ‘비상’,"국제항공료는 전년보다 28.2%, 해외단체여행비는 24.3% 올랐다. 다만 하락 요인도 동시에 작용하고 있다는 분석이다. 이 심의관은 “7월에는 국제유가 하락 영향으로 유류할증료는 낮아질 것으로 보이지만 여름...",kmib.co.kr,https://n.news.naver.com/mnews/article/005/0001858567?sid=101,,
유류할증료 해외여행,2026. 7. 2.,6월 소비자물가 상승률 3.2%...국제유가 급등에 2년6개월 만에 최고치,"국제항공료(28.2%)와 국내항공료(25.1%)는 유류할증료 인상 등의 영향으로 큰 폭의 상승률을 기록했고, 국내 단체여행비(10.1%)와 해외 단체여행비(24.3%)도 두 자릿수 상승했다. 외식 물가는 2.6% 올랐다. 생활물가지수는...",thepublic.kr,https://www.thepublic.kr/news/articleView.html?idxno=309885,,
유류할증료 해외여행,2026. 7. 2.,고유가에 6월 물가 3.2%↑… 30개월 만에 최대 상승,"유류 할증료 인상 여파로 국내항공료는 25.1% 올랐고 국내 단체여행비(10.1%), 해외 단체여행비(24.3%)도 두 자릿수 상승률을 기록했다. 자주 구매하는 품목 중심으로 구성돼 체감 물가를 나타내는 생활물가지수는 3.4...",newscj.com,https://www.newscj.com/news/articleView.html?idxno=3413951,,
유류할증료 해외여행,2026. 7. 2.,중동전쟁 여파에 물가 두 달째 3%대…30개월 만에 최대폭 상승,여기에 유류할증료 인상 영향으로 국제항공료(28.2%)와 해외단체여행비(24.3%) 등 서비스 물가(2.6%)까지 고공행진을 하면서 체감물가를 나타내는 생활물가지수는 3.4%나 올랐다. 정부는 하반기 물가를 3% 이내로 묶기...,newsgn.com,https://www.newsgn.com/news/articleView.html?idxno=560215,,
유류할증료 해외여행,2026. 7. 2.,6월 물가상승률 3.2%… 2년 6개월만에 최고,개인서비스는 성수기 일수 감소와 유류할증료 인하로 여행·숙박 관련 품목(승용차 임차료·해외단체여행비 등) 물가가 내리면서 전월 대비 0.2% 하락했다. 이두원 경제동향통계심의관은 2일 브리핑에서 다가오는...,sisaweek.com,https://www.sisaweek.com/news/articleView.html?idxno=236466,,
유류할증료 해외여행,2026. 7. 2.,기름값·농산물값 '들썩'…제주 소비자물가 3년3개월 만에 최대 상승,"유류할증료 폭등으로 여행관련 서비스 가격도 전체 물가 상승폭을 키웠다.  국제항공료(28.2%),국내항공료(25.1%),해외단체여행비(24.3%) 등이 급등하며 외식제외개인서비스 물가상승률(4.4%)은 두 달 연속 4%대 높은...",headlinejeju.co.kr,https://www.headlinejeju.co.kr/news/articleView.html?idxno=595400,,
유류할증료 해외여행,2026. 7. 2.,"기름값 24.7% 급등·밥상물가도 들썩…6월 물가 3.2%↑, 30개월만에 최고...","이 심의관은 ""승용차 임차료나 해외단체여행비 등 여행·숙박 관련 품목이 지난달 크게 올랐던 데 비해 이번 달에는 상승 폭이 줄었다""며 ""유류할증료 단계 인하와 5월 대비 성수기 일수 감소 영향""이라고 설명했다....",news1.kr,https://n.news.naver.com/mnews/article/421/0009036703?sid=101,,
유류할증료 해외여행,2026. 7. 2.,[종합] 고유가 충격에 농산물까지 '들썩'...2개월 연속 3%대 물가,국가데이터처는 외식 상승폭은 전월과 비슷했지만 승용차 임차료와 해외 단체여행비 등 여행·숙박 관련 품목이 내리면서 외식 제외 개인서비스 상승폭이 축소됐다고 설명했다. 성수기 일수 감소와 유류할증료 인하...,newspim.com,https://www.newspim.com/news/view/20260702000331,,
유류할증료 해외여행,2026. 7. 2.,6월 소비자물가 3.2%↑…2년 6개월 만에 최고,"4% 상승했다. 외식 물가 상승 폭은 전월과 비슷했지만 성수기 일수 감소와 유류할증료 인하 영향으로 승용차 임차료, 해외단체여행비 등 여행·숙박 관련 품목이 내렸다. 가공식품은 전년 동월 대비 0.9% 상승했다.",financialpost.co.kr,https://www.financialpost.co.kr/news/articleView.html?idxno=264795,,
유류할증료 해외여행,2026. 7. 2.,중동전쟁 여파에 물가 두달째 3%대…30개월 만에 최대폭↑(종합2보),"유류 할증료 인상 여파로 국내항공료는 25.1% 올랐고, 국내 단체여행비(10.1%), 해외 단체여행비(24.3%)도 두 자릿수 상승률을 기록했다. 개인 서비스 중 외식은 2.6% 상승했다. 자주 구매하는 품목 중심으로 구성돼 체감...",yna.co.kr,https://n.news.naver.com/mnews/article/001/0016172061?sid=101,,
유류할증료 해외여행,2026. 7. 2.,"소비자물가 3.2% 급등, 유가 25%나 올라…정부, 물가 잡으려 1조원 투입",또 국내항공료와 해외단체여행비 등이 포함돼 유가 상승의 직격타를 맞은 개인서비스가 전년 대비 3.4% 상승했다. 다만 유류할증료가 인하되며 전월(3.7%) 대비 상승 폭은 줄었다. 농축수산물 가격도 3.2% 올랐다....,ftoday.co.kr,http://www.ftoday.co.kr/news/articleView.html?idxno=361469,,
유류할증료 해외여행,2026. 7. 2.,"""기름값에 채소 너마저"" 6월 소비자 물가 3.2%↑…서민 타격 컸다(종합2...","석유류 가격 외에도 국내항공료, 해외단체여행비 등이 포함돼 유가 상승의 직격타를 맞은 개인서비스가 전년 대비 3.4% 상승했다. 다만 유류할증료가 인하되며 전월(3.7%) 대비 상승 폭은 줄었다. 공공서비스 중에선...",view.asiae.co.kr,https://n.news.naver.com/mnews/article/277/0005784598?sid=101,,
유류할증료 해외여행,2026. 7. 2.,6월 소비자 물가 3.2%↑…기름값에 채소값까지 올랐다(종합),"석유류 가격 외에도 국내항공료, 해외단체여행비 등이 포함돼 유가 상승의 직격타를 맞은 개인서비스가 전년 대비 3.4% 상승했다. 다만 유류할증료가 인하되며 전월(3.7%) 대비 상승 폭은 줄었다. 농산물마저...",view.asiae.co.kr,https://n.news.naver.com/mnews/article/277/0005784577?sid=101,,
유류할증료 해외여행,2026. 7. 2.,"기름값 24.7% 급등·밥상물가도 들썩…6월 물가 3.2%↑, 30개월만에 최고...","이 심의관은 ""승용차 임차료나 해외단체여행비 등 여행·숙박 관련 품목이 지난달 크게 올랐던 데 비해 이번 달에는 상승 폭이 줄었다""며 ""유류할증료 단계 인하와 5월 대비 성수기 일수 감소 영향""이라고 설명했다....",news1.kr,https://n.news.naver.com/mnews/article/421/0009036414?sid=101,,
유류할증료 해외여행,2026. 7. 2.,6월 물가 3.2% ‘2년 6개월 만에 최고’…기름값이 끌어올렸다,"국제항공료는 전월보다 28.2% 올랐고, 해외단체여행비는 지난해 같은 달보다 24.3% 상승했다. 여름 휴가철을 앞둔 수요 증가와 함께 유류할증료 인상 등이 복합적으로 반영된 결과로 풀이된다. 서민들이 체감하는...",biz.heraldcorp.com,https://n.news.naver.com/mnews/article/016/0002664561?sid=101,,
유류할증료 해외여행,2026. 7. 1.,온라인쇼핑 거래액 25조130억원…역대 두 번째 규모,지난해 해외여행 수요 급증에 따른 기저효과와 함께 중동전쟁으로 유류할증료가 오르면서 항공권과 패키지여행 구매가 줄어든 영향으로 분석됐다. 전체 거래액에서 차지하는 비중은 음식서비스가 15.4%로 가장...,namdonews.com,https://www.namdonews.com/news/articleView.html?idxno=915494,,
유류할증료 해외여행,2026. 7. 1.,"[현장] 스쿠트 항공, 제주-싱가포르 노선 VIP 여행사 세미나 개최... 시장...",(내국인의 해외여행) 여행사 관계자 30여 명을 초청해 세미나를 개최했다. 이번 세미나에서 스쿠트 항공은... 위한 여행업계와의 협력 방안을 다루고 신규 판매 전략을 공유했다. 유류할증료 미부과 운임 정책 강조...,discoverynews.kr,https://www.discoverynews.kr/news/articleView.html?idxno=1094997,,
유류할증료 해외여행,2026. 7. 1.,일본 여행업계 ‘시름’…유럽 왕복에 유류할증료만 120만원,"해외 여행객들도 유류할증료 부담은 같지만, 엔저 현상이 뚜렷한 만큼 일본을 찾는 데 대한 부담이 상대적으로 줄어들 수 있다는 것이다. 실제 전일본공수의 경우, 이란 전쟁 뒤인 지난 4월과 5월 국제선 좌석 이용률이...",hani.co.kr,https://n.news.naver.com/mnews/article/028/0002812215?sid=104,,
유류할증료 해외여행,2026. 7. 1.,5월 온라인쇼핑 25조원…K뷰티 인기에 화장품 36.6%↑,"중동전쟁 여파로 유류할증료가 올랐기 때문으로 풀이된다. 데이터처 관계자는 ""지난해 5월 해외여행 급증에 따른 기저효과에 더해 항공권 거래액이 줄었고, 패키지 여행권 구매도 감소한 것으로 나타났다""고...",sisajournal.com,https://n.news.naver.com/mnews/article/586/0000132797?sid=101,,
유류할증료 해외여행,2026. 7. 1.,5월 온라인 쇼핑 거래액 25조원… 역대 2위,"전년 기저 효과에 더해 중동전쟁 여파로 유류할증료가 오른 영향으로 풀이된다. 데이터처 관계자는 “지난해 5월 해외여행 급증에 따른 기저효과에 더해 항공권 거래액이 줄었고, 패키지 여행권 구매도 감소한...",viva100.com,https://www.viva100.com/article/20260701500856,,
유류할증료 해외여행,2026. 7. 1.,5월 온라인쇼핑 25조 원 돌파…역대 2위 규모,"국가데이터처 관계자는 ""지난해 5월 해외여행 급증에 따른 기저효과에 더해, 중동 전쟁 여파로 유류할증료가 오르면서 항공권 및 패키지 여행권 구매가 감소했다""고 설명했다. 전체 거래액 구성비는 음식서비스...",news.tvchosun.com,https://n.news.naver.com/mnews/article/448/0000623520?sid=101,,
유류할증료 해외여행,2026. 7. 1.,"휴가철 해외여행 수요 꿈틀…항공사, 국제선 운항 확대",지난 2월 말 중동전쟁 발발로 위축된 해외여행 수요는 최근 중동지역 분쟁이 완화되고 유가가 진정되면서 다시 살아나는 분위기다. 7월 유류할증료 기준이 되는 5월 16일~6월 15일 싱가포르 항공유 평균값(MOPS)은 갤런당...,imaeil.com,https://n.news.naver.com/mnews/article/088/0001017045?sid=101,,
유류할증료 해외여행,2026. 7. 1.,"5월 온라인쇼핑 거래 25조, 전년동월比 10.3% 증가 ""역대 2위""","전년 기저 효과에 더해 중동전쟁 여파로 유류할증료가 오른 영향으로 풀이된다. 데이터처 관계자는 ""지난해 5월 해외여행 급증에 따른 기저효과에 더해 항공권 거래액이 줄었고, 패키지 여행권 구매도 감소한...",busan.com,https://n.news.naver.com/mnews/article/082/0001387804?sid=101,,
유류할증료 해외여행,2026. 7. 1.,5월 온라인쇼핑 25조원 역대 2위…K뷰티 호조에 화장품 36.6%↑,"전년 기저 효과에 더해 중동전쟁 여파로 유류할증료가 오른 영향으로 풀이된다. 데이터처 관계자는 ""지난해 5월 해외여행 급증에 따른 기저효과에 더해 항공권 거래액이 줄었고, 패키지 여행권 구매도 감소한...",yna.co.kr,https://n.news.naver.com/mnews/article/001/0016170036?sid=101,,
유류할증료 해외여행,2026. 7. 1.,'더위가 앞당긴 여름 소비'... 냉방·냉감·휴가용품 수요 확산,고환율과 유류할증료 부담으로 해외여행 비용이 커지면서 국내 여행을 선택하는 소비자가 늘고 캠핑과 나들이 관련 상품 판매가 증가하는 흐름이 나타났다. 유통업계는 6월 말부터 장마 상품보다 여름 먹거리...,chungnamilbo.co.kr,http://www.chungnamilbo.co.kr/news/articleView.html?idxno=896410,,
유류할증료 해외여행,2026. 7. 1.,2분기 7600억 손실 부메랑… 유가 내려도 LCC '깊은한숨',미국과 이란의 종전 합의로 유류할증료가 하락하면서 가을 성수기 해외여행 수요가 급증하는 모양새다. 하지만 여객시장의 중심인 저비용항공사(LCC)들은 상반기 중동 사태로 누적된 대규모 적자와 고환율 압박 탓에...,the-biz.co.kr,http://www.the-biz.co.kr/news/articleView.html?idxno=723577,,
쿠팡트래블,2026. 7. 8.,"[유아동브랜드 트렌드] ""양치가 즐거워져요!"" 동아제약, 아이 눈높이 맞...",신제품 '조르단 해피스마일' 칫솔은 동아제약 네이버 공식스토어와 쿠팡에서 만나볼 수 있다. 동아제약... 있는 트래블 시스템을 지원해 외출 편의성을 높였다. 아이의 안전과 편안함을 위한 세심한 설계도 돋보인다....,ibabynews.com,https://www.ibabynews.com/news/articleView.html?idxno=152722,,
야놀자,2026. 7. 9.,[정태영의 유니버스] ① 현대카드 결제 데이터 플랫폼 '유니버스'...너는...,"앞서 현대카드는 대한항공, 이마트, 현대자동차, 무신사, 야놀자 등 업종별 파트너사와 PLCC를 운영하며 카드 결제 데이터와 파트너사의 고객 접점을 결합한 마케팅 협업을 확대해 왔다. 현대카드는 이런 협업 구조를...",financialpost.co.kr,https://www.financialpost.co.kr/news/articleView.html?idxno=265781,,
야놀자,2026. 7. 9.,"천안시티FC, 한 달 만에 홈 팬 만난다…김해와 첫 프로 맞대결",챌린지 등 ESG 캠페인과 푸드트럭도 함께 운영돼 경기장을 찾은 팬들에게 다양한 즐길 거리를 제공할 예정이다. 이번 경기는 쿠팡플레이와 IB SPORTS를 통해 생중계된다. 입장권은 야놀자(NOL)에서 예매할 수 있다. 천안,dynews.co.kr,http://www.dynews.co.kr/news/articleView.html?idxno=857373,,
야놀자,2026. 7. 9.,[단독]자영업자 눈물 없게…‘배달·오픈마켓·숙박’ 플랫폼 갑질 손본...,"배달은 배달의민족·쿠팡이츠·요기요, 오픈마켓은 쿠팡·11번가·인터파크, 숙박은 야놀자·여기어때·쏘카 등이 주요 조사 대상으로 파악된다. 특히 공정위는 환불 규정을 비롯해 플랫폼 기업들이 보유한 입점업체 영업...",munhwa.com,https://n.news.naver.com/mnews/article/021/0002803571?sid=101,,
야놀자,2026. 7. 9.,커피 한 잔이 기업 브랜딩이 되는 이유 [정새봄의 뉴딜커피],"정새봄 스프링온워드(원두데일리) 대표는 야놀자 CMO, 패스트트랙아시아, 오픈서베이 등 유수의 스타트업에서 사업 개발과 마케팅 총괄 임원을 역임하며 성공 경험을 쌓았다. 현재는 2,500여 개 기업에 커피 구독 솔루션을...",magazine.hankyung.com,https://magazine.hankyung.com/job-joy/article/202607094384d,,
야놀자,2026. 7. 9.,환율이 살린 국내여행…'대체재' 꼬리표 언제 떼나,"야놀자리서치에 따르면 여행객들이 국내여행을 기피하는 이유로는 숙박시설 가격(69.1%)을 가장 많이 꼽았다. 이어 식음료 가격(41.1%), 관광 콘텐츠의 다양성 부족(33.1%), 과도한 상업화(27.3%) 순으로 나타났다. 지난달...",dailian.co.kr,https://n.news.naver.com/mnews/article/119/0003109527?sid=101,,
야놀자,2026. 7. 9.,하나투어 매각 멈추고 놀유니버스 IPO 불발…여행업계 전략 바뀐다,사진=야놀자 제공  코로나19 엔데믹 이후 공격적인 외형 확장에 나섰던 국내 여행·플랫폼 업계가 자본시장... 가장 먼저 시험대에 오른 곳은 야놀자다. 야놀자의 자회사 놀유니버스는 당초 약정된 기한 내 적격기업공개...,daily.hankooki.com,https://daily.hankooki.com/news/articleView.html?idxno=1384087,,
야놀자,2026. 7. 8.,"야놀자, 핵심 인력 이탈에 나스닥 상장 '빨간불'",야놀자가 수년간 추진해온 미국 나스닥 기업공개(IPO)가 동력을 잃고 있다는 관측이 나온다. 해외 투자 유치와 상장 업무를 담당하던 핵심 임원들이 연이어 회사를 떠난 것으로 확인됐기 때문이다. 8일 야놀자에 따르면...,1conomynews.co.kr,https://www.1conomynews.co.kr/news/articleView.html?idxno=49470,,
야놀자,2026. 7. 8.,"퇴근 후엔 축구 보러! 천안시티FC, 김해와 프로 첫 격돌","열리는 홈경기에서 오랜 기다림 끝에 경기장을 찾는 홈 팬들에게 승리라는 최고의 선물을 안기겠다는 각오다. 한편, 이번 홈경기는 쿠팡플레이와 IB SPORTS를 통해 생중계되며, 티켓은 야놀자(NOL)를 통해 예매할 수 있다.",chungnamilbo.co.kr,http://www.chungnamilbo.co.kr/news/articleView.html?idxno=897869,,
야놀자,2026. 7. 8.,"야놀자, IPO 앞두고 '삐걱'…임원 사임·풋옵션 '겹악재'",야놀자의 나스닥 상장 계획에 또 다시 제동이 걸리고 있다. 핵심 인력 이탈과 상장 지연 960억원대 풋옵션 부담이 겹치며 IPO 무산 우려가 커지는 분위기다. 이수진 야놀자 총괄대표가 지난 5월 서울 용산구...,asiatime.co.kr,https://www.asiatime.co.kr/article/20260708500336,,
야놀자,2026. 7. 8.,축구팬부터 직장인·남녀노소까지 위한 '다양한 이벤트' 마련…천안시티...,"약 한 달 만의 홈경기에서 승리를 거두며 홈 팬들에게 최고의 선물을 안기겠다는 각오를 전했다. 한편, 천안시티와 김해의 맞대결은 쿠팡플레이와 IB SPORTS를 통해 생중계된다. 입장권은 야놀자 NOL에서 예매할 수 있다.",besteleven.com,https://m.sports.naver.com/kfootball/article/343/0000144875,,
야놀자,2026. 7. 8.,"야놀자, 핵심 임원 잇단 퇴사에 IPO 좌초설 확산",야놀자가 추진 중인 기업공개(IPO)를 둘러싸고 시장의 우려가 커지고 있다. IPO와 글로벌 사업을 담당했던 주요 임원들이 최근 잇따라 회사를 떠나면서 향후 상장 추진 여부에 이목이 쏠리고 있다. 야놀자는 일본...,mdtoday.co.kr,https://www.mdtoday.co.kr/news/articleView.html?idxno=604114,,
야놀자,2026. 7. 8.,"나스닥 꿈 멀어지나…야놀자, IPO 이끌던 핵심 임원 줄줄이 퇴사",여가 플랫폼 기업 야놀자의 기업공개(IPO)가 좌초될 수 있다는 관측이 나오고 있다. IPO 추진과 글로벌 사업... 8일 여행업계에 따르면 글로벌 사업 확장 등을 위해 2024년 9월 영입된 야놀자클라우드 글로벌...,weekly.chosun.com,https://n.news.naver.com/mnews/article/053/0000059767?sid=101,,
야놀자,2026. 7. 8.,지지부진한 야놀자 나스닥 상장,"이수진 야놀자 총괄대표. 사진/연합뉴스 글로벌 여가 테크 기업으로의 도약을 선언하며 미국 나스닥 시장 문을 두드리던 야놀자의 기업공개(IPO) 전선에 급제동이 걸렸다. 8일 여행업계에 따르면, 야놀자가 지난 2024년...",smedaily.co.kr,http://www.smedaily.co.kr/news/articleView.html?idxno=359968,,
야놀자,2026. 7. 8.,"[위클리오늘] 월드컵 휴식기 마친 화성FC, 11일 파주전 홈경기 출격...풍...","더해져 축구를 통한 선한 영향력 확산이라는 구단의 핵심 가치를 한층 더 높일 전망이다. 한편, 하반기 리그 도약의 신호탄을 쏘아올릴 파주와의 홈경기 티켓은 오는 6일 14시부터 NOL(야놀자) 티켓을 통해 예매할 수 있다.",weeklytoday.com,http://www.weeklytoday.com/news/articleView.html?idxno=784051,,
야놀자,2026. 7. 8.,야놀자 나스닥 상장 가시밭길…해외 투자 핵심 임원 무더기 이탈,여가 플랫폼 기업 야놀자가 5년여간 추진해 온 미국 나스닥 시장 상장 전선에 적신호가 켜졌다. 일본... 8일 여행업계에 따르면 야놀자가 글로벌 사업 전개를 위해 지난 2024년 9월 영입했던 야놀자클라우드 글로벌...,sentv.co.kr,https://www.sentv.co.kr/article/view/sentv202607080034,,
야놀자,2026. 7. 8.,"야놀자, 수익 악화에 핵심 인력 줄이탈···IPO 차질 빚나",상장 관련 실무를 담당해온 임원들이 최근 잇달아 회사를 그만두면서 야놀자의 기업공개(IPO) 작업에 사실상 제동이 걸리고 있다. 7일 업계에 따르면 야놀자는 소프트뱅크그룹 비전펀드Ⅱ로부터 2조원대 투자를 받은...,seoulfn.com,https://www.seoulfn.com/news/articleView.html?idxno=632918,,
야놀자,2026. 7. 8.,"화성FC, 11일 파주전 홈경기 출격","뜻깊은 퍼포먼스가 더해져 축구를 통한 선한 영향력 확산이라는 구단의 핵심 가치를 한층 더 높일 전망이다. 한편, 하반기 리그 도약의 신호탄을 쏘아올릴 파주와의 홈경기 티켓은 NOL(야놀자) 티켓을 통해 예매할 수 있다.",suwonilbo.kr,http://www.suwonilbo.kr/news/articleView.html?idxno=316671,,
야놀자,2026. 7. 8.,"야놀자, 해외 투자유치 담당 임원 줄퇴사…기업공개 '좌초 위기'",이수진 야놀자 총괄대표 컨슈머타임스=김동역 기자 | 여가 플랫폼 기업 야놀자가 5년여간 추진해왔던 기업공개(IPO)가 좌초될 위기에 처한 것으로 알려졌다. 야놀자는 일본 소프트뱅크그룹의 비전펀드Ⅱ로부터 2조원...,cstimes.com,https://www.cstimes.com/news/articleView.html?idxno=712617,,
야놀자,2026. 7. 8.,"한양대 관광연구소, 'AI가 여는 무장애 관광 시대' 특별세션 개최","필요, 교통 인프라 개선, 지역 브랜드 경쟁력 강화 제안했다. 야놀자리서치의 특별세션에서는 한국 관광 경쟁력 강화 전략, 인·아웃바운드 관광 동향, 중국인 관광객 평가, 글로벌 가격 경쟁력 비교 등을 분석 발표했다.",newsfreezone.co.kr,https://www.newsfreezone.co.kr/news/articleView.html?idxno=698337,,
야놀자,2026. 7. 8.,"야놀자, 2조 투자 받고도 나스닥 상장 5년째 '안갯속'…IPO 핵심 임원 줄...","여가 플랫폼 기업 야놀자의 기업공개(IPO) 추진이 5년째 가시적인 성과를 내지 못하는 가운데, 해외 투자... 야놀자는 2021년 일본 소프트뱅크그룹 비전펀드Ⅱ로부터 약 2조원 규모의 투자를 유치한 뒤 미국 나스닥 시장...",newsroad.co.kr,http://www.newsroad.co.kr/news/articleView.html?idxno=61306,,
야놀자,2026. 7. 8.,나스닥 꿈꾸던 야놀자 IPO 좌초 위기…핵심 임원 줄퇴사,"여가 플랫폼 기업 야놀자가 5년여간 추진해왔던 기업공개(IPO)가 좌초될 위기에 처한 것으로 알려졌다. 야놀자는 일본 소프트뱅크그룹의 비전펀드Ⅱ로부터 2조원 규모의 투자를 유치하고, 미국 나스닥 시장 상장을...",jnilbo.com,https://www.jnilbo.com/news/articleView.html?idxno=90000048440,,
야놀자,2026. 7. 8.,해외 담당 임원 '줄퇴사'...야놀자 기업공개 '좌초설',"야놀자가 5년여간 추진한 기업공개(IPO)가 좌초 위기에 처한 것으로 알려졌다. 여가 플랫폼 기업 야놀자는 일본 소프트뱅크그룹의 비전펀드Ⅱ로부터 2조원 규모의 투자를 유치하고, 미국 나스닥 시장 상장을...",wowtv.co.kr,https://n.news.naver.com/mnews/article/215/0001257943?sid=101,,
야놀자,2026. 7. 8.,"야놀자, 기업 공개 난항...상장 동력 잃다","야놀자가 5년 넘게 준비해온 기업공개가 사실상 동력을 잃었다는 관측이 커지고 있다. 상장 추진과 해외... 7일 여행업계에 따르면 야놀자는 2020년 11월 기업공개 추진을 위해 미래에셋대우를 대표 주관사로, 삼성증권을...",tokenpost.kr,https://www.tokenpost.kr/news/economy/375763,,
야놀자,2026. 7. 8.,"야놀자, 핵심 임원 이탈→실적 부진...5년 공들인 IPO 무산되나",야놀자가 5년여간 추진해온 기업공개(IPO)를 두고 불확실성이 커지고 있다. 미국 나스닥 상장을 염두에 두고... 사진=연합뉴스 7일 연합뉴스에 따르면 야놀자클라우드 글로벌 최고사업책임자(CBO)는 지난달 말 퇴사한...,slist.kr,https://www.slist.kr/news/articleView.html?idxno=750254,,
야놀자,2026. 7. 8.,"야놀자, 기업공개 '좌초 위기'…해외 투자유치 담당 임원 줄퇴사",IPO 전문가 출신 뉴욕 사무소장도 퇴사…IPO 추진 발표 후 5년째 성과 못내 여가 플랫폼 기업 야놀자가 5년여간 추진해왔던 기업공개(IPO)가 좌초될 위기에 처한 것으로 알려졌다. 야놀자는 일본 소프트뱅크그룹의...,yna.co.kr,https://n.news.naver.com/mnews/article/001/0016181497?sid=103,,
야놀자,2026. 7. 7.,"[장외시황] 레메디, 1.32% 상승","모바일 금융 플랫폼 토스앱 운영기업 비바리퍼블리카와 여행, 여가 플랫폼 개발업체 야놀자가 보합세를 나타냈다. 증권금융 전문기업 한국증권금융은 호가 1만7280원(+0.29%)으로 소폭 올랐다. 모빌리티 서비스 및...",etoday.co.kr,https://www.etoday.co.kr/news/view/2601169,,
야놀자,2026. 7. 7.,"[인물+] 젊어진 롯데하이마트 리더십, 낙점의 이유","반면 김 대표는 구글, 맥킨지앤드컴퍼니, 야놀자 등을 거치며 사업 전략과 마케팅, 신사업 개발 분야에서 경험을 쌓았다. 특히 야놀자에서 최고전략책임자(CSO), 최고사업책임자(CBO), 야놀자클라우드 CEO 등을 역임하며...",shinailbo.co.kr,https://www.shinailbo.co.kr/news/articleView.html?idxno=5037786,,
야놀자,2026. 7. 6.,부산 외국인 관광객 200만명 돌파,"지난 5월 야놀자리서치가 발표한 '중국인이 꼽은 아시아 주요 도시 만족도 종합 1위'에 부산이 도쿄, 싱가포르, 서울 등을 제치고 정상에 오른 결과가 수치로 입증된 셈이다. 이러한 선호도 급증에 발맞춰 시는...",gnmaeil.com,http://www.gnmaeil.com/news/articleView.html?idxno=590129,,
야놀자,2026. 7. 6.,"부산시, 5개월 만에 외국인 관광객 193만 돌파…‘지출액 전국 2위’","이는 지난 5월 야놀자리서치가 발표한 ‘중국인이 꼽은 아시아 주요 도시 만족도 종합 1위’에 부산이 도쿄, 싱가포르, 서울을 제치고 정상에 오른 결과가 실제 수치로 증명된 셈이다. 이러한 선호도 급증 배경에는...",megaeconomy.co.kr,https://www.megaeconomy.co.kr/news/newsview.php?ncode=1065601829194592,,
야놀자,2026. 7. 6.,관세·CPI 등... 비트버니 퀴즈 7월 6일 문제+정답,"이를 통해 G마켓, 11번가, 교보문고, 야놀자 등 다양한 온라인 쇼핑몰과 여행 관련 사이트에서 구매한 금액의 일정 비율을 리워드 포인트로 적립할 수 있다.비트버니는 다양한 활동을 통해 포인트를 적립할 수 있다. 매일...",wikitree.co.kr,https://www.wikitree.co.kr/articles/1145005,,
야놀자,2026. 7. 6.,"[주간투자동향] 딥그로브, 15억 원 규모 시드 투자 유치 外","쿠팡, 우아한형제들, 야놀자, 블루홀 등 경쟁력을 갖춘 스타트업이 우리 실생활 속으로 파고들었고, 지금 이 순간에도 성공을 꿈꾸는 수많은 스타트업이 치열한 경쟁 속에서 도전하고 있습니다. 이에 IT동아가 이러한...",it.donga.com,https://it.donga.com/109137/,,
야놀자,2026. 7. 6.,부산 외국인 관광객 200만 명 돌파…관광지출액 서울 이어 전국 2위,"지난 5월 야놀자리서치가 발표한 '중국인이 꼽은 아시아 주요 도시 만족도 종합 1위'에 부산이 도쿄, 싱가포르, 서울 등을 제치고 정상에 오른 결과가 수치로 입증된 셈입니다. 나윤빈 부산시 관광마이스국장은...",mbn.mk.co.kr,https://n.news.naver.com/mnews/article/057/0001957145?sid=102,,
야놀자,2026. 7. 6.,부산 ‘외국인 관광객 200만명’ 눈앞…지출액 전국 2위,지난 5월 야놀자리서치가 발표한 ‘중국인이 꼽은 아시아 주요 도시 만족도’ 조사에서 부산이 도쿄 싱가포르 서울 등을 제치고 1위에 오른 결과가 수치로 입증된 셈이다. 전통적 효자시장인 중국·대만...,biz.heraldcorp.com,https://n.news.naver.com/mnews/article/016/0002666271?sid=101,,
야놀자,2026. 7. 6.,부산 찾은 외국인 관광객 200만명…5개월간 4500억원 썼다,"지난 5월 야놀자리서치가 발표한 ‘중국인이 꼽은 아시아 주요 도시 만족도 종합 1위’에 부산이 도쿄, 싱가포르, 서울 등을 제치고 정상에 오른 결과가 수치로 입증된 셈이다. 부산시는 외국인 관광객 유치를...",mk.co.kr,https://n.news.naver.com/mnews/article/009/0005703143?sid=102,,
야놀자,2026. 7. 6.,"[대구 중구 24시] 중구, 지방정부 건강증진사업 평가 '최우수'",이번 평가는 여행·관광산업 전문 연구기관인 야놀자리서치가 발표한 한국 관광도시 경쟁력 지수 평가 결과다. 대구·경북권에서는 가장 높은 순위를 기록했으며 대구에서는 유일하게 상위권에 이름을 올렸다. 한국...,sisajournal.com,https://n.news.naver.com/mnews/article/586/0000133080?sid=102,,
야놀자,2026. 7. 6.,"소셜 빅데이터가 증명했다…대구 중구, 전국 대표 관광명소 우뚝",대구 중구는 최근 여행·관광 전문 연구기관 '야놀자리서치'가 발표한 '한국관광도시 경쟁력 지수(YCCI)' 평가에서 전국 5위를 달성했다고 밝혔다. 이번 성과는 대구·경북(대경권) 지자체 중 유일하게 '전국 TOP 5'에 진입한...,mhns.co.kr,https://www.mhns.co.kr/news/articleView.html?idxno=752424,,
야놀자,2026. 7. 6.,5개월 새 부산 외국인 관광객 193만 명…年 400만 명 순항,부산시는 지난 5월 발표된 야놀자리서치 조사에서 부산이 중국인이 꼽은 아시아 주요 도시 만족도 종합 1위에 오른 점이 실제 관광 수요 증가로 이어진 것으로 보고 있다. 시는 중국 관광객 증가에 대응해...,news1.kr,https://n.news.naver.com/mnews/article/421/0009041992?sid=102,,
야놀자,2026. 7. 6.,부산 외국인 관광객 5개월간 193만명···목표 400만 명 향해 '순항',앞서 지난 5월 야놀자리서치가 발표한 '중국인이 꼽은 아시아 주요 도시 만족도 종합 1위'에 부산이 이름을 올린 점도 이러한 수치를 뒷받침한다. 외래 관광시장 다변화 조짐도 보인다. 5월 미국 관광객은 전년...,smartbizn.com,https://www.smartbizn.com/news/articleView.html?idxno=147771,,
야놀자,2026. 7. 6.,[핀포인트] [롯데하이마트] 김종윤 체제 출범…AI·플랫폼 전환 속도,야놀자서 데이터 기반 사업 전환 주도…디지털 체질 개선 본격화 롯데하이마트가 김종윤 신임 대표... 야놀자에서 클라우드와 데이터 사업 확장을 주도했던 김 대표가 롯데하이마트의 체질 개선을 이끌 수 있을지...,news.dealsitetv.com,https://news.dealsitetv.com/articles/172624,,
야놀자,2026. 7. 6.,"[황당무계] 숙박예약 플랫폼 'NOL', 예약한 럭셔리 호텔 대신 엉뚱한 곳...",숙박 예약 플랫폼 NOL(야놀자)에서 해외 숙소를 예약한 소비자가 전산 오류로 이름이 유사한 다른 리조트로 잘못 배정되는 황당한 사건이 발생했다. 대구 수성구에 사는 전 모(여)씨는 지난 6월18일 'NOL'에서 필리핀 소재...,consumernews.co.kr,http://www.consumernews.co.kr/news/articleView.html?idxno=758498,,
야놀자,2026. 7. 5.,"대구 중구, 관광도시 경쟁력 전국 5위…대경권 최고 평가",이번 평가는 여행·관광산업 전문 연구기관인 야놀자리서치가 실시했다. 기존 행정자료 중심의 정량평가에서 벗어나 실제 관광객이 온라인에 남긴 자발적인 반응을 분석한 소비자 중심 평가 방식이 적용됐다....,kbmaeil.com,https://www.kbmaeil.com/article/20260705500422,,
야놀자,2026. 7. 5.,"대구 중구, 관광도시 경쟁력 전국 5위",대구 중구가 한국 관광도시 경쟁력 평가에서 전국 255개 기초지자체 가운데 5위에 오르며 대구 대표 관광도시 경쟁력을 입증했다.중구는 여행·관광산업 전문 연구기관인 야놀자리서치가 최근 발표한 '한국 관광도시...,kbsm.net,https://www.kbsm.net/news/view.php?idx=525568,,
야놀자,2026. 7. 4.,인구 줄었는데 축제는 늘었다?…너도나도 지자체 축제 만드는 이유 [지...,여행·관광산업 전문 연구기관 야놀자리서치는 대응 기금과 인구 감소 지역 지정이 축제를 개최할 수 있는... 야놀자리서치는 소규모 축제가 증가한 이유 중 하나로 낮은 제도적 진입장벽을 언급했다. 새로운 축제를...,mk.co.kr,https://n.news.naver.com/mnews/article/009/0005702639?sid=103,,
야놀자,2026. 7. 3.,"대법원, 노조 간부 해고한 게임개발사 웹젠에 부당해고 판결","네이버지회, 카카오지회, 한글과컴퓨터지회, 넥슨지회, 스마일게이트지회, 엔씨지회, NHN지회, 야놀자인터파크지회, 넷마블지회, 우아한형제들지회, 알티베이스원지회 등과 함께 화섬식품노조 IT위원회에서 활동하고 있다.",worknworld.kctu.org,http://worknworld.kctu.org/news/articleView.html?idxno=509613,,
야놀자,2026. 7. 3.,"롯데하이마트, 집 계약부터 가전 구매까지…원스톱 시스템 구축",한편 롯데하이마트는 최근 야놀자 출신의 김종윤 신임 대표이사가 선임됐다. 김 신임 대표는 데이터 기반 의사결정 역량과 글로벌 사업 운영 경험을 바탕으로 사업 혁신을 이끌어온 실행형 경영자로 평가받는 인물이다....,fntimes.com,http://www.fntimes.com/html/view.php?ud=202607031035072433b5b890e35c_18,,
야놀자,2026. 7. 2.,"""공유숙박 할 집 어디 없나요"" 광안리 주택 구하기 '대란'","광안리 주택의 인기가 이처럼 치솟은 건, 지난해 야놀자리서치가 발표한 한국 인기 관광지 500곳 중 1위가 광안리인 데서 알 수 있듯 관광객 급증 영향이 크다. 광안리 일대 재개발 투자 수요가 증가한 영향도 있다. A...",busan.com,https://n.news.naver.com/mnews/article/082/0001388124?sid=101,,
야놀자,2026. 7. 2.,'신동빈의 롯데' 바통 이어 받은 신유열 '한일 원롯데' 전략은?,롯데하이마트는 최근 야놀자클라우드 대표를 지낸 김종윤 대표를 새 사령탑으로 선임했다. 가전 유통 출신이 아닌 AI·서비스형 소프트웨어(SaaS) 전문가를 영입한 것은 이례적이라는 평가다. 업계에서는 전통적인 계열사...,techm.kr,https://www.techm.kr/news/articleView.html?idxno=153063,,
야놀자,2026. 7. 2.,"""외국인 다섯 명 중 한 명은 부산행""…방문객 40% 늘었다","야놀자리서치 조사에서 부산은 중국 관광객이 꼽은 아시아 8개 도시 중 만족도 1위에 올랐고, KKday는 대만 관광객의 단기 여행지 1위, 익스피디아는 일본 골든위크 가성비 여행지 1위로 선정했다. 성장의 발판은...",edaily.co.kr,https://n.news.naver.com/mnews/article/018/0006320625?sid=103,,
야놀자,2026. 7. 1.,"25만 응모권 몰린 NOL 페스티벌···놀유니버스, 10만명 규모 음악축제...","이수진 야놀자 총괄대표는 당시 ""사람은 서로에게 기억되고 존재되며 그 기억에서 행복이 만들어진다""며 ""여행을 10배 쉽게 만들고 여가와 문화를 지금보다 10배 더 편하게 즐길 수 있는 세상을 만들고자 한다""고...",smartbizn.com,https://www.smartbizn.com/news/articleView.html?idxno=147535,,
야놀자,2026. 7. 1.,"[장외시황] 레메디, 공모주청약 진행","석유 정제 전문기업 HD현대오일뱅크(구 현대오일뱅크)와 신용카드 및 할부금융사 현대카드는 보합세를 유지했다. 여행, 여가 플랫폼 개발업체 야놀자는 호가 1만6750원(-6.94%)으로 약세를 면치 못했다.",etoday.co.kr,https://www.etoday.co.kr/news/view/2599272,,
야놀자,2026. 7. 1.,"'홈경기 제대로 즐기자!' 천안시티, 2026시즌 하프 시즌권 판매… 한정판...","7월 1일 구단 공식 티켓 예매처 NOL(야놀자)을 통해 2026시즌 하프 시즌권 판매를 시작한다. 온라인 판매는 1일 오후 2시부터 오는 3일 오후 2시까지 진행되며, 오프라인에서는 7월 10일·15일, 8월 1일 홈경기 당일...",besteleven.com,https://m.sports.naver.com/kfootball/article/343/0000144574,,
야놀자,2026. 7. 1.,"천안시티FC, 후반기 더 가까워진 팬심 ··· 2026 하프 시즌권 판매 시...",(야놀자)을 통해 판매를 시작한다. 천안시 제공 천안시민프로축구단(천안시티FC)이 2026시즌 후반기 홈경기를 더욱 특별하게 즐길 수 있는 '하프 시즌권'을 출시하고 7월 1일 오후 2시부터 공식 티켓 예매처 NOL(야놀자)을...,ggilbo.com,https://www.ggilbo.com/news/articleView.html?idxno=1166871,,
야놀자,2026. 7. 1.,'웹젠의 노조간부 해고는 부당했다' 대법원 최종 판결,"네이버지회, 카카오지회, 한글과컴퓨터지회, 넥슨지회, 스마일게이트지회, 엔씨지회, NHN지회, 야놀자인터파크지회, 넷마블지회, 우아한형제들지회, 알티베이스원지회 등과 함께 화섬식품노조 IT위원회에서 활동하고...",gamemeca.com,https://m.sports.naver.com/esports/article/356/0000083794,,
야놀자,2026. 7. 1.,"천안시티FC, 2026시즌 하프 시즌권 판매","오는 1일 오후 2시부터 구단 공식 티켓 예매처 NOL(야놀자)을 통해 2026시즌 하프 시즌권 판매를 시작한다. 온라인 판매는 1일 오후 2시부터  3일 오후 2시까지 진행되며 오프라인 판매는 10일, 15일, 8월 1일 홈경기 당일...",chungnamilbo.co.kr,http://www.chungnamilbo.co.kr/news/articleView.html?idxno=896502,,
야놀자,2026. 7. 1.,"고물가·부동산 침체에 직격탄…하이마트·전자랜드, 체질개선 '사활'",6년 연속 역성장이 이어지자 롯데그룹은 야놀자 출신의 김종윤 부사장을 롯데하이마트 신임 대표로 내정하는 원포인트 인사를 단행했다. 김 대표 체제에서 롯데하이마트는 AI 기술을 접목한 AX(인공지능 전환)와...,daily.hankooki.com,https://daily.hankooki.com/news/articleView.html?idxno=1381247,,
야놀자,2026. 7. 1.,"실적 부진 계열사에 외부 수혈…롯데, 혁신 시험대","김 대표는 서울대 화학공학과를 졸업한 뒤 구글과 맥킨지앤드컴퍼니를 거쳐 야놀자에서 최고전략책임자(CSO)와 그룹 최고사업책임자(CBO)를 맡으며 플랫폼 전략과 신사업을 이끌었다. 플랫폼과 AI, 디지털 전환 역량을...",datanews.co.kr,http://www.datanews.co.kr/news/article.html?no=145349,,
야놀자,2026. 7. 1.,KBO 올스타전 예매 어디서?,(야놀자)을 통해 '2026 신한 SOL KBO 올스타전'과 '올스타 프라이데이' 전체 잔여 좌석에 대한 일반 예매를... KBO(한국야구위원회)는 1일 오후 2시부터 NOL(야놀자) 예매 홈페이지 및 애플리케이션을 통해 '2026 신한 SOL KBO...,bntnews.co.kr,https://www.bntnews.co.kr/article/view/bnt202606280055,,
야놀자,2026. 7. 1.,KBO 올스타전 엔트리 명단,선수단 구성이 완료됨에 따라 1일 오후 2시부터 NOL(야놀자) 플랫폼을 통해 진행되는 일반 예매를 향한 야구팬들의 열기도 뜨겁다. 티켓 예매 에 관련해서는 앞서 진행된 선예매의 잔여 좌석을 대상으로 진행되는 이번...,bntnews.co.kr,https://www.bntnews.co.kr/article/view/bnt202606300144,,
마이리얼트립,2026. 7. 9.,"조깅화 신은 여행자들… 여행업계, '몸으로 겪는 여행' 승부수","마이리얼트립은 도심 러닝 투어 '런트립(RUN TRIP)'을 런던, 파리, 바르셀로나, 프라하, 뉴욕 등 5개 도시에서 동시에 선보인다. 한국어 가이드와 함께 도시 명소를 잇는 코스를 달리며 구간마다 사진을 남기는 방식으로...",digitalchosun.dizzo.com,http://digitalchosun.dizzo.com/site/data/html_dir/2026/07/09/2026070980090.html,,
마이리얼트립,2026. 7. 9.,"AX 인재전쟁 해커톤, 예선 5000명 돌파","마이리얼트립, 무신사, 메디테라피, 삼일PwC, 채널코퍼레이션, 카카오페이증권 등 6개사 임원과 실무 책임자가 직접 출제한 과제로 1대1 오디션이 진행된다. 각 기업은 참가자의 창발성, 문제 정의력, 인과 관계 파악...",hansbiz.co.kr,http://www.hansbiz.co.kr/news/articleView.html?idxno=849216,,
마이리얼트립,2026. 7. 9.,"에이비일팔공, ‘모던 그로스 스택 2026’ 21일 개최...오픈AI·삼성·무...","마이리얼트립과 코오롱FnC, W컨셉, 무신사 등도 AI 기반 서비스 혁신과 마케팅 자동화 사례를 발표한다. 아정당과 컬리, 에이비일팔공이 참여하는 파이어사이드 챗에서는 AI와 에이전틱 워크플로우를 활용한 조직...",zdnet.co.kr,https://n.news.naver.com/mnews/article/092/0002429850?sid=105,,
마이리얼트립,2026. 7. 9.,무신사·카카오페이증권·채널톡 등 연합 해커톤에 쏠린 눈...'AX 인재전...,"본선 무대에서는 6개사(마이리얼트립, 무신사, 메디테라피, 삼일PwC, 채널코퍼레이션, 카카오페이증권)의 핵심 임원 및 실무 책임자들이 직접 출제한 현업 난제를 바탕으로 긴장감 넘치는 1:1 서바이벌 오디션이...",aitimes.kr,https://www.aitimes.kr/news/articleView.html?idxno=40899,,
마이리얼트립,2026. 7. 7.,AI가 바꾸는 마케팅 현장 한자리에…’모던 그로스 스택 2026′ 연사 공개,"이 밖에도 마이리얼트립과 코오롱FnC, W컨셉, 무신사 등이 AI를 활용한 서비스 혁신과 마케팅 자동화, 조직 혁신 사례를 발표할 예정이다. 플레이 트랙에서는 게임과...",venturesquare.net,https://www.venturesquare.net/1096614/,,
마이리얼트립,2026. 7. 7.,"에이비일팔공, 마케팅 컨퍼런스 모던 그로스 스택 2026 연사 라인업 공...","마이리얼트립은 AI 기반 서비스 혁신 사례를, 코오롱FnC는 AI 기반 메시지 자동화 전략을 발표한다. W컨셉은 에어브릿지와 브레이즈를 활용한 마케팅 자동화 사례를, 무신사는 앰플리튜드 AI를 활용한 조직 내 업무...",inven.co.kr,https://m.sports.naver.com/esports/article/442/0000194144,,
마이리얼트립,2026. 7. 7.,"에이비일팔공, 모던 그로스 스택 2026 개최","마이리얼트립, 코오롱FnC, W컨셉, 무신사 등도 AI 활용 사례를 발표한다. 아정당 이하석 마케팅 총괄 이사, 컬리 곽근봉 AX센터장, 에이비일팔공 남성필 대표가 파이어사이드 챗에 참여한다. 이들은 AI와 에이전틱...",hansbiz.co.kr,http://www.hansbiz.co.kr/news/articleView.html?idxno=848653,,
마이리얼트립,2026. 7. 7.,"AB180, ‘모던 그로스 스택 2026’ 주요 연사 공개","마이리얼트립은 AI 기반 서비스 혁신 사례를, 코오롱FnC는 AI 기반 메시지 자동화 전략, W컨셉은 에어브릿지와 브레이즈를 활용한 마케팅 자동화 사례, 무신사는 앰플리튜드 AI를 활용한 조직 내 업무 혁신 사례를...",dt.co.kr,https://n.news.naver.com/mnews/article/029/0003035756?sid=105,,
마이리얼트립,2026. 7. 7.,"에이비일팔공, 'MGS26 2026' 연사 라인업 공개","OpenAI, 삼성전자, 마이리얼트립, 코오롱FnC, W컨셉, 무신사 등은 생성형 AI 활용과 데이터 기반 마케팅, 업무 혁신 사례를 공유할 예정이다. 이어 아정당 이하석 마케팅 총괄 이사, 컬리 곽근봉 AX센터장, 에이비일팔공...",enewstoday.co.kr,http://www.enewstoday.co.kr/news/articleView.html?idxno=2446249,,
마이리얼트립,2026. 7. 7.,"에이비일팔공, '모던 그로스 스택 2026' 연사 라인업 공개... OpenAI·삼성...","이 밖에도 마이리얼트립, 코오롱FnC, W컨셉, 무신사 등이 AI 기반 서비스 혁신과 마케팅 자동화 사례를 발표할 예정이다. 아정당, 컬리, 에이비일팔공 관계자가 참여하는 파이어사이드 챗에서는 AI와 에이전틱...",thefirstmedia.net,http://www.thefirstmedia.net/news/articleView.html?idxno=203158,,
마이리얼트립,2026. 7. 7.,"에이비일팔공, '모던 그로스 스택 2026' 연사 공개…AI 시대 마케팅 전략...","마이리얼트립은 AI 기반 서비스 혁신 사례를, 코오롱FnC는 AI 기반 메시지 자동화 전략을 발표한다. W컨셉은 에어브릿지와 브레이즈를 활용한 마케팅 자동화 사례를, 무신사는 앰플리튜드 AI를 활용한 조직 내 업무...",it-b.co.kr,https://www.it-b.co.kr/news/articleView.html?idxno=88991,,
마이리얼트립,2026. 7. 7.,"에이비일팔공, AI 마케팅 컨퍼런스 'MGS26' 개최","오픈AI와 삼성전자, 마이리얼트립, 코오롱FnC, W컨셉, 무신사 등 국내외 기업도 AI 활용 사례를 발표한다. 생성형 AI를 활용한 업무 혁신과 데이터 기반 마케팅, 자동화 전략, 조직 운영 사례 등을 공유할 예정이다....",beyondpost.co.kr,http://www.beyondpost.co.kr/view.php?ud=2026070713492011646a9e4dd7f_30,,
마이리얼트립,2026. 7. 7.,스위스 알프스에 '한국인 안전도우미' 뜬다…스포츠의학 전문가 투입,"만년설을 품은 사스페 마을, 겜미 고개를 넘어 온천으로 이어지는 로이커바트 횡단 루트, 유네스코 세계유산인 알레치 빙하 코스를 포함했다. 해당 프로그램은 마이리얼트립, 놀(NOL), 트리플 플랫폼을 통해 예약할 수 있다.",news1.kr,https://n.news.naver.com/mnews/article/421/0009044564?sid=103,,
마이리얼트립,2026. 7. 7.,"에이비일팔공, '모던 그로스 스택 2026' 주요 연사 라인업 공개","마이리얼트립은 AI 기반 서비스 혁신 사례를, 코오롱FnC는 AI 기반 메시지 자동화 전략을 발표한다. W컨셉은 에어브릿지와 브레이즈를 활용한 마케팅 자동화 사례를, 무신사는 앰플리튜드 AI를 활용한 조직 내 업무...",thisisgame.com,https://www.thisisgame.com/articles/427522,,
마이리얼트립,2026. 7. 7.,"에이비일팔공, '모던 그로스 스택 2026' 연사 라인업 공개","마이리얼트립은 AI 기반 서비스 혁신 사례를, 코오롱 FnC는 AI 기반 메시지 자동화 전략을 발표한다. W 컨셉은 에어브릿지와 브레이즈를 활용한 마케팅 자동화 사례를, 무신사는 앰플리튜드 AI를 활용한 조직 내 업무...",ditoday.com,https://ditoday.com/%ec%97%90%ec%9d%b4%eb%b9%84%ec%9d%bc%ed%8c%94%ea%b3%b5-%eb%aa%a8%eb%8d%98-%ea%b7%b8%eb%a1%9c%ec%8a%a4-%ec%8a%a4%ed%83%9d-2026-%ec%97%b0%ec%82%ac-%eb%9d%bc%ec%9d%b8%ec%97%85-%ea%b3%b5%ea%b0%9c/,,
마이리얼트립,2026. 7. 7.,"에이비일팔공, 모던 그로스 스택 2026 연사 라인업 공개","마이리얼트립은 AI 기반 서비스 혁신 사례를, 코오롱FnC는 AI 기반 메시지 자동화 전략을 발표한다. W컨셉은 에어브릿지와 브레이즈를 활용한 마케팅 자동화 사례를, 무신사는 앰플리튜드 AI를 활용한 조직 내 업무...",betanews.net,https://www.betanews.net/article/view/beta202607070006,,
마이리얼트립,2026. 7. 7.,"스위스 알프스 하이킹, 초보도 걱정 없다…'트래블 트레이너' 올여름 한...","유네스코 세계유산인 알레치 빙하를 조망하는 알레치 아레나까지 스위스 알프스의 다양한 매력을 경험할 수 있다. 프로그램 참가비는 3만 원이며, 예약과 상품 구입은 마이리얼트립, 놀(NOL), 트리플 플랫폼에서 가능하다.",tournews21.com,https://www.tournews21.com/news/articleView.html?idxno=138085,,
마이리얼트립,2026. 7. 7.,"[Tech & Now] 오픈AI·삼성 연사 총출동…에이비일팔공, 마케팅 컨퍼런스...","오픈AI, 삼성전자, 마이리얼트립, 코오롱FnC, W컨셉, 무신사 등이 생성형 AI 활용, 메시지 자동화 등 현업에 적용 가능한 인사이트를 제시할 예정이다. 아정당, 컬리, 에이비일팔공 임원진이 참여해 AI 시대 기업 운영의...",ebn.co.kr,https://www.ebn.co.kr/news/articleView.html?idxno=1715327,,
마이리얼트립,2026. 7. 7.,"에이비일팔공, 'MGS 2026' 연사 라인업 공개…OpenAI·삼성·무신사 등 총...","뒤이어 마이리얼트립, 코오롱FnC, W컨셉, 무신사 등 유통·패션·이커머스·트래블 플랫폼의 AX(인공지능 전환) 총괄 실무진들이 에어브릿지, 브레이즈, 앰플리튜드 AI를 실제 프론트 조직에 적용해 마케팅 원가율을...",thedailypost.kr,https://www.thedailypost.kr/news/articleView.html?idxno=114579,,
마이리얼트립,2026. 7. 7.,"에이비일팔공, '모던 그로스 스택 2026' 개최…AI 시대 성장 전략 공유","이와 함께 마이리얼트립은 AI 기반 서비스 혁신 사례를, 코오롱FnC는 AI 기반 메시지 자동화 전략을 발표한다. W컨셉은 에어브릿지와 브레이즈를 활용한 마케팅 자동화 사례를, 무신사는 앰플리튜드 AI를 활용한...",public25.com,https://www.public25.com/news/articleView.html?idxno=50070,,
마이리얼트립,2026. 7. 3.,"어메이징크리 운영사 에이엠씨알, 본엔젤스로부터 100억 원 투자 유치","현재까지 우아한형제들(배달의민족), 버킷플레이스(오늘의집), 마이리얼트립 등 270여 개의 스타트업에 투자했으며, 유니콘 5곳, M&A 22건, IPO 2건의 성과를 기록했다. ‘본엔젤스 페이스메이커펀드4’와 ‘스마트...",hankyung.com,https://n.news.naver.com/mnews/article/015/0005306000?sid=101,,
마이리얼트립,2026. 7. 3.,"내 또래는 여기 간다, 연령대별 여행지 3곳","자랑하는 이곳은 유럽인들이 사랑하는 휴양지로, 아름다운 지중해를 바라보며 여유로운 시간을 보내기에 제격이다. | @panibottle_official, @optimushwang, @cenciturismo_italia, 마이리얼트립, 익스피디아여행, 트립어드바이저",marieclairekorea.com,https://www.marieclairekorea.com/pinpage/2026/07/travel-2/?utm_source=naver&utm_medium=partnership,,
마이리얼트립,2026. 7. 3.,"파라다이스시티, 밤새도록 미치는 역대급 풀파티","입장권은 8월 29일까지 파라다이스시티 공식 홈페이지와 네이버 예약, NOL, 마이리얼트립 등에서 구매할 수 있다. 온라인으로 미리 예약하면 15% 할인 혜택을 제공하며 현장 구매도 가능하다. 기본 상품은 씨메르 풀파티와...",sports.donga.com,https://n.news.naver.com/mnews/article/382/0001281457?sid=103,,
마이리얼트립,2026. 7. 3.,"""낮엔 씨메르, 밤엔 크로마""···파라다이스시티, 여름 풀파티 연다","입장권은 공식 홈페이지와 네이버 예약, NOL, 마이리얼트립 등에서 판매하며 온라인 사전 예약 시 15% 할인 혜택을 제공한다. 파라다이스시티 내 럭셔리 부티크 호텔 아트파라디소는 객실 패키지도 운영하며...",enewstoday.co.kr,http://www.enewstoday.co.kr/news/articleView.html?idxno=2445092,,
마이리얼트립,2026. 7. 3.,파라다이스시티 ‘2026 씨메르 썸머 페스타’ 키비주얼.,"입장권은 파라다이스시티 공식 홈페이지와 네이버 예약, NOL, 마이리얼트립 등에서 판매된다. 기본 상품은 씨메르 풀파티와 크로마 입장권, 웰컴드링크 1잔으로 구성됐다. 선베드나 카바나 이용 혜택을 포함한 세트...",hbnpress.com,https://hbnpress.com/news/view/1065570849706255,,
마이리얼트립,2026. 7. 3.,"""씨메르서 즐기는 여름밤 열기"" 파라다이스시티, 테마형 풀파티 개최","입장권은 다음 달 29일까지 파라다이스시티 공식 홈페이지와 네이버 예약, NOL, 마이리얼트립 등에서 판매한다. 온라인 사전 예약 시 15% 할인 혜택을 제공하며 현장 발권도 가능하다. 기본 상품은 씨메르 풀파티와 크로마...",newsis.com,https://n.news.naver.com/mnews/article/003/0014044323?sid=101,,
마이리얼트립,2026. 7. 3.,"파라다이스시티, 여름 행사 '2026 씨메르 썸머 페스타' 개최","입장권은 공식 홈페이지와 네이버 예약, NOL, 마이리얼트립 등에서 판매하며 온라인 사전 예약 고객에게는 할인 혜택을 제공한다. 파라다이스시티는 씨메르 풀파티와 연계한 객실 패키지도 함께 선보인다....",beyondpost.co.kr,http://www.beyondpost.co.kr/view.php?ud=20260703074202317146a9e4dd7f_30,,
마이리얼트립,2026. 7. 3.,"파라다이스시티, 테마형 풀파티 '씨메르 썸머 페스타' 개최","입장권은 8월 29일까지 파라다이스시티 공식 홈페이지와 네이버 예약, NOL, 마이리얼트립 등에서 판매한다. 온라인 사전 예약 시 15% 할인 혜택을 제공하며 현장 발권도 가능하다. 기본 상품은 씨메르 풀파티와 크로마...",slist.kr,https://www.slist.kr/news/articleView.html?idxno=749270,,
와그,2026. 7. 6.,[만물상] 세상이 와 이리 무섭노,"문재인 정부 시절 서초동 조국 수호 집회에 참석한 조국 지지자들이 부른 가수 강산에의 ‘와그라노’도 소환됐다. ‘와그래싼노’, ‘뭐라 케싼노’ 등 가사에 ‘노’ 투성이인데 그건 왜 문제 안 삼느냐는 거였다....",chosun.com,https://n.news.naver.com/mnews/article/023/0003986061?sid=110,,
와그,2026. 7. 2.,속눈썹 펌부터 퍼스널컬러까지…외국인 겨냥 K뷰티 팝업 재단장,"외국인 관광객은 오는 9월30일까지 마펑워, 와그, 코네스트, 크리에이트립, 클룩, 트래블로카, 트립닷컴, 한유망, KKday 등 9개 온라인 여행사에서 할인과 상품 업그레이드 혜택을 받아 뷰티관광 상품을 구매할 수 있다....",view.asiae.co.kr,https://n.news.naver.com/mnews/article/277/0005784798?sid=103,,
와그,2026. 7. 2.,EU 디지털 신분증의 역설…구글·애플 독점 더 키운다,"2일(현지시간) 온라인 매체 기가진에 따르면, 기술·사회 연구기관 와그 퓨처랩은 EU의 디지털 ID 월렛이... 와그 퓨처랩은 이런 방식이 대기업 독점을 막기 위한 EU 디지털시장법(DMA)의 취지와 충돌한다고 주장했다. 대신...",digitaltoday.co.kr,https://www.digitaltoday.co.kr/news/articleView.html?idxno=680753,,
와그,2026. 7. 2.,"한국관광공사, K-뷰티 팝업 두 번째 운영","외국인 관광객은 오는 9월 30일까지 마펑워, 와그, 코네스트, 크리에이트립, 클룩, 트래블로카, 트립닷컴, 한유망, KKday 등 9개 OTA에서 할인이나 상품 업그레이드 혜택과 함께 뷰티관광 상품을 구매할 수 있다. 한여옥...",gukjenews.com,https://www.gukjenews.com/news/articleView.html?idxno=3624435,,
와그,2026. 7. 2.,"한국관광공사, 하이커 그라운드서 KBF 뷰티하우스 2차 운영","외국인 관광객은 오는 9월30일까지 마펑워, 와그, 코네스트, 크리에이트립, 클룩, 트래블로카, 트립닷컴, 한유망, KKday 등 9개 온라인 여행 플랫폼에서 뷰티관광 상품을 확인할 수 있다. 한여옥 한국관광공사...",thepowernews.co.kr,https://www.thepowernews.co.kr/view.php?ud=202607021001254017de3f0aa1be_7,,
와그,2026. 7. 2.,"외국인 사로잡는 K-뷰티…관광공사, 체험형 '뷰티하우스' 확대 운영","외국인 관광객은 오는 9월 30일까지 마펑워, 와그, 코네스트, 크리에이트립, 클룩 등 9개 온라인 여행사(OTA)에서 할인 및 상품 업그레이드 등의 혜택을 받으며 뷰티관광 상품을 구매할 수 있다. 한여옥 한국관광공사...",news1.kr,https://n.news.naver.com/mnews/article/421/0009036235?sid=103,,
스페이스클라우드,2026. 7. 8.,"[과학산책]우주 AI 학습기지, 한국형 AI 주권의 시험대",중국은 5년 안에 우주 AI 데이터센터를 추진하고 2030년 '스페이스 클라우드'를 목표로 내걸었다. 미국에서도 2027~2028년 소규모 궤도형 데이터센터 시험 배치 가능성이 거론된다. 그렇다고 한국이 불리하기만 한 것은...,etnews.com,https://n.news.naver.com/mnews/article/030/0003445836?sid=110,,
아워플레이스,2026. 7. 7.,"""중저가 뷔페 뜬다"" 애슐리 매장수 30% 확대","승부"" 아워홈 첫점포 내고 경쟁시동 빕스 등도 새 점포 오픈 계획 고물가에 따른 가성비 중시 경향과... 애슐리퀸즈는 최근 핫플레이스로 떠오른 서울 성수동에 와인과 맥주를 무제한으로 제공하는 점포를 내기도...",mk.co.kr,https://n.news.naver.com/mnews/article/009/0005704137?sid=103,,
아워플레이스,2026. 7. 6.,벤슨 키우는 한화 김동선…신사업 부진의 고리 끊을까,투썸플레이스가 미국 프리미엄 아이스크림 브랜드 밴루엔을 들여오며 경쟁이 한층 치열해졌다. 벤슨 역시... 대형 인수합병(M&A)인 아워홈 역시 외형 성장과 별개로 수익성 저하와 차입 부담이 부각되면서 향후 경영...,it.chosun.com,https://it.chosun.com/news/articleView.html?idxno=2023092165068,,
아워플레이스,2026. 7. 4.,18세 호주 수비수 '헤링턴'이 감당하기 힘들었던 승부차기,이어 나온 잭슨 어바인과 아워 마빌은 확실하게 승부차기를 성공시켰지만 네 번째 키커로 내정된 루카스... 카보 베르데) [애틀란타 스타디움] 8일(수) 오전 5시 스위스 vs (콜롬비아 - 가나 승자) [BC 플레이스 밴쿠버],ohmynews.com,https://m.sports.naver.com/worldcup2026/article/047/0002521467,,
카카오골프예약,2026. 7. 9.,[비바100] 러닝·풋살·피클볼 열풍… 동호회 따라 금융권도 뛴다,"특히 MZ세대 사이에서는 인스타그램, 카카오톡 오픈채팅, 당근 동네생활, 스트라바(Strava) 등 플랫폼을 통한... 예컨대 풋살과 테니스는 시설 예약과 레슨, 러닝은 대회 참가와 기록관리, 골프와 파크골프는 장비 구매와...",viva100.com,https://www.viva100.com/article/20260706500669,,
엑스골프,2026. 7. 8.,"이 대통령, 트럼프 만나 ‘군함 건조’ 협의…골프 회동도 추진",앞서 이 대통령은 지난달 17일 주요 7개국 정상회의 공식 만찬에서 트럼프 대통령에게 골프 제안을 받은 사실을 공개했다. 당시 이 대통령은 엑스(X·옛 트위터)에 트럼프 대통령과 ‘셀카’를 올리며 “어제 만찬 때 골프...,hani.co.kr,https://n.news.naver.com/mnews/article/028/0002813281?sid=100,,
엑스골프,2026. 7. 8.,"[속보] 李, 나토 만찬서 트럼프 만나 골프회동 추진키로⋯'군용선박' 협...","지난달 G7 정상회의에 참석해 트럼프 대통령을 만난 뒤 이 대통령은 자신의 엑스(X, 트위터)에 ""(트럼프 대통령과) 골프 얘기를 하며 우리 부부와 골프를 함께 하겠다고 해 아내가 손가락 걸고 약속받았는데, 오늘 오찬 후...",inews24.com,https://n.news.naver.com/mnews/article/031/0001040804?sid=100,,
엑스골프,2026. 7. 8.,"李, 트럼프와 군용선박 건조 협의…방미·골프 라운딩도 추진키로","당시 이 대통령은 순방 귀국길에 자신의 엑스(X·옛 트위터)에 ""골프 얘기를 하며 우리 부부와 골프를 함께하겠다고 해 아내가 손가락 걸고 약속받았는데, 오늘 오찬 후 헤어지면서 다시 골프를 꼭 함께하자고 하셨다""며...",view.asiae.co.kr,https://n.news.naver.com/mnews/article/277/0005787413?sid=100,,
엑스골프,2026. 7. 8.,"李, 트럼프와 ‘군용 선박 건조’ 후속 협의",계기에 골프 라운딩도 추진해 나가기로 했다. 이재명 대통령이 7일(현지시간) 튀르키예 앙카라 컨벤션센터에서 나토 사무총장-IP4 소인수 회담을 하고 있다. 청와대 제공 이 대통령은 8일 엑스(X)에 나토 회원국 정상들과...,segye.com,https://n.news.naver.com/mnews/article/022/0004141552?sid=100,,
엑스골프,2026. 7. 7.,"""내가 진짜 이재명"" 정청래·송영길·김민석, 1인 1표제 속 '친명 선명성...",◇ 유제홍 : 골프를 못 치는 이유도 한 3천 가지 된다고 그래요. 그런데 이거를 못 이루는 것도 굉장히 큰... ◆ 박주언 : 서로가 엑스맨이라고 생각하는 것 같아. 그래서 타당에 도움이 오히려 되는 게 우리 당 대표가 아닌가...,news.ifm.kr,https://news.ifm.kr/news/articleView.html?idxno=474527,,
엑스골프,2026. 7. 7.,"﻿R2G, 스마트폰 부착형 AI 거리측정기 '메이트 엑스' 출시 [골프브리핑...",골프 브랜드 R2G가 딥러닝 인공지능(AI) 기술과 완전히 새로운 폼팩터를 결합한 차세대 골프 거리측정기 ‘메이트 엑스(MATE X)’를 전격 출시했다고 지난 6일 밝혔다. 최근 골프 시장에서는 단순한 거리 측정을 넘어...,hankyung.com,https://m.sports.naver.com/golf/article/015/0005307090,,
엑스골프,2026. 7. 7.,"R2G, 스마트폰 부착해 사용하는 차세대 거리측정기 ‘MATE X’ 출시",차별화된 기술력과 혁신적인 디자인으로 주목받는 골프 브랜드 R2G가 스마트폰에 부착하여 사용하는 차세대 골프 거리측정기 신제품 MATE X(메이트 엑스)를 6일 출시했다. 신제품 MATE X는 딥러닝 AI 기술과 완전히 새로운...,sedaily.com,https://m.sports.naver.com/golf/article/011/0004638942,,
엑스골프,2026. 7. 7.,"스마트폰 붙여 쓰는 AI 거리측정기…R2G, ‘MATE X’ 출시",골프 브랜드 R2G가 독보적인 딥러닝 AI 기술과 완전히 새로운 폼팩터를 결합한 차세대 스마트폰 부착형 골프 거리측정기 ‘MATE X(메이트 엑스)’를 출시했다고 6일 밝혔다. 최근 골프 시장에서는 단순한 거리 안내를 넘어...,kmib.co.kr,https://m.sports.naver.com/golf/article/005/0001859414,,
엑스골프,2026. 7. 7.,스마트폰 화면을 뷰파인더로…R2G 차세대 골프 거리측정기 '메이트 엑스...,▲ 메이트 엑스(사진 제공: R2G) R2G가 스마트폰 화면을 뷰파인더로 활용하는 차세대 골프 거리측정기 ‘MATE X(메이트 엑스)’를 출시했다고 7일 밝혔다. 메이트 엑스는 딥러닝 AI 기술과 완전히 새로운 폼팩터를 집약한...,swtvnews.com,https://swtvnews.com/news/newsview.php?ncode=1065576065638316,,
엑스골프,2026. 7. 6.,"근무 중 '골프 스윙' 대구 선관위 직원...정직 1개월, 전보 조치 '중징계...",A씨는 지난 6월 9일 자신이 근무하는 대구 중구선관위 청사 4층 계단실에서 창밖을 바라보며 자신의 개인 골프채를 가져와 여러차례 휘두르며 골프 스윙 연습을 했다. 한 시민이 이 영상을 촬영해 사회관계소통망 '엑스(옛...,pn.or.kr,https://www.pn.or.kr/news/articleView.html?idxno=33854,,
엑스골프,2026. 7. 6.,[정부家] 이재명 대통령 ㉑ㅣ 지지율 47% 회복…메가프로젝트·외교·우...,"이재명 대통령은 4일 엑스(X·옛 트위터)를 통해 미국이 250년 전 자유와 민주주의라는 이상을 향해 출발한 뒤... ● 2026-07-02 이재명 대통령, 국민의힘 중진에 ""골프 회동"" 제안…야당 소통 의지 밝혀 이재명 대통령, 여야정...",cbci.co.kr,https://www.cbci.co.kr/news/articleView.html?idxno=586764,,
엑스골프,2026. 7. 3.,"금호전기 등 저(低)주가 상장사들, '퇴출 위기' 탈출 위해 '몸부림'","공시와 골프존홀딩스 지분 공개매수 후 자진상장폐지 공시 등도 모두 비슷한 이유들 때문으로 업계는... 엑시온그룹, 엑스플러스, 케어젠 등 4개 상장사가 각각 불성실공시법인으로 지정됐다. 동원산업은 간신히...",newsfc.co.kr,http://www.newsfc.co.kr/news/articleView.html?idxno=79696,,
엑스골프,2026. 7. 1.,"'당장 퇴출만은 막자'....상장사간 합병, 공개매수, 자진상폐, 액면병합...","스크린골프 대표주자로 꼽히는 골프존 계열의 에스제이투자홀딩스는 골프존 지주사 격인 골프존홀딩스... 엑시온그룹, 엑스플러스, 케어젠 등 4개 상장사가 각각 불성실공시법인으로 지정됐다. 동원산업은 간신히...",moneystorm.kr,https://www.moneystorm.kr/news/articleView.html?idxno=4787,,
여행 플랫폼 슈퍼앱,2026. 7. 3.,신한은행 '신한인증서' 가입자 1300만 돌파… 그룹 통합 인증 기반 강화,"또한 인증 기반이 금융을 넘어 쇼핑·여행·문화 등 생활 전반으로 확장될 경우, 신한금융그룹의 슈퍼앱 전략에도 속도가 붙을 것으로 전망된다. 업계 관계자들은 ""인증은 더 이상 보안 기능에 그치지 않고 플랫폼 진입의...",koreaittimes.com,https://www.koreaittimes.com/news/articleView.html?idxno=154935,,
여행 플랫폼 슈퍼앱,2026. 7. 2.,"폰 만들기 싫다더니...일론 머스크, 결국 '슈퍼앱' 담을 AI 단말기 꺼냈...","하나의 플랫폼에서 송금, 음식 주문, 여행 예약, 게임 등을 모두 처리하고 있다. 중국 기업들은 AI를 활용해 이 슈퍼앱 모델을 재구성하고 있으며, 미국과 중국 기업들은 이를 뒷받침할 전용 하드웨어로 스마트폰...",newspim.com,https://www.newspim.com/news/view/20260702000403,,
여행 플랫폼 슈퍼앱,2026. 7. 2.,"스페이스X, AI 기기 시제품 투자자에 제시...기관·경제학자들 AI 과열 경...",다만 WSJ는 신규 진입자가 하드웨어 사업에 뛰어드는 것은 쉽지 않다고 지적했다.중국의 위챗과 알리페이가 결제·음식 배달·여행 예약·게임을 단일 플랫폼에서 제공하는 슈퍼앱 모델을 AI와 결합하는 방향으로...,asiatoday.co.kr,https://www.asiatoday.co.kr/kn/view.php?key=20260702010000668,,
여행 플랫폼 슈퍼앱,2026. 7. 2.,"""스페이스X, 자체 OS 스마트폰 시제품 공개""…머스크는 부인","슈퍼앱이란 텐센트의 위챗처럼 한 플랫폼에서 송금과 음식 주문, 여행 예약, 게임 등 다양한 기능을 통합한 앱이다. ‘틱톡’ 운영사 바이트댄스도 자체 AI ‘더우바오’를 탑재한 스마트폰을 출시한 바 있다....",edaily.co.kr,https://n.news.naver.com/mnews/article/018/0006320440?sid=101,,
여행 플랫폼 슈퍼앱,2026. 7. 1.,[인터뷰] 금융 슈퍼앱 성공이 궁금하다면 SMFG ‘올리브’를 보라,"아시아 전역의 스타트업과 벤처캐피털(VC), 현지 파트너, 기업 고객을 연결하는 플랫폼 역할을 수행하며... 단독 앱과 슈퍼앱 가운데 어느 쪽이 더 우수한지는 아직 결론이 나지 않았다고 생각한다. 슈퍼앱을 선호하지 않는...",byline.network,https://byline.network/?p=9004111222610401,,
인바운드 외국인 예약,2026. 7. 3.,"[여행한컷] 대한항공, 통합 항공보안문화 구축 첫발 外","일본·중화권 외에 몽골·동남아 지역 인바운드 수요도 높아 인천~울란바토르 노선의 외국인 탑승객 비중은... 예약 정보 입력 화면과 마이페이지, 1:1 온라인 상담 등 주요 화면에 AI 환불캘린더 버튼을 배치해 언제든지...",news.dealsitetv.com,https://news.dealsitetv.com/articles/172829,,
SIT 여행,2026. 7. 9.,"놀유니버스, 태국 가민런 원정 패키지 선봬... ""러닝 여행 확대""",사진=놀유니버스 마라톤과 러닝을 여행과 결합한 스포츠 관광(Sports Tourism) 시장이 성장하면서 여행업계도 러닝족을 겨냥한 특수목적여행(SIT) 상품 확대에 나서고 있다. 놀유니버스는 태국에서 열리는 '2026 가민런...,thefirstmedia.net,http://www.thefirstmedia.net/news/articleView.html?idxno=203431,,
SIT 여행,2026. 7. 9.,"NOL, '2026 가민런 태국 아유타야' 마라톤 패키지 출시…엘리트 코치 동...","이번 상품은 대만 타이베이, 베트남 호치민, 싱가포르에 이어 선보이는 놀유니버스의 특수 목적 여행(SIT) 브랜드 '러닝홀릭' 시리즈 중 하나다. 12월 4일 출발하는 3박 4일 일정으로 엘리트 육상선수 출신 정상민 가민 런...",newsmap.co.kr,https://www.newsmap.co.kr/news/articleView.html?idxno=1305,,
SIT 여행,2026. 7. 9.,"놀유니버스, 2026 가민런 아유타야 상품 판매","이번 상품은 특수 목적 여행(SIT) 브랜드 '러닝홀릭' 시리즈의 하나다. NOL은 앞서 대만 타이베이, 베트남 호치민, 싱가포르 대회 관련 상품을 선보인 바 있다. 아유타야 패키지는 오는 12월 4일 출발하는 3박 4일 일정으로...",newstnt.com,https://www.newstnt.com/news/articleView.html?idxno=709590,,
SIT 여행,2026. 7. 9.,[잘먹잘살+]웅진프리드라이프·코웨이·KT&G·현대百·이랜드파크·NOL,"이번에 선보인 상품은 대만 타이베이, 베트남 호치민, 싱가포르에 이어 출시된 놀유니버스만의 특수 목적 여행(SIT) 브랜드 '러닝홀릭' 시리즈 상품 중 하나다. 오는 12월 4일 출발하는 3박 4일 일정으로, 엘리트...",businessplus.kr,https://www.businessplus.kr/news/articleView.html?idxno=113927,,
SIT 여행,2026. 7. 9.,"NOL, '2026 가민런 아유타야' 마라톤 패키지 선봬…전문 코칭 결합","이번 상품은 대만 타이베이와 베트남 호치민, 싱가포르에 이어 선보이는 놀유니버스의 스포츠 특화 여행(SIT) 브랜드 '러닝홀릭' 시리즈다. 오는 12월 4일 출발하는 3박 4일 일정으로 운영되며, 엘리트 육상선수 출신인...",megaeconomy.co.kr,https://www.megaeconomy.co.kr/news/newsview.php?ncode=1065572196506639,,
SIT 여행,2026. 7. 9.,달리고 여행하고…태국 마라톤 원정 패키지 나왔다,윤슬빈 관광전문기자 = 전 세계 러너들이 모이는 글로벌 마라톤 대회를 겨냥해 스포츠와 관광을 결합한 특수 목적 여행(SIT) 상품이 출시됐다. 9일 놀유니버스에 따르면 자사가 운영하는 여행 플랫폼 놀(NOL)을 통해...,news1.kr,https://n.news.naver.com/mnews/article/421/0009049081?sid=103,,
SIT 여행,2026. 7. 9.,러닝 여행 키우는 NOL…가민런 아유타야 패키지 출시,"놀유니버스가 글로벌 러닝 대회와 여행을 결합한 특수 목적 여행 상품을 확대한다. 놀유니버스가 운영하는... 비롯해 글로벌 러닝 트렌드에 맞춘 스포츠 테마 SIT 상품을 지속적으로 확대해 나갈 것""이라고 전했다.",pinpointnews.co.kr,https://www.pinpointnews.co.kr/news/articleView.html?idxno=466878,,
SIT 여행,2026. 7. 9.,"""육상선수 출신 코치 동행""…NOL, 가민런 마라톤 태국 패키지 출시","이 상품은 대만 타이베이, 베트남 호찌민, 싱가포르에 이어 출시된 놀유니버스만의 특수 목적 여행(SIT) 브랜드 '러닝홀릭' 시리즈 상품 중 하나다. 올해 12월 4일 출발하는 3박 4일 일정으로, 엘리트 육상선수 출신인...",view.asiae.co.kr,https://n.news.naver.com/mnews/article/277/0005787524?sid=101,,
SIT 여행,2026. 7. 7.,[Opinion] 얼마나 수 많은 '이별'이 '이 별' 위에 존재할까 [미술/전시],"""Sit with me. 당신은 곧 엄마와 헤어지게 될 거예요. 낯선 사람이 당신의 이름을 바꿀 거예요."" (장세진... 그들은 당신과 함께 여행합니다. 당신은 결코 혼자가 아닙니다. 스스로 혼자라고 생각할 때조차도요. 우리는...",artinsight.co.kr,https://www.artinsight.co.kr/news/view.php?no=81545,,
SIT 여행,2026. 7. 5.,"아침 온도-바다는 가까워도, 선은 지켜야 합니다!","다만 바람이 맞으면 나아갈 수 있고, 떠나는 마음에도 돌아올 자리가 있어야 여행... Under the blue sky, parasols open, children head toward the water, and adults sit on the sand, watching summer...",breaknews.com,http://www.breaknews.com/1219235,,
FIT 여행,2026. 7. 9.,"""여름옷은 한철? 가성비·빠른배송이 답""…지그재그서 펄펄 나는 SPA","하지만 온라인 쇼핑은 얇은 여름 소재의 비침 정도나 흐르는 듯한 핏(Fit)을 사진만으로 가늠하기 어렵다는... 여름은 갑작스러운 폭염이나 훌쩍 떠나는 주말여행, 바캉스 등 '즉시성'이 강한 쇼핑 니즈가 몰리는 계절이다....",maxmovie.com,https://www.maxmovie.com/news/articleView.html?idxno=500448,,
FIT 여행,2026. 7. 7.,"'함안낙화놀이', 동남아 관광객 유치 마중물 된다","또 글로벌 축제 콘텐츠를 활용한 단체상품 출시를 목표로 하고 있으며, 향후 개별여행객(FIT)을 위한 1일투어 상품까지 공급을 확대해 오는 2027년까지 동남아 시장에 경남 특화 관광상품 10개 이상을 정착시키기로 했다....",gnnews.co.kr,https://www.gnnews.co.kr/news/articleView.html?idxno=640615,,
FIT 여행,2026. 7. 7.,"경남도, ‘함안낙화놀이’로 동남아 관광객 유치 시동","또한 글로벌 축제 콘텐츠를 활용한 단체상품 출시를 목표로 하고 있으며, 향후 개별여행객(FIT)을 위한 1일투어 상품까지 공급을 확대해 내년까지 동남아 시장에 경남 특화 관광상품 10개 이상을 정착시킬 계획이다. 김상원...",viva100.com,https://www.viva100.com/article/20260707500976,,
FIT 여행,2026. 7. 7.,"경남도, '함안낙화놀이'로 동남아 관광객 유치 시동","또 글로벌 축제 콘텐츠를 활용한 단체상품 출시를 목표로 하고 있으며, 향후 개별여행객(FIT)을 위한 1일투어 상품까지 공급을 확대해 오는 2027년까지 동남아 시장에 경남 특화 관광상품 10개 이상을 정착시킨다는 목표다....",newsgn.com,https://www.newsgn.com/news/articleView.html?idxno=560931,,
FIT 여행,2026. 7. 7.,“출퇴근길 내 동선에 맞춰 퀵배송”…디버 파트너가 디버를 ‘핏(Fit)’...,"“스마트한 플랫폼을 기반으로, 내 일상에 맞는 핏(Fit)한 근무가 가능합니다.” 디지털 퀵서비스 플랫폼... 8만 명이 움직이는 실시간 배송 네트워크 유럽 전문 여행 기획사 ‘유로코트래블’을 운영하는 서태원 씨는...",it.donga.com,https://it.donga.com/109144/,,
FIT 여행,2026. 7. 7.,"경남도, '함안낙화놀이' 활용 동남아 관광객 유치 박차","또한 향후 글로벌 축제 콘텐츠를 활용한 단체관광상품 출시, 개별여행객(FIT)을 위한 1일투어 상품까지 확대해 2027년까지 동남아 시장에 경남 특화 관광상품 10개 이상을 정착시킨다는 목표다. 김상원 도 관광개발국장은...",newsis.com,https://n.news.naver.com/mnews/article/003/0014050149?sid=102,,
FIT 여행,2026. 7. 6.,"'구미주 개별 관광객 잡는다' 경기도·관광공사, 유치 박차","관광객(FIT)을 도내로 유치하기 위한 본격 마케팅에 나섰다. 경기관광공사는 지난 3일 서울관광재단 시민아카데미홀에서 도내 관광업계와 개별 관광객 전문 여행사, 글로벌 여행 플랫폼인 '겟유어가이드', '에어비앤비...",nocutnews.co.kr,https://n.news.naver.com/mnews/article/079/0004165217?sid=102,,
FIT 여행,2026. 7. 6.,"인천시, 머무는 여행 키운다…체류형 관광으로 지역경제 활성화 나서","플러스플래너는 외국인 개별관광객(FIT)을 대상으로 개항장과 월미도, 무의도, 강화도를 잇는 2박 3일 체류형 여행상품을 마련해 미식과 웰니스 등 인천의 다양한 매력을 경험할 수 있도록 구성했다. 유지상 인천관광공사...",newstown.co.kr,http://www.newstown.co.kr/news/articleView.html?idxno=708256,,
FIT 여행,2026. 7. 6.,"""낮에는 일하고 밤에는 휴식을""... 인천시, 맞춤형 '체류·워케이션' 상...","개별 외국인 관광객(FIT)을 타깃으로 한 플러스플래너의 '인천 아일랜드 익스케이프'는 월미도와 무의도, 강화도를 잇는 48시간 몰입형 미식·웰니스 투어를 제공한다. 유지상 인천관광공사 사장은 ""체류형 관광은 여행자의...",newsfreezone.co.kr,https://www.newsfreezone.co.kr/news/articleView.html?idxno=697981,,
FIT 여행,2026. 7. 6.,"인천, '스쳐가는 관광' 끝…체류형 관광 8종 본격 가동","인천시(시장 박찬대)와 인천관광공사(사장 유지상)는 관광기업과 여행사, 지역 호텔이 함께 참여하는 체류형... 플러스플래너는 외국인 개별관광객(FIT)을 대상으로 개항장과 월미도, 무의도, 강화도를 잇는 48시간 체류형...",enewstoday.co.kr,http://www.enewstoday.co.kr/news/articleView.html?idxno=2445606,,
FIT 여행,2026. 7. 6.,"서울관광재단, 안팎 관광객 총공세… 굿즈 띄우고 패스 넓힌다","관광객(FIT)을 위한 ‘디스커버서울패스’의 서비스 개편도 이루어진다. 유명 관광지만 둘러보던 기존 방식에서 벗어나, 한국인의 실제 일상과 문화를 체험하려는 최근 여행 트렌드를 반영한 조치다. 재단은 올해 상반기...",ajunews.com,https://www.ajunews.com/view/20260706092153187,,
FIT 여행,2026. 7. 5.,"""면세점 경쟁 공식 바뀌었다""…단독 상품으로 수익성 승부",개별관광객(FIT) 공략에 속도를 내고 있다. 회사에 따르면 올해 1분기 대만 FIT 매출은 전년 동기 대비 38... 지난 2일 인천국제공항 제1터미널에 '여행 원스톱 쇼핑존'을 선보이며 패션·라이프스타일 매장을 전면...,daily.hankooki.com,https://daily.hankooki.com/news/articleView.html?idxno=1382260,,
FIT 여행,2026. 7. 5.,장마철 신발도 ‘멀티’가 대세…방수에 스타일·활용도까지 본다,"출퇴근은 물론 여행과 러닝 등 비가 오는 날에도 야외 활동을 이어가는 소비자가 늘면서, 장마철 신발을... 반발력이 우수한 소재를 적용해 보행 효율을 높였으며, 고어텍스® 인비저블 핏(GORE-TEX® Invisible Fit) 기술을...",dailian.co.kr,https://n.news.naver.com/mnews/article/119/0003107990?sid=103,,
FIT 여행,2026. 7. 3.,"[아웃도어 트렌드] 아이더, 시원한 바람길 품은 여름 웨어 '윈드 서커' ...","휴가, 여행, 야외 활동 등 다양한 여름 상황에서 시원하고 세련된 스타일을 완성할 수 있을 것""이라고... 반발력 있는 소재를 적용해 보행 시 추진력을 효과적으로 전달하며, 고어텍스® 인비저블 핏 (GORE-TEX® INVISIBLE FIT)...",ibabynews.com,https://www.ibabynews.com/news/articleView.html?idxno=152598,,
FIT 여행,2026. 7. 3.,"[유통갤러리] 11번가, 한국서비스품질지수 19년 연속 1위 外","M8 Fit’을 부상으로 제공한다. 이와 함께 스위트 라운지 내에도 동일 제품을 비치해 VIP 고객들이 경기... 지난 6월8일에는 <토이 스토리 5> 개봉에 앞서 ‘우디’, ‘버즈’, ‘알린’ 등 인기 캐릭터를 테마로 한 여행용...",theviewers.co.kr,https://theviewers.co.kr/View.aspx?No=4135705,,
FIT 여행,2026. 7. 3.,"관광객 지갑 여는 성수…무신사·올리브영, '외국인'에 웃는다",과거에는 가격 경쟁력을 앞세운 쇼핑 중심 관광이 주를 이뤘다면 최근에는 경험 중심 소비가 확산되면서 한국에서만 즐길 수 있는 라이프스타일과 콘텐츠를 찾는 개별 여행객(FIT)이 증가하고 있다. 이런 구조는...,news.bizwatch.co.kr,https://n.news.naver.com/mnews/article/648/0000048586?sid=101,,
FIT 여행,2026. 7. 2.,"""큰손 한 명이 열 손님 안 부럽다""…고환율에 VIP 눈 돌리는 면세점",고환율이 장기화하면서 면세점의 가격 메리트가 예전보다 약해진 데다 해외여행객들의 구매 채널도 시내 매장과 온라인 등으로 다양해졌기 때문이다. 여기에 개별관광객(FIT) 중심으로 시장이 재편되면서 단순 방문객...,edaily.co.kr,https://n.news.naver.com/mnews/article/018/0006320922?sid=101,,
FIT 여행,2026. 7. 2.,"속초시, ‘2026 대한민국 국제 관광박람회’ 참가… 국내외 관광객 유치...",더불어 B2B 바이어 상담회에도 적극 참여해 국내외 대형 여행사를 대상으로 외국인 개별 관광객(FIT) 유치를 위한 ‘외국인 관광택시 서비스’와 지역 축제를 연계한...,breaknews.com,http://www.breaknews.com/1218630,,
FIT 여행,2026. 7. 2.,"객단가 꺾이자 승부수 바꿨다…면세점, VIP 모시기 경쟁",국내 면세업계가 따이공(중국 보따리상) 중심의 저마진 구조를 개별관광객(FIT) 중심으로 전환하며 올해... 이에 따라 업계의 경쟁 축도 단순 판매 확대에서 구매력이 높은 VIP 고객의 객단가와 충성도를 높이는 '여행...,fieldnews.kr,http://www.fieldnews.kr/news/articleView.html?idxno=29690,,
FIT 여행,2026. 7. 2.,"장마철 풋웨어, 방수 넘어 접지력·착화감 경쟁","출퇴근부터 여행, 러닝, 트레일러닝까지 하나의 제품으로 다양한 활동을 소화하려는 수요가 늘면서다.... 블랙야크의 '343 다이나믹 스텝 GTX'는 고어텍스 인비저블 핏(GORE-TEX INVISIBLE FIT) 기술을 적용한 제품이다. 보행 시...",ktnews.com,http://www.ktnews.com/news/articleView.html?idxno=146970,,
FIT 여행,2026. 7. 2.,장마철 풋웨어 트렌드 변화…고어텍스 신발 수요 확대,"출퇴근은 물론 여행과 러닝, 아웃도어 활동까지 하나의 신발로 소화하려는 수요가 늘면서 다양한 환경에... 블랙야크의 '343 다이나믹 스텝 GTX'는 고어텍스 인비저블 핏(GORE-TEX® INVISIBLE FIT) 기술을 적용해 운동화와 같은...",dailysmart.co.kr,http://www.dailysmart.co.kr/news/articleView.html?idxno=126348,,
FIT 여행,2026. 7. 2.,"괌 여행, 지금 예약하면 10만원 아낀다","모두투어는 여름 성수기 괌 노선 수요를 유치하기 위해 가족 여행객과 개별 자유여행객(FIT)을 겨냥한 맞춤형 상품군을 대폭 확대했다. 괌은 인천에서 비행기로 약 4시간 30분이 소요되는 대표적 단거리 휴양지로, 안정적인...",news1.kr,https://n.news.naver.com/mnews/article/421/0009036277?sid=103,,
FIT 여행,2026. 7. 1.,"""결혼 이주여성들의 제주 안내를 들어보자""","㈜착한여행 나효우 대표 교수가 FIT 관광의 흐름을 짚고, 권영옥 장천출판 대표가 제주의 역사와 마을, 해녀의 삶을 풀어낸다. 원도심과 전통시장을 걷고, 금악과 와산 마을을 두 팀으로 나눠 돈다. 사회적경제의...",mediajeju.com,https://www.mediajeju.com/news/articleView.html?idxno=364988,,
패키지 여행 수요,2026. 7. 9.,"파크골프, 호텔·리조트 여름 마케팅의 새 카드… 체류형 관광 이끈다","리조트에서 숙박과 운동, 관광을 함께 즐기는 체류형 여행 수요가 늘면서 파크골프장의 활용 가치도 커지는 추세다. 금호리조트는 강원 속초 금호설악리조트에 9홀 규모 파크골프장을 운영하며 숙박 패키지와 정례 대회를...",geconomy.co.kr,https://www.geconomy.co.kr/news/article.html?no=321582,,
패키지 여행 수요,2026. 7. 9.,"[K성장 ④] 산업화 그늘의 순수예술, 창작의 시간을 묻다","그 과정에서 창작의과정, 공연예술전문인력지원, 신나는예술여행 같은 유사·중복성이 높은 사업이 정비... 성장 패키지를 마련하고, 청년 예술인 '10만 인재 양성' 프로그램을 구축하겠다고 밝혔다. 창작 안전망 강화와...",newspim.com,https://www.newspim.com/news/view/20260709000028,,
패키지 여행 수요,2026. 7. 9.,[네이버 쇼핑톡톡] 네플스에서 '여름맞이' 한다…가전부터 수영복까지 ...,여행 등 실외 활동에 적합하다. 이 외에도 루메나 탁상용 무선 선풍기와 무선 서큘레이터 등을 함께 선보인다. 특히 네이버플러스 스토어 대표 프로모션인 '넾다세일' 마스코트인 '혜택이' 캐릭터와 협업한 단독 패키지도...,etnews.com,https://n.news.naver.com/mnews/article/030/0003446110?sid=101,,
패키지 여행 수요,2026. 7. 9.,골프채 대신 기차표 한 장…기차 타고 하이원 여자오픈 보러 떠나자,"코레일관광개발, 골프‧철도 연계 세미패키지 7월 11일~12일 1박 2일…1만원 지역화폐도 골프채 대신 기차표... 최근 스포츠를 직접 보고 여행까지 즐기는 ‘스포츠 관광’ 수요가 늘고 있다. 이런 흐름에 발맞춰...",mk.co.kr,https://n.news.naver.com/mnews/article/009/0005704984?sid=103,,
패키지 여행 수요,2026. 7. 9.,"휘닉스 파크, '한우 달빛만찬' 연다…여름 미식 수요 잡는다",휘닉스 파크 공식 홈페이지에서는 객실과 '한우 달빛만찬'을 결합한 여름 패키지 상품도 운영한다. 패키지는... 함께 즐길 수 있는 상품 구성을 통해 여름철 강원도 평창을 찾는 가족 단위 여행객을 공략한다는 계획이다.,m-i.kr,https://www.m-i.kr/news/articleView.html?idxno=1389817,,
패키지 여행 수요,2026. 7. 9.,"미식·휴가 결합으로 가족 고객 공략…휘닉스 파크, 디너 뷔페 '한우 달...",한우 구이부터 육회·면요리까지 메뉴 확대…평창 제철 식재료 활용 객실·블루캐니언 결합 패키지 출시... 단위 여행객 수요를 적극 공략한다는 계획이다. 【 청년일보=조성현 기자 】 휘닉스 파크 온도 레스토랑. [사진...,youthdaily.co.kr,https://www.youthdaily.co.kr/news/article.html?no=222633,,
패키지 여행 수요,2026. 7. 9.,"오지투어, 우유니소금사막 최적 여행 시기 소개…계절마다 다른 남미의...","최적의 여행 시기를 소개하며 2026~2027시즌 남미 여행객 모집에 나섰다. 최근 특별한 여행 경험을 찾는 수요가... 장점과 패키지여행의 편의성을 결합한 여행상품을 선보이고 있으며, 전문 인솔자가 전 일정에 동행하는...",isplus.com,https://n.news.naver.com/mnews/article/241/0003519050?sid=101,,
패키지 여행 수요,2026. 7. 9.,"한진트래블, 스리랑카 문화·자연유산 연계 테마 노선 다변화",우다왈라웨 국립공원 사파리 투어 [사진=한진트래블]  해외여행 수요가 점차 다변화되면서 여행 업계가... 이번 노선은 대규모 인원 중심의 패키지 형태에서 벗어나 소규모 단위로도 출발이 가능하도록 기획된 것이...,discoverynews.kr,https://www.discoverynews.kr/news/articleView.html?idxno=1095630,,
패키지 여행 수요,2026. 7. 9.,"NOL, 태국 아유타야 가민런 패키지 출시...코칭 결합한 마라톤 여행","있으며, 오는 12월 열리는 홍콩 대회 패키지도 추가로 선보일 예정이다. 한정협 놀유니버스 패키지사업 본부장은 ""러닝을 여행과 함께 즐기려는 수요에 맞춰 스포츠 테마 여행 상품을 확대해 나갈 계획""이라고 말했다.",womentimes.co.kr,https://www.womentimes.co.kr/news/articleView.html?idxno=104254,,
패키지 여행 수요,2026. 7. 9.,[마켓+]'최저가' 시대 저문 LCC…'플랫폼·대형화·장거리'로 생존공식 ...,코로나19 이후 급증했던 해외여행 수요가 정상화 단계에 접어들면서 국내 LCC 시장도 새로운 전환점을 맞고... 결합한 패키지 사업 확대 가능성이 제기되고 있기 때문이다. 에어프레미아와 에어로케이도 각각 차별화...,businessplus.kr,https://www.businessplus.kr/news/articleView.html?idxno=113902,,
패키지 여행 수요,2026. 7. 9.,"대구웨딩정보센터, 7월 18~19일 대구웨딩정보박람회 개최…다양한 웨딩...",최근 예식 비용 부담을 줄이려는 수요가 늘어나는 만큼 스몰 웨딩을 준비하는 고객을 위한 혜택도 강화했다. 최소 보증 인원 기준으로 웨딩홀 계약을 진행하면 계약금 지원과 함께 최대 200만 원 상당의 웨딩홀 패키지...,job-post.co.kr,https://www.job-post.co.kr/news/articleView.html?idxno=220462,,
패키지 여행 수요,2026. 7. 9.,놀 '가민런 태국 패키지' 출시...프리즘 '싱가포르 디즈니 크루즈' 판매,여행업계에서 스포츠 코칭과 크루즈 체험을 결합한 패키지를 통해 목적형 가족·레저 여행 수요를 공략한다. 놀유니버스가 운영하는 NOL은 '2026 가민런 마라톤 시리즈 태국 아유타야' 패키지를 출시했다. 사진=NOL 상품은...,slist.kr,https://www.slist.kr/news/articleView.html?idxno=750591,,
패키지 여행 수요,2026. 7. 9.,'초고령사회' 장례식장도 바뀐다…상조업계 '실버케어 플랫폼' 전환,"장례 수요가 늘었지만, 가족 구조 변화와 무빈소 장례 확산 등으로 전통 장례식장 수가 줄면서, 주요 상조... 서비스를 패키지로 통합하는 전환 상품과 구독형 서비스에도 공을 들이고 있다. 일부 업체는 장례식장을 찾은...",news1.kr,https://n.news.naver.com/mnews/article/421/0009048924?sid=101,,
패키지 여행 수요,2026. 7. 8.,"보람컨벤션, '제6회 보람웨딩초대전 성료…울산·경남 예비부부 150쌍 방...","보람컨벤션은 촬영과 드레스, 예물, 신혼여행, 혼수 등 예식 준비 과정에서 관심이 높은 분야를 중심으로 상담 동선을 구성해 보다 편리하게 상담을 받을 수 있도록 했다. 여기에 예식 패키지 지원 혜택과 함께 혼수가전...",job-post.co.kr,https://www.job-post.co.kr/news/articleView.html?idxno=220470,,
패키지 여행 수요,2026. 7. 8.,"탄자니아 관광청, 부산서 '메가 로드쇼 2026' 개최","탄자니아 관광청은 이 같은 수요 증가에 발맞춰 기존의 야생동물(Wildlife) 투어 위주였던 관광 포트폴리오를... 맞춤형 여행 패키지를 개발하고, 한국 여행사들을 대상으로 한 팸투어(사전 답사 여행)도 적극 추진하겠다...",news1.kr,https://n.news.naver.com/mnews/article/421/0009048291?sid=102,,
패키지 여행 수요,2026. 7. 8.,"[금융·경제 트렌드] 토스뱅크 체크카드 보유 고객 1,000만 명 돌파 外","해외여행과 해외직구 수요가 늘어나는 가운데, 외화통장 기반의 해외 결제 경험을 통해 국내에서 쓰던... 굿즈 패키지를 증정한다. 토스뱅크 관계자는 ""금융사기는 누구에게나 일상 가까이에서 발생할 수 있는 범죄인...",ibabynews.com,https://www.ibabynews.com/news/articleView.html?idxno=152736,,
패키지 여행 수요,2026. 7. 8.,"올 여름 백두산 예약 37%↑... 하나투어 ""장가계 제치고 1위""","과거 중장년층의 패키지여행에 치우쳤던 자연 관광 수요가 최근에는 후룬베이얼 초원이나 카슈가르 등 실크로드 계열의 이색적인 신규 지역으로 다변화되면서, 20대와 30대 젊은 층의 개별 자유여행 수요가 늘어나고 있는...",ttlnews.com,http://www.ttlnews.com/news/articleView.html?idxno=3123812,,
패키지 여행 수요,2026. 7. 8.,"[산업 이모저모] 롯데호텔 서울, 목시 서울 인사동, 해비치 호텔&리조트...",고객 수요 공략에 나서고 있다. 롯데호텔 서울은 여름철 복날을 맞아 집에서도 호텔 셰프의 정성과... 호텔에 따르면 패키지는 여행 중에도 산뜻한 라이프스타일을 즐길 수 있도록 기획됐다. 패키지 이용객에게는...,bizwnews.com,http://www.bizwnews.com/news/articleView.html?idxno=140188,,
패키지 여행 수요,2026. 7. 8.,"플릿 이심, 글로벌 데이터 플랜 15% 할인 프로모션…승무원 전용 요금제...","지난 3일 시작된 이번 프로모션은 일본, 베트남 등 단거리 인기 여행지를 비롯해 미주, 유럽 등 출장 및... 향후에도 해외 출장과 체류가 잦은 특정 직군별 맞춤형 데이터 패키지를 지속해서 다각화할 것""이라고 말했다.",sentv.co.kr,https://www.sentv.co.kr/article/view/sentv202607080039,,
패키지 여행 수요,2026. 7. 8.,멀리 안 떠난다…도심 호텔서 즐기는 '스테이케이션',8일 그랜드하얏트서울에 따르면 호텔은 가족 단위 고객부터 커플까지 다양한 여행 수요를 겨냥한 여름 스테이케이션 패키지와 체험 프로그램을 운영한다. 아이와 함께하는 가족 고객을 위해서는 '서머 이스케이프...,news1.kr,https://n.news.naver.com/mnews/article/421/0009046960?sid=103,,
패키지 여행 수요,2026. 7. 8.,"[더벨]하나투어, 여행업 밖에서 새 CEO 찾은 이유","패키지 송출 수요 회복만으로는 중장기 기업가치 제고에 한계가 있는 만큼 개별여행, 프리미엄 상품, 온라인 채널, 고객 데이터 활용 등 새 성장 동력을 구체화해야 하는 과제가 부각됐다. 하나투어가 이번 인사와 함께...",thebell.co.kr,https://www.thebell.co.kr/free/content/ArticleView.asp?key=202607071716091080102063,,
패키지 여행 수요,2026. 7. 8.,"하나투어, 하계 시즌 중국 노선 분석…'백두산' 예약 전년比 37% 증가",중국 여행 노선 중 백두산이 가장 많은 예약률을 기록했다. 그동안 중국 패키지 여행의 대표적 선호... 전역의 여행 수요도 회복 흐름을 이어가고 있다. 올해 상반기(1~6월) 하나투어의 중국 노선 전체 예약은 전년 동기...,discoverynews.kr,https://www.discoverynews.kr/news/articleView.html?idxno=1095512,,
패키지 여행 수요,2026. 7. 8.,"필리핀 관광부, 대대적인 내수 활성화 나선 '디스커버 모어 투 러브' 전...","계절적 비수기로 접어드는 7월부터 11월까지 전국적인 관광 수요를 창출하고, 관광에 의존하는 현지 지역... 단순히 유명 관광지에 발도장을 찍고 돌아가는 일회성 패키지 관행에서 과감히 탈피해, 여행자의...",bizwnews.com,http://www.bizwnews.com/news/articleView.html?idxno=140205,,
패키지 여행 수요,2026. 7. 8.,"[유통소식] 이마트, 복날 맞아 보양식 할인전…홍삼 삼계탕·민물장어 ...","해외 여행객에게 한국 술과 홍삼의 가치를 동시에 소개하는 것을 목표로 했다""고 말했다. 이어 ""정관장과... 여름방학과 휴가철을 맞아 가족, 친구, 연인 등 여러 명이 함께 방문하는 고객을 위한 패키지 할인 프로모션도...",4th.kr,http://www.4th.kr/news/articleView.html?idxno=2114390,,
패키지 여행 수요,2026. 7. 7.,[오늘의 제약리뷰] 국제약품·JW신약·현대약품,"정하고, 여행과 휴식 속에서도 자연스럽게 두피 건강을 관리할 수 있는 경험을 선보일 계획이다. 오는 7월9일부터 한달간 웰파크호텔 투숙객에게 마이녹셀 스페셜 2종 키트가 제공되며, 전용 패키지 이용 고객에게는...",financialreview.co.kr,http://www.financialreview.co.kr/news/articleView.html?idxno=43379,,
패키지 여행 수요,2026. 7. 7.,"온라인쇼핑 25조원 질주…화장품 36.6% 급증, 여행은 뒷걸음","업계에서는 K뷰티 관련 수요 확대가 배경으로 거론된다. 음·식료품 거래액도 14.0% 늘었고, 음식서비스... 4% 줄었는데, 중동 지역 정세 불안으로 국제선 유류할증료가 오르면서 항공권과 패키지여행 거래가 위축된...",dailypop.kr,http://www.dailypop.kr/news/articleView.html?idxno=100380,,
패키지 여행 수요,2026. 7. 7.,"필리핀, 민관 협력 관광 활성화 캠페인 개시","안정적인 수요와 지역경제 활성화에 기여할 것으로 기대한다""고 밝혔다. 필리핀 관광부는 공식 웹사이트 개편을 통해 다양한 국내 여행 상품을 선보인다. 여행객들은 할인 호텔 패키지, 독점 스테이케이션 상품, 결합...",gukjenews.com,https://www.gukjenews.com/news/articleView.html?idxno=3628935,,
패키지 여행 수요,2026. 7. 7.,"日 5월 소비지출 0.4% 감소… 예상 밖 선방에 ""바닥 다졌다""","물가 상승과 자원 가격 부담 속에서도 휴일 증가에 따른 외식 및 여가 수요가 소비 심리를 방어하면서, 실질... 패키지 여행비 등을 포함한 '교양오락' 역시 엔저와 원유 가격 상승의 타격을 받으며 3.1% 줄어 7개월 만에...",g-enews.com,https://www.g-enews.com/view.php?ud=20260707134501540e7e8286d56_1,,
패키지 여행 수요,2026. 7. 7.,"웹투어, 푸꾸옥·다낭 'NO옵션' 패키지 출시…5성급 리조트 휴양 완성","가 여행객의 만족도를 극대화하기 위해 현지 추가 비용 부담을 완전히 없앤 '푸꾸옥 vs 다낭 NO옵션 패키지'를... 특히, 최근 엔데믹 이후 해외여행 수요가 급증함에 따라 여행지의 편의성과 투명한 여행 경비에 대한...",globalepic.co.kr,http://www.globalepic.co.kr/view.php?ud=20260707132608959148439a4874_29,,
패키지 여행 수요,2026. 7. 7.,"직접예약 경쟁력 높인다…호텔신라, 홈페이지·앱 전면 개편",직접예약 수요 확보에 나섰다. 예약과 결제 절차를 간소화하는 동시에 회원 전용 상품과 지역 관광 콘텐츠를 강화해 온라인여행사(OTA)와 차별화하겠다는 전략이다. 호텔신라는 공식 홈페이지와 앱의 사용자환경·경험(UI...,ajunews.com,https://www.ajunews.com/view/20260707111213015,,
패키지 여행 수요,2026. 7. 7.,"호텔신라, 공식 홈페이지·앱 새단장…예약 편의성 높였다",이투데이=박선현 기자 | 예약·결제 동선 줄이고 여행 정보 탐색 기능 보강 통합 예약바·가격 캘린더·사전... 할인 패키지를 선보이고 공식 홈페이지와 앱을 통한 직접 예약 수요를 확대할 계획이다. 통합 유료 멤버십...,etoday.co.kr,https://www.etoday.co.kr/news/view/2601047,,
패키지 여행 수요,2026. 7. 7.,"필리핀 관광부, 내수 진작 위한 국내 관광 캠페인 '디스커버 모어 투 러...","국내 여행 수요를 유지함으로써 지역 관광 사업자들에게 안정적인 경영 환경을 제공하고 지역 경제... 이를 통해 분산되어 있던 호텔 패키지, 항공권, 다이닝 및 어트랙션 관련 정보들을 통합적으로 관리한다. 앙가라...",discoverynews.kr,https://www.discoverynews.kr/news/articleView.html?idxno=1095415,,
패키지 여행 수요,2026. 7. 7.,"[오늘의 유통가] 하루 매출 12억 달성…그리티 '감탄', 여름 신제품 공개...",MZ세대를 중심으로 늘어나는 디저트 수요를 적극 공략한다는 전략이다. '제주감귤왁뿌볼'은 SNS에서 인기를... 소노캄 경주에서는 고품격 휴식을 위한 ‘웰니스 저니(Wellness Journey)’ 패키지를 선보인다. 해당 패키지는...,dealsite.co.kr,https://dealsite.co.kr/articles/164882,,
패키지 여행 수요,2026. 7. 7.,"호텔신라, 홈페이지·앱 전면 개편...예약 관심도 증가",7일 호텔신라에 따르면 최근 호텔업계는 온라인 여행 플랫폼(OTA) 중심의 예약 시장 경쟁이 심화되면서 자체... 또 호텔신라는 신라리워즈 회원 대상 공식 홈페이지 전용 할인 패키지를 출시해 공식 채널에서 예약할 경우...,thebigdata.co.kr,http://www.thebigdata.co.kr/view.php?ud=202607070905147446a79b9f00ab_23,,
패키지 여행 수요,2026. 7. 7.,7월 18~19일 대구웨딩정보박람회 개최…웨딩홀부터 허니문까지,"신혼여행 등 다양한 분야의 상담을 진행한다. 전문 웨딩플래너가 상주해 예비부부의 예산과 일정, 희망 콘셉트를 분석하고 상황에 맞는 맞춤형 상담을 제공한다. 최근 수요가 꾸준히 증가하는 스몰 웨딩 고객을 위한...",gosiweek.com,https://www.gosiweek.com/article/1065601718441035,,
패키지 여행 수요,2026. 7. 7.,"[단독 인터뷰] 이종욱 관세청장 ""국가 핵심기술 유출 방지, 마약으로부...","=승객예약자료(PNR)는 항공권 예약·발권·탑승 과정에서 생성되는 정보로, 여행경로, 발권일, 동반탑승자 및... 종합적으로 패키지화해 집중지원할 계획입니다"" ▶중동전쟁이 지속되는 동안 물류비 상승 등으로 국내...",sejungilbo.com,https://www.sejungilbo.com/news/articleView.html?idxno=59121,,
패키지 여행 수요,2026. 7. 6.,"""해외는 사치""…올 여름휴가, 짧고 가깝게","국내 여행을 계획한 응답자는 74.2%로 해외여행 수요를 크게 웃돌았다. 여행지 선택 기준 역시 과거와... 대구지역 한 여행사 관계자는 ""예전에는 여름휴가를 앞두고 3~4박 이상 일정이나 해외 패키지를 문의하는 경우가...",idaegu.co.kr,https://www.idaegu.co.kr/news/articleView.html?idxno=553058,,
패키지 여행 수요,2026. 7. 6.,[트렌드+] 호두과자·육포·부침개…K과자의 이색 변주,"마가렛트가 전국 유명 디저트 브랜드와 협업하는 '마가렛트가 찾아가는 카페 여행' 프로젝트의 첫 번째... 패키지에는 복호두 캐릭터 '호복이'와 '보코'를 적용해 협업 정체성을 강조했다. 롯데웰푸드 관계자는 ""복호두의...",shinailbo.co.kr,https://www.shinailbo.co.kr/news/articleView.html?idxno=5038026,,
패키지 여행 수요,2026. 7. 6.,"마이녹셀, 두피 케어에 휴식을 더하다…'두피 웰니스' 캠페인 눈길",두피 관리를 여행과 휴식에 접목한 이번 캠페인은 기능성 제품을 직접 경험하도록 해 브랜드 접점을... 투숙객 전원에게 마이녹셀 스페셜 2종 키트를 제공하며 전용 패키지 이용객에게는 추가 구성품도 증정한다....,ngetnews.com,https://www.ngetnews.com/news/articleView.html?idxno=551306,,
패키지 여행 수요,2026. 7. 6.,"노랑풍선, 베트남 허니문 상품에 다낭·푸꾸옥 등 추가","하프보드 또는 올인클루시브 형태가 적용되며, 식사와 일정 일부가 패키지 형태로 제공된다. 베트남은... 회사 측은 “4개 지역 리조트를 중심으로 한 구성으로 운영되며, 4~6시간 이동 거리 기반 여행 수요가 반영된 형태”...",lawissue.co.kr,http://www.lawissue.co.kr/view.php?ud=202607061539249028204ead0791_12,,
패키지 여행 수요,2026. 7. 6.,"보람컨벤션, 제6회 보람웨딩초대전 성료…울산·경남 예비부부 150쌍 방...","특히 촬영, 드레스, 예물, 신혼여행, 혼수 등 결혼 준비 과정에서 검토해야 할 주요 항목을 한자리에서 확인할 수 있어 준비 초기 단계의 예비부부들에게 실질적인 정보를 제공했다. 행사 기간에는 예식 패키지 지원을...",ziksir.com,https://www.ziksir.com/news/articleView.html?idxno=139213,,
패키지 여행 수요,2026. 7. 6.,"[HOT 마켓 트렌드] 호텔업계, 펫캉스 차별화 경쟁…""숙박에서 경험으로...",사진=교원 교원그룹이 운영하는 펫 프렌들리 호텔 키녹(KINOCK)은 반려동물 전용 온천수 스파 패키지를 선보이며 펫 웰니스 여행 수요 공략에 나섰다. 해당 패키지는 반려동물의 휴식에 초점을 맞춘 체류형 콘텐츠로 지하...,bizwnews.com,http://www.bizwnews.com/news/articleView.html?idxno=140067,,
패키지 여행 수요,2026. 7. 6.,"보람컨벤션, 웨딩초대전 성료…울산·경남 예비부부 150쌍 참가","방문객들은 웨딩홀 투어와 함께 촬영, 드레스, 예물, 신혼여행, 혼수 등 결혼 준비 전 과정을 한자리에서 비교·상담할 수 있어 시간과 비용을 줄일 수 있었다. 보람컨벤션은 행사 기간 예식 패키지 혜택과 함께 혼수가전...",megaeconomy.co.kr,https://www.megaeconomy.co.kr/news/newsview.php?ncode=1065588482800894,,
패키지 여행 수요,2026. 7. 6.,"패스오더, 선물용 디저트 '브릭샌드' 입점…커피 넘어 디저트까지 플랫...","사진=패스오더  최근 디저트에 대한 관심이 높아지면서 디저트는 단순한 간식을 넘어 여행지의 경험과... 경험하려는 수요가 늘고 있다. 브랜드를 고를 때 맛은 기본이고 스토리와 제품 디자인, 패키지, 매장 접근성까지...",bizwnews.com,http://www.bizwnews.com/news/articleView.html?idxno=140045,,
패키지 여행 수요,2026. 7. 6.,"투어클럽, 서울·부산 지역 호텔 리포터 체험 프로그램 운영","포함 패키지, 레이트 체크아웃 등 다양한 혜택도 제공된다. 투어클럽은 숙소별 특성에 맞춘 여름 시즌 이벤트와 체험 프로그램을 함께 운영해 참가자 만족도를 높인다는 계획이다. 투어클럽 관계자는 ""여름은 여행 수요가...",beyondpost.co.kr,http://www.beyondpost.co.kr/view.php?ud=2026070610550444166cf2d78c68_30,,
패키지 여행 수요,2026. 7. 6.,"워커힐, 여름방학 가족 겨냥 '서머 키즈 캠프' 운영","키즈 패키지가 가족 고객 유치의 핵심 콘텐츠로 자리 잡는 추세다. 워커힐은 스포츠와 문화, 미식 콘텐츠를 하나의 일정으로 연결한 이번 프로그램이 가족 고객들의 만족도를 높이고 재방문 수요 확대에도 긍정적인...",koreaittimes.com,https://www.koreaittimes.com/news/articleView.html?idxno=154942,,
패키지 여행 수요,2026. 7. 6.,"모두투어, 중국 연태서 '해외 파크골프 대회' 개최… 스포츠 테마 상품...","모집 인원은 총 300명 규모로, 대회 참가와 연습 라운딩, 현지 관광 및 미식 체험을 결합한 패키지 형태로... 이에 따라 동호회 기반의 교류 수요가 뚜렷해지면서 관련 여행 상품에 대한 관심도 함께 확대되는 추세다....",discoverynews.kr,https://www.discoverynews.kr/news/articleView.html?idxno=1095269,,
패키지 여행 수요,2026. 7. 6.,"한샘, 여름 '홈캉스' 수요 공략...가구·리모델링 할인 프로모션 실시",패키지 혜택을 온·오프라인에서 동시에 제공하며 여름철 집 꾸미기 수요 공략에 나선다. 한샘은 온라인 한샘몰과 전국 오프라인 매장에서 '7월 썸머 프로모션'을 실시한다. 이번 행사는 여름 휴가 시즌을 앞두고 여행...,popcornnews.net,http://www.popcornnews.net/news/articleView.html?idxno=125647,,
패키지 여행 수요,2026. 7. 6.,"CN모터스, 반려동물 축제 '반가운축제' 참가...""반려견 친화형 카니발 하...","높였다""며 ""차박 패키지는 공간 활용성을 강화한 것이 특징이다. 통합형 3열 시트를 평탄화하면 넓은 실내 공간을 확보할 수 있어 대형견도 편안하게 휴식을 취할 수 있으며, 여행이나 캠핑 등 반려동물과 함께하는 다양한...",sisunnews.co.kr,http://www.sisunnews.co.kr/news/articleView.html?idxno=241874,,
패키지 여행 수요,2026. 7. 6.,"제주, 단체관광 줄고 기름값은 뛰었다… 전세버스 1850명 고용안정 지원",관광 수요가 흔들릴 때마다 소득이 줄어드는 전세버스업의 인력 이탈을 막고 숙련 운전인력을 지키기 위한 지원책이다. 6일 제주특별자치도에 따르면 도는 오는 8일부터 24일까지 '제주 전세버스업 고용안정 패키지...,fnnews.com,https://n.news.naver.com/mnews/article/014/0005543962?sid=102,,
패키지 여행 수요,2026. 7. 6.,"통신3사, AI 데이터센터 구축 추진...'익시오 로밍콜' 서비스 출시...'갤...",글로벌 컨설팅사 맥킨지앤컴퍼니(McKinsey& Company)는 글로벌 데이터센터 수요가 매년 19~22%씩 성장하는 데... 보조배터리 패키지가 제공된다(사은품 제공 여부는 대리점별로 상이). 이외 KT 공식 온라인몰 KT닷컴에서...,wsobi.com,http://www.wsobi.com/news/articleView.html?idxno=314738,,
패키지 여행 수요,2026. 7. 6.,"현대약품 마이녹셀, 웰파크호텔과 두피 케어 웰니스 캠페인 진행",최근 여행과 건강관리를 함께 즐기는 웰니스 수요가 늘면서 기업들도 숙박시설과 연계한 체험형 마케팅을... 전용 패키지 이용 고객에게는 주요 제품으로 구성한 파우치 키트도 증정한다. 마이녹셀 공식 스토어에서는...,beyondpost.co.kr,http://www.beyondpost.co.kr/view.php?ud=2026070608241734746a9e4dd7f_30,,
패키지 여행 수요,2026. 7. 5.,"[HOT 마켓 트렌드] 놀유니버스 ""올 여름 여행·여가 수요 증가…여행지...","높은 수요를 증명했다고 회사 측은 전했다. 반면 패키지여행은 '베트남 나트랑 5일', '중국 청도 3일', '동유럽 9일' 상품이 1~3위를 기록하며 단거리 여행부터 중장거리 여행까지 선택지가 넓어지는 흐름이 포착됐다고...",bizwnews.com,http://www.bizwnews.com/news/articleView.html?idxno=140026,,
패키지 여행 수요,2026. 7. 5.,"[산업 이모저모] 파라다이스그룹, 쏠비치 남해, 여기어때 등","이와 함께 여름철 투숙객 대상으로 부대시설과 식음 혜택을 결합한 '칠 서머(Chill Summer)' 패키지도 함께... 사진=여기어때 ◆여기어때 라이브, 성수기 라인업 공개 여기어때(대표 정명훈)가 여름 휴가철 여행 수요를 겨냥해...",bizwnews.com,http://www.bizwnews.com/news/articleView.html?idxno=140018,,
패키지 여행 수요,2026. 7. 5.,댕댕이와 함께 여름휴가를…호텔가 ‘펫캉스’ 경쟁,"동반 여행 수요 증가에 맞춰 프리미엄 서비스 강화에 나서고 있다. 하얏트 리젠시 인천 파라다이스시티는 반려동물 동반 객실과 객실 내 식사, 유모차 대여 등을 포함한 펫 전용 패키지를 선보였다. 그랜드 머큐어 앰배서더...",segye.com,https://n.news.naver.com/mnews/article/022/0004140594?sid=103,,
패키지 여행 수요,2026. 7. 5.,올여름 국내 숙소 예약 68%↑… 체크인 최다 날은 제헌절,"베트남(21%)이 뒤를 이었고, 발리 여행 수요에 힘입어 인도네시아(5%)가 새롭게 3위권에 진입했다. 해외... 패키지여행은 베트남 나트랑 5일·중국 청도 3일·동유럽 9일 순이었다. 공연·전시 부문에서는 여름방학 시즌...",digitalchosun.dizzo.com,http://digitalchosun.dizzo.com/site/data/html_dir/2026/07/05/2026070580029.html,,
패키지 여행 수요,2026. 7. 5.,여름숙소 예약 68% 늘었다…18년 만의 제헌절 연휴 '특수',"베트남(21%)이 뒤를 이었고, 발리 여행 수요에 힘입은 인도네시아(5%)가 3위권에 새로 진입했다. 해외 투어... 패키지여행은 ‘베트남 나트랑 5일’, ‘중국 청도 3일’, ‘동유럽 9일’ 상품이 1~3위를 기록했다. 판매...",edaily.co.kr,https://n.news.naver.com/mnews/article/018/0006323138?sid=103,,
패키지 여행 수요,2026. 7. 5.,"[반려동물] ""해외 대신 반려견과 국내로""…여름 성수기 '펫캉스' 경쟁","특급호텔에서도 '펫모차'…""숙박 넘어 경험 제공"" 반려동물 동반 여행 수요가 늘면서 특급호텔 업계도 프리미엄 서비스 강화에 나서고 있다. 하얏트 리젠시 인천 파라다이스시티는 최근 펫 전용 객실 패키지 '펫케이션'을...",yna.co.kr,https://n.news.naver.com/mnews/article/001/0016176119?sid=101,,
패키지 여행 수요,2026. 7. 4.,여행이지 '마나도 5일' 출시...모두투어 '모두의 크루즈' 성료,여행업계에서 신규 휴양지 상품과 전세선 크루즈 운영을 통해 여행 수요 다변화와 프리미엄 패키지 경쟁력을 강화한다. 교원투어 여행이지는 지난해 직항 노선 신규 취항 이후 인도네시아 마나도 여행 수요가 빠르게...,slist.kr,https://www.slist.kr/news/articleView.html?idxno=749557,,
패키지 여행 수요,2026. 7. 4.,"[현장] “뷰티계의 다이소” 오프뷰티, 1년 새 45곳 늘어…연매출 1000억...","스위스에서 여행을 왔다는 20대 커플은 선크림과 색조 화장품을 둘러보다 가격표를 보고 발걸음을 멈췄다.... 전략적 재고는 패키지 리뉴얼, 생산량 조정 실패 등으로 발생한 물량이다. 이를 통해 정가 대비 최소 20...",mydaily.co.kr,https://n.news.naver.com/mnews/article/117/0004081378?sid=103,,
패키지 여행 수요,2026. 7. 4.,"여기어때, 라이브 3개월 만에 140억원…항공·패키지 확대",패키지와 항공·숙소 결합 상품은 29일 오후 2시 공개한다. 이용자는 여기어때 애플리케이션에서 방송 알림을 신청하거나 종료 후 다시보기를 이용할 수 있다. 여기어때는 이번 성수기 편성에서 단순 할인보다 여행 수요를...,asiatime.co.kr,https://www.asiatime.co.kr/article/20260703500217,,
패키지 여행 수요,2026. 7. 3.,"여행도 라이브커머스로 산다···여기어때, 첫 구매자 25% 확보","라이브 방송을 통해 국내 숙소와 항공권, 해외여행 상품 등을 선보이며 여름 성수기 수요 공략에 나선... 방송 중 가족 여행지와 관련된 문의가 꾸준히 이어지고 있으며, 구매 데이터에서도 가족 여행객을 겨냥한 패키지...",smartbizn.com,https://www.smartbizn.com/news/articleView.html?idxno=147757,,
패키지 여행 수요,2026. 7. 3.,"비싸도 여행 떠난다…여름 성수기 예약 급증, MZ '가성비 여행' 찾는다","삿포로 비에이·후라노 버스투어, 오사카 난카이 라피트 편도 티켓, 유니버설 스튜디오 재팬 입장권 등이 높은 예약률을 보이며 자유여행객의 필수 상품 수요를 보여줬다. 패키지여행 부문에서는 '베트남 나트랑 5일...",tournews21.com,https://www.tournews21.com/news/articleView.html?idxno=137904,,
패키지 여행 수요,2026. 7. 3.,"국민의힘 김용태 국회의원, ""K-캠핑, 외국인 관광객 3천만 시대 이끌 핵...","관광 수요를 창출할 수 있는 새로운 관광모델""이라며 ""지역소멸 위기를 겪는 지방에 새로운 경제 활력을... 아울러 운영 지원과 관광상품 개발, 홍보를 통합 지원하는 정책 패키지와 민관 협력기구인 '캠핑관광 발전협의회...",inews24.com,https://n.news.naver.com/mnews/article/031/0001039695?sid=102,,
패키지 여행 수요,2026. 7. 3.,"놀유니버스, 미리 보는 여름 성수기 여행ㆍ여가 트렌드 공개","반면 패키지여행은 베트남, 중국, 동유럽 등으로 수요가 분산되며 선택 폭이 확대됐다. 공연·여가 소비도 다변화됐다. 뮤지컬과 전통예술 분야에서는 어린이 대상 공연이 강세를 보였고, 콘서트 부문에서는...",lawissue.co.kr,http://www.lawissue.co.kr/view.php?ud=202607031631591259204ead0791_12,,
패키지 여행 수요,2026. 7. 3.,"놀유니버스 ""올 여름 국내 숙소 예약 68%↑⋯해외는 日 35% 강세""","높은 수요를 증명했다. 반면 패키지여행은 '베트남 나트랑 5일', '중국 청도 3일', '동유럽 9일' 상품이 1~3위를 기록하며 단거리 여행부터 중장거리 여행까지 선택지가 넓어지는 흐름이 포착됐다. 이번 예약...",inews24.com,https://n.news.naver.com/mnews/article/031/0001039666?sid=101,,
패키지 여행 수요,2026. 7. 3.,"“유류할증료 내렸다고? 가자!”… 여행업계, 여름휴가 할인 총력전","단거리 여행지는 물론 미주와 대양주, 유럽 등 장거리 여행지의 호텔을 포함했다. 패키지 상품과 현지 투어... 모두투어는 여름 성수기 괌 여행 수요를 겨냥해 가족 여행객과 자유여행 고객을 위한 상품도 확대했다....",mk.co.kr,https://n.news.naver.com/mnews/article/009/0005702441?sid=103,,
패키지 여행 수요,2026. 7. 3.,[A 오늘의 유통] 시몬스·제니퍼룸·코리아나화장품·빙그레·동아오츠...,"패키지 구매 고객을 위한 혜택도 강화했다. 제품 2대 이상을 동시에 신규 렌탈하면 약정기간 내내 매월 렌탈료 최대 15% 할인이 추가로 적용되며, 총 100명 추첨을 통해 'AI 음성인식 선풍기'도 제공한다. 특히 여름철 수요가...",asiaa.co.kr,https://www.asiaa.co.kr/news/articleView.html?idxno=254216,,
패키지 여행 수요,2026. 7. 3.,"'2026 칭다오-한국 경제무역·문화관광 협력 교류회(서울)' 성료 ... ""'한...",초기 수요를 한자리에서 해결해 준다. 또한 최근 대대적으로 출시된 '칭다오 패스(Qingdao PASS)'는 지하철과... 투어 패키지 론칭 △고성 + 맥주 테마 크로스보더 관광 (화강국제관광 - 바른투어여행사) 역사 문화 유적지와...,ttlnews.com,http://www.ttlnews.com/news/articleView.html?idxno=3122620,,
패키지 여행 수요,2026. 7. 3.,[호텔가 이모저모] 파라다이스시티X프랑스 관광청 '르 카페' 운영 外,스위트호텔 제주는 제주도가 해외여행보다 비용 부담이 낮고 짧은 일정으로 다녀오기 쉽다는 점이 가족 단위 여행객 수요로 이어진 것으로 분석했다. 교원투어 여행이지의 같은 기간 국내 패키지 예약률도 43.8...,slist.kr,https://www.slist.kr/news/articleView.html?idxno=749380,,
패키지 여행 수요,2026. 7. 3.,여름 국내 숙소 예약 68% 증가…해외여행 1위는 일본,"올해 제헌절이 공휴일로 재지정되면서 연휴를 활용하려는 여행 수요가 반영된 것으로 풀이된다. 해외... 패키지여행에서는 '베트남 나트랑 5일'과 '중국 칭다오 3일', '동유럽 9일' 상품이 차례로 1~3위에 올랐다. 짧은...",newstnt.com,https://www.newstnt.com/news/articleView.html?idxno=708837,,
패키지 여행 수요,2026. 7. 3.,도심 아트 전시·리조트 특전…호텔업계 여름 마케팅 돌입,"아트 전시부터 웰니스, 호캉스 패키지까지 다양한 프로그램으로 고객 수요 공략에 나섰다. 인터컨티넨탈... 단위 여행객도 이용하기 좋다. 그랜드 하얏트 서울이 도심 속 휴식을 위한 '리커버리 스위트 패키지'를...",slist.kr,https://www.slist.kr/news/articleView.html?idxno=749375,,
패키지 여행 수요,2026. 7. 3.,"놀유니버스, 여름 성수기 트렌드 발표…국내 숙소 68%·해외는 일본 강...","발리 여행 수요 증가에 힘입은 인도네시아(5%)는 새롭게 3위권에 진입했다. 해외 액티비티 부문에서도 삿포로 버스투어, 오사카 라피트 티켓 등이 상위권을 차지해 일본 자유여행의 인기를 증명했다. 패키지여행의...",daily.hankooki.com,https://daily.hankooki.com/news/articleView.html?idxno=1382547,,
패키지 여행 수요,2026. 7. 3.,"놀유니버스, 국내 숙소 예약 68% 증가...강원·제주·부산 인기","자유여행 중 현지 이동과 관광 상품을 함께 예약하는 수요가 반영된 결과다. 패키지여행에서는 '베트남 나트랑 5일', '중국 청도 3일', '동유럽 9일' 상품이 1~3위에 올랐다. 단거리 휴양지부터 중장거리 유럽 일정까지...",slist.kr,https://www.slist.kr/news/articleView.html?idxno=749369,,
패키지 여행 수요,2026. 7. 3.,[잘먹잘살+]아모레퍼시픽·해피바스·쿠팡·여기어때·놀유니버스·11번...,"여름 휴가를 계획 중인 고객들이 더 편리하고 합리적인 가격으로 여행을 준비할 수 있도록 국내숙소와 항공, 해외 패키지까지 여름 휴가 수요에 맞춘 다양한 상품 순차적으로 공개할 예정이다. 사진=놀유니버스...",businessplus.kr,https://www.businessplus.kr/news/articleView.html?idxno=113682,,
패키지 여행 수요,2026. 7. 3.,"놀유니버스 ""올여름 여행수요 급증""...국내 숙소 예약 68%↑","올여름 여행 수요가 지난해보다 크게 늘어난 가운데 국내에서는 강원특별자치도가 해외에서는 일본이 가장... 체험형 여행 상품이 높은 인기를 보였다. 반면 패키지여행에서는 '베트남 나트랑 5일', '중국 청도 3일...",popcornnews.net,http://www.popcornnews.net/news/articleView.html?idxno=125537,,
패키지 여행 수요,2026. 7. 3.,"[산업 이모저모] 소노시즌, 놀유니버스, 교원투어 등","사진=교원투어 ◆교원투어 여행이지, 마나도 패키지 상품 출시 교원투어(대표 장동하)가 신규 여행지 수요 확대에 맞춰 여행 상품을 강화하고 있다. 최근 직항 노선 개설로 접근성이 크게 개선된 인도네시아 마나도 관련...",bizwnews.com,http://www.bizwnews.com/news/articleView.html?idxno=139938,,
패키지 여행 수요,2026. 7. 3.,"""다시 공휴일 된 제헌절에 여행 떠나""…'여름 성수기' 강원·일본 집중","2위는 베트남(21%)이었으며, 3위는 발리 여행 수요에 힘입은 인도네시아(5%)가 순위권에 진입했다. 패키지여행은 '베트남 나트랑 5일', '중국 청도 3일', '동유럽 9일' 상품이 1~3위를 기록하며 단거리 여행부터 중장거리...",view.asiae.co.kr,https://n.news.naver.com/mnews/article/277/0005785052?sid=101,,
패키지 여행 수요,2026. 7. 3.,올여름 국내 여행 68% 급증…전시는 '인상주의를 넘어' 1위,"대한 수요가 높은 것으로 나타났다. 패키지여행 상품에서는 베트남 나트랑 5일, 중국 청도 3일, 동유럽 9일 상품이 각각 1~3위를 기록해 단거리부터 중장거리까지 다양한 여행지가 선택받은 것으로 분석됐다. 공연·전시...",hankyung.com,https://n.news.naver.com/mnews/article/015/0005305864?sid=103,,
패키지 여행 수요,2026. 7. 3.,"국내는 강원, 해외는 일본…NOL 데이터로 본 여름휴가 공식","일본 현지 관광과 자유여행 필수 상품에 대한 수요가 높았던 것으로 분석된다. 패키지여행에서는 베트남 나트랑 5일, 중국 청도 3일, 동유럽 9일 상품이 1~3위를 기록했다. 단거리 여행부터 중장거리 여행까지 선택지가...",pinpointnews.co.kr,https://www.pinpointnews.co.kr/news/articleView.html?idxno=465205,,
패키지 여행 수요,2026. 7. 2.,"고유가·고환율에 가성비 여행 뜬다…교원, 국내 호텔·동남아 예약 '쑥...","즐기려는 수요가 확대되면서 스위트호텔 제주와 키녹의 객실점유율이 상승하고 있다""며 ""앞으로도 계절과 여행 트렌드를 반영한 차별화된 패키지를 통해 고객 경험을 지속적으로 강화해 나갈 것""이라고 말했다....",wikileaks-kr.org,http://www.wikileaks-kr.org/news/articleView.html?idxno=189340,,
패키지 여행 수요,2026. 7. 2.,"진주시, 유등축제 연계 중국 관광객 유치 본격화","관광객 수요에 맞춘 관광상품을 보완·개발할 계획이다. 특히 올해 10월 열리는 진주남강유등축제 기간을 목표로 중국 현지 여행사와의 협력 네트워크를 강화하고, 항공·숙박·연계 교통 패키지, 야간 프로그램 운영...",gndomin.com,http://www.gndomin.com/news/articleView.html?idxno=480815,,
패키지 여행 수요,2026. 7. 2.,"교원투어, 마나도 여행상품 확대...직항 효과에 예약 증가",마나도 여행 상품을 확대했다. 직항 노선 취항 이후 예약이 늘면서 관련 패키지 상품을 선보이고... 지난해 직항 노선 개설로 접근성이 개선된 데다 새로운 여행지를 찾는 수요가 늘어난 영향으로 분석했다. 교원투어는...,womentimes.co.kr,https://www.womentimes.co.kr/news/articleView.html?idxno=104102,,
패키지 여행 수요,2026. 7. 2.,[산업 콕!] '황금알 낳는 거위' 펫코노미 화려한 진화,교원그룹이 운영하는 키녹(KINOCK) 올 여름 투숙객과 반려동물이 함께 즐길 수 있는 '치킨타임 패키지'를... 여기에는 반려동물 양육 인구 증가와 함께 펫 동반 여행 수요가 확대된 것이 영향을 미쳤다는 분석. 해외 대신...,00news.co.kr,http://www.00news.co.kr/news/articleView.html?idxno=104873,,
패키지 여행 수요,2026. 7. 2.,"이 대통령, 이재용 '반도체 공장 땅 부족' 호소에 ""아래쪽엔 땅 많습니...","AI 데이터센터용 서버 반도체 패키지 기판 전시 공간에서는 이재용 회장과 생산시설 확충 문제를 놓고 대화를 나눴다. 이 회장은 ""AI 붐 때문에 수요가 갑자기 늘어 부산 공장에서 하다가 땅이 없어 세종 공장으로 갔는데...",hidomin.com,https://www.hidomin.com/news/articleView.html?idxno=711756,,
패키지 여행 수요,2026. 7. 2.,"[가전 트렌드] 필립스, 네이버쇼핑 '넾다세일' 참여… 최대 64% 할인 혜택...","이 밖에도 '9900 프레스티지', '다이아몬드클린 9000 에센셜 구강세정기 패키지' 등 인기 제품을 합리적인... 해외여행 수요가 꾸준히 증가하면서 여행지에서도 깔끔한 스타일을 유지하려는 소비자들이 늘고 있다. 이에...",ibabynews.com,https://www.ibabynews.com/news/articleView.html?idxno=152535,,
패키지 여행 수요,2026. 7. 2.,"요즘 뜨는 여행지, 마나도가 대체 어디야?","교원투어 마나도 패키지. [사진=교원투어 제공] 수요 증가는 직항 노선 개설로 접근성이 크게 개선된 영향이다. 또 기존 인기 여행지를 넘어 새로운 목적지를 찾으려는 여행 트렌드가 반영된 결과다. 발리와 푸껫, 세부, 괌...",sportsq.co.kr,http://www.sportsq.co.kr/news/articleView.html?idxno=495956,,
패키지 여행 수요,2026. 7. 2.,"이 대통령, '공장 입지부족' 이재용 설명에 ""아래쪽에는 땅 많습니다""","반도체 패키지 기판, 차세대 배터리 전시도 살폈다. HBM 제조 공정 영상 앞에서는 ""이거 시골 촌놈이 서울 구경 온 기분인데""라고 농담을 건네며 포토·식각·세정 등 공정을 직접 질문했다. 이 대통령은 AI 수요 폭증에 따른...",newsis.com,https://n.news.naver.com/mnews/article/003/0014043284?sid=100,,
패키지 여행 수요,2026. 7. 2.,"여행주 강세…롯데관광개발 상승 주도, 참좋은여행·하나투어·노랑풍선...","특히 패키지여행과 자유여행 수요 회복, 복합리조트와 관광 인프라 운영 정상화가 여행 관련 기업들의 실적에 긍정적인 영향을 미칠 수 있다는 전망이 나온다. 증권가에서는 여행 수요 회복세가 이어질 경우...",cbci.co.kr,https://www.cbci.co.kr/news/articleView.html?idxno=586203,,
패키지 여행 수요,2026. 7. 2.,내년 인천항 크루즈 131항차…2년 연속 역대 최대 예상,"2일 인천항만공사(IPA)에 따르면 2027년 크루즈 여행의 기·종착지 역할을 하는 모항 항차는 18항차, 잠시 들르는 기항은 113항차로 예상된다. IPA는 크루즈 수요 증가에 발맞추어 세관·출입국·검역(CIQ) 및 지자체 등...",newsis.com,https://n.news.naver.com/mnews/article/003/0014042459?sid=102,,
패키지 여행 수요,2026. 7. 2.,골프 스피커가 코스까지 보여준다…부쉬넬 Wingman HD 출시,"피크닉, 여행 등 일상에서도 활용할 수 있는 프리미엄 Bluetooth 스피커""라며 ""제품 보호는 물론 소장 가치까지 높인 한정판 패키지를 통해 소비자들에게 더욱 특별한 구매 경험을 제공하고자 이번 프로모션을...",pinpointnews.co.kr,https://www.pinpointnews.co.kr/news/articleView.html?idxno=464946,,
패키지 여행 수요,2026. 7. 2.,"교원투어(여행이지), 인도네시아 마나도 예약 비중 20% 급증... 신흥 휴...","교원투어, 마나도 패키지 [사진=여행이지]  지난해 직항 노선이 개설된 인도네시아 마나도가 새로운 여행지를... 이는 발리, 푸껫, 세부 등 기존의 대중적인 휴양지 외에 새로운 목적지를 찾는 여행 수요가 반영된 결과로...",discoverynews.kr,https://www.discoverynews.kr/news/articleView.html?idxno=1095035,,
패키지 여행 수요,2026. 7. 2.,'에뛰드×쌍쌍바'·'말본×발렌타인'…유통가 '뜻밖의 만남' 통했다,"각 아이스크림의 브랜드 정체성을 메이크업 제품과 패키지, 한정 굿즈에 녹여내며 향수를 자극하는... 리빙·여행·일상용품 등 3개 카테고리, 총 15개 제품군으로 구성해 기존 브랜든 고객뿐 아니라 캐릭터 팬덤 수요까지...",newsis.com,https://n.news.naver.com/mnews/article/003/0014041987?sid=101,,
패키지 여행 수요,2026. 7. 2.,"[여행산업 HOT 뉴스] 국내 여행의 재발견, 수도권 벗어난 '로컬의 힘'이...",대목은 여행 수요의 '지리적 재배치'다. 과거 수도권 집중 현상이 강했던 여행 패턴이 이제는 지방 곳곳으로... 1박 이상 숙박하며 여행을 즐기는 비중이 41.3%로 소폭 상승했다. 여행사 패키지 상품을 활용하더라도 교통과...,bizwnews.com,http://www.bizwnews.com/news/articleView.html?idxno=139823,,
패키지 여행 수요,2026. 7. 1.,"뉴욕여행, 개인별 맞춤형으로 가성비 있게[뉴욕 in]","또 다른 탑승객은 ""좌석이 넓고 편해서 장거리 이동인데도 크게 피로하지 않을 것 같다""고 말했다.뉴욕 여행 수요가 패키지 중심에서 개별 일정 중심으로 이동하고 있다. 숙소와 항공권을 직접 예약하고, 현지에서 필요한...",news.mtn.co.kr,https://news.mtn.co.kr/news-detail/2026070123153557210,,
패키지 여행 수요,2026. 7. 1.,"럭셔리 스테이·K-푸드·음악축제, 여행 경험의 폭이 넓어진다","복합리조트는 역대급 실적으로 외국인 관광 수요 회복을 입증했고, 호텔들은 객실과 다이닝을 결합한 프로모션으로 도심 속 여름 경험을 강화하고 있다. 여기에 여행 플랫폼은 대규모 페스티벌을 통해 오프라인...",pressman.kr,https://www.pressman.kr/news/articleView.html?idxno=102562,,
패키지 여행 수요,2026. 7. 1.,나라사랑카드 이어 '대학 금고' 쟁탈전 후끈,신한은행은 모바일 학생증과 배달앱 식권 구매 등을 묶은 ‘캠퍼스 올인원 패키지’를 내놨다. 하나은행은 해외여행 수요가 많은 20대 고객을 겨냥해 ‘하나트래블로그 학생증 체크카드’를 선보였다. 국민은행은 20대...,hankyung.com,https://n.news.naver.com/mnews/article/015/0005305149?sid=101,,
패키지 여행 수요,2026. 7. 1.,"코레일관광개발, KLPGA 스타들 보러 정선 가볼까",이번에 선보이는 세미패키지 여행상품은 철도 교통과 강원도 지역 관광 콘텐츠를 결합해 골프 팬들의 이동... 최근 스포츠 직접 관람과 지역 여행을 결합한 ‘스포츠 관광’ 수요가 늘어남에 따라 기획한 특화 상품이다....,sports.donga.com,https://n.news.naver.com/mnews/article/382/0001281122?sid=103,,
패키지 여행 수요,2026. 7. 1.,"[유통브리핑] 바비톡, 배우 강하늘 새 모델로 발탁 외","시술 수요 증가를 겨냥했다. 바비톡은 메디컬 뷰티 플랫폼 모델로는 이례적으로 남성 배우인 강하늘을... 시네마' 패키지를 단독 판매한다. 패키지 구매 고객은 공식 개봉 전 영화 관람과 포토존, 현장 이벤트 등을...",seoulfn.com,https://www.seoulfn.com/news/articleView.html?idxno=632418,,
패키지 여행 수요,2026. 7. 1.,[ICT 종합] 업비트 및 캐논코리아 소식 외,"-캐논코리아(대표이사 박정우)가 본격적인 여름 휴가 및 여행 시즌을 맞아 정품등록 프로모션 '여름의... 특히, 이번 간편식 시리즈의 모든 패키지에는 두산베어스의 유니폼과 모자를 착용한 '쿵야 레스토랑즈...",gamevu.co.kr,https://www.gamevu.co.kr/news/articleView.html?idxno=59074,,
패키지 여행 수요,2026. 7. 1.,"""민생 안정이 최우선""… 공공기관, 포용적 복지·지역 상생 경영 총력전",전기요금 복지할인은 폭염이 예상되는 여름철 냉방 수요 급증에 대비해 월 최대 2만 원까지 요금을 감면해... 코레일은 이날부터 인구감소지역의 경제 활성화를 도모하는 복합 관광 패키지 '지역사랑 철도여행...,popcornnews.net,http://www.popcornnews.net/news/articleView.html?idxno=125337,,
패키지 여행 수요,2026. 7. 1.,"“용역 따게 해줄게, 하와이 여행비 줘”…550만원 챙겼다","1일 경기 일산서부경찰서는 한국건설기술연구원의 수석연구원인 40대 남성을 뇌물수수 혐의로, 교통 수요조... 업체 대표는 수석연구원의 하와이 패키지 여행 경비 550만 원을 대신 결제했다. 그러나 해당 업체는 2024년...",donga.com,https://n.news.naver.com/mnews/article/020/0003730783?sid=102,,
패키지 여행 수요,2026. 7. 1.,[산업계 동향] 기아·티웨이·호반그룹,다이내믹 트림에도 사이드 스텝과 베드커버 패키지 등 순정 액세서리 선택 범위를 확대했다. 판매 가격은... 티웨이항공은 계절별 여행 수요에 맞춰 정기편과 부정기편을 탄력적으로 운영하며 한중 노선 경쟁력을...,iminju.net,http://www.iminju.net/news/articleView.html?idxno=166073,,
패키지 여행 수요,2026. 7. 1.,휴가철 장바구니 부담 던다…이마트·롯데마트·쿠팡·11번가 ‘할인 총...,"신선식품과 보양식부터 생필품, 계절가전, 여행상품까지 할인 품목을 대폭 확대하며 휴가철 소비 수요... 여행상품 할인도 강화했다. 괌과 사이판, 코타키나발루, 푸꾸옥 등 해외 휴양지 패키지와 국내 호텔·리조트...",news2day.co.kr,https://www.news2day.co.kr/article/20260701500152,,
패키지 여행 수요,2026. 7. 1.,고물가 속 여름 특수 잡기…유통가 온오프라인 ‘장바구니’ 공략,"휴가철 수요를 겨냥한 대규모 할인 행사를 진행한다. 패션·뷰티를 중심으로 여행상품과 계절가전... 요일별 브랜드 릴레이 할인과 라이브커머스를 결합해 쇼핑 재미를 높였고, 해외 패키지와 국내 숙박 상품도 포함했다....",kukinews.com,https://www.kukinews.com/article/view/kuk202607010075,,
패키지 여행 수요,2026. 7. 1.,"[금융zip] 한화생명, 세브란스병원과 치매 예방·진단·보장 협력모델 구...","'알파벳카드'는 개별 '상품' 외에도 전용 서체 및 별도 플레이트 디자인, 패키지를 갖춘 독자브랜드로... '알파벳카드'는 뷰티, 간편결제, 정기결제, 다이닝, 여행 등 카드별 핵심영역에서 10% 청구할인을 제공한다. 또한...",getnews.co.kr,https://www.getnews.co.kr/news/articleView.html?idxno=873760,,
패키지 여행 수요,2026. 7. 1.,"11번가, 7월 할인 행사 진행…여름 상품 최대 75% 가격 인하","여름 휴가철 수요를 반영해 래시가드와 모노키니, 워터레깅스, 아쿠아슈즈 등 스윔웨어를 비롯해 선케어 제품과 휴대용 케어용품도 할인 대상에 포함했다. 여행 상품 구성도 확대했다. 해외 휴양지 패키지와 국내...",lawissue.co.kr,http://www.lawissue.co.kr/view.php?ud=202607011307588040204ead0791_12,,
패키지 여행 수요,2026. 7. 1.,"[유통레이더]무신사, 여기어때, 이마트, SSG닷컴, 11번가, 아성다이소 外","쇼핑 수요 공략에 나선다. 이번 행사에서는 1600여개 브랜드의 패션·뷰티 상품을 비롯해 여행상품, 여름... 사진=롯데칠성음료 제공 ◇롯데칠성음료, '핫식스' 패키지 디자인 리뉴얼 롯데칠성음료가 에너지음료 '핫식스...",daily.hankooki.com,https://daily.hankooki.com/news/articleView.html?idxno=1381531,,
패키지 여행 수요,2026. 7. 1.,"코레일관광개발, KLPGA '하이원 리조트 여자오픈 2026' 연계 철도 여행상...","세미패키지 여행상품을 운영한다. 이번 상품은 최근 스포츠 관람과 지역 여행을 함께 즐기는 '스포츠 관광' 수요가 증가함에 따라, 철도와 지역 관광 자원을 연계해 국내 관광을 활성화하기 위해 기획됐다. 7월 11일 출발....",discoverynews.kr,https://www.discoverynews.kr/news/articleView.html?idxno=1094889,,
패키지 여행 수요,2026. 7. 1.,"11번가, 7월 '월간 십일절' 개최…여름 가전 등 최대 75% 할인","오는 7일 오전 11시와 낮 12시에는 '코타키나발루 그란디스 호텔 패키지 vs 쉐라톤 호텔 자유여행'과... 고광일 11번가 영업그룹장은 ""여름철 쇼핑 수요가 집중되는 시즌에 맞춰 고객들이 실질적으로 체감할 수 있는...",zdnet.co.kr,https://n.news.naver.com/mnews/article/092/0002428761?sid=105,,
패키지 여행 수요,2026. 7. 1.,"[AM리더스클럽 31] Moxa korea 에드워드 루 지사장, ""피지컬AI 시대, 네트...","그는 ""AI 데이터센터와 반도체 투자가 확대되면서 산업용 네트워크 수요가 함께 증가하고 있으며, 한국... 무선 네트워크 오류가 잦은 현장에는 Moxa 무선 서비스 패키지를 제공한다. 현장 환경 분석부터 무선망 설계...",industrynews.co.kr,https://www.industrynews.co.kr/news/articleView.html?idxno=82740,,
패키지 여행 수요,2026. 7. 1.,고유가·고물가 휘청이는 제주 전세버스…1850명 고용안정 지원,제주도는 오는 8일부터 24일까지 '제주 전세버스업 고용안정 패키지 지원사업' 신청자를 모집한다고 1일... 하지만 코로나19 이후 단체관광 회복이 더딘 데다 개별관광 중심으로 여행 방식이 바뀌면서 운행 수요가...,jemin.com,https://www.jemin.com/news/articleView.html?idxno=839636,,
패키지 여행 수요,2026. 7. 1.,여행 횟수 3억회 돌파·39조원 소비…국민 국내여행 다시 웃었다,"개별여행이 대세인 흐름 속에서도 이동과 숙박을 한 번에 해결하는 패키지 수요는 오히려 커진 셈이다. 여행 목적은 자연·풍경 감상이 31.3%로 가장 많았고, 음식관광(17.4%), 휴양·휴식(15.4%), 역사·문화유적 방문(6.8...",traveltimes.co.kr,https://www.traveltimes.co.kr/news/articleView.html?idxno=416082,,
패키지 여행 수요,2026. 7. 1.,‘부산 클래식 리추얼’ 특별한 체험 하세요,"부산콘서트홀 공연 관람과 와인 페어링, 미식 체험을 결합한 패키지 형태로 운영되며 7월부터 10월까지 총... 문화예술 여행 경험을 제공할 예정이다. 나윤빈 시 관광마이스국장은 “관광 수요가 양적 관광에서 질적...",seoul.co.kr,https://n.news.naver.com/mnews/article/081/0003657260?sid=102,,
패키지 여행 수요,2026. 7. 1.,"금호리조트, 여름 시즌 지역 특색 메뉴 개편···가족 할인 더해",우선 ‘다다익선 패키지’는 성인 4인이 조식 뷔페를 이용할 경우 1인 무료 혜택을 제공한다. 성인 2인 이용... 폭넓은 여행 수요를 충족하고 있다. 각 리조트에서는 여름철을 더욱 풍성하게 즐길 수 있는 부대시설도 운영...,sports.khan.co.kr,https://n.news.naver.com/mnews/article/144/0001123663?sid=103,,
AI 여행 추천,2026. 7. 9.,AI 주도장 잠잠… 돈은 '데이터센터 전력망'으로 옮겨간다,"장비가 AI 공급망의 다음 수혜군으로 떠오르는 이유다. NDR도 데이터센터 전력화 테마를 긍정적으로 보고 있다. 보고서는 6월 데이터센터 전력화 추천군이 S&P500 대비 8.4% 초과수익을 냈고, 벨퓨즈, 어드밴스트 에너지...",newsroad.co.kr,http://www.newsroad.co.kr/news/articleView.html?idxno=61375,,
AI 여행 추천,2026. 7. 9.,"티맵, '숏폼'으로 이동 플랫폼 확장 … ""AI 학습할 경험 콘텐츠 쌓는다...","하루 여행처럼 여러 장소를 담은 콘텐츠를 보고 필요한 장소를 바로 저장하거나 이동할 수 있는 경험을 제공할 것""이라고 말했다. ◇ 이동 데이터·경험 콘텐츠 결합… AI 추천 고도화 티맵모빌리티는 올해 하반기 장소...",biz.newdaily.co.kr,https://biz.newdaily.co.kr/site/data/html/2026/07/09/2026070900119.html,,
AI 여행 추천,2026. 7. 9.,"[알림] 낄낄상회·킴브로, 2026 K포럼 크리에이터 브랜드 선정식 우수 크...",크리에이터들이 추천하고 선정하는 우수기업에 대한 시상식 및 위촉식으로 크리에이터링 송장헌 대표가... 최곤데요 ▲여행 부문 우수 크리에이터 서포터즈 : 캐럿맨 여행기 ▲엔터테인먼트 부문 우수 크리에이터...,isplus.com,https://m.entertain.naver.com/article/241/0003519030,,
AI 여행 추천,2026. 7. 8.,"리모델링한 함선에 남은 낡은 닻, 어크 블랙 플래그 리싱크드",때문에 리싱크드는 타이밍을 잘 맞춰 고전 시리즈 팬들에게 추억 여행을 선사하는 셈이다. 리싱크드를... 옛 어쌔신 크리드의 추억을 느끼고 싶다면 추천한다. ▲ 암살단의 일원이 되어가는 에드워드 (사진: 게임메카 촬영),gamemeca.com,https://n.news.naver.com/mnews/article/356/0000084003?sid=004,,
AI 여행 추천,2026. 7. 8.,여행 계획부터 음악 제작까지…구글 제미나이 '젬' 맞춤형 활용법,계획이나 여행 짐 꾸리기처럼 반복 맥락이 중요한 작업으로도 확장할 수 있다는 점이 특징이다. 같은 지시를 반복하지 않고도 역할과 선호를 이어받는 구조는 인공지능(AI)을 일회성 도구가 아니라 작업별...,digitaltoday.co.kr,https://www.digitaltoday.co.kr/news/articleView.html?idxno=682413,,
AI 여행 추천,2026. 7. 8.,"글로벌 문화 콘텐츠를 만드는 루키들, 유니온 그룹 오은비 · 진유정 인...","기관, 여행사 등 다양한 기관과 사람들을 지휘하여 하나의 무대를 만듭니다. 이 과정에서 지휘자로서 갖게... 것도 추천드립니다. Q. 해당 직무를 수행하기 위해 지원자들에게 어떤 노력을 필요할까요? 오은비 CPO...",fashionbiz.co.kr,https://www.fashionbiz.co.kr/article/227728,,
AI 여행 추천,2026. 7. 8.,"200페이지 이하 책 추천 5권, 하루 만에 읽고 오래 남는 책","〈위저드 베이커리〉, 〈아가미〉, 〈절창〉을 비롯해 20여권의 책을 써온 그는 여행을 떠났다가 실종된... 않아하는 AI 소비자만이 서려 있다. 홍진기의 지적처럼 수많은 텍스트 앞에서 사람은 점점 투명해져간다. 이는...",harpersbazaar.co.kr,https://www.harpersbazaar.co.kr/article/1905834,,
AI 여행 추천,2026. 7. 8.,"[최헌규의 중국은 지금] 그라운드 밖의 축제, 중국이 빚어낸 '월드컵 경...",손잡고 AI 추천 시스템을 도입한 '월드컵 전용 야식 세트'를 출시해 쏠쏠한 재미를 보고 있다. 징둥 배달... 중국 유명 온라인 여행사 퉁청여행(同程旅行)에 따르면 월드컵 기간 대형 스크린을 갖춘 '영상 테마 객실...,newspim.com,https://www.newspim.com/news/view/20260708000421,,
AI 여행 추천,2026. 7. 8.,"[이인권 대표 삶의 지혜] AI 시대, 감성교육은 인간의 소중한 경쟁력","독서와 예술, 여행, 자연 체험, 사람과의 대화처럼 인간만이 느낄 수 있는 경험은 AI가 대신할 수 없는 삶의... 알고리즘은 우리의 관심을 붙잡기 위해 더욱 자극적인 콘텐츠를 추천하고, 짧은 영상과 빠른 소비 문화는 깊이...",newspost.kr,https://www.newspost.kr/news/articleView.html?idxno=223996,,
AI 여행 추천,2026. 7. 8.,"AI경기방송, 참여형 공공미디어 플랫폼으로 새출발","분류·추천해 이용자에게 제공하는 것이 특징""이라고 설명했다. 또한 ""회원가입만으로 기사와 영상을 자유롭게 등록할 수 있고 AI 유튜버와 시민기자단도 상시 모집해 지역 현안, 생활정보, 문화, 여행, 경제 등 다양한...",weekly.hankooki.com,https://weekly.hankooki.com/news/articleView.html?idxno=7173309,,
AI 여행 추천,2026. 7. 8.,인공지능에 거부감 들었던 나도 이건 맘에 드네,"시켜놨으니 잘해놓겠지."" 남편이 시켰다는 그 쟤(?)는 바로 AI였다. AI(artificial intelligence)란 '학습, 추론, 지각... 치치가 추천해 준 숙소에 대해서도 이런저런 품평을 하겠지. 하지만 역시 그 여행을 실제로 함께하는 건...",ohmynews.com,https://n.news.naver.com/mnews/article/047/0002521853?sid=103,,
AI 여행 추천,2026. 7. 7.,"[박세익의 뷰파인더] 암묵지, 경험이 빚어낸 지혜의 힘",부산 여행을 검색한 이들에게 ‘부산에 또 오고 싶다’며 행복해 하는 표정을 담은 썸네일이 계속 추천된다.... 책이나 데이터를 통해 학습하고 습득하는 객관적인 지식 ‘형식지’와 다른 암묵지에 주목하는 이유는 AI 시대...,busan.com,https://n.news.naver.com/mnews/article/082/0001388747?sid=110,,
AI 여행 추천,2026. 7. 7.,"금융권, AI 기반 혁신부터 상생·포용 금융까지…미래 경쟁력 강화 '총력...","해외여행객 대상 서비스 확대 등 영토 확장 노력도 이어지고 있다. NH농협은행은 한국식품산업협회... 세 기관의 협업을 통해 성장 가능성이 높은 우수 푸드테크 기업을 발굴 및 추천하고, 금융과 기술보증을 연계한...",dailypop.kr,http://www.dailypop.kr/news/articleView.html?idxno=100408,,
AI 여행 추천,2026. 7. 7.,"[신간]AI 시대, 나의 사유를 지키는 길은?…‘생각 근육을 단련하자’","컴퓨터 앞에서 AI 알고리즘이 추천해 주는 대로 영상을 보고, 쇼핑을 하고, 여행을 간다. 무언가 판단해야 할 때도 고민하는 게 아니라 AI에 먼저 물어보고, 이메일 작성이나 회의 자료를 준비할 때도 AI에 초안을 맡긴다....",dt.co.kr,https://n.news.naver.com/mnews/article/029/0003035808?sid=105,,
AI 여행 추천,2026. 7. 7.,[신간산책] 코스모스 : 100만부 기념판,"적극 추천받고 있고, AI 시대 도래 이후 넘치는 AI 생성 텍스트에 지친 20, 30대 독자들에 의해 폭발적으로... 바다로 여행을 떠나게 된다. 20여 년이 훌쩍 넘은 지금까지도 인터넷 서점 아마존(www.amazon.com)에 120여 개의...",veritas-a.com,https://www.veritas-a.com/news/articleView.html?idxno=618267,,
AI 여행 추천,2026. 7. 6.,책 읽고 땀 흘리며 몸과 마음이 쑥쑥,"‘세계 여행과 예술’을 주제로 한 여름 독서교실을 연다. ‘안녕, 나는 해외여행을 떠나’ ‘큰 배와 작은... 우주항공에 관심 있는 아이라면 한국항공대학교의 ‘2026학년도 여름방학 우주항공캠프’를 추천한다. 경기...",hani.co.kr,https://n.news.naver.com/mnews/article/028/0002812890?sid=102,,
AI 여행 추천,2026. 7. 6.,"'필리핀 진출 첫걸음' 하나투어, 합작법인 '페스트립' 출범","하나투어는 기업여행 운영 노하우를, 아보엑스는 현지 영업 경쟁력 및 네트워크를 페스트립에 적용할 예정이다. 하나투어는 자사 AI 기반 상담서비스 ‘하이(H-AI)’를 통해 맞춤형 일정을 추천하는 개인화된 고객...",sentv.co.kr,https://www.sentv.co.kr/article/view/sentv202607060092,,
AI 여행 추천,2026. 7. 6.,"""관광도 스마트하게"" 용인특례시, 국제박람회서 미래 관광 청사진 제시","관광객의 현재 위치를 기반으로 맞춤형 관광코스를 추천하고 주요 관광지 예약과 결제, 교통정보까지 통합 제공하는 것이 특징이다. 관광객 입장에서는 여러 애플리케이션을 별도로 이용하지 않아도 여행 전 과정에 필요한...",pointdaily.co.kr,https://www.pointdaily.co.kr/news/articleView.html?idxno=310731,,
AI 여행 추천,2026. 7. 6.,"삼성, 첫 AI 스마트글라스…메타에 도전장","외국어 번역이나 사용자의 옷차림에 어울리는 패션 아이템 추천도 가능하다. 답변은 안경다리에 내장된 스피커로 전달된다. 사용자의 시선 그대로 기록되는 1인칭 시점 영상은 여행이나 운동, 산책 같은 일상 기록...",yonhapmidas.com,https://www.yonhapmidas.com/news/articleView.html?idxno=10442,,
AI 여행 추천,2026. 7. 6.,"[영국 특징주] 이지젯, 캐슬레이크 73억 달러 인수 제안 수용 가능성","◆ ""이사회, 주주에 추천할 수도 있는 수준"" 이지젯 이사회는 이번 제안에 대해 ""주주들에게 추천할... 코로나19 팬데믹 이후 완전한 회복에는 어려움을 겪고 있지만, 항공 패키지 여행 사업과 효율적인 에어버스...",newspim.com,https://www.newspim.com/news/view/20260706000012,,
AI 여행 추천,2026. 7. 5.,“병무행정 디지털화로 청년 눈높이 맞추겠다”,"병무청은 병역기피자의 주소 공개 범위를 기존 도로명에서 건물번호까지 확대하고, 국외여행 허가 의무... 홍 청장은 “AI·방산 분야 연구기관에 대한 전문연구요원 병역지정업체 추천평가에서 가점을 신설하고...",kookbang.dema.mil.kr,https://kookbang.dema.mil.kr/newsWeb/20260706/4/ATCE_CTGR_0010010000/view.do,,
AI 여행 추천,2026. 7. 5.,"""K안마의자로 피로 풀어요""…외국인 사랑방된 바디프랜드 체험 매장","인공지능(AI) 추천 마사지 기능을 택하면 사용자의 나이, 성별, 키, 몸무게 등의 신체 정보 데이터 분석을 통해... 여행 중 간편하게 구매·휴대할 수 있으면서도 부위별로 헬스케어로봇의 기능을 구현한 제품을 찾다 보니 목...",edaily.co.kr,https://n.news.naver.com/mnews/article/018/0006323057?sid=101,,
AI 여행 추천,2026. 7. 5.,"여름휴가, 10명 중 5명 ""국내여행""...정보검색은 '포털' 이용","이들이 48%로 가장 높게 나타났고, 다른 연령대에서는 검색 포털 비중이 컸다. 아울러 지인 추천에 따른 응답이 9.9%에 달하는 가운데 챗GPT나 에이닷과 같은 AI 서비스로 여행 정보를 검색하는 이들이 9.4%로 조사됐다.",zdnet.co.kr,https://n.news.naver.com/mnews/article/092/0002429295?sid=105,,
AI 여행 추천,2026. 7. 5.,"경남도 공식 블로그, 네이버 '메이트' 국내여행 부문 2개월 연속 선정","경상남도 공식 블로그가 국내 최대 포털 네이버의 AI 창작자 지원 프로그램인 '네이버 메이트' 국내여행... 남해안 해수욕장과 여름 축제, 계절별 추천 여행지 등 시의성 있는 관광 정보를 신속하게 제공하는 것은 물론, 도...",newsfreezone.co.kr,https://www.newsfreezone.co.kr/news/articleView.html?idxno=697892,,
AI 여행 추천,2026. 7. 5.,챗봇보다 사람…여행지서 나온 ‘AI 비건’ 흐름,"AI 추천 확산 속 현지 경험·인간 큐레이션 가치 재부각 챗GPT 공개 3년여가 지나면서 여행 분야에서는 인공지능(AI) 추천의 효용과 한계를 함께 보는 흐름이 나타나고 있다. 항공권 검색, 숙소 비교, 일정 초안 작성에는 AI가...",vegannews.co.kr,https://www.vegannews.co.kr/news/article.html?no=383809,,
AI 여행 추천,2026. 7. 5.,"클릭 한 번이면 사는데…올영·무신사, 성수·홍대 '명당칸' 쟁탈전",AI가 피부를 분석하고 상품을 추천할 순 있지만 향을 맡고 핏을 살피고 색상을 비교하며 제품을 경험하는... 여행 중 방문한 매장 경험이 귀국 후 온라인 구매로 이어지도록 설계한 것이다. 에이블리가 10월 선보이는 첫...,mt.co.kr,https://n.news.naver.com/mnews/article/008/0005381459?sid=101,,
AI 여행 추천,2026. 7. 4.,클릭보다 경험…AI 시대 거리로 나오는 유통 플랫폼,AI가 피부를 분석하고 상품을 추천할 순 있지만 향을 맡고 핏을 살피고 색상을 비교하며 제품을 경험하는... 여행 중 방문한 매장 경험이 귀국 후 온라인 구매로 이어지도록 설계한 것이다. 에이블리가 10월 선보이는 첫...,mt.co.kr,https://n.news.naver.com/mnews/article/008/0005381342?sid=101,,
AI 여행 추천,2026. 7. 3.,[신간] 한국에서 부자 되는 가장 빠른 길/에지워커/좋은 전쟁/CEO의 그랜...,"단순한 여행기가 아니라 인도의 와인 문화와 소비 환경, 음식 페어링까지 함께 소개해 인도 와인을 처음 접하는 독자도 쉽게 이해할 수 있도록 구성했다. 특히 버터 치킨, 비르야니 같은 인도 음식과 어울리는 와인 추천은...",asiatime.co.kr,https://www.asiatime.co.kr/article/20260703500367,,
AI 여행 추천,2026. 7. 3.,"광천별맛·코웨이·스파오, 글로벌 인정과 시즌 수요 잡는다","여름철 수요가 높은 음식물처리기, 벽걸이 에어컨, 제습기, 비데 추천제품 구매 고객에게는 추첨을 통해 V... 롯데호텔앤리조트는 골프와 여행, 휴식이 결합된 프리미엄 라이프스타일 콘텐츠를 통해 고객과의 접점을...",pressman.kr,https://www.pressman.kr/news/articleView.html?idxno=102608,,
AI 여행 추천,2026. 7. 3.,"[가평 소식] 가평군 공식 블로그, 'NAVER MATE' 선정 쾌거 외","이에 따라 인공지능(AI) 검색을 바탕으로 '관광 가평'을 전국에 알리는 디지털 홍보 플랫폼 역할도 한층 커질... 단순한 관광 소개를 넘어 여행 동선과 체험 정보, 계절별 추천 콘텐츠 등을 지속적으로 제공하며 온라인...",enewstoday.co.kr,http://www.enewstoday.co.kr/news/articleView.html?idxno=2445215,,
AI 여행 추천,2026. 7. 3.,"[최경환의 AI 빛과그림자] AI 시대, 거꾸로(Top-Down) 살아야 한다","""당장 실생활에 쓰이는 인공지능 추천 프로그램을 하나 만들어야겠어""라는 거창한 최종 목표를 설정했다.... '미국 여행 가서 식당 예약하기'라는 명확한 목표를 정하고 AI와 함께 문장을 다듬어가며 그때그때 필요한...",ilyoseoul.co.kr,https://www.ilyoseoul.co.kr/news/articleView.html?idxno=519346,,
AI 여행 추천,2026. 7. 3.,[신간산책] '피타고라스 생각 수업' - 수학자는 어떻게 발견하고 분석하...,"꼭 추천해야 하는 수학 교양서의 베스트셀러에 이름을 올렸다. 저자는 수많은 독자의 지지에 힘입어... 물건을 살 때, 게임 점수를 계산할 때, 화분에 물을 줄 때, 요리할 때, 자동차 연비를 계산할 때, 여행지에 가기 위해...",veritas-a.com,https://www.veritas-a.com/news/articleView.html?idxno=617968,,
AI 여행 추천,2026. 7. 3.,"아버지부터 아들, 손자까지 똑같은 이름? 팔자도 대물림 될까","편의 여행을 본 것 같습니다. 그러다가 마지막 순간에 일대가 서로 결혼했을 때는 아이를 못 낳았잖아요... 그래서 그런 분께 추천을 하고요. 긴 이야기를 사랑하는 분, 장대 서사를 좋아하시는 분... ◆ 김우성 : 박경리...",ytn.co.kr,https://n.news.naver.com/mnews/article/052/0002374294?sid=103,,
AI 여행 추천,2026. 7. 3.,"가평군 공식 블로그, 네이버 우수 창작자 ‘NAVER MATE’ 선정 쾌거","군에 따르면 해당 블로그는 2026년 상반기(1~6월) 동안 네이버 AI 브리핑에서 누적... 단순한 명소 소개를 넘어 효율적인 여행 동선, 체험 정보, 계절별 추천 콘텐츠 등...",breaknews.com,http://www.breaknews.com/1218948,,
AI 여행 추천,2026. 7. 3.,"가평군 블로그, 네이버 우수 창작자 선정","국내여행 분야 7월 선정 채널에 이름을 올렸다고 3일 밝혔다. 가평군 공식 블로그는 네이버 AI 브리핑 누적... 단순한 관광 소개를 넘어 여행 동선, 체험 정보, 계절별 추천 콘텐츠 등 다양한 정보를 제공하며 온라인...",gukjenews.com,https://www.gukjenews.com/news/articleView.html?idxno=3625457,,
AI 여행 추천,2026. 7. 3.,"[경북 브리핑 모음(7월 03일)] 경북전문대 간호학과 배수연 학생, 영주시...","▲한옥부터 캠핑까지…봉화군, 여름 휴가 맞아 '취향별 숙소 6선' 추천 청정 자연과 숙박·관광 연계 코스... 단위 여행객은 물론 연인, 캠핑족 등 다양한 관광객들의 수요를 충족할 수 있다고 밝혔다. 먼저 전통 한옥의...",dnews.co.kr,https://www.dnews.co.kr/uhtml/view.jsp?idxno=202607030901109340806,,
AI 여행 추천,2026. 7. 3.,"[뉴공 아카이브]The 살롱: 김수진 머스트게임즈 사업실장, 양다솔 에세이...","두 분은요?양다솔 : 아, 저는 소도시 여행 때문에 잠깐 얼마 전에 나왔습니다.허수경 : 저는 첫 데뷔입니다.... 그래서 이런 어떤 플랫폼의 추천 악순환의 고리를 끊는 것도 되게 중요하겠다 그렇게 사실 생각을 하게...",ddanzi.com,http://www.ddanzi.com/888466914,,
AI 여행 추천,2026. 7. 3.,[공커 위클리] '울트라' 공략에 보호막 니케는 필수인가요?,이에 베테랑 지휘관들이 저마다의 사례와 추천 조합을 공유했습니다. WAVE TO YOU ▲ 신데렐라와 마르차나의... 헨젤과 그레텔을 찾던 올드 테일즈와 졸업 여행을 떠난 마르차나 일행이 만나 섬을 탐험하는 이야기를 담았죠....,gamemeca.com,https://m.sports.naver.com/esports/article/356/0000083874,,
AI 여행 추천,2026. 7. 3.,"동해시, 대한민국 국제관광박람회 참가…무릉별유천지·망상해수욕장 매...","관광 비즈니스 상담회와 정책 세미나, 관광 콘텐츠 발표, AI·스마트관광 전시, 문화공연 등 다양한... 특히 강원관광재단이 선정한 '7월 이달의 추천 여행지'인 망상해수욕장과 무릉별유천지를 중심으로 여름 관광 콘텐츠를...",asiatoday.co.kr,https://www.asiatoday.co.kr/kn/view.php?key=20260703010001166,,
AI 여행 추천,2026. 7. 3.,"""깜깜이 알고리즘 안 돼""… 공정위, 플랫폼 자사우대 노출 손보나","쇼핑에 국한되지 않고 '음식배달, 숙박·여행, 금융상품 비교, OTT, 앱마켓' 등 여러 플랫폼에 나타날 수... 공정위 역시 보고서에서 AI 개인화 추천 환경에서는 자사우대 여부를 관찰하고 입증하기가 더 어렵다며 이를 향후...",economytalk.kr,http://www.economytalk.kr/news/articleView.html?idxno=422416,,
AI 여행 추천,2026. 7. 2.,"[미리보는 이데일리 신문]韓축구, 월드컵서 받은 ‘냉엄한 감사보고서’","추천 특검 수용하고 위철환 사퇴하라” △9면 경제 두달 연속 3%대 물가, 하반기엔 고환율 덮친다 한전, AI... 자존심’ △24면 여행 자연을 닮은 담백한 그릇, 시간을 담다 접시 뒤집어도 떨어지지 않는 찰진...",edaily.co.kr,https://n.news.naver.com/mnews/article/018/0006321192?sid=102,,
AI 여행 추천,2026. 7. 2.,"[현장] 중국 칭다오, 서울 교류회서 관광 매력 소개… ""1.5시간 거리 주...","인공지능(AI), 녹색에너지, 해운·무역, 의료·건강, 문화·교육 등 분야에서 한국과의 협력 확대를 기대한다고... 경험도 추천했다. 특히 '제36회 칭다오 국제 맥주 축제'가 오는17일부터 8월 15일까지 열린다는 점도 함께...",onews.tv,https://www.onews.tv/news/articleView.html?idxno=282471,,
AI 여행 추천,2026. 7. 2.,"[리뷰] AI PC 시대의 '끝판왕' 슬림북, LG 그램 프로 AI 2026",디자인이나 영상 작업 등 정확한 색을 다루는 소비자에게 추천한다. 해상도 역시 일반적인 풀HD급... 가능하므로 여행 시 충전기 수를 줄이는 데 유용하다. 그 외에 HDMI 포트나 음성 입출력 포트 등의 범용성이 높은...,it.donga.com,https://it.donga.com/109123/,,
AI 여행 추천,2026. 7. 1.,경기교육대전환 닻 올린 안민석…첫 과제는 ‘폰 프리 스쿨’,"이어 교사 교육활동 면책권 보장, 수학여행과 체험학습 정상화, 민주시민 교육 회복을 통해 교사·학생... 안 교육감은 전국 최초로 지역추천 교육장 공모제를 실시하겠다고 밝혔다. 교육감의 고유 권한으로 여겨졌던...",etoday.co.kr,https://www.etoday.co.kr/news/view/2599351,,
AI 여행 추천,2026. 7. 1.,'스마트폰' 없애고 'LAS'로 키운다…안민석표 '교육대전환',또 교사 교육활동 면책권을 보장해 수학여행과 체험학습이 정상적으로 이뤄질 수 있도록 하겠다고 약속했다. 안 교육감은 교육자치 확대도 약속했다. 전국 최초로 지역추천 교육장 공모제를 도입해 교육장 임명권...,nocutnews.co.kr,https://n.news.naver.com/mnews/article/079/0004163946?sid=102,,
AI 여행 추천,2026. 7. 1.,부산 찾은 BTS 팬 3만여 명…외국인 방문객 76% 기록,"웰컴센터에서는 관광안내를 비롯해 짐 보관·배송 서비스, 음악 체험존, K-뷰티 체험, 포토존, 부산 관광 체험 프로그램, 인공지능(AI) 여행 추천 서비스 등 다양한 콘텐츠를 마련했다. BTS 팬들을 위한 맞춤형 관광코스도...",newscammp.co.kr,https://www.newscammp.co.kr/news/articleView.html?idxno=6500,,
AI 여행 추천,2026. 7. 1.,대이작도부터 구시포까지…7월엔 바다로 여행가자,"한국관광공사가 '여름 바다'를 테마로 7월 추천 여행지 5곳을 선정했다. 생성형 AI로 만든 이미지 ◆ 인천 대이작도, 하트 모양 항구가 한눈에 대이작도는 인천 연안부두에서 약 44㎞ 떨어져 있으며, 서쪽 끝에서 동쪽 끝까지...",segye.com,https://n.news.naver.com/mnews/article/022/0004139639?sid=103,,
AI 여행 추천,2026. 7. 1.,[마켓+]'애니 캐릭터'로 친근감 전달…팬덤 소비 겨냥하는 식품업계,쌍둥이 판다가 강철원 주키퍼의 고향인 전라도로 첫 여행을 떠난다는 스토리텔링을 입혔다. 삼성웰스토리는... 인공지능(AI) 기반 이미지 제작 서비스 '페인트' 메뉴를 도입했다. 이용자가 간단한 옵션과 추천 문구를...,businessplus.kr,https://www.businessplus.kr/news/articleView.html?idxno=113550,,
AI 여행 추천,2026. 7. 1.,캐시워크 돈버는퀴즈 7월1일 정답은?,"캐시워크 돈버는퀴즈는 쇼핑, 생활, 가전, 문화, 금융, 여행 등 다양한 분야의 이벤트형 문제를 운영하고... 인공지능(AI) 기술의 도움을 활용했다. 특정 상품·서비스·브랜드에 대한 광고, 홍보, 추천 또는 구매 권유의...",cbci.co.kr,https://www.cbci.co.kr/news/articleView.html?idxno=585656,,
AI 여행 추천,2026. 7. 1.,"바삭한 유혹, ‘K-치킨벨트’를 따라 떠나는 미식 여행 [여행+]","코스를 추천한다. ◆ 치맥의 성지 대구…프랜차이즈의 요람 K-치킨벨트의 심장부는 단연 대구다. 교촌... ◆ 맛과 문화를 잇는 새로운 여행 한편 ‘K-치킨벨트’는 단순히 배를 채우는 먹방 여행이 아니라, 가마솥 앞에서...",segye.com,https://n.news.naver.com/mnews/article/022/0004139549?sid=103,,
