keyword,title,description,originallink,link,pubDate
외식업 정책,"[전남 나주시 소식] '유니세프아동친화도시 인증 갱신', '제3기 수라클럽...","지난 2021년 최초 인증 획득 이후 아동참여단 운영을 통해 아동의 의견을 시정과 정책에 반영하고 다양한... 사진=나주시 ◆나주시, 제3기 수라클럽 아카데미 개강식 가져 나주시는 지난 24일 전날 지역 외식업 영업주를... ",http://www.bizwnews.com/news/articleView.html?idxno=139407,http://www.bizwnews.com/news/articleView.html?idxno=139407,2026-06-25
외식업 정책,"음식서비스·식품가공 ISC, 2026년 제2차 운영위원회 개최","음식서비스·식품가공 인적자원개발위원회(이하 ISC, 대표기관 한국외식업중앙회)는 지난 6월 19일 서울... 특히 산업울림포럼 사업과 관련해 오는 7월 23일 한식진흥원과 협력하여 '한식진흥 정책 현황 및 한식디저트... ",https://www.kdpress.co.kr/news/articleView.html?idxno=206424,https://www.kdpress.co.kr/news/articleView.html?idxno=206424,2026-06-25
외식업 정책,올해 외식업 ‘6곳 중 1곳’ 망했다 [H-EXCLUSIVE],▶거리로 나온 소상공인들=업계에서는 최근 외식업 폐업 증가를 단순 경기 부진이 아닌 구조적 위기로 보고 있다. 코로나19 시기에는 각종 정책자금 지원과 소비 회복 기대가 있었지만 고금리 장기화와 내수 침체가... ,https://biz.heraldcorp.com/article/10787962?ref=naver,https://n.news.naver.com/mnews/article/016/0002661467?sid=101,2026-06-25
외식업 정책,[단독]‘위기의 소상공인’ 올해 전국 외식업 6곳 중 1곳 망했다…“코...,거리로 나온 소상공인들 업계에서는 최근 외식업 폐업 증가를 단순 경기 부진이 아닌 구조적 위기로 보고 있다. 코로나19 시기에는 각종 정책자금 지원과 소비 회복 기대가 있었지만 고금리 장기화와 내수 침체가... ,https://biz.heraldcorp.com/article/10787618?ref=naver,https://n.news.naver.com/mnews/article/016/0002661355?sid=101,2026-06-25
외식업 정책,"[해외브리핑] 美 17개 주, 캘리포니아 '플라스틱 규제' 반대 공동소송","통해 ""자신들의 정책적 선호도를 미국 전역에 강요하려 한다""고 주장했다. 해당 규제는 지난 2022년 제정되어 지난 5월 1일 발효됐다. 이 법은 생산자들에게 포장재 및 외식업용 일회용 플라스틱 제품을... ",https://www.esgeconomy.com/news/articleView.html?idxno=15851,https://www.esgeconomy.com/news/articleView.html?idxno=15851,2026-06-25
외식업 정책,"[전쟁 멈췄지만 물가는 남았다③] ""유가는 내려도 가격은 안 내린다""…...","/편집자주 국제유가가 안정세를 보이면서 유통·식품·외식업계의 원가 부담 완화 기대도 커지고 있지만, 실제... 안정 정책의 핵심은 유가보다 생활물가 구조 전반을 안정시키는 데 있다""고 말했다. 전쟁의 충격은 완화되고... ",http://www.newsian.co.kr/news/articleView.html?idxno=91336,http://www.newsian.co.kr/news/articleView.html?idxno=91336,2026-06-25
외식업 정책,제10대 대구시의회 개원 D-7…초선 파워 ‘주목’,"내달 1일 출범하는 대구시의회에는 기업인과 자영업자, 기업인, 정책보좌관 출신 등 다양한 경력을 가진... 이원우(동구1) 당선인은 한국외식업중앙회 대구 동구지부장을 맡아 지역 외식업계를 대표해 왔다. 권오섭(남구1)... ",https://www.yeongnam.com/web/view.php?key=20260624024312021,https://www.yeongnam.com/web/view.php?key=20260624024312021,2026-06-24
외식업 정책,"쿠팡이츠 무료배달에 맞불?…배민, 배달팁 우선 할인 기능 도입",(사진=배민외식업광장 캡처) 24일 업계에 따르면 배달의민족은 배민외식업광장에 다음달 13일부터... 배민은 이번 정책 도입으로 입점업주들의 주문 전환율을 높이는 데 기여할 것으로 기대하고 있다. 배민에 따르면... ,https://www.edaily.co.kr/news/newspath.asp?newsid=05120086645485000,https://n.news.naver.com/mnews/article/018/0006314074?sid=101,2026-06-24
외식업 정책,"사람이 바뀌어도 같은 맛, 외식업이 원하는 건 안정성 - 에쓰와이푸드 ...",외식업 현장에서 20여 년간 일한 김성희 대표는 같은 메뉴도 누가 조리하느냐에 따라 맛이 달라지는 모습을... 기업 경쟁력 강화를 위해 필요한 정책 식품 제조업은 생각보다 초기 투자 비용과 운영 부담이 큰 업종이다. 중소... ,https://www.handmk.com/news/articleView.html?idxno=40672,https://www.handmk.com/news/articleView.html?idxno=40672,2026-06-24
외식업 정책,"골목식당에 푸드테크·신메뉴 ‘맞춤 과외’…포항시, 외식업 경영 컨설...",포항시가 경영난을 겪는 지역 외식업체의 자생력을 높이기 위해 전문가 맞춤형 컨설팅 지원에 나선다.... 기대한다”며 “외식산업의 디지털 전환과 지속 가능한 성장을 위한 지원 정책을 꾸준히 마련하겠다”고 말했다.,https://www.kbmaeil.com/article/20260624500415,https://www.kbmaeil.com/article/20260624500415,2026-06-24
외식업 정책,"속초시, 전 시민 20만원 민생회복지원금 지급 본격화","관광객 증가와 함께 시민 소비가 확대되면서 숙박업, 외식업, 전통시장, 소매업 등 지역경제 전반에 긍정적인 파급효과가 나타날 것으로 전망된다. 경제 전문가들은 지방정부 차원의 민생지원 정책이 단기 소비 진작과... ",https://www.ajunews.com/view/20260624144454109,https://www.ajunews.com/view/20260624144454109,2026-06-24
외식업 정책,"포항시, 외식업 디지털 전환 지원… 지역 맛집 경쟁력 키운다",지역 외식업체들이 경영 위기를 극복하고 경쟁력을 갖춘 지역 대표 맛집으로 성장하길 바란다”며 “앞으로도 외식산업의 디지털 전환과 지속 가능한 성장을 위한 다양한 지원 정책을 적극 추진하겠다”고 말했다.한편... ,https://www.kbsm.net/news/view.php?idx=524269,https://www.kbsm.net/news/view.php?idx=524269,2026-06-24
외식업 정책,"포항시, 외식업 경쟁력 강화 나선다…‘경영혁신 외식서비스 지원사업...",포항시가 지역 외식업체의 경영 부담을 덜고 경쟁력을 높이기 위한 맞춤형... 있는 정책을 확대해 나가겠다”고 말했다. <구글 번역으로 번역한 영문 기사의 전문... ,http://www.breaknews.com/1216425,http://www.breaknews.com/1216425,2026-06-24
외식업 정책,"원할머니 보쌈족발, 가맹점 경쟁력 높인다…실무형 교육 아카데미","배달 플랫폼 활용 역량이 외식업 성과를 좌우하는 핵심 요소로 떠오른 가운데, 점주들이 변화하는 시장... 지난 22일 원앤원 서울사무소 1층 보배홀에서 진행된 이번 교육은 시장 및 정책 동향을 공유하고, 가맹점주들이... ",http://www.financialreview.co.kr/news/articleView.html?idxno=43091,http://www.financialreview.co.kr/news/articleView.html?idxno=43091,2026-06-24
외식업 정책,중국 2026 제14회 청두 외식 공급망 박람회 참관기,"한편에서는 외식업계의 운영 효율화를 위한 다양한 스마트 장비와 자동화 기술이 소개됐다. AI 조리 로봇... 보호하는 정책을 대폭 강화하는 추세다. 통계에 따르면, 플랫폼 내에서 부정적 평가를 우선적으로 확인하는... ",http://dream.kotra.or.kr/kotranews/cms/news/actionKotraBoardDetail.do?SITE_NO=3&MENU_ID=110&CONTENTS_NO=1&bbsGbn=245&bbsSn=245&pNttSn=242272,http://dream.kotra.or.kr/kotranews/cms/news/actionKotraBoardDetail.do?SITE_NO=3&MENU_ID=110&CONTENTS_NO=1&bbsGbn=245&bbsSn=245&pNttSn=242272,2026-06-24
외식업 정책,[24일 부산시] '대형선박 전동화 비전 및 중장기 발전전략 수립 착수회...,이번 기획연구는 정부 정책과 연계해 대형선박 전동화 핵심기술과 공급망을 선제적으로 확보하기 위한... 이 대표는 이번 특강에서 ‘오늘의 외식업이 가고 있는 방향은?’을 주제로 외식업계의 최신 동향(트렌드)과 성공... ,https://www.asiatime.co.kr/article/20260624500026,https://www.asiatime.co.kr/article/20260624500026,2026-06-24
외식업 정책,"[오늘의 브릿지경제 1면] 고환율·포용금융 압박에…당국, 은행 자본규...","취약계층 지원으로 자본 부담이 늘어난 상황에서 환율 급등까지 겹치자, 정책 기조를 기존의 건전성... com [브릿지경제 인기기사] ▶‘TV 앞 응원’은 옛말⋯플랫폼으로 옮겨간 ‘월드컵’ 열기 ▶외식업 주방 장비... ",https://www.viva100.com/article/20260623500893,https://www.viva100.com/article/20260623500893,2026-06-24
외식업 정책,"[경남 브리핑 모음(6월24일)] 진주시, 7월 ‘모바일 진주사랑상품권 100...","이날 회의에는 한국외식업중앙회 거제시지부장, 대한숙박업중앙회 거제시지부장, 해수욕장운영위원장도... 전문가는 “정성평가는 추진성과와 정책 효과성을 얼마나 설득력 있게 보여주느냐가 중요하다”며 “사례별... ",https://www.dnews.co.kr/uhtml/view.jsp?idxno=202606232224021790494,https://www.dnews.co.kr/uhtml/view.jsp?idxno=202606232224021790494,2026-06-24
외식업 정책,"[전쟁 멈췄지만 물가는 남았다②] ""전쟁보다 무서운 건 손님 없는 가게...","소상공인연합회 조사에서 응답자의 상당수는 최저임금 수준에 대해 부담을 느낀다고 답했으며, 특히 외식업... 최저임금을 둘러싼 이 같은 구조적 논쟁은 향후 정책 의제의 핵심 갈등축으로 이어질 전망이다. 전문가들은... ",http://www.newsian.co.kr/news/articleView.html?idxno=91297,http://www.newsian.co.kr/news/articleView.html?idxno=91297,2026-06-24
외식업 정책,3600억 상생안도 못 막았다…배민·쿠팡이츠 '운명의 심판대',"와우매장 제도와 무료배달 혜택 간 연계 정책을 중단하고 최혜대우 요구 관련 문구를 삭제하는 한편... 소상공인연합회와 전국상인연합회, 한국외식업중앙회, 한국프랜차이즈산업협회, 전국카페사장협동조합 등은... ",https://www.dailian.co.kr/news/view/1658865/?sc=Naver,https://n.news.naver.com/mnews/article/119/0003104006?sid=101,2026-06-24
외식업 정책,"""인건비 비싸서?""…韓 청년들 알바로 못 쓰는 '뜻밖의 이유'",문제는 정부 외국인력 정책의 중심축인 고용허가제(E-9)가 여전히 제조업·농축산업·건설업 중심으로... 아울러 이미 외식업과 숙박업 현장의 핵심 인력으로 자리 잡은 외국인 유학생에 대해서는 취업·체류 규제를... ,https://www.hankyung.com/article/2026062334601,https://n.news.naver.com/mnews/article/015/0005302083?sid=102,2026-06-24
외식업 정책,"'전통시장 규제 풀고 AI 행정 도입'…엄승용, 보령 미래 청사진 직접 제...","외식업 종사자들은 식자재 가격과 인건비 상승으로 어려움을 겪고 있다며 실질적인 지원 확대를 요청했다.... 이어 ""취임 후 100일 동안 소상공인 지원정책을 집중 추진하겠다""며 ""식당 환경개선, 홍보·마케팅, 시설 개선 등... ",https://www.greened.kr/news/articleView.html?idxno=343151,https://www.greened.kr/news/articleView.html?idxno=343151,2026-06-23
외식업 정책,소상공인 10곳 중 8곳 AI 활용중…지원사업 참여는 3% 그쳐,"정부가 추진하는 디지털·AI 지원사업 참여 경험은 3% 수준에 불과해 정책 홍보 확대와 실효성 있는 지원이... 업종별로는 교육·여가업(98.0%), 외식업(94.5%), 개인서비스업(94.0%), 숙박업(92.0%) 순으로 활용 비율이... ",http://www.jndn.com/article.php?aid=1782206337434822004,http://www.jndn.com/article.php?aid=1782206337434822004,2026-06-23
외식업 정책,배민·쿠팡이츠 상생안 불발…플랫폼 개선 논의 새 국면,"배달비 정책과 노출 방식, 거래 조건 등이 바뀔 경우 입점 점주와 소비자 모두 영향을 받을 수 있기 때문이다. 소상공인 단체들의 반응은 엇갈렸다. 소상공인연합회와 전국상인연합회, 한국외식업중앙회 등은 공정위... ",https://www.newsway.co.kr/news/view?ud=2026062315554849842,https://www.newsway.co.kr/news/view?ud=2026062315554849842,2026-06-23
외식업 정책,"""나가면 잘살 줄 알았는데""…英 경제 4~6% 작아지고 7번째 총리 앞뒀다","영국은 브렉시트 이후 EU 공동 무역정책에서 벗어나 독자적으로 무역협정을 맺을 수 있게 됐다. 이후... 숙박·외식업, 식품가공업, 보건·사회복지 분야는 그동안 의존해온 EU 출신 인력이 줄면서 인력난과 비용 증가를... ",https://www.newsis.com/view/NISX20260623_0003680435,https://n.news.naver.com/mnews/article/003/0014023293?sid=104,2026-06-23
외식업 정책,"“안심 미식도시 포항 만든다”…포항시, 일반음식점 영업주 대상 위생...",포항시가 여름철 안전한 외식 환경 조성과 역점 사업인 ‘유네스코 미식창의도시’ 가입을 위해 지역 외식업... 및 정책 방향 △글로벌 서비스 ESG 교육 사업 홍보 등이다. 정정득 포항시 남구청장은 “정기적인 교육을 통해... ,https://www.kbmaeil.com/article/20260623500545,https://www.kbmaeil.com/article/20260623500545,2026-06-23
외식업 정책,[박희원의 재팬 룸] '외국인 노동' 규제 나선 日…현장은 인력난 부메랑,국회에서 답변하는 다카이치 사나에 일본 총리 [사진=교도 연합뉴스] 특정기능 5만명 상한…외식업 신규 신청 중단 외국인 정책 재검토와 함께 일본 정부는 특정기능 제도도 손질하고 있다. 특정기능 비자는 일본 정부가... ,https://www.ajunews.com/view/20260623142244240,https://www.ajunews.com/view/20260623142244240,2026-06-23
외식업 정책,떡볶이·음료·커피…먹거리 가격 인상 ‘도미노’ 오나,"그간 정부가 가격 통제 고삐를 강하게 죄었던 만큼, 억눌렸던 식품·외식업 전반에서 연쇄적인 '가격 인상... 일각에서는 정부가 물가 안정을 위해 식품기업 가격 인상을 억눌러왔던 정책 기조가 반작용을 낼 수 있다는... ",https://www.mediapen.com/news/view/1106016,https://www.mediapen.com/news/view/1106016,2026-06-23
외식업 정책,기존 마라탕 매장 다복향으로 전환…인천 주안점 리뉴얼 오픈,"운영 정책을 이어가고 있다. 특히 최근에는 한국과 태국에 이어 말레이시아 1호점 오픈을 앞두고 있으며, 글로벌 111호점 달성을 통해 해외 시장 진출도 확대하고 있다. 업계에서는 기존 외식업 매장을 활용한 브랜드 전환... ",http://www.e2news.com/news/articleView.html?idxno=331605,http://www.e2news.com/news/articleView.html?idxno=331605,2026-06-23
외식업 정책,"두찜, 초보 창업자 위한 운영 지원 시스템 구축",지원 정책을 운영하고 있다. 우리은행 ‘우리 프랜차이즈론’ 대상 가맹본부로 선정돼 예비 창업자의 자금 마련 부담 완화에도 나서고 있다. ㈜기영에프앤비 관계자는 “외식업 창업이 처음인 예비 창업자도 안정적으로... ,https://www.thepowernews.co.kr/view.php?ud=2026062313504779339aeda69934_7,https://www.thepowernews.co.kr/view.php?ud=2026062313504779339aeda69934_7,2026-06-23
외식업 정책,[기획특집] '포스트 APEC' 경북형 관광 '행사' 넘어 '산업'으로 뛴다,"외식업·숙박업·교통업 종사자 1,626명을 대상으로 친절서비스 교육도 실시했다. 이 같은 개선은 단순한... 경북도는 APEC 이후 관광정책의 초점을 체류형 콘텐츠 강화에 맞추고 있다. 경주 화랑마을은 APEC CEO 서밋... ",https://www.jeonmae.co.kr/news/articleView.html?idxno=1267765,https://www.jeonmae.co.kr/news/articleView.html?idxno=1267765,2026-06-23
외식업 정책,"허태정 대전시장 당선인 ""골목상권·전통시장 회복 최우선""","한국외식업중앙회 대전시지회 관계자 등 100여 명이 참석했다. 이날 간담회에서 소상공인 측은 경기침체에... 지원정책 확대, 시장 직통 소통 창구인 '소상공인정책협의체' 구성을, 기타로는 전통시장 경쟁력 강화 및... ",https://www.jbnews.com/news/articleView.html?idxno=1506369,https://www.jbnews.com/news/articleView.html?idxno=1506369,2026-06-23
외식업 정책,"""계란찜도 돈 내세요"" … 계란값 급등, 밥상 체감물가로 번졌다 [흔들리...",계란값 급등은 외식업 현장에도 영향을 미치고 있다. 최근 서울 남대문시장 일대 일부 갈치조림... 지난해 겨울 발생한 고병원성 조류인플루엔자(AI)로 산란계 살처분이 진행된 데다 산란계 사육밀도 개선 정책이... ,https://biz.newdaily.co.kr/site/data/html/2026/06/23/2026062300062.html,https://biz.newdaily.co.kr/site/data/html/2026/06/23/2026062300062.html,2026-06-23
외식업 정책,"계양구, 일반음식점 영업주 식품위생교육 실시…윤환 구청장 ""신뢰받는...","이번 교육은 (사)한국외식업중앙회 인천광역시지회 계양구지부 주관으로 실시됐으며, 식품위생법에 따라 기존 영업자가 매년 의무적으로 이수해야 하는 법정교육으로 운영됐다. 교육에서는 식품위생법과 관련 정책... ",https://www.ppss.kr/news/articleView.html?idxno=299601,https://www.ppss.kr/news/articleView.html?idxno=299601,2026-06-23
외식업 정책,자영업자는 느는데…가성비·수익성이 문제,"관리하는가가 외식업에서 더욱 중요해졌다""고 분석했다. 이같은 가성비 소비성향에 발맞춰 프리미엄 숙성 고기 프랜차이즈 담가화로구이는 첫 주문 시 17% 이상 할인정책으로 소비자를 유도하고 있다. 아울러 추가... ",http://www.the-biz.co.kr/news/articleView.html?idxno=723062,http://www.the-biz.co.kr/news/articleView.html?idxno=723062,2026-06-23
외식업 정책,소비 행태의 변화가 불러온 자영업의 위기[이정희의 경제돋보기],소상공인·자영업 비중에서 약 30%에 이르는 외식업은 대표적으로 저녁모임 감소에 타격을 받았다. 또한... 결국 앞으로 정부의 소상공인·자영업 지원정책은 최대한 실효적인 맞춤형(커스트마이징) 정책으로 전환해... ,https://magazine.hankyung.com/business/article/202606184131b,https://n.news.naver.com/mnews/article/050/0000107648?sid=101,2026-06-23
외식업 정책,"소진공, 소상공인 협·단체와 '제2차 소통마루' 개최…현장 목소리 청취","소상공인정책연구소 양갑수 소장, (사)한국외식업중앙회 박명주 사무총장, (사)한국소공인협회 박동희 회장, (사)한국주유소협회 박동위 팀장, (사)한국이용사회중앙회 김선희 회장, 한국수퍼체인유통사업협동조합 정희성... ",https://www.cstimes.com/news/articleView.html?idxno=710660,https://www.cstimes.com/news/articleView.html?idxno=710660,2026-06-23
외식업 정책,호르무즈 핏빛 분쟁이 바꾼 글로 에너지 지도,"레바논에서 자라 외식업에 종사하다 미국 최초의 LNG 수출 기업 '셰니에르 에너지(Cheniere Energy)'를 1096년... 맥널리는 포춘에 ""일부에서는 이번 유가 폭등이 파리 기후협정이나 전기차 의무화 정책도 하지 못한 '휘발유... ",https://www.fortunekorea.co.kr/news/articleView.html?idxno=52919,https://www.fortunekorea.co.kr/news/articleView.html?idxno=52919,2026-06-23
외식업 정책,"허태정 ""골목상권·전통시장 살아야 대전경제 회복""…소상공인 지원 최...",한국외식업중앙회 대전시지회 관계자 등 100여 명이 참석했다. 참석자들은 장기적인 경기침체에 따른 매출... 소상공인정책협의체 구성 등을 건의했다. 허 당선인은 지역화폐를 지역 소비 순환형 민생경제 플랫폼으로... ,https://www.ccdn.co.kr/news/articleView.html?idxno=1084427,https://www.ccdn.co.kr/news/articleView.html?idxno=1084427,2026-06-22
외식업 정책,"허태정 ""골목상권 살아야 대전경제 산다""…민생 회복 해법 모색","이날 행사에는 전통시장 상인회장과 상점가·골목형상점가 대표, 대전소상공인연합회, 한국외식업중앙회... 또한 노후시설 개선과 저금리 금융지원 확대, 도로변 주차단속 완화, 소상공인정책협의체 구성 등 실질적인... ",https://www.news1.kr/local/daejeon-chungnam/6204862,https://n.news.naver.com/mnews/article/421/0009017306?sid=102,2026-06-22
외식업 정책,"허태정 당선인, 전통시장·골목상권 활성화 핵심 과제 제시…온통대전...","어려움과 정책 제안을 들었다. 이날 행사는 '모두가 잘 사는 대전 그리고 온통대전'을 주제로 열렸으며, 전통시장 상인회, 상점가, 골목형상점가 관계자, 대전소상공인연합회, 한국외식업중앙회 대전시지회 등 다양한... ",https://www.gukjenews.com/news/articleView.html?idxno=3614660,https://www.gukjenews.com/news/articleView.html?idxno=3614660,2026-06-22
외식업 정책,"""재정 최악이라도 골목상권은 살린다""","한국외식업중앙회 대전시지회 관계자 등 100여 명이 참석했다. 현장에서는 경기침체 장기화에 따른 매출... 노후시설 개선과 저금리 지원정책, 도로변 주차단속 완화 요구도 이어졌다. 소상공인들은 시장에게 현장 어려움을... ",https://www.daejonilbo.com/news/articleView.html?idxno=2283202,https://n.news.naver.com/mnews/article/656/0000179656?sid=102,2026-06-22
외식업 정책,"'파산 위기' 대전시, 방만 재정 '전면 수술' 예고…'온통대전'은 부활 추...","및 외식업중앙회 관계자 등 100여 명이 참석해 뜨거운 토론을 벌였다. 간담회에 참석한 상인들은 경기침체 장기화에 따른 매출 감소를 호소하며 노후시설 개선, 저금리 지원정책, 도로변 주차단속 배제 등을 건의했다.... ",https://www.pressian.com/pages/articles/2026062217260617433?utm_source=naver&utm_medium=search,https://n.news.naver.com/mnews/article/002/0002445849?sid=102,2026-06-22
외식업 정책,"허태정 대전시장 당선인, 소상공인 만나 “온통대전 2.0으로 골목상권 ...",한국외식업중앙회 대전시지회 관계자 등 100여 명이 참석해 현장의 목소리를... ‘소상공인정책협의체’를 구성해 달라는 제안도 나왔다. 이에 대해 허 당선인은... ,http://www.breaknews.com/1215920,http://www.breaknews.com/1215920,2026-06-22
외식업 정책,"배민·쿠팡이츠, 합의종결 무산… 공정위가 겨눈 건 '배달앱 지배력'","쿠팡이츠 역시 4년간 600억원 규모의 재정 지원과 와우매장 제도·무료배달 혜택 연계 정책 중단, 최혜대우... 반면 소상공인연합회·전국상인연합회·한국외식업중앙회·한국프랜차이즈산업협회·전국카페사장협동조합 등... ",https://www.newscj.com/news/articleView.html?idxno=3411150,https://www.newscj.com/news/articleView.html?idxno=3411150,2026-06-22
외식업 정책,"[이슈진단+] 누적 적자에 갇힌 케이블TV, 산업 존폐기로 직면",등 정책 전환이 필요하다”고 강조했다. 이종관 법무법인 세종 수석전문위원 코로나 시절 외식업 수준 이익률...“미래 지속가능성 없다” 케이블TV 위기는 2013년부터 본격적으로 이뤄진 것으로 보인다. 총매출... ,https://zdnet.co.kr/view/?no=20260622165352,https://n.news.naver.com/mnews/article/092/0002427593?sid=105,2026-06-22
외식업 정책,"허태정, 중앙시장서 민생 회복 해법 찾았다",민생정책의 우선 과제로 꺼내 들었다. ▲ 허태정 대전시장 당선인이 중앙시장 활성화구역상인회에서 열린... 한국외식업중앙회 대전시지회 관계자 등 100여 명과 마주 앉았다. 상인들은 경기침체 장기화에 따른 매출 하락... ,https://www.ccdailynews.com/news/articleView.html?idxno=2423458,https://www.ccdailynews.com/news/articleView.html?idxno=2423458,2026-06-22
외식업 정책,[곡성소식] 섬진강유역환경청 설치 필요성 토로 외,"군은 이번 박람회를 통해 귀농귀촌 지원 정책을 비롯해 곡성몰, 고향사랑기부제, 주요 관광자원 등을... 이어 지난 17일에는 한국외식업중앙회 곡성군지부와 민·관 합동으로 식중독 예방 캠페인을 전개했다. 이날... ",https://daily.hankooki.com/news/articleView.html?idxno=1378684,https://daily.hankooki.com/news/articleView.html?idxno=1378684,2026-06-22
외식업 정책,"""생존 넘어 브랜드 경쟁력 확보해야""... CJ프레시웨이, 외식업 생존 전략...","사진=CJ프레시웨이 고물가와 소비 위축으로 외식업계의 경영 부담이 커지는 가운데, 외식 브랜드들이 단순... 변화하는 정책 환경과 소비 트렌드, 외식 브랜드의 대응 방향 등을 설명했다. 이어 CJ프레시웨이... ",http://www.thefirstmedia.net/news/articleView.html?idxno=201901,http://www.thefirstmedia.net/news/articleView.html?idxno=201901,2026-06-22
외식업 정책,"[현장] ""JTBC꼴 나기 전에""…케이블TV에 관리형 퇴출·출구전략 제안","""코로나 외식업 수준 수익성""…SO 본업 적자 확대에 경영난 심화 22일 한국프레스센터에서 열린 '방송미디어 구조변화에 따른 유료방송 정책 재정립 방안 마련' 세미나에서 법무법인(유) 세종 이종관 수석전문위원은... ",https://www.dailian.co.kr/news/view/1658498/?sc=Naver,https://n.news.naver.com/mnews/article/119/0003103456?sid=105,2026-06-22
외식업 정책,[오늘 뭐했니?] CJ,"22일, CJ프레시웨이는 외식업 성장 지원 프로그램을 운영했고, CJ온스타일은 협력사 CCM 인증 지원에 나섰다.... 변화하는 정책 환경에 따른 시장 대응 방안 등 사업 운영에 실질적으로 필요한 정보를 다양하게 공유했다.... ",http://www.financialreview.co.kr/news/articleView.html?idxno=43044,http://www.financialreview.co.kr/news/articleView.html?idxno=43044,2026-06-22
외식업 정책,"CJ프레시웨이, '프랜차이즈 그로스 데이' 개최…외식업 성장 전략 공유",CJ프레시웨이는 외식업체를 위한 시장 트렌드 분석과 브랜드 운영 전략 등 성공 솔루션을 제공하는 세미나를... 변화하는 정책 환경에 따른 시장 대응 방안 등 실질적인 사업 운영 정보를 공유했다. 이어 CJ프레시웨이... ,https://www.newsmap.co.kr/news/articleView.html?idxno=824,https://www.newsmap.co.kr/news/articleView.html?idxno=824,2026-06-22
외식업 정책,"CJ프레시웨이, '프랜차이즈 그로스 데이' 세미나 개최... 브랜드 성장 노...","변화하는 정책 환경에 따른 시장 대응 방안 등 사업 운영에 실질적으로 필요한 정보를 다양하게 공유했다.... CJ프레시웨이 관계자는 ""외식업의 창업기, 성장기, 성숙기 등 사업의 생애주기별 맞춤형 솔루션 제공을 통해... ",http://www.newslock.co.kr/news/articleView.html?idxno=131930,http://www.newslock.co.kr/news/articleView.html?idxno=131930,2026-06-22
외식업 정책,서울 가맹시장 성장세 지속…가맹점 매출 6% 늘고 창업 수요도 확대,"1억4천720만원, 외식업 9천610만원 순이었다. 전체 창업 비용 중 인테리어가 평균 5천450만원으로 가장 큰 비중(48%)을 차지했다. 서울시는 시장 확대와 함께 가맹점주 보호 정책도 강화하고 있다. 필수품목 강매 관행... ",http://www.efnews.co.kr/news/articleView.html?idxno=130465,http://www.efnews.co.kr/news/articleView.html?idxno=130465,2026-06-22
외식업 정책,서울 프랜차이즈 연 평균매출 4억1800만원…창업비용 1억1350만원,"외식업 브랜드 수는 지난해 말 기준 3368개로 전년 대비 0.6% 늘었지만, 가맹점 수는 8만6094개로 1.0... 가맹점주가 신뢰할 수 있는 공정한 가맹거래 환경조성을 위한 정책도 추진해 나가겠다""고 말했다.",http://www.seouleconews.com/news/articleView.html?idxno=91951,http://www.seouleconews.com/news/articleView.html?idxno=91951,2026-06-22
외식업 정책,"CJ프레시웨이, 외식업계 성장 전략 세미나 개최","장 컨설턴트는 변화하는 정책 환경에 따른 시장 대응 방안 등 사업 운영에 필요한 실무 정보를 전달했다.... CJ프레시웨이 관계자는 ""외식업의 창업기, 성장기, 성숙기 등 사업 생애주기별 맞춤형 솔루션을 통해 고객사와... ",https://www.mdtoday.co.kr/news/articleView.html?idxno=601881,https://www.mdtoday.co.kr/news/articleView.html?idxno=601881,2026-06-22
외식업 정책,[이상헌의 성공창업 노트] 2025~2026년 프랜차이즈 M&A 시장 현황과 가맹...,외식업 경기 침체와 투자시장 불확실성으로 인해 매수자보다 매도자가 많은 '바이어 마켓(Buyer Market)' 현상이... 특히 프랜차이즈 업계에 대한 규제 강화 논의와 가맹점 권익 보호 정책 확대가 투자 심리에 영향을 미친... ,http://www.beyondpost.co.kr/view.php?ud=20260622144321550918ef25b590_30,http://www.beyondpost.co.kr/view.php?ud=20260622144321550918ef25b590_30,2026-06-22
외식업 정책,서울서 가맹점 차리려면 1억 원 이상… 연매출 평균은 4억 원대,"서비스업이 1억7,240만 원으로 가장 높았고 도소매업 1억4,720만 원, 외식업 9,610만 원 순이었다. 인테리어... 시는 가맹사업 내실화 정책의 일환으로 등록 취소를 유도한 결과, 지난해 취소 브랜드가 518개로 전년... ",https://www.hankookilbo.com/news/article/A2026062213230001370?did=NA,https://n.news.naver.com/mnews/article/469/0000937837?sid=102,2026-06-22
외식업 정책,"가평군, 중장년 관광일자리 확대 나선다… 관광산업 채용박람회 개최","군은 수도권 대표 관광도시로 연간 수많은 관광객이 방문하고 있으며 △숙박업과 외식업 △관광서비스업... 일자리 정책을 확대하며 지속 가능한 고용 기반 구축에 힘쓰고 있다. 군 관계자는 ""관광산업은 가평 경제를... ",http://www.inews24.com/view/1978478,https://n.news.naver.com/mnews/article/031/0001036621?sid=102,2026-06-22
외식업 정책,"CJ프레시웨이, 프랜차이즈·자영업자 성장 지원","주제로 정책 변화와 시장 대응 전략을 소개했다. 이어 CJ프레시웨이 외식컨설팅팀은 브랜드 기획부터 메뉴... CJ프레시웨이 관계자는 ""외식업의 창업기부터 성장기, 성숙기까지 사업 단계별 맞춤형 솔루션을 제공하며... ",http://www.metroseoul.co.kr/article/20260622500196,http://www.metroseoul.co.kr/article/20260622500196,2026-06-22
외식업 정책,"CJ프레시웨이, 외식 프랜차이즈 대상 실무형 성장 전략 공유","행사는 지난 18일 서울 마포구 본사에서 열렸으며 한식, 카페, 주점 등 외식업 관계자와 1인 사업자, 내부... 정책 변화와 소비 흐름에 따른 대응 방향이 주요 내용으로 다뤄졌다. 이어 CJ프레시웨이 외식컨설팅팀은 브랜드... ",https://www.polinews.co.kr/news/articleView.html?idxno=734704,https://www.polinews.co.kr/news/articleView.html?idxno=734704,2026-06-22
외식업 정책,"계룡시, '목포 맛집 해법' 배운다... 외식업 경쟁력 강화","시는 이번 견학을 통해 확인한 우수사례와 운영 노하우를 음식문화 개선 사업에 적극 반영하고, 외식업소의 위생 수준과 친절 서비스를 높이기 위한 지원 정책도 한층 강화해 나갈 방침이다. 특히 현장 중심의 벤치마킹이... ",http://www.newsworker.co.kr/news/articleView.html?idxno=432362,http://www.newsworker.co.kr/news/articleView.html?idxno=432362,2026-06-22
외식업 정책,서울 등록취소 프랜차이즈 98.5% '가맹점 0개',"업종별로는 서비스업이 1억7240만원으로 가장 높았고 도소매업 1억4720만원, 외식업 9610만원 순이었다. 김명선 공정경제과장은 ""예비 창업자와 가맹점주가 신뢰할 수 있는 공정한 가맹거래 환경 조성을 위한 정책을... ",https://www.safetimes.co.kr/news/articleView.html?idxno=243619,https://www.safetimes.co.kr/news/articleView.html?idxno=243619,2026-06-22
외식업 정책,"CJ프레시웨이, 외식 프랜차이즈 성장 전략 공유…'프랜차이즈 그로스 데...","주제로 정책 변화와 소비 트렌드에 따른 시장 대응 전략을 소개했다. 이어 CJ프레시웨이 외식컨설팅팀은... CJ프레시웨이 관계자는 ""외식업 창업부터 성장, 성숙 단계까지 사업 생애주기에 맞춘 맞춤형 솔루션을 제공하며... ",http://www.dailysmart.co.kr/news/articleView.html?idxno=125842,http://www.dailysmart.co.kr/news/articleView.html?idxno=125842,2026-06-22
외식업 정책,"CJ프레시웨이, 외식 브랜드 운영 전략 공유 행사 열어",CJ프레시웨이가 외식업 관계자를 대상으로 브랜드 성장 전략을 다룬 ‘프랜차이즈 그로스 데이’를... 프랜차이즈 창업 플랫폼 마이프차의 장순식 컨설턴트는 2026년 외식시장 흐름과 정책 변화에 따른 대응 방향을... ,http://www.lawissue.co.kr/view.php?ud=202606221119487440204ead0791_12,http://www.lawissue.co.kr/view.php?ud=202606221119487440204ead0791_12,2026-06-22
외식업 정책,배달앱 입점 전 '메뉴별 손익표' 부터 만들자,"치킨, 피자, 중식처럼 배달에 익숙한 업종을 제외하면 대부분의 외식업 자영업자는 매장 장사를 중심으로... 겉으로는 수수료 인하나 상생 정책처럼 보이지만 자영업자가 실제 체감하는 비용은 다를 수 있다. 특히 객단가가... ",http://www.kbiznews.co.kr/news/articleView.html?idxno=114373,http://www.kbiznews.co.kr/news/articleView.html?idxno=114373,2026-06-22
외식업 정책,"CJ프레시웨이, 외식 컨설팅 역량 집결…프랜차이즈 성장 세미나 성료",매일일보 = 이선민 기자  |  외식업계의 경영 환경이 빠르게 변화하는 가운데 CJ프레시웨이가 프랜차이즈... 장 컨설턴트는 변화하는 정책 환경과 시장 상황에 대응하기 위한 전략 등 사업 운영에 필요한 실질적인 정보를... ,https://www.m-i.kr/news/articleView.html?idxno=1383682,https://www.m-i.kr/news/articleView.html?idxno=1383682,2026-06-22
외식업 정책,목포 맛집서 찾은 계룡 외식업 해법,시는 현장에서 확인한 사례를 음식문화 개선사업과 외식업소 지원 정책에 녹여낼 계획이다. 업소별 위생 수준을 높이고 서비스 역량을 다듬는 과정이 골목상권의 신뢰도와 관광객 만족도로 이어질 수 있다는 판단이다.... ,https://www.ccdailynews.com/news/articleView.html?idxno=2423308,https://www.ccdailynews.com/news/articleView.html?idxno=2423308,2026-06-22
외식업 정책,"CJ프레시웨이 ""외식 프랜차이즈 대상 성장 전략 세미나 개최""",변화하는 정책 환경과 시장 흐름에 따른 대응 방안 등 외식업 운영에 필요한 내용을 소개했다. 이어 CJ프레시웨이 외식컨설팅팀은 프랜차이즈 브랜드의 지속 가능한 성장을 위한 운영 전략을 공유했다. 김승찬... ,https://www.ziksir.com/news/articleView.html?idxno=137577,https://www.ziksir.com/news/articleView.html?idxno=137577,2026-06-22
외식업 정책,"CJ프레시웨이, 외식 프랜차이즈 기업에 노하우 전수","장 컨설턴트는 변화하는 정책 환경에 따른 시장 대응 방안 등 사업 운영에 실질적으로 필요한 정보를... CJ프레시웨이 관계자는 ""외식업의 창업기, 성장기, 성숙기 등 사업의 생애주기별 맞춤형 솔루션 제공을 통해 외식... ",http://www.foodnews.co.kr/news/articleView.html?idxno=119051,http://www.foodnews.co.kr/news/articleView.html?idxno=119051,2026-06-22
외식업 정책,"“3600억원 상생안도 소용없었다”…배민·쿠팡이츠 동의의결, 대체 뭐...","와우매장 정책 개선과 함께 600억원 규모 지원안을 제출했다. 하지만 공정위 판단은 달랐다. 정희은 공정위... 소상공인연합회와 전국상인연합회, 한국외식업중앙회, 한국프랜차이즈산업협회, 전국카페사장협동조합 등은... ",https://www.ddaily.co.kr/page/view/2026062209570505929,https://n.news.naver.com/mnews/article/138/0002231595?sid=101,2026-06-22
외식업 정책,외식비 부담 커지는 밥상물가... 유가·인건비·원재료비 '트리플 압박',외식업은 대표적인 개인서비스 업종인 만큼 인건비와 운영비 상승분이 메뉴 가격에 반영되기 쉽다. 생산... 다만 정책 효과가 곧바로 외식 메뉴 가격 하락으로 이어지기는 쉽지 않다. 음식점 가격은 한 번 오르면... ,http://www.chungnamilbo.co.kr/news/articleView.html?idxno=894621,http://www.chungnamilbo.co.kr/news/articleView.html?idxno=894621,2026-06-22
외식업 정책,"평상집, 불경기 속 전국 30호점 운영… 폐점 없이 매장 확대",평상집이 외식업 경기 침체 속에서도 매장 수를 확대하며 전국 30개 매장을 운영하고 있다고 밝혔다.... 본사의 '물류 수익 제로 정책'도 운영 방식의 특징으로 제시된다. 평상집은 가맹점 운영 안정성을 고려해 원가 관리가... ,http://www.e2news.com/news/articleView.html?idxno=331528,http://www.e2news.com/news/articleView.html?idxno=331528,2026-06-22
외식업 정책,"계양구, 일반음식점 위생교육 실시","관련 정책 방향, 식중독 예방을 위한 위생관리 방법, 식품접객업 서비스 개선, 관련 법령 안내 등이다. 윤환 구청장은 교육 현장에서 ""식품위생에 대한 정확한 인식은 법적 의무를 이행하는 차원을 넘어 지역 외식업의... ",https://www.jeonmae.co.kr/news/articleView.html?idxno=1267197,https://www.jeonmae.co.kr/news/articleView.html?idxno=1267197,2026-06-22
외식업 정책,"CJ프레시웨이, 외식 프랜차이즈 대상 성장 전략 세미나 개최",외식업 전문가 강연과 참석자 간 네트워킹 세션으로 구성됐다. 첫 강연은 프랜차이즈 창업 플랫폼 '마이프차'의 장순식 컨설턴트가 맡았다. 장 컨설턴트는 '대표님이 알아야 할 2026 외식 시장 흐름'을 주제로 정책 환경... ,https://www.hankyung.com/article/202606229723g,https://n.news.naver.com/mnews/article/015/0005301221?sid=101,2026-06-22
외식업 정책,"식자재 납품 넘어 성장 지원으로…CJ프레시웨이, 프랜차이즈 세미나 개...","프랜차이즈 창업 플랫폼 '마이프차'의 장순식 컨설턴트는 '대표님이 알아야 할 2026 외식 시장 흐름'을 주제로 강연하고, 정책 환경 변화에 따른 외식업 운영 대응 방안을 설명했다. CJ프레시웨이 외식컨설팅팀 김승찬... ",https://www.newsquest.co.kr/news/articleView.html?idxno=268239,https://www.newsquest.co.kr/news/articleView.html?idxno=268239,2026-06-22
외식업 정책,서울 가맹시장 성장세 지속…가맹점 평균 매출 4억1천800만원·창업비용...,"서울시 등록 가맹본부·브랜드·가맹점 수 모두 증가…외식업 비중 여전히 최대 커피·운송업 성장... 공정한 가맹거래 환경 조성을 위한 정책도 지속적으로 추진하겠다""고 말했다. 서울 중구 명동거리. [사진=연합뉴스]",https://www.youthdaily.co.kr/news/article.html?no=221365,https://www.youthdaily.co.kr/news/article.html?no=221365,2026-06-22
외식업 정책,외식업 주도 서울 프랜차이즈 성장세 지속…연평균 매출 4.2억,업종별로 보면 외식 업종이 가장 큰 비중을 점유하면서 가맹사업 시장을 주도하고 있다. 외식 업종은... 위한 정책을 추진하고 있다. 올해는 계약 해지 단계에게 발생하는 부담을 개선하기 위해 '서울형 가맹사업... ,https://view.asiae.co.kr/article/2026062208330775867,https://n.news.naver.com/mnews/article/277/0005779324?sid=101,2026-06-22
외식업 정책,"""갈등 넘어, 상생으로""…배민, 소상공인 지원 '드라이브'","단순히 플랫폼 규모를 확대하는 데 그치지 않고 외식업주의 경영 부담을 완화하고 경쟁력을 높이는 방향으로 정책을 전환하고 있다는 평가다. 또 다른 업계 관계자는 ""배달 플랫폼 산업은 플랫폼과 입점 업체가 함께... ",https://www.youthdaily.co.kr/news/article.html?no=221268,https://www.youthdaily.co.kr/news/article.html?no=221268,2026-06-22
외식업 정책,"서울 프랜차이즈, 1.1억에 창업해 연평균 4.18억 번다","외식업 브랜드 수는 지난해 말 기준 3368개로 전년보다 0.6% 늘었으나, 가맹점 수는 8만6094개에 그쳐 1.0... 창업자와 가맹점주가 신뢰할 수 있는 공정한 가맹거래 환경 조성을 위한 정책도 추진해 나가겠다""고 말했다.",https://www.hankyung.com/article/2026062292757,https://n.news.naver.com/mnews/article/015/0005301161?sid=101,2026-06-22
외식업 정책,서울 프랜차이즈 평균 매출 4억1800만원…창업비는 1억1350만원,"업종별로는 외식업이 여전히 시장의 중심을 차지했다. 외식업은 전체 가맹본부의 70% 이상, 브랜드의 75... 정보 제공을 강화하고, 공정한 가맹거래 환경 조성을 위한 지원 정책도 지속적으로 추진할 계획이라고 밝혔다.",http://www.newsian.co.kr/news/articleView.html?idxno=91234,http://www.newsian.co.kr/news/articleView.html?idxno=91234,2026-06-22
외식업 정책,서울 가맹본부·가맹점·평균 매출 모두 증가…연평균 매출 4억2천만 원,"외식업 브랜드 수는 작년 말 기준 3,368개로 전년 대비 0.6% 늘었지만 가맹점 수는 8만6,094개로 1.0... 가맹점주가 신뢰할 수 있는 공정한 가맹거래 환경 조성을 위한 정책도 추진해 나가겠다""고 말했습니다. [ / ]",http://mbnmoney.mbn.co.kr/news/view?news_no=MM1005862892,http://mbnmoney.mbn.co.kr/news/view?news_no=MM1005862892,2026-06-22
외식업 정책,[편집자 칼럼] 저출산의 부메랑이 농식품 시장을 강타하고 있다,외식업이 바닥이라는 탄식이 끊이지 않는다. 양파값이 폭락하고 양배추가 쌓인다. 사람들은 경기 침체를... 수요의 총량을 상수로 두고 정책을 설계해야 하는 시대가 왔다. 저출산으로 인한 수요 감소는 경기가... ,https://www.farminsight.net/news/articleView.html?idxno=16562,https://www.farminsight.net/news/articleView.html?idxno=16562,2026-06-22
외식업 정책,가맹점 수·매출 동반 상승…서울 프랜차이즈 시장 호조,외식업은 9610만원이었다. 창업비용 중 인테리어 비용이 평균 5450만원으로 전체의 48.0%를 차지했다. 평균 점포 면적인 26평 기준으로 환산하면 평당 210만원 수준이다. 서울시는 가맹점주 권익 보호를 위한 정책도... ,https://www.edaily.co.kr/news/newspath.asp?newsid=01607206645484344,https://n.news.naver.com/mnews/article/018/0006311631?sid=100,2026-06-22
외식업 정책,서울 프랜차이즈 연평균 매출 4억2천만원…창업비용 1억1천만원,"외식업·서비스·도소매업 순으로 많아…본부·점포수 모두↑ 서울에 등록된 가맹사업(프랜차이즈)... 창업자와 가맹점주가 신뢰할 수 있는 공정한 가맹거래 환경 조성을 위한 정책도 추진해 나가겠다""고 말했다.",https://www.yna.co.kr/view/AKR20260621026100004?input=1195m,https://n.news.naver.com/mnews/article/001/0016150572?sid=102,2026-06-22
외식업 정책,서울 가맹점 평균 매출 4억1800만원…1년 새 6%↑,"업종별로는 외식업이 서울 가맹사업 시장에서 가장 큰 비중을 차지했다. 외식업은 가맹본부의 70.8... 할 수 있도록 지원하고 공정한 가맹거래 환경 조성을 위한 정책도 지속적으로 추진해 나가겠다""고 덧붙였다.",https://www.news1.kr/local/moi/6203640,https://n.news.naver.com/mnews/article/421/0009015384?sid=102,2026-06-22
외식업 정책,"[기자수첩 여주시연속기획②] 민선 9기 이충우 시장, 산업단지 조성으로...","이러한 관점에서 민선 9기 여주시가 추진하는 산업단지 조성 정책은 장기적인 성장 기반을 마련하기 위한... 제조업과 서비스업, 물류와 유통, 숙박과 외식업 등 다양한 분야가 함께 영향을 받는다. 산업단지가 성공적으로... ",http://www.newstown.co.kr/news/articleView.html?idxno=706795,http://www.newstown.co.kr/news/articleView.html?idxno=706795,2026-06-21
외식업 정책,"배민, '온라인플랫폼 동반성장평가' 자발적 참여","다양한 정책 수립과 제도 개선을 이어가고 있다. 우아한형제들 윤석준 브랜드커뮤니케이션전략부문 총괄사장은 ""배민은 그동안 외식업주와 라이더 등 배달 생태계 이해관계자와의 상생 프로그램을 꾸준히 운영해 왔다... ",https://www.kgnews.co.kr/news/article.html?no=900776,https://www.kgnews.co.kr/news/article.html?no=900776,2026-06-21
외식업 정책,[패트롤] 고양시의회-부천시의회-시흥시의회-하남시의회,"이번 개정조례안에는 김수진 의원이 평소 지역상권 현장에서 소상공인과 소통한 사항과 한국외식업중앙회... 있는 정책으로 자리 잡을 수 있도록 운영 상황을 꼼꼼히 살피겠다""고 덧붙였다. 부천=에너지경제신문... ",https://www.ekn.kr/web/view.php?key=20260621027545193,https://www.ekn.kr/web/view.php?key=20260621027545193,2026-06-21
외식업 정책,고용 줄이고 신규채용 중단...소상공인 87% 최저임금 '부담 커',"앞서 소상공인연합회와 전국상인연합회, 한국중소상인자영업자총연합회, 한국외식업중앙회 등 소상공인 업계는 9일 전국 단위의 ‘생존권 사수와 고용 정책 대전환 촉구 범 소상공인 결의대회’를 개최한 바 있다.... ",https://www.etoday.co.kr/news/view/2595632,https://www.etoday.co.kr/news/view/2595632,2026-06-21
외식업 정책,"'철도·경마공원·산단' 승부수…최재형 군수, 충북도와 보은 미래사업...","체류형 관광객 유입을 통해 지역 상권 활성화와 숙박·외식업 매출 증대를 노리고 있다. 산업 경쟁력 확보를... 김응철 기획감사실장(공보 총괄)은 ""새 도정 출범과 맞물려 지역 핵심사업이 정책 과제에 반영될 수 있도록... ",https://www.bzeronews.com/news/articleView.html?idxno=819033,https://www.bzeronews.com/news/articleView.html?idxno=819033,2026-06-21
외식업 정책,"홍천군보건소, 여름철 식중독 예방 합동캠페인 실시",홍천군보건소 보건정책과 위생관리팀이 주관한 이번 행사에는 감염병관리팀과 한국외식업중앙회 홍천군지부가 함께 참여했다. 보건소는 꽃뫼공원 일원에 홍보부스를 설치하고 지역 주민들을 대상으로 여름철 식중독... ,https://www.shinailbo.co.kr/news/articleView.html?idxno=5032456,https://www.shinailbo.co.kr/news/articleView.html?idxno=5032456,2026-06-21
외식업 정책,"""다카이치 외국인 고용 규제, 외식업계 구인난 초래""",일본 정부의 외국인 취업 비자 제한 정책이 외식업계의 구인난을 키우고 있습니다. 니혼게이자이신문은 오늘(20일) 외국인 체류 자격인 '특정기능' 발급 대상을 쿼터제로 제한한 정책이 외식업계의 인력난과 비용... ,http://mbn.mk.co.kr/pages/news/newsView.php?category=mbn00008&news_seq_no=5200958,https://n.news.naver.com/mnews/article/057/0001954748?sid=104,2026-06-20
외식업 정책,"일본의 외국인 고용 규제, 자국 외식업자에 역효과",일본 정부가 외국인 체류 자격(비자)인 '특정기능' 발급 대상 수를 쿼터제로 제한한 정책이 외식업계의 구인난과 비용 상승으로 이어지고 있다고 니혼게이자이신문(닛케이)이 20일 진단했습니다. 일본 정부는 노동력... ,http://mbnmoney.mbn.co.kr/news/view?news_no=MM1005862246,http://mbnmoney.mbn.co.kr/news/view?news_no=MM1005862246,2026-06-20
외식업 정책,"""日 외국인 고용규제, 日 외식업자에게 불똥""",정부의 정책으로 외식업계가 구인난과 인건비 상승 이중고를 겪고 있다는 분석이다. 향후에는 건설업이나 요양보호업 등 외국인 인력 활용이 많은 업종에도 쿼터제가 적용되면서 특정기능 비자 신규 접수가 중단될... ,https://view.asiae.co.kr/article/2026062015501703769,https://n.news.naver.com/mnews/article/277/0005779070?sid=104,2026-06-20
외식업 정책,"다카이치의 외국인 비자 쿼터제 역풍...""日 외식업계 구인전쟁""",일본 정부가 외국인 체류 자격(비자)인 '특정기능' 발급 대상 수를 쿼터제로 제한한 정책이 외식업계의 구인난과 비용 상승으로 이어지고 있다는 진단이 나왔다. 20일 니혼게이자이신문(닛케이)에 따르면 정부가... ,http://www.fnnews.com/news/202606201511393215,https://n.news.naver.com/mnews/article/014/0005537441?sid=101,2026-06-20
외식업 정책,"""다카이치의 외국인 고용 규제, 자국 외식업자 울린다""","닛케이, '특정기능' 비자 쿼터제 도입 역효과 지적 조성미 특파원 = 일본 정부가 외국인 체류 자격(비자)인 '특정기능' 발급 대상 수를 쿼터제로 제한한 정책이 외식업계의 구인난과 비용 상승으로 이어지고 있다고... ",https://www.yna.co.kr/view/AKR20260620031200073?input=1195m,https://n.news.naver.com/mnews/article/001/0016149477?sid=104,2026-06-20
외식업 정책,"""누적 수강생 35만명 돌파와 장학금 90억원 전달""…배민, '플랫폼 동반성...","윤석준 우아한형제들 브랜드커뮤니케이션전략부문 총괄사장은 ""배민은 그동안 외식업주와 라이더 등 배달... 라이더 안전을 위한 정책 수립과 제도 개선을 이어가고 있다. 우아한형제들이 이번 온라인플랫폼... ",https://www.financialpost.co.kr/news/articleView.html?idxno=263234,https://www.financialpost.co.kr/news/articleView.html?idxno=263234,2026-06-19
외식업 정책,"계양구, 일반음식점 기존영업자 법정교육 실시…안전한 외식문화 조성","한국외식업중앙회 인천광역시지회 계양구지부 주관으로 마련됐으며, 식품위생법에 따라 일반음식점 영업자가 매년 이수해야 하는 법정 의무교육으로 운영됐다. 교육에서는 식품위생법 주요 내용과 정부 정책 방향을... ",http://www.newstown.co.kr/news/articleView.html?idxno=706732,http://www.newstown.co.kr/news/articleView.html?idxno=706732,2026-06-19
외식업 정책,최저임금 인상… 학교 내 스마트폰 규제 본격 시행,특히 의료·요양 분야와 호텔·외식업은 산업별 특별 규정을 적용받아 최대 25달러~26.50달러 수준까지 상승한다. 이는 노동력 부족과 생활비 상승에 대응하기 위한 조치로 풀이된다. 공공정책 분야에서는 SB-79 ‘교통... ,http://www.koreatimes.com/article/1618092,http://www.koreatimes.com/article/1618092,2026-06-19
배달앱 수수료,"[솔로이코노미] OTT 정가는 올랐는데, 왜 지출은 줄었을까?",플랫폼이 처음에는 낮은 가격으로 이용자를 모은 뒤 시장지배력을 확보하면 구독료나 수수료를 올려 소비자 부담을 키운다는 논리다. 특히 OTT와 배달앱은 일상 소비와 맞닿아 있어 대표 사례로 자주 거론됐다. 그러나... ,http://www.dailypop.kr/news/articleView.html?idxno=100023,http://www.dailypop.kr/news/articleView.html?idxno=100023,2026-06-25
배달앱 수수료,"대표팀 졌지만, 치킨집 웃었다…오전 월드컵에 점주들 ‘숨통’",업계 관계자는 “월드컵 기간에는 경기 시작 전후로 배달뿐 아니라 포장과 홀 이용 수요까지 한꺼번에 몰리는 특징이 있다”며 “배달앱 수수료 부담이 큰 점주들에게는 포장과 홀 매출 비중이 커지는 것 자체가... ,https://www.edaily.co.kr/news/newspath.asp?newsid=04592006645485328,https://n.news.naver.com/mnews/article/018/0006314796?sid=103,2026-06-25
배달앱 수수료,"영등포구, '땡겨요상품권' 25억 원 발행…최대 20% 할인으로 소비 촉진","구는 이번 상품권 발행이 소비자의 외식비 부담을 덜어주는 동시에 민간 배달앱보다 낮은 수수료 혜택을 받는 지역 소상공인의 경영 안정에도 도움이 될 것으로 기대하고 있다. 최호권 영등포구청장은 ""상품권 할인과... ",https://www.job-post.co.kr/news/articleView.html?idxno=219164,https://www.job-post.co.kr/news/articleView.html?idxno=219164,2026-06-25
배달앱 수수료,"“고물가 시대 배달비 아끼자”…영등포구, ‘땡겨요상품권’25억 원 발...","구민은 할인된 가격으로 음식을 주문할 수 있고, 가맹 소상공인은 민간 배달앱보다 훨씬 저렴한 중개 수수료 혜택을 누릴 수 있어 호응이 높다. 구는 이번 발행에서 최대 20%에 달하는 파격적인 할인 혜택을 제공한다.... ",https://www.munhwa.com/article/11598242?ref=naver,https://n.news.naver.com/mnews/article/021/0002800341?sid=102,2026-06-25
배달앱 수수료,"서울시 자치구 중 두 번째로 큰 발행 규모...영등포구, 7월 1일 '영등포...","민간 배달앱의 높은 중개수수료 부담을 완화하기 위해 낮은 수수료 체계를 지향한다. 지역화폐 결제 연계로 지역 내 소비를 촉진한다. 최호권 영등포구청장은 ""15% 선할인과 5% 페이백이라는 강력한 할인 혜택이 올... ",https://www.cnbizm.com/news/articleView.html?idxno=306629,https://www.cnbizm.com/news/articleView.html?idxno=306629,2026-06-25
배달앱 수수료,"파리 불법체류 라이더의 48시간, 프랑스판 '나 혼자 산다'","술레이만은 배달앱을 통해 배달할 주문을 잡고 배송한다. 이 음식점, 저 음식점을 바쁘게 오가며 음식을 챙기고 자전거로 힘껏 페달을 밟아 가져다주는 것이 그의 역할이다. 수수료 몇 유로라도 더 챙기려 종일 쉴 틈 없이... ",https://www.ohmynews.com/NWS_Web/View/at_pg.aspx?CNTN_CD=A0003245656&CMPT_CD=P0010&utm_source=naver&utm_medium=newsearch&utm_campaign=naver_news,https://m.entertain.naver.com/article/047/0002520512,2026-06-25
배달앱 수수료,"영등포구, 25억 규모 ‘땡겨요상품권’ 발행","가맹 소상공인은 민간 배달앱보다 저렴한 중개 수수료 혜택을 누릴 수 있다. 서울시가 신한은행과 함께 운영하는 땡겨요는 중개수수료 2% 적용, 광고비 0원, 당일 카드 결제 대금 정산 지원으로 자영업자의 부담을... ",https://biz.heraldcorp.com/article/10787855?ref=naver,https://n.news.naver.com/mnews/article/016/0002661404?sid=102,2026-06-25
배달앱 수수료,[단독]‘위기의 소상공인’ 올해 전국 외식업 6곳 중 1곳 망했다…“코...,여기에 배달 플랫폼 수수료와 광고비 부담도 자영업자의 수익성을 악화시키는 요인으로 꼽힌다. 송치영 소상공인연합회장은 “고금리·고환율·고물가 상황 등의 고비용 구조가 지속되고 있는 것이 가장 큰 원인”... ,https://biz.heraldcorp.com/article/10787618?ref=naver,https://n.news.naver.com/mnews/article/016/0002661355?sid=101,2026-06-25
배달앱 수수료,"영등포구, 25억 규모 '땡겨요상품권' 발행…15% 할인·5% 페이백","가맹 소상공인은 민간 배달앱 대비 저렴한 중개 수수료를 적용받는다. 이번 발행에서는 상품권 구매 시 15% 선할인과 함께, '땡겨요' 앱 내 영등포구 가맹점에서 결제할 경우 결제 금액의 5%를 페이백으로 추가 지급하는... ",https://www.hg-times.com/news/articleView.html?idxno=303053,https://www.hg-times.com/news/articleView.html?idxno=303053,2026-06-25
배달앱 수수료,[25일 서울 영등포구] 내달 1일 '영등포땡겨요상품권' 25억원 발행 등,"구민은 할인된 가격으로 음식을 주문할 수 있고, 가맹 소상공인은 민간 배달앱보다 훨씬 저렴한 중개 수수료 혜택을 누릴 수 있다. 구는 이번 발행에서 최대 20%에 달하는 파격적인 할인 혜택을 제공한다. 상품권 구매 시 15... ",https://www.asiatime.co.kr/article/20260625500071,https://www.asiatime.co.kr/article/20260625500071,2026-06-25
배달앱 수수료,"[황윤주의 외식 비즈니스 컨설팅] 프랜차이즈 창업, 가맹비·보증금·교...","7월에 총매출(부가세 제외) 4,000만 원, 환불 100만 원, 자체 쿠폰 50만 원, 배달앱 수수료 300만 원이면 순매출은 3,550만 원이다. 로열티 3%는 106.5만 원, 광고분담금 2%는 71만 원이 된다. 이 정도의 예시가 계약서 뒤에 붙어... ",https://www.lecturernews.com/news/articleView.html?idxno=204939,https://www.lecturernews.com/news/articleView.html?idxno=204939,2026-06-25
배달앱 수수료,"영등포구, 내달 1일 '땡겨요상품권 '25억 원 본격 발행","구민은 할인된 가격으로 음식을 주문할 수 있고, 가맹 소상공인은 민간 배달앱보다 훨씬 저렴한 중개 수수료 혜택을 누릴 수 있어 호응이 높다. 구는 이번 발행에서 최대 20%에 달하는 파격적인 할인 혜택을 제공한다.... ",https://www.m-i.kr/news/articleView.html?idxno=1385077,https://www.m-i.kr/news/articleView.html?idxno=1385077,2026-06-25
배달앱 수수료,[기자수첩] 배달앱 채찍만이 능사 아니다,소상공인은 코로나와 같은 특수 상황에서도 매출을 낼 수 있는 또 다른 수단을 얻었지만 '수수료'라는 비용을... 설령 시정명령이 확정되더라도 플랫폼은 광고비를 올리거나 새 수수료 항목을 만드는 방식으로 수익을... ,https://dealsite.co.kr/articles/164101,https://dealsite.co.kr/articles/164101,2026-06-25
배달앱 수수료,"이재명 정부 1년, 경제민주화 정책 '대체로 선방'…""양극화 해소 위한 구...","반면 지역화폐 확대 효과가 제한적이었고 온라인 플랫폼법 제정 지연, 배달앱 수수료 규제 미비, 중소유통업 보호정책 부재는 아쉬운 점으로 꼽았다. 이 위원장은 ""지역화폐와 채무조정 확대 정책이 현장에서 충분히... ",https://www.ngonews.kr/news/articleView.html?idxno=231653,https://www.ngonews.kr/news/articleView.html?idxno=231653,2026-06-24
배달앱 수수료,'을'에서 '협상 주체'로…대기업·플랫폼 흔들 '소상공인 협상법' 온다,"최근 배달앱 수수료와 온라인 플랫폼 입점 수수료, 가맹본부와 점주 간 계약 조건 등을 둘러싼 갈등이 이어지면서 소상공인의 협상력 강화를 요구하는 목소리가 커지고 있는데요. 개별 사업자가 거래 상대방과 직접... ",http://www.newstomato.com/ReadNews.aspx?no=1305065&inflow=N,http://www.newstomato.com/ReadNews.aspx?no=1305065&inflow=N,2026-06-24
배달앱 수수료,"30억은 통과, 3600억은 퇴짜…배민·쿠팡이츠 '자진시정' 공정위 기각 이...","역대급 지원안을 내놓고도 배달앱 불공정거래 의혹이 공정위 문턱을 넘지 못하면서, 업계에서는 쿠팡이츠와... 쿠팡이츠는 피해 입점업체 지원 등을 명목으로 600억 원 규모의 지원책을 내놨고, 배민은 수수료 인하와... ",https://www.bizhankook.com/bk/article/32607,https://www.bizhankook.com/bk/article/32607,2026-06-24
배달앱 수수료,"[전문가 기고] 외식업 일반창업과 프랜차이즈, 무엇이 버티는가","프랜차이즈는 로열티 산정 기준(총매출 vs 순매출)과 배달앱 쿠폰·플랫폼 수수료의 처리 방식, 오픈 지연 시 지원과 해지 조건 같은 '행동 문장'이 계약서에 있는지 확인하고, 샘플 정산서로 한 달 시뮬레이션을 돌려 본다.... ",https://www.m-i.kr/news/articleView.html?idxno=1384795,https://www.m-i.kr/news/articleView.html?idxno=1384795,2026-06-24
배달앱 수수료,"플랫폼법 제정 촉구 단체들, 한성숙 총리 후보자에 공개 질의","이어 온라인 플랫폼법 제정과 배달수수료 상한제 도입을 정부에 촉구했다. 김준형 공정한플랫폼을위한사장협회 의장도 ""배달앱 플랫폼은 자영업자의 생존을 좌우하는 절대적 권력이 됐다""며 ""플랫폼 기업 출신이라는... ",https://www.ngonews.kr/news/articleView.html?idxno=231604,https://www.ngonews.kr/news/articleView.html?idxno=231604,2026-06-24
배달앱 수수료,"[전쟁 멈췄지만 물가는 남았다②] ""전쟁보다 무서운 건 손님 없는 가게...","서울 마포구에서 음식점을 운영하는 자영업자 김 모(56) 씨는 ""뉴스에서는 유가가 내린다고 하지만 매장 운영에는 별 도움이 되지 않는다""며 ""손님이 줄어든 상황에서 임대료와 인건비, 배달앱 수수료까지 감당하는 것이 더... ",http://www.newsian.co.kr/news/articleView.html?idxno=91297,http://www.newsian.co.kr/news/articleView.html?idxno=91297,2026-06-24
배달앱 수수료,"서울, 여름 휴가철 앞두고 배달전용 상품권 109억 발행",공공 배달앱인 ‘서울배달+땡겨요’는 소상공인 부담을 줄이기 위해 광고비나 우선 노출 비용 등 추가 부담 없이 민간 배달앱 중개수수료(최대 9.7%)보다 낮은 2%의 중개 수수료만 적용하고 있다. 시민들은 정가에서... ,https://www.seoul.co.kr/news/publicnews/local_govern/news_local/2026/06/24/20260624019004?wlog_tag3=naver,https://n.news.naver.com/mnews/article/081/0003655228?sid=102,2026-06-24
배달앱 수수료,"서울시, 배달전용 땡겨요 상품권 7월 109억 추가 발행…규모 보니","이는 민간 배달앱 중개 수수료(최대 9.7%) 대비 상대적으로 낮은 수준으로, 배달 플랫폼 이용에 따른 외식업 소상공인들의 부담을 줄이는 데 기여하고 있다. 또한 서울배달+땡겨요는 온누리상품권 결제도 가능해... ",https://www.topstarnews.net/news/articleView.html?idxno=16108775,https://www.topstarnews.net/news/articleView.html?idxno=16108775,2026-06-24
배달앱 수수료,"‘배달앱 갑질’ 배민·쿠팡이츠, 상생안 내놨지만 기각 [재계톡톡]","배민과 쿠팡이츠는 입점 업체에 상품 가격, 최소 주문 금액, 할인 혜택 등을 다른 배달앱과 같거나 더... 두 회사는 입점 업체 수수료 인하와 배달비 지원을 담은 상생안을 냈다. 지원 규모는 배민 3년간 3000억원, 쿠팡... ",https://www.mk.co.kr/article/12078592,https://n.news.naver.com/mnews/article/024/0000106421?sid=101,2026-06-23
배달앱 수수료,"서울시, '서울배달+땡겨요' 상품권 109억 추가 발행, 최대 28% 할인 혜택",이는 민간 배달앱의 최대 9.7% 수준의 중개수수료와 비교해 상대적으로 낮아 외식업 소상공인의 경영 부담을 덜어주는 데 기여하고 있다. 또한 온누리상품권 결제도 가능해 전통시장과 골목상권 활성화에도 힘을 보태고... ,http://www.enewstoday.co.kr/news/articleView.html?idxno=2441633,http://www.enewstoday.co.kr/news/articleView.html?idxno=2441633,2026-06-23
배달앱 수수료,"서울시, 7월 1일 ‘배달상품권’ 109억원 발행..최대 28% 할인",배달 수수료 부담을 덜어주기 위해 대규모 배달전용상품권 발행에 나선다.... 이번에 발행되는 상품권은 서울시 공공배달앱인 ‘서울배달+땡겨요’에서 사용할 수... ,http://www.breaknews.com/1216194,http://www.breaknews.com/1216194,2026-06-23
배달앱 수수료,"'독점' 대신 '공조'⋯배민, 프랜차이즈와 '느슨한 연대' 노선 틀었다",여기에 정부와 정치권의 배달앱 수수료 및 불공정 행위 규제 강화 기조까지 맞물리면서 배민의 압박감은 극에 달했다는 분석이다. 결국 배민은 사법·규제적 리스크를 피하면서도 마케팅 시너지를 낼 수 있는 '공동 마케팅... ,http://www.inews24.com/view/1978842,https://n.news.naver.com/mnews/article/031/0001037047?sid=101,2026-06-23
배달앱 수수료,서울 자치구 15곳 배달상품권 15% 할인판매,한편 시에 따르면 서울배달＋땡겨요는 최대 9.7%에 달하는 민간 배달앱 수수료보다 낮은 2%가량의 중개 수수료만 적용한다. 여름 휴가철을 맞아 진행하는 이번 상품권 판매로 시민의 생활물가 부담은 물론 소상공인의... ,https://www.public25.com/news/articleView.html?idxno=49039,https://www.public25.com/news/articleView.html?idxno=49039,2026-06-23
배달앱 수수료,"서울시, 내달 1일 배달상품권 109억원 발행…최대 28% ‘역대급 할인 혜...",노출 비용 등의 추가 부담 없이 2%의 낮은 중개 수수료만 적용한다. 이는 민간 배달앱 중개 수수료(최대 9.7%) 대비 낮은 수준이다. 특히 온누리상품권 결제도 가능해 전통시장과 골목상권 소비 활성화에도 힘을 보태고 있다.,https://www.swtvnews.com/news/newsview.php?ncode=1065589687941334,https://www.swtvnews.com/news/newsview.php?ncode=1065589687941334,2026-06-23
배달앱 수수료,2만5000원 배달 주문하면 7000원 아낀다…서울 배달상품권 7월 발행,서울시는 민간 배달앱 중개수수료가 최대 9.7% 수준인 점과 비교해 외식업 소상공인의 플랫폼 비용 부담을 줄이는 효과가 있다고 설명했다. 온누리상품권 결제도 가능해 전통시장과 골목상권 소비 활성화와도 연계된다.... ,https://www.thepowernews.co.kr/view.php?ud=202606231452071667de3f0aa1be_7,https://www.thepowernews.co.kr/view.php?ud=202606231452071667de3f0aa1be_7,2026-06-23
배달앱 수수료,"오세훈, 민선 9기 첫 행보는 ‘민생 챙기기’",이는 민간 배달앱 중개 수수료(최대 9.7%) 대비 상대적으로 낮은 수준으로 배달 플랫폼 이용에 따른 외식업 소상공인들의 부담을 줄이는 데 기여하고 있다는 평가다. 또한 온누리상품권 결제도 가능해 전통시장과... ,https://www.dnews.co.kr/uhtml/view.jsp?idxno=202606231109586330392,https://www.dnews.co.kr/uhtml/view.jsp?idxno=202606231109586330392,2026-06-23
배달앱 수수료,"서울시, 소비자·소상공인 부담 낮추는 배달상품권 109억 발행","이는 민간 배달앱 중개 수수료(최대 9.7%) 대비 상대적으로 낮은 수준으로, 배달 플랫폼 이용에 따른 외식업 소상공인들의 부담을 줄이는 데 기여하고 있다. 또 '서울배달+땡겨요'는 온누리상품권 결제도 가능해 시민들은... ",https://www.m-i.kr/news/articleView.html?idxno=1384377,https://www.m-i.kr/news/articleView.html?idxno=1384377,2026-06-23
배달앱 수수료,"서울시, 배달상품권 109억 발행… 소비 부담·소상공인 수수료 완화","이는 민간 배달앱 최고 수수료율인 9.7%보다 낮은 수준으로, 소상공인의 운영 부담을 낮추는 데 초점이 맞춰져 있다. 시는 이번 사업을 통해 시민의 생활물가 부담을 덜고, 공공배달 플랫폼 이용을 늘려 지역 상권... ",https://www.newscj.com/news/articleView.html?idxno=3411356,https://www.newscj.com/news/articleView.html?idxno=3411356,2026-06-23
배달앱 수수료,"서울시, 서울배달+땡겨요 '배달전용상품권' 109억원 발행",‘서울배달+땡겨요’는 광고비나 우선 노출 비용 없이 중개 수수료 2%만 적용해서 소상공인들의 민간 배달앱(최대 9.7%) 부담을 덜고 있다. 온누리상품권 결제도 가능해서 전통시장과 골목상권 소비 활성화에 기여하고... ,https://www.edaily.co.kr/news/newspath.asp?newsid=03608006645484672,https://n.news.naver.com/mnews/article/018/0006312908?sid=100,2026-06-23
배달앱 수수료,"서울시, '서울배달+땡겨요' 상품권 109억 추가 발행⋯“소상공인 살리고...",광고비나 우선 노출 비용 없이 2%의 낮은 중개 수수료만 받아 민간 배달앱(최대 9.7%) 대비 외식업 소상공인의 부담을 줄였다. 온누리상품권 결제도 지원해 골목상권 활성화에도 기여하고 있다. 이해선 서울시... ,https://www.etoday.co.kr/news/view/2596234,https://www.etoday.co.kr/news/view/2596234,2026-06-23
배달앱 수수료,109억원 배달전용상품권 서울 15개 자치구 발행,서울시 공공배달앱 '서울배달+땡겨요'는 최대 9.7%인 민간 배달앱 중개 수수료에 비해 2%의 낮은 중개 수수료를 적용하는 만큼 소상공인들의 부담을 줄이는데 기여하고 있다고 서울시는 설명했다. ※CBS노컷뉴스는... ,https://www.nocutnews.co.kr/news/6536994?utm_source=naver&utm_medium=article&utm_campaign=20260623111527,https://n.news.naver.com/mnews/article/079/0004160659?sid=102,2026-06-23
배달앱 수수료,"2만5000원 배달 주문하면 7000원 할인 … 서울시, 상품권 109억 발행","서울시 공공배달앱으로, 중개수수료가 2% 수준이다. 민간 배달앱 중개수수료가 최대 9.7%인 점을 감안하면 외식업 소상공인의 배달 플랫폼 이용 부담을 낮추는 효과가 있다는 게 서울시 설명이다. 뉴데일리 김승환",https://www.newdaily.co.kr/site/data/html/2026/06/23/2026062300079.html,https://www.newdaily.co.kr/site/data/html/2026/06/23/2026062300079.html,2026-06-23
배달앱 수수료,"""최대 28% 할인""…서울시, 내달 1일 배달상품권 109억 발행","이는 민간 배달앱 중개 수수료(최대 9.7%) 대비 상대적으로 낮은 수준이다. 특히 온누리상품권 결제도 가능해 전통시장과 골목상권 소비 활성화에도 긍정적이다. 이해선 서울시 민생노동국장은 ""이번 배달전용상품권... ",https://www.news1.kr/local/moi/6205201,https://n.news.naver.com/mnews/article/421/0009018340?sid=102,2026-06-23
배달앱 수수료,서울 자치구 15곳 배달상품권 15% 할인판매…109억원 규모,한편 시에 따르면 서울배달＋땡겨요는 최대 9.7%에 달하는 민간 배달앱 수수료보다 낮은 2%가량의 중개 수수료만 적용한다. 여름 휴가철을 맞아 진행하는 이번 상품권 판매로 시민의 생활물가 부담은 물론 소상공인의... ,https://www.yna.co.kr/view/AKR20260623045400004?input=1195m,https://n.news.naver.com/mnews/article/001/0016153445?sid=102,2026-06-23
배달앱 수수료,전용상품 출시하고 별도 할인까지… 자사앱 공들이는 치킨업계,이어 “배달앱은 중개수수료 부담이 있지만 자사앱은 주문이 늘수록 가맹점의 수익성 개선에 도움이 된다”면서 “앞으로도 고객 유입을 확대할 수 있는 다양한 혜택을 선보일 계획”이라고 덧붙였다. 신단아 기자,https://www.viva100.com/article/20260622500909,https://www.viva100.com/article/20260622500909,2026-06-23
배달앱 수수료,"""남는 게 없다""…'배달'에서 '매장'으로 돌아온 프랜차이즈",여기에 배달앱 중개 수수료와 광고비 등 부대비용은 지속적으로 상승했다. 플랫폼 의존도가 높아질수록 가맹점주의 수익이 줄어드는 구조적 한계가 부각되면서 배달 전문 모델의 메리트도 급격히 퇴색했다. 다시... ,https://news.bizwatch.co.kr/article/consumer/2026/06/22/0030,https://n.news.naver.com/mnews/article/648/0000048234?sid=101,2026-06-23
배달앱 수수료,은행권 최고 금리 경쟁…연 8% 시대 열었다,"총 5600명을 대상으로 네이버페이 포인트, 배달앱 상품권, NH포인트 등을 제공하는 이벤트도 진행한다.... Sh수협은행은 최고 연 7.0% 금리와 함께 타행 이체 수수료, 자동화기기 현금인출 수수료 면제 혜택을 제공한다.... ",https://www.lcnews.co.kr/news/articleView.html?idxno=203821,https://www.lcnews.co.kr/news/articleView.html?idxno=203821,2026-06-23
배달앱 수수료,"""청년미래적금 어디서 만들까"" 시중은행 유치 경쟁 치열","이밖에 카카오뱅크는 청년미래적금 상품을 출시하고 커피 교환권, 배달앱 상품권 추첨 이벤트를 진행한다. Sh수협은행은 상품 가입 기간 동안 타행 이체 수수료와 ATM 출금 수수료 전액 면제 혜택을 제공한다.... ",https://www.jnilbo.com/news/articleView.html?idxno=90000044413,https://www.jnilbo.com/news/articleView.html?idxno=90000044413,2026-06-23
배달앱 수수료,[사설] 소상공인 단체협상권 추진…전방위 갈등 우려된다,배달앱 입점업체 등도 단체협상권을 행사할 수 있도록 하겠다는 것이다. 이 같은 사업자의 집단 행위는 공정거래법상 담합으로 처벌받을 수 있다. 하지만 개정안은 담합 규제를 받지 않도록 했다. 단체로 납품가나 수수료... ,https://www.hankyung.com/article/2026062211461,https://n.news.naver.com/mnews/article/015/0005301600?sid=110,2026-06-23
배달앱 수수료,‘최대 연 19.4%’ 청년미래적금 오늘부터 판매…어느 은행이 유리할까,"인터넷전문은행 중에서는 카카오뱅크가 유일하게 청년미래적금 상품을 출시하고, 가입 고객을 대상으로 커피 교환권 및 배달앱 상품권 추첨 이벤트를 진행한다. Sh수협은행은 상품 가입 기간 동안 타행 이체 수수료와... ",https://www.segye.com/newsView/20260622506939?OutUrl=naver,https://n.news.naver.com/mnews/article/022/0004137381?sid=101,2026-06-22
배달앱 수수료,"배민·쿠팡이츠, 합의종결 무산… 공정위가 겨눈 건 '배달앱 지배력'","이어 ""수수료 체계를 전반적으로 낮추거나 거래조건을 근본적으로 개선하는 방안은 포함되지 않았다""며 ""배달앱 사건처럼 시장 영향력이 크고 피해 범위가 넓은 사안은 특별한 사유가 없는 한 법 위반 여부를 명확히... ",https://www.newscj.com/news/articleView.html?idxno=3411150,https://www.newscj.com/news/articleView.html?idxno=3411150,2026-06-22
배달앱 수수료,[기자수첩] ‘상생안’으로 면죄부 받으려다 퇴짜 맞은 배민·쿠팡,"여기에 쿠팡은 와우멤버십과 쿠팡이츠를 연계해 배달앱 이용을 유도한 끼워팔기 혐의도 받고 있다. 배민은... 배민은 수수료 인하와 배달비 지원, AI 지원 등을 약속했고 쿠팡은 상생기금과 광고마케팅 지원을 내놨다.... ",https://vop.co.kr/A00001695336.html,https://vop.co.kr/A00001695336.html,2026-06-22
배달앱 수수료,배민·쿠팡이츠 동의의결 최종 기각…가게배달 재도약 기회 맞을까,"'최혜대우'부터 '끼워팔기'까지…배달앱 양강 정조준 동의의결 제도는 법 위반 혐의를 받고 있는 사업자가... 이어 ""이번 상생안은 인프라 구축 중심이었던 과거 사례와 달리 영세 입점 업주들에게 수수료와 배달비를 직접... ",https://www.klnews.co.kr/news/articleView.html?idxno=321594,https://www.klnews.co.kr/news/articleView.html?idxno=321594,2026-06-22
배달앱 수수료,"진천군, 공공배달앱 활성화 나섰다…1만 원 이상 주문 시 선착순 할인","이번 행사는 충북형 공공배달앱 ‘먹깨비’를 활성화해 민간 배달앱의 높은 중개 수수료 부담을 덜고, 고물가 시대에 군민들의 외식비 부담을 낮춰 지역 민생경제를... ",http://www.breaknews.com/1215872,http://www.breaknews.com/1215872,2026-06-22
배달앱 수수료,공공배달앱 '먹깨비' 켜면 매일 4000원 쏟아진다,"이번 행사는 충북형 공공배달앱 '먹깨비' 활성화를 통해 민간 배달앱의 높은 중개 수수료 부담을 완화하고, 군민의 가계 부담을 줄이는 등 지역 민생경제 안정을 도모하기 위해 마련됐다. 군은 22일부터 예산 소진 시까지... ",http://www.dynews.co.kr/news/articleView.html?idxno=854997,http://www.dynews.co.kr/news/articleView.html?idxno=854997,2026-06-22
배달앱 수수료,"""우리도 노동자 입니다""…민주노총, 경총 앞에서 규탄행동","한다""며 ""배달앱을 켜고 콜을 기다리는 대기시간은 임금으로 계산되지 않고 오토바이 구입비와 기름값... 과도한 수수료 때문이지 최저임금 탓이 아니다""고 말했다. 민주노총은 경총이 업종별 최저임금 차등 적용을... ",https://www.wolyo.co.kr/news/articleView.html?idxno=313909,https://www.wolyo.co.kr/news/articleView.html?idxno=313909,2026-06-22
배달앱 수수료,"""먹깨비로 주문하고 4천원 할인 받으세요""","군에 따르면 이번 행사는 충북형 공공배달앱 '먹깨비' 활성화를 통해 민간 배달앱의 높은 중개 수수료 부담을 완화하고, 군민의 가계 부담을 줄이는 등 지역 민생경제 안정을 도모하기 위해 마련됐다. 군은 22일부터 예산... ",https://www.ccdn.co.kr/news/articleView.html?idxno=1084284,https://www.ccdn.co.kr/news/articleView.html?idxno=1084284,2026-06-22
배달앱 수수료,"민주노총, 경총 앞 '필리버스터' 규탄행동 열어 ""최저임금 훼손 중단하...","주훈 민주일반연맹 민주연합노조 정책실장은 ""경총이 소상공인의 어려움을 앞세워 업종별 구분 적용을 주장하는 것은 배달앱 수수료·임대료·프랜차이즈 로열티 문제에는 침묵하면서 오직 노동자 임금만 문제 삼는... ",http://worknworld.kctu.org/news/articleView.html?idxno=509490,http://worknworld.kctu.org/news/articleView.html?idxno=509490,2026-06-22
배달앱 수수료,“구조적 어려움을 최저임금 탓으로만”…경총에 ‘옐로카드’ 꺼낸 민...,"주 실장은 “배달앱 수수료, 임대료 부담 등 소상공인이 처한 구조적인 문제는 도외시한 채 모든 책임을 최저임금 탓으로만 돌리고 있다”고 설명했다. 업종별 구분 적용은 지난 1988년 최저임금이 전면 도입된 첫해에만... ",https://www.kukinews.com/article/view/kuk202606220077,https://www.kukinews.com/article/view/kuk202606220077,2026-06-22
배달앱 수수료,"금융권, 청년미래적금 잇달아 출시…이재명 정부 청년자산 정책에 '화답...",가입 고객에게는 타행 이체 수수료와 자동화기기 현금인출 수수료를 은행 및 횟수 제한 없이 면제하는 우대... 카카오뱅크는 커피 교환권과 배달앱 상품권 이벤트로 청년층 접근성을 높이고 있다. 결국 청년미래적금은... ,http://www.newslock.co.kr/news/articleView.html?idxno=131912,http://www.newslock.co.kr/news/articleView.html?idxno=131912,2026-06-22
배달앱 수수료,"""배달앱 수수료 무섭다""…피자업계, 다시 '홀·포장'으로 유턴","업계 관계자는 ""소비자 입장에서는 배달 피자 한판 가격 부담이 커졌고 브랜드 입장에서는 배달앱 수수료와 노출 경쟁 부담이 커진 상황""이라며 ""앞으로 피자 브랜드들은 배달을 포기하기보다 상권별로 홀, 포장, 배달... ",http://www.inews24.com/view/1978426,https://n.news.naver.com/mnews/article/031/0001036593?sid=101,2026-06-22
배달앱 수수료,"진천군, 공공배달앱 '먹깨비' 주문 시 4000원 할인",▲ 사진은 진천군이 민간 배달앱의 높은 중개 수수료 부담을 완화하고 군민 가계 부담을 줄이기 위해 22일부터 예산 소진 시까지 상시 추진하는 '충북형 공공배달앱 먹깨비 4000원 즉시 할인 행사' 홍보 안내문. 진천군 제공... ,https://www.ggilbo.com/news/articleView.html?idxno=1164852,https://www.ggilbo.com/news/articleView.html?idxno=1164852,2026-06-22
배달앱 수수료,배달앱 입점 전 '메뉴별 손익표' 부터 만들자,"배달앱마다 중개 수수료와 배달비, 결제 수수료, 광고비 체계가 다르고 최근에는 매출 구간별 차등 요금제까지 도입되고 있다. 겉으로는 수수료 인하나 상생 정책처럼 보이지만 자영업자가 실제 체감하는 비용은 다를 수... ",http://www.kbiznews.co.kr/news/articleView.html?idxno=114373,http://www.kbiznews.co.kr/news/articleView.html?idxno=114373,2026-06-22
배달앱 수수료,"진천군, 공공배달앱 '먹깨비' 4000원 할인 이벤트","충북 진천군은 공공배달앱 '먹깨비'로 음식을 주문하는 군민에게 매일 4000원 할인을 제공한다. 지원 방식은... 군 관계자는 ""이번 할인 행사가 중개 수수료 부담으로 어려움을 겪는 지역 소상공인에게 도움이 되고... ",https://www.ccreview.co.kr/news/articleView.html?idxno=350864,https://www.ccreview.co.kr/news/articleView.html?idxno=350864,2026-06-22
배달앱 수수료,"진천군, 공공배달앱 '먹깨비' 주문 시 매일 4000원 할인","박진숙 군 경제과장은 ""이번 사업은 민간 배달앱의 높은 중개 수수료 부담을 완화하고, 군민의 가계 부담을 줄이는 등 지역 민생경제 안정을 도모하기 위해 추진한다""고 말했다. /진천=",https://www.ccdailynews.com/news/articleView.html?idxno=2423302,https://www.ccdailynews.com/news/articleView.html?idxno=2423302,2026-06-22
배달앱 수수료,"진천군, 공공배달앱 '먹깨비'로 주문하면 4000원 할인","충북형 공공배달앱 먹깨비 활성화로 민간 배달앱의 높은 중개 수수료 부담을 완화하고, 군민의 가계 부담을 줄이는 등 지역 민생경제 안정을 도모하기 위해서다. 군은 2021년부터 시작해 사업을 계속하고 있으며, 올해... ",https://www.news1.kr/local/sejong-chungbuk/6204125,https://n.news.naver.com/mnews/article/421/0009015954?sid=102,2026-06-22
배달앱 수수료,"“3600억원 상생안도 소용없었다”…배민·쿠팡이츠 동의의결, 대체 뭐...","상생안에 따르면 파트너 상생협력 지원에 1600억원을 내놓으면서, 배민배달 전환시 수수료와 배달비를... ◆과징금보다 중요한 건 시장 구조…배달앱 논란의 진짜 쟁점은=이번 사건에서 주목할 부분은 과징금 규모보다... ",https://www.ddaily.co.kr/page/view/2026062209570505929,https://n.news.naver.com/mnews/article/138/0002231595?sid=101,2026-06-22
배달앱 수수료,"진천군, 공공배달앱 '먹깨비' 주문 시 4000원 할인","이번 행사는 충북형 공공배달앱 '먹깨비' 활성화를 통해 민간 배달앱의 높은 중개 수수료 부담을 완화하고, 군민의 가계 부담을 줄이는 등 지역 민생경제 안정을 도모하기 위해 마련됐다. 군은 22일부터 예산 소진 시까지... ",http://www.cctimes.kr/news/articleView.html?idxno=912624,http://www.cctimes.kr/news/articleView.html?idxno=912624,2026-06-22
배달앱 수수료,진천군 공공배달앱 이용 4천원 할인,군은 충북형 공공배달앱 '먹깨비' 활성화를 통해 민간 배달앱의 높은 중개수수료 부담을 덜어주는 등 지역 민생경제 안정을 위해 22일부터 '진천군민 누구나 매일 4천 원 할인 행사'를 진행한다고 밝혔다. 행사는 예산소진... ,https://www.inews365.com/news/article.html?no=924309,https://www.inews365.com/news/article.html?no=924309,2026-06-22
배달앱 수수료,"진천군, 먹깨비 배달앱 매일 4000원 할인…가계 부담↓","군은 이번 행사가 민간 배달앱의 중개 수수료 부담을 줄이고, 지역 내 외식 물가 안정과 소상공인 지원을 목표로 한다고 설명했다. 할인 행사는 예산 소진 시까지 상시 운영되며, 군민 누구나 매일 1만 원 이상 주문 시... ",https://www.gukjenews.com/news/articleView.html?idxno=3613991,https://www.gukjenews.com/news/articleView.html?idxno=3613991,2026-06-22
배달앱 수수료,국내 모빌리티 플랫폼 점령 나선 우버의 질주…공정위가 멈춰 세우나,우버의 시선은 배달앱을 넘어 국내 택시 호출 시장을 장악하고 있는 카카오모빌리티로도 향해 있다. 현재... 수수료 인상과 소비자 부담 가중이라는 명백한 부작용을 막기 위해 기업결합 심사가 현미경 수준으로... ,https://www.sisajournal.com/news/articleView.html?idxno=376860,https://n.news.naver.com/mnews/article/586/0000132029?sid=101,2026-06-22
배달앱 수수료,"""갈등 넘어, 상생으로""…배민, 소상공인 지원 '드라이브'","간 수수료·광고비 갈등이 이어지는 가운데 배달의민족(이하 배민)이 외식업주와 지역 농가, 취약계층 등을... 가게 현황 진단부터 손익 관리, 메뉴 구성, 배달앱 마케팅, 성과 측정까지 실무 중심 교육으로 운영된다. 작년... ",https://www.youthdaily.co.kr/news/article.html?no=221268,https://www.youthdaily.co.kr/news/article.html?no=221268,2026-06-22
배달앱 수수료,"[위클리 생활금융] 수익성 압박에 마케팅 세분화…카드사, 맞춤형 혜택...","가맹점 수수료 수익성 제약과 금융 부문 건전성 부담이 이어지면서 최근 카드사들의 마케팅 전략이 특정... 온라인쇼핑, 배달앱, 주유 등 일상 소비 영역은 물론 OTT, 디지털 멤버십, 통신요금 정기결제 혜택도 담았다.... ",http://www.the-biz.co.kr/news/articleView.html?idxno=722922,http://www.the-biz.co.kr/news/articleView.html?idxno=722922,2026-06-21
배달앱 수수료,"경산시, 자인단오제서 공공배달앱 ‘먹깨비’ 홍보 강화…소상공인 상...","위해 공공배달앱 이용 확대 정책을 지속적으로 추진하고 있다. 특히 공공배달앱은 배달 중개수수료 절감 효과를 통해 지역 상권 경쟁력을 높이고, 소비자에게는 다양한 할인 혜택을 제공하는 상생 플랫폼으로 활용되고 있다.",https://www.kbsm.net/news/view.php?idx=523745,https://www.kbsm.net/news/view.php?idx=523745,2026-06-21
배달앱 수수료,[기자수첩] 배달앱 엄벌론 뒤에 가려진 소상공인의 한숨,"배달앱을 상대로 강경한 입장을 취할 것 같은 단체들조차 재검토를 요구한 이유는 단순하다. 당장의 생존이 걸려 있기 때문이다. 배민은 3년간 3000억원, 쿠팡이츠는 4년간 600억원 규모의 지원 방안을 제시했다. 수수료 부담... ",http://www.newsian.co.kr/news/articleView.html?idxno=91218,http://www.newsian.co.kr/news/articleView.html?idxno=91218,2026-06-21
배달앱 수수료,"[뉴스톡톡] 공정위, 3600억 상생안 거부…가장 아쉬운 건 소상공인",더불어민주당 을지로위원회가 주도하는 배달앱 사회적대화기구는 여러 단체의 이해관계가 엇갈리며 중단된 상태입니다. 갈등을 중재할 대안이 될 수도 있었던 상생안까지 무산되자 일각에서는 여당이 내세운 수수료... ,https://www.news1.kr/industry/distribution/6202840,https://n.news.naver.com/mnews/article/421/0009014509?sid=101,2026-06-21
배달앱 수수료,"""수수료 꼼수 못 봐준다"" 김남근이 말하는 온라인 플랫폼 규제의 방향","그래서 독과점 규제법은 속도를 조절하되, 구글·애플 같은 빅테크와 무관한 배달앱 수수료 문제만큼은 별도로 빠르게 처리하자는 게 취지입니다. 시간이 오래 걸릴수록 자영업자의 피해가 누적되기 때문입니다."" - 플랫폼... ",https://www.ohmynews.com/NWS_Web/View/at_pg.aspx?CNTN_CD=A0003244672&CMPT_CD=P0010&utm_source=naver&utm_medium=newsearch&utm_campaign=naver_news,https://n.news.naver.com/mnews/article/047/0002519971?sid=102,2026-06-20
배달앱 수수료,배민의 '3000억 상생안'도 거부…무엇을 위한 '공정'일까,"다른 배달앱보다 가격을 높게 설정하지 않을 때만 배민클럽에 선정하는 기준을 없애고, 가게배달과... 구체적으로는 입점업체 수수료 인하와 배달비 지원, 주방개선 등 입점업체 상생협력기금으로 1400억원을, 입점업체... ",https://news.bizwatch.co.kr/article/consumer/2026/06/19/0031,https://n.news.naver.com/mnews/article/648/0000048191?sid=101,2026-06-20
배달앱 수수료,[취재후 Talk] 배민·쿠팡 동의의결 기각의 진짜 쟁점,"이번에 도마에 오른 배달앱 사건은 모두 5건이다. 배민은 타사 대비 불리하지 않은 조건을 강요한 최혜대우... 수수료도 경쟁사의 9.8%보다 낮은 6.8%였다. 적자 상품으로 어떻게 독점 이윤을 챙긴다는 말이냐."" 언뜻 들으면... ",https://news.tvchosun.com/site/data/html_dir/2026/06/20/2026062090041.html,https://n.news.naver.com/mnews/article/448/0000621010?sid=101,2026-06-20
배달앱 수수료,"‘최혜대우 요구’ 배민·쿠팡이츠, 공정위 심판대로",서울 시내 한 음식점에 배달앱 스티커가 붙어있는 모습. 뉴시스 19일 공정위에 따르면 지난달 27일과 이달... 배민은 공정위에 제출한 시정방안에서 입점업체의 수수료 인하 등 3년간 3000억원 상당의 상생지원방안을... ,https://www.segye.com/newsView/20260619512830?OutUrl=naver,https://n.news.naver.com/mnews/article/022/0004136850?sid=101,2026-06-20
배달앱 수수료,배민·쿠팡 최대 과징금 넘는 상생안 기각에…기준 뭘까?,"공정위는 배달앱 시장의 경쟁질서 회복이 충분하지 않다고 봤지만 예상 과징금과 유사하거나 이를 웃도는... 입점업체 지원 방안으로는 상생협력기금, 수수료·배달비 지원, 광고·마케팅 비용 지원 등을 제안했다.... ",https://www.newsis.com/view/NISX20260619_0003675846,https://n.news.naver.com/mnews/article/003/0014017543?sid=101,2026-06-20
배달앱 수수료,공정위에 막힌 배민·쿠팡이츠 상생안…소상공인 '한숨',공정거래위원회가 배달앱 플랫폼 기업들의 자진 시정안을 전격 기각하면서 수천억 원대 과징금 부과라는... 중개 수수료 부담 완화 방안이다. 여기에 전체 입점업주를 대상으로 한 쿠폰 비용 지원 등도 포함됐다.... ,https://www.sisaon.co.kr/news/articleView.html?idxno=202010,https://www.sisaon.co.kr/news/articleView.html?idxno=202010,2026-06-19
배달앱 수수료,배민·쿠팡이츠 자진시정 불발…수천억 ‘과징금’ 위기,"한편 소상공인연합회, 한국외식업중앙회 등 배달앱 관련 5개 단체는 “경기 침체와 폐업 위기가 이어지는 상황에서 필요한 것은 수년 뒤 과징금보다 당장 수수료 부담을 덜어줄 지원책”이라고 호소하고 있습니다.... ",https://www.sentv.co.kr/article/view/sentv202606190038,https://www.sentv.co.kr/article/view/sentv202606190038,2026-06-19
배달앱 수수료,동반성장평가 참여 배민·쿠팡이츠 '상생 노력 할까',"당시 수수료, 프로모션 등 배달플랫폼에 대한 문제가 제기됐으나 배달앱은 동반지수평가 대상에 포함되지 않았다. 배달플랫폼은 현행법상 공정거래위원회의 협약 이행평가 대상에 해당하지 않기 때문이다. 이런 공백을... ",https://www.sisaweek.com/news/articleView.html?idxno=236228,https://www.sisaweek.com/news/articleView.html?idxno=236228,2026-06-19
배달앱 수수료,"'모닝 응원' 수요 잡았다…BBQ, 오전 매출 평소보다 4.5배↑","BBQ 관계자는 ""영업하지 않던 시간대에 추가 매출이 발생했다는 점도 고무적이지만, 평소 대비 내점 고객 비중이 월등히 높고 전화 주문 등이 많았다""며 ""평소 배달앱 수수료 등으로 어려움을 겪던 패밀리(가맹점주)... ",https://www.ddaily.co.kr/page/view/2026061917163672628,https://n.news.naver.com/mnews/article/138/0002231487?sid=101,2026-06-19
배달앱 수수료,"""새벽 6시부터 치킨 튀겼다""…월드컵 특수에 치킨 매장 만석","BBQ 관계자는 ""영업하지 않던 시간의 추가 매출이 발생한다는 점도 이점이지만, 평소 대비 내점 고객 비중이 월등히 높았고, 전화 주문도 많았다""며 ""배달앱 수수료 등으로 어려움을 겪던 가맹점주들에게 단비가 됐을... ",https://www.socialvalue.kr/news/view/1065600797394508,https://www.socialvalue.kr/news/view/1065600797394508,2026-06-19
배달앱 수수료,[월드컵 이모저모] 새벽 6시 치킨집 출근부터 7000명 거리응원까지…'멕...,"BBQ 관계자는 영업하지 않던 오전 시간대에 추가 매출이 발생한 것도 이점이지만 평소 배달앱 수수료 등으로 어려움을 겪던 가맹점 사장님들에게 단비가 되었을 것으로 기대한다고 현장 분위기를 전했다. ""한국 본사와... ",http://www.dailypop.kr/news/articleView.html?idxno=99846,http://www.dailypop.kr/news/articleView.html?idxno=99846,2026-06-19
배달앱 수수료,"[A 주간 서머리] 경제·산업계 ""코스피, 사상 첫 9000선 돌파...공정위, ...","주식 매매 수수료는 국내주식 기준 0.01%, 해외주식 기준 0.07%로 업계 최저 수준이라는 게 회사 측 설명이다.... ◇ 유통·패션·뷰티업계 소식 △공정위, 배달앱 동의의결 기각...배민·쿠팡 ""심의절차서 소명할 것... ",https://www.asiaa.co.kr/news/articleView.html?idxno=252764,https://www.asiaa.co.kr/news/articleView.html?idxno=252764,2026-06-19
배달앱 수수료,"경산시, 글로벌 협력부터 상생 축제까지 '활력'","이번 홍보부스는 민간 배달앱의 높은 중개수수료 부담을 덜고 소상공인의 경영 안정을 돕는 '먹깨비'의 혜택을 시민들에게 널리 알리기 위해 마련됐다. 현장에서는 앱 가입 방법 안내와 가맹점 모집 홍보가 진행되며, 가입... ",https://view.asiae.co.kr/article/2026061916303065855,https://n.news.naver.com/mnews/article/277/0005778927?sid=102,2026-06-19
배달앱 수수료,"""오전 10시 경기, 치킨집 만석""…BBQ, '모닝 응원' 수요 잡고 매출 4.5배...","BBQ 관계자는 ""평소 영업하지 않던 시간대에 추가 매출이 발생했다는 점도 고무적이지만, 내점 고객 비중과 전화 주문이 월등히 높아 배달앱 수수료 등으로 어려움을 겪던 패밀리 사장님들에게 단비가 되었을 것으로... ",https://news.tf.co.kr/read/economy/2334590.htm,https://n.news.naver.com/mnews/article/629/0000509063?sid=101,2026-06-19
배달앱 수수료,"배민·쿠팡이츠, 동반성장 평가 받는다…상생 경쟁 '본격화'","배달앱을 둘러싼 수수료 논란과 상생 요구가 이어지는 가운데 양사가 외식업주 지원과 전통시장 활성화, 라이더 안전 강화 등을 앞세워 상생 경쟁에 나서는 모습이다. 19일 업계에 따르면 배달의민족 운영사... ",https://www.newsis.com/view/NISX20260619_0003676279,https://n.news.naver.com/mnews/article/003/0014017175?sid=101,2026-06-19
배달앱 수수료,"경산시, 자인단오제서 '먹깨비' 알린다…쿠폰·굿즈 현장 증정","먹깨비는 중개수수료 1.5%에 가입비·광고비가 없는 공공배달앱으로, 민간 배달앱의 높은 수수료 부담을 줄여 소상공인의 경영 안정을 돕기 위해 경산시가 운영하고 있다. 경산사랑카드 결제 연계, 고유가 피해 지원금 사용... ",https://daily.hankooki.com/news/articleView.html?idxno=1378240,https://daily.hankooki.com/news/articleView.html?idxno=1378240,2026-06-19
배달앱 수수료,"오전부터 치킨집은 만석…BBQ, 월드컵 특수에 매출 '4.5배'","BBQ 관계자는 ""평소 영업하지 않던 시간대에 추가 매출이 발생한 점도 의미가 있지만, 내점 고객 비중이 높고 전화 주문도 크게 늘어난 것이 매출 상승 요인으로 보인다""며 ""배달앱 수수료 부담 등으로 어려움을 겪던... ",https://www.hankyung.com/article/202606197174g,https://n.news.naver.com/mnews/article/015/0005300720?sid=101,2026-06-19
배달앱 수수료,"서경란의 중소기업 정책설명서(14) - 입지는 옛말, 이제는 알고리즘이 ...","많은 분들이 말씀하신 것처럼 플랫폼을 온라인 쇼핑이나 배달 앱 정도로 이해를 하시는 경우가 많은데... 물론 플랫폼 의존도나 수수료, 공정거래 같은 새로운 숙제도 많이 생겨난 건 사실이지만 최소한 시장을 만날 기회는... ",https://news.ifm.kr/news/articleView.html?idxno=473345,https://news.ifm.kr/news/articleView.html?idxno=473345,2026-06-19
배달앱 수수료,월드컵 특수에 치킨집도 새벽 영업…BBQ 주요 매장 매출 4.5배 뛰었다,"BBQ 관계자는 ""영업하지 않던 시간의 추가 매출이 발생한다는 점도 이점이지만 평소 대비 내점 고객 비중이 월등히 높고, 전화 주문 등도 많아 평소 배달앱 수수료 등으로 어려움을 겪던 패밀리(가맹점) 사장님들에게... ",https://www.industrynews.co.kr/news/articleView.html?idxno=82355,https://www.industrynews.co.kr/news/articleView.html?idxno=82355,2026-06-19
배달앱 수수료,"경산시, 자인단오제서 민·관 합동 자원순환 캠페인 전개",이번 홍보부스는 민간 배달앱의 높은 중개수수료 부담을 완화하고 소상공인의 경영 안정을 지원하기 위해 운영 중인 먹깨비의 장점을 알리고 시민들의 이용 참여를 확대하기 위해 마련됐다. 행사 기간 홍보부스에서는... ,https://www.ekn.kr/web/view.php?key=20260619025034849,https://www.ekn.kr/web/view.php?key=20260619025034849,2026-06-19
배달앱 수수료,"""출근길 홀 만석에 대량 포장까지""…BBQ, 멕시코전 '모닝 특수' 통했다","BBQ 관계자는 ""영업하지 않던 시간의 추가 매출 발생도 큰 이점이지만, 무엇보다 평소 배달앱 수수료 등으로 어려움을 겪던 가맹점주들에게 이번 단체 예약과 전화 주문 폭주는 가뭄에 단비가 되었을 것""이라고 전했다.... ",http://www.smedaily.co.kr/news/articleView.html?idxno=358997,http://www.smedaily.co.kr/news/articleView.html?idxno=358997,2026-06-19
배달앱 수수료,'배달 비싼 거 알지만'…1인가구가 배달을 못 끊는 이유 [1인가구 이야기...,"배달앱을 쓰면 배달비에 플랫폼 수수료까지 붙는다는 건 누구나 안다. 그런데 1인분 요리를 하려면 재료를 남기거나, 비싼 소포장을 사거나, 아니면 며칠간 같은 반찬을 먹어야 한다. 배달 1만5000원 vs 요리 8000원... ",http://www.dailypop.kr/news/articleView.html?idxno=99707,http://www.dailypop.kr/news/articleView.html?idxno=99707,2026-06-19
배달앱 수수료,"멕시코전 응원 열기 '후끈'…BBQ, 가맹점 매출 4.5배 '증가'","BBQ 관계자는 ""평소 영업하지 않던 시간대에 추가 매출이 발생한 데다 내점 고객과 전화 주문 비중도 크게 늘었다""며 ""배달앱 수수료 부담을 겪고 있는 가맹점주들에게 도움이 됐을 것으로 기대한다""고 말했다. 한편... ",https://www.youthdaily.co.kr/news/article.html?no=221310,https://www.youthdaily.co.kr/news/article.html?no=221310,2026-06-19
배달앱 수수료,“출근 대신 치킨집으로”…평일 오전 월드컵이 만든 ‘모닝 응원’ 특...,매장을 직접 찾거나 전화로 주문하면 가맹점이 부담하는 배달앱 중개 수수료를 줄일 수 있기 때문이다. 한국은 오는 25일 오전 10시 남아프리카공화국과 조별리그 마지막 경기를 치른다. 평일 오전 경기가 한 차례 더... ,https://www.segye.com/newsView/20260619510991?OutUrl=naver,https://n.news.naver.com/mnews/article/022/0004136765?sid=101,2026-06-19
배달앱 수수료,오전 멕시코전 축구도 치킨 열기 후끈…BBQ “150마리 예약에 매장 만석...,"BBQ 관계자는 “오전 경기 특성상 평소 영업하지 않던 시간대에 추가 매출이 발생했고, 무엇보다 내점 고객과 전화 주문이 크게 늘었다”며 “배달앱 수수료 부담 등으로 어려움을 겪던 패밀리 사장님들에게는 단비... ",https://www.viva100.com/article/20260619500498,https://www.viva100.com/article/20260619500498,2026-06-19
배달앱 수수료,“새벽 6시 출근도 즐거워요”…BBQ 매출 4.5배 늘었다,BBQ 관계자는 “평소 영업하지 않던 시간의 추가 매출이 발생한다는 점도 이점이지만 평소 대비 내점 고객 비중이 월등히 높고 전화 주문도 많아 배달앱 수수료 등으로 어려움을 겪던 가맹점 사장님들에게 단비가... ,https://biz.heraldcorp.com/article/10781987?ref=naver,https://n.news.naver.com/mnews/article/016/0002659012?sid=101,2026-06-19
배달앱 수수료,"BBQ, 멕시코전 특수에 오전 6시반 조기 오픈…매출 평소의 4.5배","BBQ 관계자는 ""평소 영업하지 않던 시간대에 추가 매출이 생긴다는 점도 이점이지만, 내점 고객 비중이 평소보다 월등히 높고 전화 주문도 많아 배달앱 수수료 부담으로 어려움을 겪던 가맹점주들에게 단비가 됐을 것... ",https://www.financialpost.co.kr/news/articleView.html?idxno=263265,https://www.financialpost.co.kr/news/articleView.html?idxno=263265,2026-06-19
배달앱 수수료,"bhc, 자사앱 포장 프로모션 성과⋯주문 건수 20%↑","특히 배달앱 수수료 부담을 둘러싼 논란이 이어지는 가운데 자사앱 주문 확대는 가맹점 수익성 개선 수단으로도 주목받고 있다. bhc 관계자는 ""외식 물가 부담이 높아진 상황에서 고객이 보다 합리적으로 bhc 치킨을... ",http://www.inews24.com/view/1978058,https://n.news.naver.com/mnews/article/031/0001036303?sid=101,2026-06-19
배달앱 수수료,[사설] 영세 소상공인들 신음하는데 또 무산된 최저임금 업종별 차등,"배달앱 수수료와 임대료, 원자재 가격 상승도 이미 영세업자를 옥죄고 있다. 실제로 올해 들어 중소벤처기업부 산하 기술보증기금과 신용보증재단중앙회가 중소기업·소상공인을 대신해 갚아준 대위변제액은... ",http://www.fnnews.com/news/202606191022521419,https://n.news.naver.com/mnews/article/014/0005537243?sid=110,2026-06-19
배달앱 수수료,"[은행장 3Q 승부수] 신한은행 정상혁, 재연임 가를 '리딩' 타이틀",신한은행은 배달앱 '땡겨요'를 앞세워 금융 앱 밖의 고객 접점을 넓혀 왔다. 배달앱은 은행권에서... 금리 하락 국면에서는 이자이익 방어와 함께 자산관리·연금 중심 수수료 기반을 넓히는 전략이 중요해진다.... ,https://www.bloter.net/news/articleView.html?idxno=665921,https://n.news.naver.com/mnews/article/293/0000086507?sid=101,2026-06-19
배달앱 수수료,"공정위, 배민·쿠팡 ‘3600억·600억 상생안’ 불인정…동의의결 기각","이번 사건은 단순 거래 분쟁을 넘어 배달앱 시장의 가격 결정 구조, 플랫폼 내 노출 방식, 멤버십 결합 전략... 세부적으로는 1400억원 규모 상생협력기금, 가게배달 수수료 인하 및 배달비 지원(약 510억원), 입점업체 쿠폰... ",http://digitalchosun.dizzo.com/site/data/html_dir/2026/06/19/2026061980097.html,http://digitalchosun.dizzo.com/site/data/html_dir/2026/06/19/2026061980097.html,2026-06-19
배달 포장 주문,"대표팀 졌지만, 치킨집 웃었다…오전 월드컵에 점주들 ‘숨통’",여의도역점 등 주요 매장들도 오전 8시부터 배달·포장 주문 대응에 나섰다. 굽네치킨을 운영하는 지앤푸드에 따르면 국가대표팀 경기 당일 전국 매장 절반 이상이 오전 조기 영업에 참여했다. 공식 인스타그램 채널... ,https://www.edaily.co.kr/news/newspath.asp?newsid=04592006645485328,https://n.news.naver.com/mnews/article/018/0006314796?sid=103,2026-06-25
배달 포장 주문,[민주 식품가] 롯데마트·굽네치킨·하이트진로,평일 오전 경기에도 매장을 찾아 단체 응원을 즐기거나 포장과 배달을 이용하는 고객이 증가했다. 주요 오피스 상권 매장에는 직장인과 가족 단위 고객의 방문이 이어졌으며 기업 단체 주문과 주거지역 배달 수요도... ,http://www.iminju.net/news/articleView.html?idxno=165809,http://www.iminju.net/news/articleView.html?idxno=165809,2026-06-25
배달 포장 주문,"교촌치킨, 축구 응원 시즌 맞아 앱 할인 강화...간장 메뉴 최대 3000원 할...",특히 배달과 포장 주문이 집중되는 대표적인 소비 시즌으로 꼽히면서 주요 치킨 프랜차이즈들은 할인 행사와 프로모션을 통해 고객 확보 경쟁을 벌이고 있다. 교촌은 지난 12일부터 자사앱 멤버십 고객을 대상으로 '교촌... ,http://www.popcornnews.net/news/articleView.html?idxno=124774,http://www.popcornnews.net/news/articleView.html?idxno=124774,2026-06-25
배달 포장 주문,북중미 월드컵 특수에 치킨업계 웃었다…오전 경기에도 매출 '껑충',"일부 오피스 상권 매장에서는 직장인 단체 관람객이 몰렸고, 주거지역을 중심으로는 배달과 포장 주문도 집중됐다. 메뉴별로는 대표 메뉴인 '고추 바사삭'뿐 아니라 통닭다리 메뉴인 '굽네 장각구이'가 가장 높은 매출을... ",https://weekly.hankooki.com/news/articleView.html?idxno=7171434,https://weekly.hankooki.com/news/articleView.html?idxno=7171434,2026-06-25
배달 포장 주문,월드컵 아침 응원도 치킨이 접수했다…할인·조기영업·신메뉴 흥행에 ...,"집에서 배달 음식을 즐기며 경기를 시청하는 전통적인 ‘집관’ 문화에 더해, 매장에서 함께 응원하는 단체 관람 문화와 경기 시간에 맞춘 포장 주문 수요까지 확대되면서 치킨이 월드컵 대표 응원 먹거리로서의 입지를... ",https://www.viva100.com/article/20260625500595,https://www.viva100.com/article/20260625500595,2026-06-25
배달 포장 주문,월드컵이 바꾼 치킨집 풍경…남아공전 개점 당기고 단체예약 '만석',"치킨업계 관계자는 ""이른 시간대 편성에도 불구하고 경기 시작 전부터 포장과 배달 주문이 집중됐다""며 ""홀을 운영하는 매장에서는 가족·친구·동료 단위의 단체 고객 수요가 매출 상승을 견인했다""고 말했다. 이어... ",https://www.newsis.com/view/NISX20260625_0003683355,https://n.news.naver.com/mnews/article/003/0014027538?sid=101,2026-06-25
배달 포장 주문,교촌에프앤비 롯데홈쇼핑 웅진씽크빅 外(유통家 이모저모),또한 전 메뉴 대상 포장 주문 시 횟수 제한 없이 사용할 수 있는 10% 할인 쿠폰도 함께 제공합니다.... '함께주문' 더치페이 기능 공개= 우아한형제들(대표 김범석)의 배달의민족이 공동주문 서비스 '함께주문'에 더치페이... ,https://www.newsclaim.co.kr/news/articleView.html?idxno=3067605,https://www.newsclaim.co.kr/news/articleView.html?idxno=3067605,2026-06-25
배달 포장 주문,오전 10시 킥오프에 '치킨집 오픈런'…'남아공전'이 바꾼 월드컵 풍속도...,"교촌치킨 매장에는 포장 주문을 기다리는 손님들이 줄을 섰고, 일부 고객은 치킨 수십 박스를 한꺼번에 들고... 배달과 포장뿐 아니라 매장에서 직접 경기를 보며 치킨과 맥주를 즐기는 소비자들도 몰렸다. 직장인들... ",http://www.inews24.com/view/1979621,https://n.news.naver.com/mnews/article/031/0001037544?sid=101,2026-06-25
배달 포장 주문,[오늘의 치킨] BBQ·교촌·굽네,"소비자들이 일정에 맞춰 매장을 찾고 포장·배달 주문을 이용하는 것이다. 굽네치킨을 운영하는 지앤푸드는 대한민국 축구 국가대표팀 경기 당일, 전국 매장 절반 이상이 오전 조기영업에 나섰으며 이른 시간부터... ",http://www.financialreview.co.kr/news/articleView.html?idxno=43125,http://www.financialreview.co.kr/news/articleView.html?idxno=43125,2026-06-25
배달 포장 주문,"교촌치킨, 축구 응원 맞춰 앱 할인 행사…간장 메뉴 3000원 할인",경기 관람 수요가 늘어나는 시기에 맞춰 대표 메뉴 할인과 포장 주문 쿠폰을 앞세워 앱 이용 고객을... 특히 배달 플랫폼 수수료 부담이 커진 상황에서 자체 앱 프로모션은 고객 데이터를 확보하고 충성 고객을 늘리는... ,https://www.newsquest.co.kr/news/articleView.html?idxno=268506,https://www.newsquest.co.kr/news/articleView.html?idxno=268506,2026-06-25
배달 포장 주문,[F&B] 굽네치킨 월드컵 특수·이그니스 '프로틴 쉐이크' 출시 外,"굽네치킨은 2026 북중미 월드컵 경기 당일 전국 매장 절반 이상이 오전 조기 영업에 나섰고, 평일 오전 경기에도 매장 방문과 포장·배달 주문이 늘었다고 밝혔다. 사진=굽네치킨 경기 시간대 전국 매장 평균 매출은 평소... ",https://www.slist.kr/news/articleView.html?idxno=747578,https://www.slist.kr/news/articleView.html?idxno=747578,2026-06-25
배달 포장 주문,"한국전 앞두고 치킨 수요 확대···굽네치킨, 월드컵 특수",경기 시간에 맞춰 조기 영업에 나선 매장과 포장·배달 주문이 증가하는 등 소비 패턴도 다양해지는 모습이다. 오븐치킨 프랜차이즈 굽네치킨을 운영하는 지앤푸드는 대한민국 축구 국가대표팀 경기 당일 전국 매장 절반... ,http://www.finomy.com/news/articleView.html?idxno=256254,http://www.finomy.com/news/articleView.html?idxno=256254,2026-06-25
배달 포장 주문,"홍경호 굽네치킨 대표, 카타르월드컵 실적 재현…매출 급증세","굽네치킨은 매장을 월드컵 응원에 최적화하기 위해, 오전부터 매장 주문을 비롯해 배달 주문도 받고 있다.... 지앤푸드 관계자가 ""오전 경기에 매장을 찾고, 포장과 배달을 이용하는 고객이 늘었다. 월드컵 특수를... ",https://www.koreareport.co.kr/news/articleView.html?idxno=51084,https://www.koreareport.co.kr/news/articleView.html?idxno=51084,2026-06-25
배달 포장 주문,"빗속에 짙어진 초록, 깊어진 추억… 詩와 함께 누리는‘앳되고 고운 날...","지금은 좁은 시멘트 포장길을 내서 차를 타고 갈 수 있지만, 몇 년 전까지만 해도 강건너빼리는 배를 타지... 인주를 주문한 학교 교무실에 택시비 600원을 자비로 쓰면서 배달한 적도 있다”고 말했다. # 현역 문구점의 안... ",https://www.munhwa.com/article/11598093?ref=naver,https://n.news.naver.com/mnews/article/021/0002800195?sid=103,2026-06-25
배달 포장 주문,"굽네치킨, 월드컵 경기일 매출 증가…오전 시간대 최대 17배 확대","매장에서 경기를 관람하는 고객과 함께 포장 및 배달 주문이 동시에 증가했으며, 직장인 단체 주문과 가족 단위 방문이 함께 나타났다. 메뉴별로는 장각구이가 경기일 기준 가장 높은 매출을 기록했다. 기존 대표 메뉴... ",http://www.lawissue.co.kr/view.php?ud=202606250914433016204ead0791_12,http://www.lawissue.co.kr/view.php?ud=202606250914433016204ead0791_12,2026-06-25
배달 포장 주문,"""월드컵 봐야하는데 점심은 회사에서 먹죠""…반전 특수 누리는 햄버거 ...","해당 시간대 매장을 방문한 매출은 20% 감소했지만, 배달과 포장 주문은 82%까지 확대됐다. 버거킹도 국가대표팀의 경기가 있던 날 매출이 직전 주와 비교해 약 36% 늘어났다. 버거킹 역시 매장을 방문한 고객보다는... ",https://view.asiae.co.kr/article/2026062416233707413,https://n.news.naver.com/mnews/article/277/0005781139?sid=101,2026-06-25
배달 포장 주문,"굽네치킨 ""국가대표팀 경기 당일 매출 10배 증가…장각구이 인기""",굽네치킨은 월드컵 시즌에 맞춰 6월 한 달간 주문 앱에서 1만 7000원 이상 배달 또는 포장 주문 후 스탬프를 2개 적립하면 7000원 할인 쿠폰을 제공하는 이벤트도 진행 중이다. 굽네치킨은 기름에 튀기지 않고 오븐에 구워... ,https://www.news1.kr/industry/distribution/6207683,https://n.news.naver.com/mnews/article/421/0009022323?sid=101,2026-06-25
배달 포장 주문,"오전 경기에도 치킨 찾았다…굽네치킨, 월드컵 특수 확인",경기 일정에 맞춰 매장을 찾거나 포장·배달 주문을 이용하는 등 소비자들의 응원 방식도 다양해지는 모습이다. 오븐요리 프랜차이즈 굽네치킨을 운영하는 지앤푸드는 대한민국 축구 국가대표팀 경기 당일 전국 매장의... ,https://www.pinpointnews.co.kr/news/articleView.html?idxno=462877,https://www.pinpointnews.co.kr/news/articleView.html?idxno=462877,2026-06-25
배달 포장 주문,[유통소식] 이마트 'PL브랜드 페스타'…보양식·간편식 할인,"군포 센터에서는 126대 AGV를 활용한 자동화 시스템과 중량·체적 기반 자동 검수 및 포장 시스템, 실시간... /사진=우아한청년들 우아한청년들, 업계 최초 유상운송보험 의무화 대응 보험 출시 우아한청년들은 배달서비... ",http://www.4th.kr/news/articleView.html?idxno=2113656,http://www.4th.kr/news/articleView.html?idxno=2113656,2026-06-25
배달 포장 주문,"""휴, 괜히 걱정했네""…유통업계 '월드컵 특수' 톡톡","있었지만, 실제로는 사무실 단체 관람과 점심 주문 수요가 붙으면서 새로운 시간대의 매출이 발생했다”며 “남은 경기와 32강 진출 여부에 따라 조기 오픈, 배달·포장, 단체 주문 대응이 더 중요해질 것”이라고 말했다.",https://zdnet.co.kr/view/?no=20260624165849,https://n.news.naver.com/mnews/article/092/0002427913?sid=105,2026-06-24
배달 포장 주문,"경산 신비복숭아, 배민 B마트 타고 전국 간다","800g 포장으로 총 7000팩이 한정 판매된다. 가격은 1팩 기준 7990원, 2팩 묶음 구매 시 1만5000원이다. 소비자는 배달의민족 앱 내 B마트 서비스의 '경산 신비복숭아 전용 기획전'을 통해 주문할 수 있다. 지역 소비자를 위한... ",https://www.kyongbuk.co.kr/news/articleView.html?idxno=4076482,https://www.kyongbuk.co.kr/news/articleView.html?idxno=4076482,2026-06-24
배달 포장 주문,승리를 부르 바삭한 응원…골목 통닭과 함께하는 대한민국 축구,"동네 치킨집, 시장 골목, 배달 상자 위에도 월드컵의 열기가 번졌다. 치킨은 경기를 보며 먹는 음식이자, 같은... 인천 중구청 자료에 따르면 신포 닭강정은 결혼식, 돌잔치, 칠순 같은 잔치 음식의 단체 주문에서 출발했고... ",https://cooknchefnews.com/news/view/1065592803267124,https://cooknchefnews.com/news/view/1065592803267124,2026-06-24
배달 포장 주문,"[오늘의 브랜드] 에그드랍, 디즈니코리아와 협업한 '토이 스토리 5' 테마...","해당 프로모션은 매장 주문뿐 아니라 배달앱 주문 고객에게도 적용되며, 한정 수량 소진 시 종료된다.... 이에 브라더는 라벨프린터 소모품인 라벨테이프 포장재를 비닐에서 종이로 교체 중이며, 나아가 프린터·복합기... ",https://www.ibabynews.com/news/articleView.html?idxno=152312,https://www.ibabynews.com/news/articleView.html?idxno=152312,2026-06-24
배달 포장 주문,"[오늘의 특가] 아웃백, 카카오톡 '쟁쟁한 특가' 이벤트 外","이번 프로모션은 일부 매장을 제외한 전국 역전우동 매장에서 진행되며, 포장 및 배달 주문 시에는 혜택 적용이 불가하다. 역전우동 관계자는 ""고객들이 여름철 대표 메뉴인 냉모밀을 부담 없는 가격에 즐기실 수... ",https://www.ibabynews.com/news/articleView.html?idxno=152311,https://www.ibabynews.com/news/articleView.html?idxno=152311,2026-06-24
배달 포장 주문,"[월가 톡톡] ""아마존의 챗GPT 광고, 그들의 핵심 전략 보여줘""","캠퍼스 배달로봇으로 알려진 미국 스타트업 로봇닷컴이 산업 현장용 휴머노이드 로봇 사업에 본격 진출한다. 22일(현지시간) 비즈니스인사이더(BI)에 따르면 로봇닷컴은 주문 포장, 상자 상·하차, 작업대 정리 등을... ",https://news.einfomax.co.kr/news/articleView.html?idxno=4421651,https://news.einfomax.co.kr/news/articleView.html?idxno=4421651,2026-06-24
배달 포장 주문,중국 2026 제14회 청두 외식 공급망 박람회 참관기,"스캔해 주문하도록 유도하거나 회원 가입을 통해 고객을 자연스럽게 위챗 단체 채팅방에 초대한다. 그런 다음, 단체방 회원들에게만 정기적으로 전용 할인 쿠폰과 신메뉴 소식을 보내는 방식, 또는 '3km 이내 무료 배달... ",http://dream.kotra.or.kr/kotranews/cms/news/actionKotraBoardDetail.do?SITE_NO=3&MENU_ID=110&CONTENTS_NO=1&bbsGbn=245&bbsSn=245&pNttSn=242272,http://dream.kotra.or.kr/kotranews/cms/news/actionKotraBoardDetail.do?SITE_NO=3&MENU_ID=110&CONTENTS_NO=1&bbsGbn=245&bbsSn=245&pNttSn=242272,2026-06-24
배달 포장 주문,"더울수록 더 저렴하게…배민, 아이스크림 할인 행사","쿠폰은 아이스크림 전용으로, 배민 음식배달과 장보기·쇼핑 등 각 카테고리의 최소 주문금액을... 즉시 배달 받아 시원함을 즐기실 수 있도록 이번 이벤트를 준비했다”며 “보냉 포장 등도 더욱 보강한 만큼 더... ",https://www.busan.com/view/busan/view.php?code=2026062319060568352,https://n.news.naver.com/mnews/article/082/0001386746?sid=101,2026-06-23
배달 포장 주문,"배민은 재고, 쿠팡이츠는 품질…장보기 뛰어든 배달앱의 다른 부담","주문이 들어오면 자체 거점에서 상품을 고르고 포장한 뒤 배달한다. 상품 구성과 품질을 통제하기 쉽고 PB 상품 확대도 가능하지만, 재고와 작업 비용 부담을 함께 안는다. 우아한형제들 연결감사보고서에 따르면 2025년 말... ",https://sateconomy.co.kr/news/view/1065595168793021,https://sateconomy.co.kr/news/view/1065595168793021,2026-06-23
배달 포장 주문,"배달의민족, 아이스크림 할인 행사…최대 6000원 쿠폰 제공","해당 쿠폰은 모두 아이스크림 전용으로 배민 음식배달과 장보기쇼핑 등 각 카테고리마다의 최소주문금... 즉시 배달 받아 시원함을 즐기실 수 있도록 이번 이벤트를 준비했다""며 ""보냉 포장 등도 더욱 보강한 만큼... ",https://www.pinpointnews.co.kr/news/articleView.html?idxno=462462,https://www.pinpointnews.co.kr/news/articleView.html?idxno=462462,2026-06-23
배달 포장 주문,"주문 포장·상하차 척척…美 로봇닷컴, 산업 현장용 휴머노이드 상용 배...",뉴욕의 하버 링크스 골프코스에서는 R-노이드가 배달 로봇에 음식을 적재하고 직원들의 주문 포장 업무를 지원하고 있다. 회사는 향후 로봇이 수행할 수 있는 작업 범위를 지속적으로 확대할 계획이다. AI 역량... ,https://www.digitaltoday.co.kr/news/articleView.html?idxno=677533,https://www.digitaltoday.co.kr/news/articleView.html?idxno=677533,2026-06-23
배달 포장 주문,"""매일마다 무더워질수록 할인율 올라간다?""…우아한형제들, '배민으로 ...","즉시 배달 받아 시원함을 즐기실 수 있도록 이번 이벤트를 준비했다""고 설명했다. 특히 그는 ""보냉 포장... 해당 쿠폰은 모두 아이스크림 전용으로 배민 음식배달과 장보기쇼핑 등 각 카테고리마다의 최소주문금액을... ",https://www.financialpost.co.kr/news/articleView.html?idxno=263569,https://www.financialpost.co.kr/news/articleView.html?idxno=263569,2026-06-23
배달 포장 주문,"역전우동, SKT T 멤버십 회원 대상 '냉모밀 3,500원' 프로모션 진행","이번 행사는 일부 매장을 제외한 전국 역전우동 매장에서 진행되며, 포장이나 배달 주문 시에는 혜택을 받을 수 없습니다. 역전우동 관계자는 고객들이 여름철 대표 메뉴인 냉모밀을 부담 없는 가격에 즐기실 수... ",https://news.bbsi.co.kr/news/articleView.html?idxno=4090798,https://news.bbsi.co.kr/news/articleView.html?idxno=4090798,2026-06-23
배달 포장 주문,플랫폼 넓히는 당근…소비자 응대는 '여전히 답답',"동네 중고거래 앱으로 시작한 당근이 어느새 음식 포장주문, 부동산, 이사, 청소 등으로 사업 범위를 넓혔다. 기존의 중고거래뿐 아니라 배달의민족, 네이버부동산, 숨고, 크몽 등 카테고리별 1위 업체들의 영역을 한데... ",https://www.kpinews.kr/newsView/1065600033284621,https://www.kpinews.kr/newsView/1065600033284621,2026-06-23
배달 포장 주문,"더본코리아 역전우동, T멤버십 고객에 냉모밀 할인 판매","매장 이용 시 직원에게 쿠폰을 제시하면 혜택이 적용되며 포장·배달 주문은 대상에서 제외된다. 역전우동 관계자는 ""여름철 대표 메뉴인 냉모밀을 보다 합리적인 가격에 즐길 수 있도록 이번 프로모션을 마련했다... ",http://www.metroseoul.co.kr/article/20260623500282,http://www.metroseoul.co.kr/article/20260623500282,2026-06-23
배달 포장 주문,"두찜, 초보 창업자 위한 운영 지원 시스템 구축",또한 배달·포장 운영 노하우를 바탕으로 주문 관리와 주방 운영 등 실제 매장 운영에 필요한 지원을 제공하고 있다. 여기에 안정적인 물류 공급 시스템을 구축해 메뉴 품질 관리와 운영 효율성 향상에도 힘쓰고 있다는... ,https://www.thepowernews.co.kr/view.php?ud=2026062313504779339aeda69934_7,https://www.thepowernews.co.kr/view.php?ud=2026062313504779339aeda69934_7,2026-06-23
배달 포장 주문,"""더울수록 할인 폭 커진다"" 배민, 아이스크림 할인 캠페인 '배민으로 식...","해당 쿠폰은 모두 아이스크림 전용으로 배민 음식배달과 장보기쇼핑 등 각 카테고리마다의 최소주문금액을... 즉시 배달 받아 시원함을 즐기실 수 있도록 이번 이벤트를 준비했다""며 ""보냉 포장 등도 더욱 보강한 만큼... ",https://www.techm.kr/news/articleView.html?idxno=152828,https://www.techm.kr/news/articleView.html?idxno=152828,2026-06-23
배달 포장 주문,국내 첫 한부모 자립 작업장 ‘소울블룸’ 문 열어,"베이커리, 포장, 판매 등 다양한 직무를 경험하며 자립 역량을 키워나갈 예정이다. 임 사무국장은 “이들이 만든 간식과 도시락은 성당, 자치구, 학교, 기업 등의 주문을 받아 제작·배달하는 방식으로 판매될 예정”이라며... ",https://www.catholictimes.org/article/20260622500061,https://www.catholictimes.org/article/20260622500061,2026-06-23
배달 포장 주문,"배달의민족, '배민으로 식혀줘' 기온에 따라 다르다","최소 주문 금액 충족 시 사용 가능하다. 이와 함께 배민B마트는 배민이지 얼음을 0원에 판매하는 '0원딜'과... 즉시 배달 받아 시원함을 즐기실 수 있도록 이번 이벤트를 준비했다""며, ""보냉 포장도 강화해 더 많은... ",https://www.cbci.co.kr/news/articleView.html?idxno=583879,https://www.cbci.co.kr/news/articleView.html?idxno=583879,2026-06-23
배달 포장 주문,"더본코리아 역전우동, 냉모밀 반값…SKT 회원 대상 3500원",T멤버십 회원 대상 여름 대표 메뉴 할인 프로모션 진행 24일 쿠폰 다운로드…28일까지 전국 매장 사용 가능 일부 매장 제외·포장·배달 주문은 혜택 적용 제외 [서울타임즈뉴스 = 서연옥 기자] 더본코리아의... ,https://www.seoultimes.news/news/article.html?no=2000096926,https://www.seoultimes.news/news/article.html?no=2000096926,2026-06-23
배달 포장 주문,"배민, 폭염 맞춤형 아이스크림 할인…기온 오를수록 혜택 커진다","쿠폰은 아이스크림 전용으로 음식배달과 장보기·쇼핑 등 각 서비스의 최소 주문금액을 충족하면 사용할... 배민 관계자는 ""보냉 포장도 한층 강화한 만큼 고객들이 배민과 함께 시원한 여름을 보내길 바란다""고... ",http://www.dailysmart.co.kr/news/articleView.html?idxno=125911,http://www.dailysmart.co.kr/news/articleView.html?idxno=125911,2026-06-23
배달 포장 주문,"[유통소식] 롯데마트, 베트남서 대규모 ESG 캠페인","슈즈 스타일러 사하라, AGK 까루 음식물처리기, 센스락 가정용 진공포장기 등 장마와 폭염에 대비한... 쿠폰은 아이스크림 전용이며 배민 음식배달과 장보기쇼핑 등 각 카테고리별 최소주문금액을 충족하면 사용할 수... ",http://www.4th.kr/news/articleView.html?idxno=2113568,http://www.4th.kr/news/articleView.html?idxno=2113568,2026-06-23
배달 포장 주문,"배민, 기온 따라 할인 커지는 '배민으로 식혀줘' 캠페인 진행","쿠폰은 배민 음식배달과 장보기·쇼핑 등 각 서비스의 최소 주문금액 충족 시 사용할 수 있다. 다음 달... 마련했다""며 ""보냉 포장 서비스도 강화한 만큼 고객들이 여름철 다양한 혜택을 이용할 수 있기를 기대한다""고... ",https://weekly.hankooki.com/news/articleView.html?idxno=7170932,https://weekly.hankooki.com/news/articleView.html?idxno=7170932,2026-06-23
배달 포장 주문,"역전우동, SKT 멤버십 연계 냉모밀 할인 행사 운영","이번 행사는 매장 식사 고객을 대상으로 진행되며 포장 및 배달 주문에는 적용되지 않는다. 회사 측은 ""이번 행사는 냉모밀 메뉴를 대상으로 운영되며, 매장 이용 고객이 할인 가격으로 이용할 수 있도록 구성됐다""라며... ",http://www.lawissue.co.kr/view.php?ud=202606231124245979204ead0791_12,http://www.lawissue.co.kr/view.php?ud=202606231124245979204ead0791_12,2026-06-23
배달 포장 주문,"배민, '배민으로 식혀줘' 캠페인 진행","해당 쿠폰은 모두 아이스크림 전용으로 배민 음식배달과 장보기쇼핑 등 각 카테고리마다의 최소주문금액... 즉시 배달 받아 시원함을 즐기실 수 있도록 이번 이벤트를 준비했다""며 ""보냉 포장 등도 더욱 보강한... ",https://www.kgnews.co.kr/news/article.html?no=901097,https://www.kgnews.co.kr/news/article.html?no=901097,2026-06-23
배달 포장 주문,전용상품 출시하고 별도 할인까지… 자사앱 공들이는 치킨업계,"배달 주문 비중이 높은 특성상 배달 플랫폼의 중개수수료와 노출 경쟁이 가맹점 수익성에 직접적인 영향을... 지난 4월부터는 자사 앱 포장 주문 고객을 대상으로 할인 프로모션을 진행한 결과, 포장 주문 건수가 전월... ",https://www.viva100.com/article/20260622500909,https://www.viva100.com/article/20260622500909,2026-06-23
배달 포장 주문,"[유통24시] 홈플러스, 익스프레스 매각 본계약…정상화 속도 外","다만 포장 및 배달 주문에는 혜택이 적용되지 않는다. ◆애슐리퀸즈, 고창군과 농산물 협력 이랜드이츠가 운영하는 애슐리퀸즈가 전북 고창군과 농산물 유통 활성화를 위한 업무협약을 체결했다. 이번 협약에 따라... ",https://news.dealsitetv.com/articles/172228,https://news.dealsitetv.com/articles/172228,2026-06-23
배달 포장 주문,"""더울수록 더 싸진다""...배민, 기온 따라 할인 커지는 아이스크림 프로...","배민 관계자는 ""배달의민족만의 퀵커머스 서비스를 통해 고객들이 시원한 아이스크림을 빠르게 받아볼 수 있도록 이번 행사를 준비했다""며 ""보냉 포장 등 배송 품질도 더욱 강화한 만큼 많은 고객들이 배민과 함께 무더운... ",http://www.popcornnews.net/news/articleView.html?idxno=124516,http://www.popcornnews.net/news/articleView.html?idxno=124516,2026-06-23
배달 포장 주문,"배민, 기온 따라 혜택 커지는 여름 프로모션 전개...아이스크림 할인 강...","음식배달과 장보기·쇼핑 등 각 서비스의 최소 주문 금액 조건을 충족하면 적용 가능하다. 기온 연동 쿠폰... 기획했다""며 ""보냉 포장 등 배송 품질도 강화한 만큼 고객들이 시원하고 편리하게 여름을 보낼 수 있기를... ",https://www.econovill.com/news/articleView.html?idxno=743148,https://www.econovill.com/news/articleView.html?idxno=743148,2026-06-23
배달 포장 주문,"더본코리아 역전우동, SKT T day 연계 여름철 냉모밀 할인 프로모션 실시","이번 프로모션은 일부 매장을 제외한 전국 역전우동 매장에서 진행되며, 포장 및 배달 주문 시에는 혜택 적용이 불가하다. 역전우동 관계자는 ""여름철 수요가 높은 대표 메뉴인 냉모밀을 소비자들이 보다 부담 없이... ",https://www.discoverynews.kr/news/articleView.html?idxno=1094111,https://www.discoverynews.kr/news/articleView.html?idxno=1094111,2026-06-23
배달 포장 주문,"[유통갤러리] 애경산업, '직무발명보상 우수기업' 인증 획득 外","해당 쿠폰은 모두 아이스크림 전용으로 배민 음식배달과 장보기쇼핑 등 각 카테고리마다의 최소주문금... 10롤 모두 개별 포장해 사용 직전까지 위생적으로 보관할 수 있으며, 핸들이 달린 박스 패키지를 적용해... ",https://theviewers.co.kr/View.aspx?No=4122087,https://theviewers.co.kr/View.aspx?No=4122087,2026-06-23
배달 포장 주문,"더울수록 아이스크림이 할인된다... 배민, '기온 연동 할인' 이색 캠페인...","전용 주문 시 사용 가능하다. ​캠페인 기간에는 추가 할인 행사도 병행된다. 배민B마트에서는 아이스크림... 즉시 배달받을 수 있도록 이벤트를 준비했다""며 ""보냉 포장을 강화해 더운 날씨에도 시원함을 즐길 수 있을... ",https://www.greened.kr/news/articleView.html?idxno=343062,https://www.greened.kr/news/articleView.html?idxno=343062,2026-06-23
배달 포장 주문,"“더울수록 아이스크림 저렴하게”…배민, 이색 캠페인 전개",해당 쿠폰은 모두 아이스크림 전용으로 배민 음식배달과 장보기·쇼핑 등 각 카테고리마다 최소주문... 즉시 배달 받을 수 있다”면서 “보냉 포장 등도 보강한 만큼 더 많은 고객이 배민으로 무더위를 시원하고... ,https://www.etnews.com/20260623000094,https://n.news.naver.com/mnews/article/030/0003440196?sid=101,2026-06-23
배달 포장 주문,"""더울수록 더 큰 할인""…배민, '배민으로 식혀줘' 캠페인","해당 쿠폰은 모두 아이스크림 전용으로 배민 음식배달과 장보기쇼핑 등 각 카테고리별 최소 주문금액을... 즉시 배달받아 시원함을 즐기실 수 있도록 이번 이벤트를 준비했다""며 ""보냉 포장 등도 더욱 보강한 만큼 더... ",http://www.srtimes.kr/news/articleView.html?idxno=205870,http://www.srtimes.kr/news/articleView.html?idxno=205870,2026-06-23
배달 포장 주문,"배민, 더울수록 할인 늘어나는 아이스크림 캠페인 실시","해당 쿠폰은 모두 아이스크림 전용으로 배민 음식배달과 장보기쇼핑 등 각 카테고리마다의 최소주문금... 즉시 배달 받아 시원함을 즐기실 수 있도록 이번 이벤트를 준비했다""며 ""보냉 포장 등도 더욱 보강한 만큼... ",https://www.ziksir.com/news/articleView.html?idxno=137714,https://www.ziksir.com/news/articleView.html?idxno=137714,2026-06-23
배달 포장 주문,"“여름철 대표 메뉴가 반값”…역전우동, 24일 SKT ‘T day 프로모션’ ...","단, 매장 방문 식사 고객을 위한 행사로 포장 및 배달 주문 시에는 할인 혜택이 적용되지 않는다. 역전우동 관계자는 “본격적인 무더위가 시작되는 시기를 맞아, 고객들이 여름철 대표 메뉴인 냉모밀을 가격 부담... ",https://www.sportsseoul.com/news/read/1618144?ref=naver,https://n.news.naver.com/mnews/article/468/0001249344?sid=101,2026-06-23
배달 포장 주문,"더본코리아 역전우동, SKT와 손잡고 '냉모밀 3500원' 행사","다만 매장 내 취식 고객을 대상으로 기획된 행사인 만큼 포장(테이크아웃)이나 배달 앱을 통한 주문 시에는 할인이 적용되지 않는다. 역전우동 관계자는 ""이른 더위에 지친 고객들이 시원한 냉모밀을 부담 없는... ",https://www.insightkorea.co.kr/news/articleView.html?idxno=248629,https://www.insightkorea.co.kr/news/articleView.html?idxno=248629,2026-06-23
배달 포장 주문,"역전우동, SKT T day 프로모션으로 냉모밀 3,500원에 판매","이번 프로모션은 일부 매장을 제외한 전국 역전우동 매장에서 진행되며, 포장과 배달 주문에는 혜택이 적용되지 않는다. 역전우동 관계자는 고객들이 여름철 대표 메뉴인 냉모밀을 부담 없는 가격에 즐길 수... ",https://www.nextdaily.co.kr/news/articleView.html?idxno=250621,https://www.nextdaily.co.kr/news/articleView.html?idxno=250621,2026-06-23
배달 포장 주문,"더본코리아 역전우동, 24일 T day 쿠폰으로 냉모밀 할인 제공","다만 매장 식사 고객을 대상으로 한 행사이기 때문에 포장 주문과 배달 주문에는 할인 혜택이 적용되지 않는다. 역전우동은 더본코리아의 우동·덮밥 전문 브랜드로, 냉모밀을 여름철 대표 메뉴 중 하나로 운영하고... ",https://www.autodaily.co.kr/news/articleView.html?idxno=545091,https://www.autodaily.co.kr/news/articleView.html?idxno=545091,2026-06-23
배달 포장 주문,"“더울수록 할인↑”…배민, 아이스크림 날씨쿠폰 행사","쿠폰은 아이스크림 전용으로, 배민 음식배달과 장보기·쇼핑 등 각 카테고리의 최소주문금액을 충족하면... 즉시 배달 받아 시원함을 즐기실 수 있도록 이번 이벤트를 준비했다”며 “보냉 포장 등도 더욱 보강한... ",https://www.edaily.co.kr/news/newspath.asp?newsid=03070086645484672,https://n.news.naver.com/mnews/article/018/0006312765?sid=101,2026-06-23
배달 포장 주문,"""더울수록 더 싸진다"" 배민, '날씨 연동' 아이스크림 할인 행사","모두 아이스크림 전용으로 배민 음식배달과 장보기쇼핑 등 각 카테고리마다의 최소주문금액을 맞추면... 즉시 배달 받아 시원함을 즐기실 수 있도록 이번 이벤트를 준비했다""며 ""보냉 포장 등도 더욱 보강한 만큼... ",https://www.newsis.com/view/NISX20260623_0003679395,https://n.news.naver.com/mnews/article/003/0014021537?sid=101,2026-06-23
배달 포장 주문,"배민, 기온 따라 할인 커진다…아이스크림 프로모션 시작","최소 주문 조건을 충족하면 적용된다. 하루 동안 여러 기온 구간이 기록될 경우 해당 구간별 혜택을 모두... 보냉 포장 등 배송 품질 관리도 강화할 계획이다. 배민 관계자는 ""배달의민족만의 차별화된 퀵커머스 서비스로... ",https://www.insightkorea.co.kr/news/articleView.html?idxno=248618,https://www.insightkorea.co.kr/news/articleView.html?idxno=248618,2026-06-23
배달 포장 주문,[유통딜리버리] 신세계百ㆍ롯데百ㆍ롯데마트ㆍCUㆍ무신사ㆍW컨셉ㆍ롯데...,"평일 자정까지, 주말ㆍ공휴일에는 밤 10시까지 주문하면 다음 날 상품을 받을 수 있다. 판매자가 파트너사 물류센터에 상품을 사전 입고하면 보관부터 포장ㆍ발송까지 센터에서 처리하는 방식이다. 기존 당일 출발... ",https://www.dnews.co.kr/uhtml/view.jsp?idxno=202606230846079700336,https://www.dnews.co.kr/uhtml/view.jsp?idxno=202606230846079700336,2026-06-23
배달 포장 주문,"""더울수록 아이스크림 더 할인""…배민, '배민으로 식혀줘' 캠페인","해당 쿠폰은 모두 아이스크림 전용으로 배민 음식배달과 장보기쇼핑 등 각 카테고리마다의 최소주문금... 즉시 배달 받아 시원함을 즐기실 수 있도록 이번 이벤트를 준비했다""며 ""보냉 포장 등도 더욱 보강한 만큼... ",https://www.news1.kr/industry/distribution/6205153,https://n.news.naver.com/mnews/article/421/0009017768?sid=101,2026-06-23
배달 포장 주문,"'어푸어푸', 오늘도 꿈을 향해 물살을 가른다 [D:쇼트 시네마(163)]",친구는 오소리를 다시 만나기 위해 일부러 계속 배달 주문을 했다고 말한다. 그리고 여전히 꿈을 포기하지... 무엇보다 인상적인 것은 영화가 꿈을 향해 달려가는 사람들을 낭만적으로 포장하지 않는다는 점이다. 오소리는... ,https://www.dailian.co.kr/news/view/1658641/?sc=Naver,https://m.entertain.naver.com/article/119/0003103601,2026-06-23
배달 포장 주문,축구엔 역시 '치맥'…월드컵 응원 수요에 치킨 주문 폭증,기업 단위 예약이 이어지면서 110석 전 좌석이 사전 예약으로 마감됐고 경기 시작 전까지 포장·배달 주문 40여마리를 출고했다. 예약 문의만 90건 이상 몰리며 약 300명의 추가 예약은 받지 못했다. 홍대입구점 역시 60명의... ,https://www.news2day.co.kr/article/20260622500162,https://www.news2day.co.kr/article/20260622500162,2026-06-23
배달 포장 주문,“월드컵엔 치킨?” 피자도 뛰었다…영업시간 앞당기고 인력 확대,피자몰 관계자는 “피자는 함께 나눠 먹기 좋고 포장·배달 접근성이 높은 메뉴라 경기 관람 수요와 잘 맞는다”며 “주요 경기 시간대에는 매장별 상권 특성에 맞춰 주문 대응을 강화하고 있다”고 말했다. 단체급식... ,https://www.sedaily.com/article/20058811?ref=naver,https://n.news.naver.com/mnews/article/011/0004633841?sid=101,2026-06-23
배달 포장 주문,프랭크버거 '땡겨요' 프로모션… 할인쿠폰 지급,행사 기간 동안 배달 및 포장 주문 시 전 메뉴에 대해 1만 5000원 이상 구매하면 4000원 할인 혜택을 받을 수 있는 쿠폰이 지급된다. 단 각 매장별로 설정돼 있는 최소주문 금액 이상 주문 시 사용이 가능하다. 소비자들의... ,https://www.newscj.com/news/articleView.html?idxno=3411216,https://www.newscj.com/news/articleView.html?idxno=3411216,2026-06-22
배달 포장 주문,흰 물질 뒤덮인 버섯에 찌든 주방…청주 배달전문점 위생 논란,"뒤 주문이 들어오면 판매했다고 주장했다. 그는 ""제조한 지 닷새가 지나 새우 등에서 냄새가 나도 제품 전체를 폐기하지 않고 문제가 된 재료만 교체해 다시 포장했다""며 ""비조리 상태로 판매하기 어려운 재료는 양념을 넣어... ",https://www.ccdailynews.com/news/articleView.html?idxno=2423471,https://www.ccdailynews.com/news/articleView.html?idxno=2423471,2026-06-22
배달 포장 주문,"노랑통닭, 축구 경기일 점심 매출 최대 407% 증가","이른 시간대 경기 편성에도 불구하고 경기 시작 전부터 포장과 배달 주문이 집중됐으며, 일부 매장은 영업 시작 시간을 앞당겨 운영했다. 직영점에서는 경기 전 단체 이용 예약이 조기에 마감되는 사례도 발생했다. 평소... ",http://www.lawissue.co.kr/view.php?ud=202606221607467789204ead0791_12,http://www.lawissue.co.kr/view.php?ud=202606221607467789204ead0791_12,2026-06-22
배달 포장 주문,"우려했던 '점심 월드컵', 무알코올이 살렸다",오피스 상권인 여의도역점을 배달·포장 전용으로 운영해 150마리의 주문을 확보한 게 대표적이다. 노랑통닭 역시 월드컵 효과를 톡톡히 봤다. 12일 오전 9시부터 오후 3시까지 매출이 전주 대비 4배 이상 늘었고 전체... ,https://news.bizwatch.co.kr/article/consumer/2026/06/22/0021,https://n.news.naver.com/mnews/article/648/0000048223?sid=101,2026-06-22
배달 포장 주문,“남아공과 비겨도 32강 진출”…월드컵 기대감에 치킨·편의점 업계 ‘...,예약 주문 150마리가 모두 마감됐다. 직장인들이 사무실에서 단체 관람에 나서면서 배달과 포장 수요가 급증한 것으로 분석된다. 업계에서는 이번 월드컵의 흥행 요인으로 ‘오피스 응원 문화’를 꼽는다. 평일 오전... ,https://www.mk.co.kr/article/12079945,https://n.news.naver.com/mnews/article/009/0005697084?sid=101,2026-06-22
배달 포장 주문,[솔로이코노미] '치킨집'이 '집밥' 시장 두드린다…굽네·BBQ·맥시칸에 ...,치킨 프랜차이즈들이 배달 주문을 넘어 가정간편식(HMR) 시장에 속속 진입하고 있다. 배달비 부담과 외식... 간편식의 주 소비층인 1인가구는 급속도로 늘어나면서 소용량·소포장 제품 수요도 꾸준히 커지고 있다. 치킨... ,http://www.dailypop.kr/news/articleView.html?idxno=99879,http://www.dailypop.kr/news/articleView.html?idxno=99879,2026-06-22
배달 포장 주문,[기획] 유가 안정 기대에도 물류 정상화는 아직…식품·외식 원가 변수...,배달 의존도가 높은 매장은 플랫폼 수수료와 포장재 비용까지 부담해야 해 비용 구조가 더 복합적이다.... 주문 후 짧은 시간 안에 상품을 분류하고 배송해야 하는 구조에서는 물류센터 효율화만으로 비용을 크게 낮추기... ,https://www.m-i.kr/news/articleView.html?idxno=1383868,https://www.m-i.kr/news/articleView.html?idxno=1383868,2026-06-22
배달 포장 주문,시대 흐름 못 읽은 도미노피자…흔들리는 프리미엄 공식,"비용 절감과 판매관리비 조정, 포장·할인 수요 관리로 버틴 성격이 강하다는 분석이다. 시장의 기본 구조도 바뀌었다. 피자는 과거 가족 외식과 야식 배달의 대표 메뉴였다. 한 판을 주문해 3~4명이 나눠 먹는 음식이었다.... ",http://sateconomy.co.kr/news/view/1065587785175379,http://sateconomy.co.kr/news/view/1065587785175379,2026-06-22
배달 포장 주문,축구 열기에 치킨도 웃었다…노랑통닭 점심 매출 407% 급증,"특히 경기 시작 전부터 포장과 배달 주문이 집중됐으며, 홀 매장에서는 가족과 친구, 직장 동료 단위의 단체 고객 방문이 크게 늘어난 것으로 분석됐다. 이번 사례는 스포츠 이벤트가 외식 소비 패턴에도 영향을 미치고... ",https://www.joongangenews.com/news/articleView.html?idxno=527232,https://www.joongangenews.com/news/articleView.html?idxno=527232,2026-06-22
배달 포장 주문,"""배달앱 수수료 무섭다""…피자업계, 다시 '홀·포장'으로 유턴",도미노피자는 '도미노스데이' 등을 통해 포장주문 할인혜택을 정기적으로 운영하고 있다. 특정요일에는 피자 2판 구매시 1판을 추가 제공하는 방식의 행사도 이어가며 배달외 수요 확보에 나서고 있다. 이랜드이츠가... ,http://www.inews24.com/view/1978426,https://n.news.naver.com/mnews/article/031/0001036593?sid=101,2026-06-22
배달 포장 주문,"노랑통닭, 국제 축구 경기 특수로 가맹점 매출 급증한 내용은?","경기가 오전 10시에 시작된 이른 시간대 편성에도 불구하고 경기 시작 전부터 포장과 배달 주문이 집중됐으며, 홀 매장에서는 가족, 친구, 직장 동료 단위의 단체 고객 수요가 매출 증가를 견인한 것으로 분석됐다. 특히... ",http://www.newsworker.co.kr/news/articleView.html?idxno=432384,http://www.newsworker.co.kr/news/articleView.html?idxno=432384,2026-06-22
배달 포장 주문,배달앱 입점 전 '메뉴별 손익표' 부터 만들자,"배달앱에 입점만 하고 주문을 기다리는 방식으로는 살아남기 어렵다. 메뉴별 원가율을 계산하고, 배달 전용 가격을 따로 설계하고, 플랫폼별 수수료 구조를 비교해야 한다. 또한 리뷰 확보 전략, 광고 예산, 포장 품질, 조리... ",http://www.kbiznews.co.kr/news/articleView.html?idxno=114373,http://www.kbiznews.co.kr/news/articleView.html?idxno=114373,2026-06-22
배달 포장 주문,축구 경기에 치킨 주문 몰렸다…노랑통닭 점심 매출 407%↑,오전 시간대 경기에도 포장과 배달 주문이 몰리며 치킨 소비가 저녁에서 점심 시간대로 이동한 모습이다. 22일 노랑통닭을 운영하는 노랑푸드는 지난 19일 오전 9시부터 오후 3시까지 점심 시간대 매출이 전주 같은... ,https://zdnet.co.kr/view/?no=20260622093051,https://n.news.naver.com/mnews/article/092/0002427509?sid=105,2026-06-22
배달 포장 주문,"노랑통닭, 월드컵 특수에 웃었다…점심 매출 5배 '껑충'","노랑통닭은 이른 시간대 편성에도 경기 시작 전부터 포장과 배달 주문이 집중됐으며, 홀을 운영하는 매장에서는 가족·친구·동료 단위의 단체 고객 수요가 매출 상승을 이끌었다고 분석했다.",https://www.newsis.com/view/NISX20260622_0003677925,https://n.news.naver.com/mnews/article/003/0014019619?sid=101,2026-06-22
배달 포장 주문,"[르포]""콜라까지 3000원~15000원 치느님"" 오픈런…냉동실 탈출하더니 '인...",현장 주문은 물론 포장·배달 주문이 이어졌다. 팝업 스토어 오픈 시간인 오후 12시 오픈런하는 고객 행렬이 있었다. 점심시간에 맞춰 인근 공원으로 향하던 고객이 치킨 한 마리 포장해 들고 가는 모습도 포착됐다.... ,https://view.asiae.co.kr/article/2026061916275498010,https://n.news.naver.com/mnews/article/277/0005779482?sid=103,2026-06-22
배달 포장 주문,“생달걀 만진 후 비누로 손씻기”…여름철 식중독 예방 수칙,"배달음식은 섭취 가능한 만큼만 주문하고, 수령 시에는 용기나 포장이 오염되거나 손상되지 않았는지 살펴보는 게 좋다. 만약 식중독 의심 환자가 발생했다면, 환자와 함께 생활하는 공간을 철저히 소독하고 환기해 2차... ",https://www.dt.co.kr/article/12068643?ref=naver,https://n.news.naver.com/mnews/article/029/0003032877?sid=105,2026-06-22
배달 포장 주문,"치킨 빅3, 불황 속 '혜택·상생·기부' 사회공헌 강화","bhc는 지난 4월부터 자사 앱에서 2만원 이상 포장 주문 시 매일 결제금액의 10%(최대 5000원) 할인 혜택과 기간... 고물가·고환율 등에 따른 경기침체가 지속되면서 외식 및 배달비 부담도 늘고 있는 가운데, bhc는... ",https://www.wolyo.co.kr/news/articleView.html?idxno=313845,https://www.wolyo.co.kr/news/articleView.html?idxno=313845,2026-06-21
배달 포장 주문,"33떡볶이&꼬마김밥, 배달 수요 대응 위한 운영 효율화 추진",배달과 포장 주문 비중이 증가하면서 외식 프랜차이즈 업계가 운영 효율성을 높이는 시스템 구축에 나서고 있다. 외식업계에 따르면 최근 분식 프랜차이즈 시장에서는 홀 영업 중심 운영에서 벗어나 배달·포장 수요에... ,https://www.shinailbo.co.kr/news/articleView.html?idxno=5032433,https://www.shinailbo.co.kr/news/articleView.html?idxno=5032433,2026-06-21
배달 포장 주문,"커피 넘어 식사까지…카페업계, 간편식 경쟁 본격화","배달·포장 이용이 늘어나는 소비 트렌드를 반영한 결정이다. 메가MGC커피 역시 같은 달 통소시지를 올린... 저가 커피의 아메리카노 한 잔이 2000원 안팎인 만큼, 식사 메뉴를 추가 주문하도록 유도해 총 결제 금액을... ",https://www.sentv.co.kr/article/view/sentv202606190061,https://www.sentv.co.kr/article/view/sentv202606190061,2026-06-21
배달 포장 주문,한때 세계 1위였는데…결국 4조 원에 매각된 피자 브랜드,중심에서 배달과 포장 중심으로 바뀌기 시작했다. 대형 매장과 샐러드바를 강점으로 내세웠던 피자헛은... 등 배달 플랫폼이 성장하면서 소비자들은 굳이 피자를 선택하지 않아도 다양한 음식을 손쉽게 주문할 수... ,https://www.wikitree.co.kr/articles/1141765,https://www.wikitree.co.kr/articles/1141765,2026-06-21
배달 포장 주문,[취재후 Talk] 배민·쿠팡 동의의결 기각의 진짜 쟁점,MP는 음식 배달이 아니라 포장·장보기와 비슷한 위치로 밀려났다. 그리고 그 개편 직후 일주일 만에 OD 주문 비중이 10.5% 늘었다는 내부 보고서가 확인됐다. 이렇게 보면 '살짝'이라는 표현과는 거리가 있다.... ,https://news.tvchosun.com/site/data/html_dir/2026/06/20/2026062090041.html,https://n.news.naver.com/mnews/article/448/0000621010?sid=101,2026-06-20
배달 포장 주문,"[F&B핫이슈] bhc, 앱 고객 할인...선양소주, 한화이글스 프로모션",배달비 부담을 줄이려는 소비 흐름과 맞물려 포장 주문 수요가 실제 구매로 이어진 것으로 풀이된다. bhc는 자사앱 이용 확대가 가맹점 수익 개선에도 도움이 된다고 보고 있다. 배달 플랫폼 중개 수수료 부담을 줄일... ,https://www.slist.kr/news/articleView.html?idxno=746519,https://www.slist.kr/news/articleView.html?idxno=746519,2026-06-20
배달 포장 주문,"지앤푸드 굽네치킨, '굽네 스탬프 챌린지' 전개",굽네 앱에서 회당 일정금액 이상의 배달 또는 포장 주문을 완료한 뒤 이벤트 페이지에서 '스탬프 적립하기'를 신청하면 매장 확인 절차를 거쳐 스탬프가 누적된다. 한 달 동안 총 2개의 스탬프를 모은 이용자 전원에게는... ,https://www.gokorea.kr/news/articleView.html?idxno=869751,https://www.gokorea.kr/news/articleView.html?idxno=869751,2026-06-20
배달 포장 주문,난민 출신 배달노동자가 기댈 곳은 어디인가,휴대전화 앱을 켜고 주문을 기다리고 시간 내에 배달하기 위해 필사의 노력을 한다. 하지만 카메라가 비추는... 바닥을 구른 포장지가 더러워졌다며 고객은 냉정하게 음식을 거부한다. 음식점 주인이나 고객이 별점 테러를... ,https://h21.hani.co.kr/arti/culture/culture_general/59492.html,https://n.news.naver.com/mnews/article/036/0000053777?sid=103,2026-06-20
배달 포장 주문,[기자수첩] '북중미 월드컵' 대표팀 경기에 울고 웃는 유통업계,배달의민족에 따르면 체코전 당일 오전 주문 건수는 전주 같은 요일 대비 51.5% 증가하며 소비도 움직였다.... 일부 매장은 새벽부터 문을 열었고 단체 예약과 포장 주문이 몰리며 좌석이 일찌감치 찼다는 후문이다.... ,https://www.startuptoday.co.kr/news/articleView.html?idxno=804109,https://www.startuptoday.co.kr/news/articleView.html?idxno=804109,2026-06-19
배달 포장 주문,"굽네치킨, 주문앱 활성화…스탬프 프로모션 진행",굽네 주문앱을 통해 배달 또는 포장 주문 후 이벤트 페이지에서 스탬프를 적립하면 참여할 수 있다. 기간 내 스탬프 2개를 모은 고객에게는 굽네치킨 할인 쿠폰이 제공된다. 쿠폰은 7월 둘째 주부터 순차 지급될 예정이다.... ,https://www.nbntv.co.kr/news/articleView.html?idxno=4022484,https://www.nbntv.co.kr/news/articleView.html?idxno=4022484,2026-06-19
배달 포장 주문,새벽부터 닭 튀겼다...월드컵 열기에 ‘모닝치킨’ 인기,BBQ는 지난 체코전 당시 100여명의 단체 예약과 포장·주문 수요를 경험한 바 있다. 이번 멕시코전에서도... 40마리가 포장·배달 등으로 순차 출고됐다. 또 기업 단체 예약이 이어지면서 매장 110석에 대한 사전 예약이... ,https://economist.co.kr/article/view/ecn202606190048,https://n.news.naver.com/mnews/article/243/0000099380?sid=101,2026-06-19
배달 포장 주문,떡볶이·김치볶음밥 등장한 카페 메뉴판…카페는 왜 ‘한 끼 식당’이 ...,양념 컵치킨은 출시 4주 만에 누적 주문 약 35만건을 기록하며 인기를 끌었다. 더벤티는 아예 패스트푸드 전문... 이디야커피는 배달과 포장 중심으로 웰빙 트렌드를 반영한 저당 떡볶이와 크림 퐁듀 김치볶음밥 등 식사... ,https://www.mydaily.co.kr/page/view/2026061917010662520,https://n.news.naver.com/mnews/article/117/0004076360?sid=102,2026-06-19
배달 포장 주문,멕시코전 응원족 몰렸다…치킨 프랜차이즈 '월드컵 특수',서울 중구 BBQ 을지로입구점은 기업 단체 예약으로 110석이 모두 채워졌고 경기 시작 전까지 포장과 배달 주문만 40마리가 판매됐다. 일부 점주들은 오전 6시부터 출근해 영업 준비에 나선 것으로 알려졌다. bhc치킨도... ,https://www.etoday.co.kr/news/view/2595514,https://www.etoday.co.kr/news/view/2595514,2026-06-19
배달 포장 주문,"'모닝 응원' 수요 잡았다…BBQ, 오전 매출 평소보다 4.5배↑",반면 대표적인 오피스 상권인 여의도역점은 직장인과 기업 단체 주문을 겨냥해 배달·포장 전용 체계로 전환했다. 이를 통해 경기 전후로 사무실 등에서 응원하려는 수요를 흡수하며 총 150마리의 사전 예약 주문을... ,https://www.ddaily.co.kr/page/view/2026061917163672628,https://n.news.naver.com/mnews/article/138/0002231487?sid=101,2026-06-19
배달 포장 주문,평일 오전 월드컵은 ‘치킨·편의점 얼음컵’과 함께…BBQ 매출 4.5배 급...,"전화 주문도 큰 폭으로 증가한 것으로 나타났다. 서울 중구 BBQ 을지로입구점의 경우 기업별 단체 예약으로 110석이 모두 찼고, 오전 10시였던 경기 시작 전까지 치킨 포장·배달도 40마리가 나갔다. BBQ 점주들은 이날... ",https://www.kmib.co.kr/article/view.asp?arcid=0029993024&code=61141111&cp=nv,https://n.news.naver.com/mnews/article/005/0001855983?sid=101,2026-06-19
배달 포장 주문,"""새벽 6시부터 치킨 튀겼다""…월드컵 특수에 치킨 매장 만석","좌석 부족으로 약 300명의 추가 예약은 받지 못했고, 경기 전까지 포장·배달 주문 약 40마리도 순차적으로 출고했다는 설명이다. 홍대입구점 역시 60명의 단체 예약과 현장 방문 고객이 몰리며 1·2층 좌석이 모두 찼다.... ",https://www.socialvalue.kr/news/view/1065600797394508,https://www.socialvalue.kr/news/view/1065600797394508,2026-06-19
배달 포장 주문,"[식음료브리핑] 동아오츠카, 해양경찰관에 포카리스웨트 지원 외","운영 이후 4월 포장 주문은 전월 대비 24% 증가했고, 5월(1~24일 기준)도 20.1% 늘었다. 배달 플랫폼 대신 자사 앱 이용으로 중개 수수료 부담을 줄이며 가맹점 수익성 개선 효과도 나타났다. 하이트진로, 미국... ",https://www.seoulfn.com/news/articleView.html?idxno=631505,https://www.seoulfn.com/news/articleView.html?idxno=631505,2026-06-19
배달 포장 주문,[월드컵 이모저모] 새벽 6시 치킨집 출근부터 7000명 거리응원까지…'멕...,경기 시작 전까지 포장과 배달 주문만 40마리를 소화했다. 사진=6월 19일 오전 10시 BBQ 홍대입구점에 모여 단체 관람을 즐기고 있다. 150석 규모의 홍대입구점은 사전 단체 예약 고객 60명과 아침부터 찾아온 현장 고객들로... ,http://www.dailypop.kr/news/articleView.html?idxno=99846,http://www.dailypop.kr/news/articleView.html?idxno=99846,2026-06-19
퀵커머스,"플립카트 vs 아마존, 인도 퀵커머스 패권 두고 물류 인프라 전면전",월마트(Walmart)가 지원하는 인도 이커머스 기업 플립카트(Flipkart)가 퀵커머스(quick-commerce) 시장 공략을 본격 가속화하며 아마존(Amazon)과의 정면 경쟁 구도가 형성되고 있다. 플립카트는 자사 즉시배송 서비스 '미닛... ,https://www.hellot.net/news/article.html?no=113418,https://www.hellot.net/news/article.html?no=113418,2026-06-25
퀵커머스,"롯데, '본원적 경쟁력 회복' 시동...식품 해외 성장·유통 구조조정으로...","동시에 차세대 콘셉트 점포 확대, 점포별 맞춤형 상품 구성, 퀵커머스 서비스 강화 등 운영 효율화 전략도... 소비 침체와 이커머스 경쟁 심화 속에서 단순 점포 확장 전략은 더 이상 유효하지 않다. 결국 점포 효율화, 상권... ",http://www.popcornnews.net/news/articleView.html?idxno=124785,http://www.popcornnews.net/news/articleView.html?idxno=124785,2026-06-25
퀵커머스,"[솔로이코노미] ""지금 아니면 늦다"" 퀵커머스 경쟁 가열…뷰티까지 번진...",다이소도 시범 운영하던 퀵커머스를 정식 서비스로 전환하고 배송 권역을 서울 전역으로 넓혔다. 홈쇼핑도 예외가 아니다. 신세계라이브쇼핑은 방송 상품을 5시간 내 배송하는 '지금 퀵'을 도입했다. 뷰티 제품과 상온... ,http://www.dailypop.kr/news/articleView.html?idxno=99936,http://www.dailypop.kr/news/articleView.html?idxno=99936,2026-06-25
퀵커머스,14년 된 대형마트 '의무휴업' 규제 풀릴까,"의무휴업제가 도입된 2012년과 달리 현재는 쿠팡, 컬리 등 이커머스 플랫폼이 24시간 주문과 새벽배송 체계를... 이종우 남서울대 유통마케팅학과 교수는 ""대형마트와 전통시장, 이커머스를 분리된 업종으로 보는 것이... ",https://weekly.hankooki.com/news/articleView.html?idxno=7170234,https://weekly.hankooki.com/news/articleView.html?idxno=7170234,2026-06-25
퀵커머스,"GS리테일, 구조조정 효과 본격화… 편의점·슈퍼·홈쇼핑 ‘트리플 회복...","점포 수도 전년 대비 30개 이상 늘었으며, 퀵커머스 제휴 확대를 통해 추가 성장 동력을 확보하고 있다. 퀵커머스 매출 비중은 올해 1분기 기준 9.7%까지 확대됐다. 홈쇼핑 사업 역시 수익성 중심 전략이 효과를 내고 있다.... ",https://www.viva100.com/article/20260624500408,https://www.viva100.com/article/20260624500408,2026-06-25
퀵커머스,"아마존, 인도서 광폭 행보…퀵커머스 300개 지역으로 확대",‘퀵커머스’ 시장 공략에 속도를 내는 중이다. 아마존은 아마존 나우를 두고 “인도 사업 역사상 가장 빠르게 성장하는 커머스 사업으로 자리잡았으며 서비스 출시 이후 주문량이 매 분기 두 배씩 증가했다”고... ,https://zdnet.co.kr/view/?no=20260625084519,https://n.news.naver.com/mnews/article/092/0002427969?sid=105,2026-06-25
퀵커머스,홈플 익스프레스 납품 재개…‘새 주인’ NS홈쇼핑 과제는?,"주요 SSM 업체가 오프라인 점포 기반의 '퀵커머스(1시간 안팎 빠른 배송) 강화'에 매진하는 가운데, NS홈쇼핑은 이와 관련해 구체적인 계획을 밝히지 않고 있다. 다만, 빠르고 편리한 '생활밀착형 플랫폼'을 표방하는 만큼... ",https://www.ekn.kr/web/view.php?key=20260625024355605,https://www.ekn.kr/web/view.php?key=20260625024355605,2026-06-25
퀵커머스,"홈쇼핑 품은 지 5년…GS리테일, 여전한 편의점 의존 구조",통합 커머스 기업으로의 전환을 선언했다. 당시 회사는 2025년 취급액 25조 원 달성을 목표로 제시하며... 합병 당시 기대했던 홈쇼핑 중심의 통합 커머스 경쟁력 강화가 실적으로 연결되지 못했다는 평가가... ,http://www.datanews.co.kr/news/article.html?no=145272,http://www.datanews.co.kr/news/article.html?no=145272,2026-06-25
퀵커머스,[창간 12주년 기획] 백화점과 다이소의 동거…선택적 지출 뉴노멀,"이에 온라인 퀵커머스까지 확대하며 시장 확대에 나서고 있다. 경기 침체와 고물가가 와도 명품 수요는 쉽게 꺾이지 않았다. 명품, 해외여행, 고급 호텔에 돈을 쓰며 생활용품, 식료품 등에는 다이소나 PB상품을 구매하는... ",https://www.ziksir.com/news/articleView.html?idxno=137630,https://www.ziksir.com/news/articleView.html?idxno=137630,2026-06-25
퀵커머스,"[창간 12주년 기획] '내수 한계' 유통가, 생존 키워드는 'AI+글로벌'",백화점은 고가 소비를 중심으로 비교적 선방했지만 대형마트와 일부 이커머스 업체들은 여전히 부진에서... 이커머스 시장도 사정은 비슷하다. 부동의 1위인 쿠팡이 시장 지배력을 유지하는 가운데 주요 플랫폼들은... ,https://www.ziksir.com/news/articleView.html?idxno=137597,https://www.ziksir.com/news/articleView.html?idxno=137597,2026-06-25
퀵커머스,패션·가구·홈쇼핑…업계마다 불붙은 ‘빠른 배송’ 경쟁,쿠팡 등 이커머스 업체가 촉발한 빠른 배송 경쟁이 대형마트와 편의점을 넘어 홈쇼핑·패션·가구·음료... 신세계라이브쇼핑은 최근 서울 지역을 대상으로 방송 종료 후 1~5시간 내 상품을 받아볼 수 있는 ‘지금 퀵’... ,https://www.joongang.co.kr/article/25439631,https://n.news.naver.com/mnews/article/025/0003532945?sid=101,2026-06-25
퀵커머스,"NS쇼핑 '홈플러스 익스프레스와 시너지' 증명 과제, 조항목 물류망 활용...",무엇보다도 홈플러스익스프레스는 기업형슈퍼마켓 업계에서 최초로 퀵커머스를 도입하며 빠른배송 역량을 내재화하고 있는 만큼 NS쇼핑이 활용할 수 있는 여지가 큰 것으로 평가받는다. 조 대표는 홈쇼핑업계의... ,https://www.businesspost.co.kr/BP?command=article_view&num=440752,https://www.businesspost.co.kr/BP?command=article_view&num=440752,2026-06-24
퀵커머스,빠를수록 팔린다...패션·가구·음료업계도 '빠른배송' 경쟁,쿠팡 등 이커머스 업체가 촉발한 빠른 배송 경쟁이 대형마트와 편의점을 넘어 홈쇼핑·패션·가구·음료... 신세계라이브쇼핑은 최근 서울 지역을 대상으로 방송 종료 후 1~5시간 내 상품을 받아볼 수 있는 ‘지금 퀵’... ,https://www.joongang.co.kr/article/25439534,https://n.news.naver.com/mnews/article/025/0003532860?sid=101,2026-06-24
퀵커머스,"유통업계, 가맹점 경쟁력 강화 '총력'...상생 지원 확대","신선식품 경쟁력과 매출 성장률, 퀵커머스 운영 성과 등을 종합 평가해 우수 점포를 선정하고 우수 사례를 전파함으로써 전체 가맹점의 운영 역량을 끌어올린다는 계획이다. 전국 가맹점을 대상으로 제공하는 안심보험... ",https://www.womentimes.co.kr/news/articleView.html?idxno=103873,https://www.womentimes.co.kr/news/articleView.html?idxno=103873,2026-06-24
퀵커머스,"SSG닷컴, 이마트 신선식품 '바로퀵' 타고 1시간이면 집으로…주문량 3배...",이마트의 상품 경쟁력과 빠른 배송 편의성이 맞물리면서 SSG닷컴의 퀵커머스 서비스인 ‘바로퀵’ 이용자가 꾸준히 늘고 있다. SSG닷컴은 수요 증가세에 맞춰 이달 말까지 무료 배송과 할인 등 관련 프로모션을... ,https://www.hankyung.com/article/2026062446511,https://n.news.naver.com/mnews/article/015/0005302317?sid=101,2026-06-24
퀵커머스,"매대 채운 익스프레스, 텅 빈 홈플러스…분리 매각 후 엇갈린 운명",익스프레스를 품은 NS홈쇼핑은 자사의 디지털 커머스 역량과 식품 전문성에 익스프레스의 생활밀착형 점포... 익스프레스의 또 다른 장점인 퀵커머스를 통한 빠른 배달도 활용도가 높을 것으로 전망한다. 반면 홈플러스는... ,https://www.newsis.com/view/NISX20260624_0003681998,https://n.news.naver.com/mnews/article/003/0014025781?sid=101,2026-06-24
퀵커머스,주7일 배송이 승부 가른다…유통가 물류 고도화 가속,"신세계라이브쇼핑은 CJ대한통운과 협업해 방송 종료 직후 서울 전역에 1~5시간 내로 상품을 전달하는 '지금 퀵' 서비스를 도입, 퀵커머스 경쟁에 본격적으로 합류했다. CJ온스타일 또한 정오까지 주문 시 당일 받을 수 있는... ",http://www.metroseoul.co.kr/article/20260624500416,http://www.metroseoul.co.kr/article/20260624500416,2026-06-24
퀵커머스,정상화 수순 밟는 홈플 익스프레스…홈쇼핑·퀵커머스 시너지 낼까,NS홈쇼핑 품 안긴 홈플러스 익스프레스 동네슈퍼서 ‘물류 거점’으로 변신 시동 퀵커머스·PB 시너지 시험대... 퀵커머스 시장에서 새로운 경쟁력을 확보할 수 있을 것이란 전망이 나온다. 24일 업계에 따르면 NS홈쇼핑은... ,https://www.mk.co.kr/article/12081968,https://n.news.naver.com/mnews/article/009/0005698183?sid=101,2026-06-24
퀵커머스,"홈플러스 익스프레스 품은 NS홈쇼핑, 온·오프라인 시너지 시험대","지난해 기준 홈플러스 익스프레스는 전국 293개 점포를 운영하고 있으며, 이 가운데 223개 점포가 퀵커머스... 그동안 TV홈쇼핑과 모바일 커머스 분야에서는 경쟁력을 입증했지만 전국 단위 점포 운영 경험은 많지 않기... ",https://www.ziksir.com/news/articleView.html?idxno=137856,https://www.ziksir.com/news/articleView.html?idxno=137856,2026-06-24
퀵커머스,사상 최대 매출에도 외면받는 편의점株…BGF·GS리테일 주가 '제자리',"실제로 업계는 단순 출점 경쟁에서 벗어나 즉석식품, 자체브랜드(PB) 상품, 퀵커머스, 해외 사업 확대 등을 통해 새로운 성장 동력을 확보하는 데 주력하고 있다. BGF리테일은 몽골을 비롯한 해외 사업 확장에... ",https://www.thepublic.kr/news/articleView.html?idxno=308872,https://www.thepublic.kr/news/articleView.html?idxno=308872,2026-06-24
퀵커머스,TV홈쇼핑 업황 악화 속 '슈퍼' 문 연 NS쇼핑,익스프레스의 즉시배송ㆍ당일배송 등 퀵커머스 서비스도 장기적으로 종합 물류 기업으로 도약을 꿈꾸는 하림그룹에 득이 될 것이란 계산이 깔렸다. 하림그룹은 양재동에 도시첨단물류단지 개발을 추진하는 등... ,https://news.mtn.co.kr/news-detail/2026062412282958640,https://news.mtn.co.kr/news-detail/2026062412282958640,2026-06-24
퀵커머스,"유니클로, 올해 1~5월 결제추정액 87.2% 점프…옴니채널 브랜드 1위","뒤를 이어 오프라인 공간 마케팅으로 영토를 확장 중인 '무신사'가 29.7%의 고성장을 기록하며 2위에 올랐고, 퀵커머스까지 갖춘 올리브영도 24%의 성장률을 보였다. 저가 커피 선두주자인 메가MGC커피가 22.9%, 오프라인... ",https://www.news1.kr/industry/distribution/6206434,https://n.news.naver.com/mnews/article/421/0009020053?sid=101,2026-06-24
퀵커머스,GS리테일의 SSM '역발상'…다들 줄일 때 우린 늘린다,이렇게 확보한 오프라인 인프라는 최근 급성장 중인 퀵커머스(즉시배송) 시장에서 강력한 무기로 작용하고... 실제로 GS더프레시 전체 매출에서 퀵커머스가 차지하는 비중은 지난해 1분기 7.9%에서 올해 1분기 9.7%로... ,https://news.bizwatch.co.kr/article/consumer/2026/06/23/0023,https://n.news.naver.com/mnews/article/648/0000048270?sid=101,2026-06-24
퀵커머스,"로레알 그룹, ‘이노비스트’ 브랜드 지배지분 인수","대중적 인기가 높은 ‘이노비스트’의 스킨케어, 헤어케어 제품들은 자체 D2C(direct-to-consumer) 플랫폼과 주요 전자상거래 사이트, 퀵 커머스(quick commerce) 채널 및 인도 현지 전역의 주요 오프라인 소매유통 채널 등을 통해... ",https://www.yakup.com/news/index.html?mode=view&cat=12&nid=328879,https://www.yakup.com/news/index.html?mode=view&cat=12&nid=328879,2026-06-24
퀵커머스,세대교체·외부 인재 수혈...롯데 유통 계열사 '쇄신 드라이브',"회사는 인공지능(AI) 기반 발주 시스템과 퀵커머스 확대, 로봇 기술을 접목한 미래형 점포 실험 등을 추진하며 사업 경쟁력 강화에 나서고 있다. 롯데하이마트도 가전양판 시장 성장 둔화와 온라인 소비 확산으로 실적... ",https://www.ebn.co.kr/news/articleView.html?idxno=1713485,https://www.ebn.co.kr/news/articleView.html?idxno=1713485,2026-06-24
퀵커머스,NS홈쇼핑 품에 안긴 홈플러스 익스프레스…'홈쇼핑+슈퍼마켓' 시너지 낼...,NS홈쇼핑은 이번 인수를 통해 전국 단위 오프라인 점포망과 퀵커머스 인프라를 확보하게 되면서 시너지 창출... 식품 의무 편성 비중이 60%에 달하는 만큼 익스프레스의 퀵커머스와 결합할 경우 신선식품 배송 경쟁력이... ,https://news.tf.co.kr/read/economy/2335548.htm,https://n.news.naver.com/mnews/article/629/0000510021?sid=101,2026-06-24
퀵커머스,"더울수록 더 저렴하게…배민, 아이스크림 할인 행사",배민 관계자는 “차별화된 퀵커머스 서비스로 냉동실에서 바로 꺼낸듯한 아이스크림을 즉시 배달 받아 시원함을 즐기실 수 있도록 이번 이벤트를 준비했다”며 “보냉 포장 등도 더욱 보강한 만큼 더 많은... ,https://www.busan.com/view/busan/view.php?code=2026062319060568352,https://n.news.naver.com/mnews/article/082/0001386746?sid=101,2026-06-23
퀵커머스,"GS더프레시, 가맹점 투산 예산 25% 증량… 동반성장·상생 모델 구축","GS더프레시는 신선식품 경쟁력·매출 성장률·퀵커머스 운영 성과 등 주요 경영 지표를 종합 평가해 우수... 한편, GS더프레시는 신규 출점·퀵커머스 확장을 기반으로 성장가도세를 달리고 있는 중이다. 이에 올해 1분기... ",https://www.s-journal.co.kr/news/articleView.html?idxno=41962,https://www.s-journal.co.kr/news/articleView.html?idxno=41962,2026-06-23
퀵커머스,"배민은 재고, 쿠팡이츠는 품질…장보기 뛰어든 배달앱의 다른 부담",이커머스나 대형마트처럼 편하게 이용할 수 있는 서비스에 집중하고 있다”고 말했다. B마트는 상품을 직접... 쿠팡이츠는 과거 직매입형 퀵커머스 서비스인 이츠마트를 운영했지만 2025년 8월 서비스를 종료했다. 회사 측은... ,https://sateconomy.co.kr/news/view/1065595168793021,https://sateconomy.co.kr/news/view/1065595168793021,2026-06-23
퀵커머스,"GS더프레시, 가맹점 지원 프로그램 확대…투자 예산 25%↑","우수 가맹점 포상 제도를 도입해 신선식품 경쟁력과 매출 성장률, 퀵커머스 운영 성과 등 주요 경영 지표를 종합 평가한 뒤 우수 점포를 선정해 포상할 계획이다. 우수 운영 사례를 공유해 전체 가맹점의 경쟁력을... ",https://www.etoday.co.kr/news/view/2596505,https://www.etoday.co.kr/news/view/2596505,2026-06-23
퀵커머스,"GS더프레시, 가맹 지원 25% 확대…SSM 1위 굳히기","GS더프레시는 신선식품 경쟁력, 매출 성장률, 퀵커머스 운영 성과 등 주요 경영 지표를 종합 평가해 우수 가맹점을 선정하고 포상할 계획이다. 우수 운영 사례도 발굴해 다른 가맹점으로 확산한다. 안심보험 패키지에는... ",http://www.4th.kr/news/articleView.html?idxno=2113589,http://www.4th.kr/news/articleView.html?idxno=2113589,2026-06-23
퀵커머스,"GS더프레시, 가맹점 '영업 활성화 프로그램' 규모 확대","GS더프레시는 신선식품 경쟁력, 매출 성장률, 퀵커머스 운영 성과 등 주요 경영 지표를 종합 평가해 우수 가맹점을 선정하고 포상하는 방식으로 운영된다. 횡령보험 지원 제도는 GS더프레시는 전국 가맹점을 대상으로... ",http://www.finomy.com/news/articleView.html?idxno=256143,http://www.finomy.com/news/articleView.html?idxno=256143,2026-06-23
퀵커머스,"[CEO와칭] 매출 9조 돌파 이끈 민승배…BGF리테일, 편의점 넘어 글로벌 ...","'get 커피' 배달 서비스 도입 후 판매량이 112% 급증하는 등 O4O(Online for Offline) 기반의 퀵커머스 역량을 강화해 독신자 가구 중심의 새로운 수익원을 안착시킨 민 대표는, 이제 현장·마케팅·물류 등 전 영역에 AI 역량을... ",http://www.metroseoul.co.kr/article/20260623500472,http://www.metroseoul.co.kr/article/20260623500472,2026-06-23
퀵커머스,"GS더프레시, 가맹점 지원 프로그램 강화…가맹점 비중 81%↑","GS더프레시는 신선식품 경쟁력, 매출 성장률, 퀵커머스 운영 성과 등 주요 경영 지표를 종합 평가해 우수 가맹점을 선정하고 포상할 방침이다. 우수 운영 사례를 발굴·확산해 가맹점 경쟁력을 높이는데 적극 활용할... ",http://www.sisacast.kr/news/articleView.html?idxno=97015,http://www.sisacast.kr/news/articleView.html?idxno=97015,2026-06-23
퀵커머스,"NS홈쇼핑, 홈플러스 익스프레스 임직원 환영 행사...사업 정상화 본격화","NS홈쇼핑은 디지털 커머스 역량과 식품 전문성을, 홈플러스 익스프레스는 생활밀착형 점포 운영 경험과... 특히 퀵커머스, 신선식품, 근거리 배송 등 생활밀착형 유통 경쟁력 강화가 주요 과제로 꼽힌다. 조항목 NS홈쇼핑... ",http://www.popcornnews.net/news/articleView.html?idxno=124575,http://www.popcornnews.net/news/articleView.html?idxno=124575,2026-06-23
퀵커머스,"NS홈쇼핑, 홈플러스 익스프레스 임직원 환영 행사⋯ 사업 정상화 속도","특히 디지털 커머스 역량과 홈플러스 익스프레스 점포망을 결합해 식품 배송 경쟁력을 강화할 것으로 기대된다. NS홈쇼핑은 앞으로 시설·장비 개선과 상품 공급 정상화, 서비스 혁신 등을 통해 점포 운영 안정화에... ",https://www.viva100.com/article/20260623500925,https://www.viva100.com/article/20260623500925,2026-06-23
퀵커머스,"GS더프레시, 가맹점 지원 예산 25% 확대…매월 60곳 컨설팅","신선식품 경쟁력과 매출 성장률, 퀵커머스 운영 성과 등을 종합적으로 평가해 우수 점포를 선정하고 운영... 신규 출점과 기존점 매출 성장, 퀵커머스 확대가 실적 개선을 이끈 것으로 분석됐다. 퀵커머스 매출은 전년... ",https://www.ajunews.com/view/20260623162947662,https://www.ajunews.com/view/20260623162947662,2026-06-23
퀵커머스,"[ESG] GS더프레시, 가맹점 지원 확대…매출 97% 늘린 상생 프로그램 강화","우수 가맹점 포상 제도는 신선식품 경쟁력과 매출 성장률, 퀵커머스 운영 성과 등 주요 경영 지표를 종합 평가해 우수 점포를 선정하고 포상하는 방식으로 운영된다. 횡령보험 지원도 도입한다. GS더프레시는 기존... ",https://www.joongangenews.com/news/articleView.html?idxno=527491,https://www.joongangenews.com/news/articleView.html?idxno=527491,2026-06-23
퀵커머스,홈플 익스프레스 품은 NS홈쇼핑…당일배송·PB 확대 승부수,TV홈쇼핑의 송출수수료 부담이 가중되고 이커머스가 쇼핑의 주류로 자리 잡은 상황에서 TV홈쇼핑 중심 사업... 이 가운데 약 70%가 퀵커머스 물류 기능을 갖추고 있다. 홈플러스 익스프레스의 전국 단위 오프라인 거점을... ,https://www.mt.co.kr/living/2026/06/23/2026062310374481841,https://n.news.naver.com/mnews/article/008/0005375955?sid=101,2026-06-23
퀵커머스,"패션·주얼리·뷰티·골프까지…유통업계, '전문관' 확대 가속",골프용품 유통기업 골프존커머스도 온·오프라인 전문관 운영을 통해 골프용품 시장 공략을 강화하고 있다. 골프존커머스는 전국 111개 골프존마켓 직영점과 온라인 쇼핑몰 골핑을 운영하며 유통 역량을 확대하고 있다.... ,http://www.srtimes.kr/news/articleView.html?idxno=205906,http://www.srtimes.kr/news/articleView.html?idxno=205906,2026-06-23
퀵커머스,"배달의민족, 아이스크림 할인 행사…최대 6000원 쿠폰 제공","배민 관계자는 ""배달의민족만의 차별화된 퀵커머스 서비스로 냉동실에서 바로 꺼낸듯한 아이스크림을 즉시 배달 받아 시원함을 즐기실 수 있도록 이번 이벤트를 준비했다""며 ""보냉 포장 등도 더욱 보강한 만큼 더... ",https://www.pinpointnews.co.kr/news/articleView.html?idxno=462462,https://www.pinpointnews.co.kr/news/articleView.html?idxno=462462,2026-06-23
퀵커머스,"""매일마다 무더워질수록 할인율 올라간다?""…우아한형제들, '배민으로 ...","배민 관계자는 ""배달의민족만의 차별화된 퀵커머스 서비스로 냉동실에서 바로 꺼낸듯한 아이스크림을 즉시... 퀵커머스 고도화의 이면에는 우아한형제들이 다져온 선제적인 수급 관리 전략과 독보적인 마케팅 역량이... ",https://www.financialpost.co.kr/news/articleView.html?idxno=263569,https://www.financialpost.co.kr/news/articleView.html?idxno=263569,2026-06-23
퀵커머스,익스프레스 인수 마친 NS홈쇼핑…GS·롯데 추격 시작,회복세…퀵커머스 경쟁력 확보가 관건 모델이 서울 서대문구 북가좌동에 위치한 홈플러스 익스프레스... 수도권과 광역시에 집중된 점포망은 퀵커머스 사업 확대에도 유리한 기반으로 꼽힌다. 인수 작업과 함께 상품... ,http://www.metroseoul.co.kr/article/20260623500374,http://www.metroseoul.co.kr/article/20260623500374,2026-06-23
퀵커머스,"배민, 기온 오를수록 할인 커진다... '날씨 연동' 아이스크림 프로모션...","배민 관계자는 ""실시간 기온과 연계해 고객들이 무더위를 보다 시원하게 보낼 수 있도록 이번 캠페인을 기획했다""며 ""퀵커머스 서비스와 보냉 포장 강화 등을 통해 여름철에도 아이스크림을 최적의 상태로 전달할 수... ",http://www.thefirstmedia.net/news/articleView.html?idxno=202040,http://www.thefirstmedia.net/news/articleView.html?idxno=202040,2026-06-23
퀵커머스,가맹점 키우는 GS더프레시... 상생 지원 확대 나선다,"사진=GS더프레시 근거리 장보기 수요 확대와 퀵커머스 경쟁이 심화되면서 유통업계의 가맹점 확보 경쟁도... 새롭게 도입되는 우수 가맹점 포상 제도는 신선식품 경쟁력과 매출 성장률, 퀵커머스 운영 성과 등을 종합... ",http://www.thefirstmedia.net/news/articleView.html?idxno=202015,http://www.thefirstmedia.net/news/articleView.html?idxno=202015,2026-06-23
퀵커머스,NS홈쇼핑·홈플러스 익스프레스 한 지붕 아래…유통업계 '온·오프라인 ...,"소비자들이 필요한 상품을 짧은 시간 안에 받아보길 원하는 수요가 증가하면서 편의점과 슈퍼마켓, 퀵커머스 플랫폼 간 경쟁도 치열해지고 있다. NS홈쇼핑은 디지털 커머스 운영 경험과 식품 전문성을 보유하고 있다. 반면... ",https://www.e-science.co.kr/news/articleView.html?idxno=130910,https://www.e-science.co.kr/news/articleView.html?idxno=130910,2026-06-23
퀵커머스,"""기온 오르면 할인도 쑥""…배민, 폭염 연동 '다이내믹 퀵커머스' 승부수","아울러 이번 행사가 배민의 퀵커머스 물류 경쟁력을 입증하는 쇼케이스가 될 것이란 분석도 이어진다.... 우아한형제들 관계자는 ""보냉 포장을 더욱 보강한 배민만의 차별화된 퀵커머스로, 고객들이 냉동실에서 막 꺼낸... ",https://www.kfenews.co.kr/news/articleView.html?idxno=659165,https://www.kfenews.co.kr/news/articleView.html?idxno=659165,2026-06-23
퀵커머스,홈플러스 익스프레스 품은 NS홈쇼핑… 승부수 통할까?,"특히 식품 전문 홈쇼핑으로 쌓아온 상품 운영 역량과 디지털 커머스 경험, 협력사 네트워크를 홈플러스... 또한 전국 점포망과 디지털 커머스를 결합해 생활권 기반 근거리 유통망을 구축하고 고객 접점을 넓힐... ",http://www.the-biz.co.kr/news/articleView.html?idxno=723070,http://www.the-biz.co.kr/news/articleView.html?idxno=723070,2026-06-23
퀵커머스,[민주 유통가] KT&G·롯데마트·GS더프레시,"GS더프레시는 신선식품 경쟁력과 매출 성장률, 퀵커머스 운영 성과 등을 평가해 우수 가맹점을 선정하고 포상할 예정이다. 또한 전국 가맹점을 대상으로 운영 중인 안심보험 패키지에 횡령보험을 추가해 점포 운영... ",http://www.iminju.net/news/articleView.html?idxno=165681,http://www.iminju.net/news/articleView.html?idxno=165681,2026-06-23
퀵커머스,[유통 브리핑] 쿠팡·우아한형제들·롯데온,"배민 관계자는 ""배달의민족만의 퀵커머스 서비스로 아이스크림을 배달 받아 시원함을 즐기실 수 있도록... 이경진 롯데온 그로스커머스팀장은 ""집밥상;점은 좋은 먹거리를 소개하는 것을 넘어 생산자의 정성과... ",http://www.niceeconomy.co.kr/news/articleView.html?idxno=90104,http://www.niceeconomy.co.kr/news/articleView.html?idxno=90104,2026-06-23
퀵커머스,"GS더프레시, 가맹점 지원 프로그램 강화","우수 가맹점 포상 제도는 신선식품 경쟁력, 매출 성장률, 퀵커머스 운영 성과 등 주요 경영 지표를 종합 평가해 우수 가맹점을 선정하고 포상하는 제도다. 우수 운영 사례를 발굴·확산해 가맹점 경쟁력을 높이는데 적극... ",http://www.metroseoul.co.kr/article/20260623500214,http://www.metroseoul.co.kr/article/20260623500214,2026-06-23
퀵커머스,"""더울수록 할인 폭 커진다"" 배민, 아이스크림 할인 캠페인 '배민으로 식...","배민 관계자는 ""배달의민족만의 차별화된 퀵커머스 서비스로 냉동실에서 바로 꺼낸듯한 아이스크림을 즉시 배달 받아 시원함을 즐기실 수 있도록 이번 이벤트를 준비했다""며 ""보냉 포장 등도 더욱 보강한 만큼 더 많은... ",https://www.techm.kr/news/articleView.html?idxno=152828,https://www.techm.kr/news/articleView.html?idxno=152828,2026-06-23
퀵커머스,"GS리테일, 가맹점 영업 활성화에 투자 확대…횡령보험 무상 지원도 신설",신선식품 매출 성장률과 최근 주목받는 퀵커머스 운영 성과 등 핵심 지표를 종합적으로 평가해 우수 점포를... 매장 수가 30개 이상 순증한 데다 배달 연계 퀵커머스 매출 비중이 1분기 기준 9.7%까지 치솟으며 성장을... ,https://www.pointe.co.kr/news/articleView.html?idxno=80952,https://www.pointe.co.kr/news/articleView.html?idxno=80952,2026-06-23
퀵커머스,"배달의민족, '배민으로 식혀줘' 기온에 따라 다르다","배민 관계자는 이번 캠페인에 대해 ""배달의민족만의 차별화된 퀵커머스 서비스로 냉동실에서 바로 꺼낸 듯한 아이스크림을 즉시 배달 받아 시원함을 즐기실 수 있도록 이번 이벤트를 준비했다""며, ""보냉 포장도... ",https://www.cbci.co.kr/news/articleView.html?idxno=583879,https://www.cbci.co.kr/news/articleView.html?idxno=583879,2026-06-23
퀵커머스,"[종목분석] GS리테일, 구조조정 효과 본격화…영업이익 16% 증가 전망",퀵커머스 제휴 효과로 성장률이 약 2%포인트 높아지고 있으며 관련 매출 비중은 1분기 기준 9.7%를 기록했다. 구조조정 효과는 계열사 부문에서도 나타나고 있다. GS리테일은 지난해 어바웃펫과 인도네시아 슈퍼사업... ,https://www.topstarnews.net/news/articleView.html?idxno=16107880,https://www.topstarnews.net/news/articleView.html?idxno=16107880,2026-06-23
퀵커머스,비알코리아 CJ제일제당 쿠팡 外(유통家 이모저모),배민 관계자는 퀵커머스 서비스를 통해 시원한 아이스크림을 빠르게 즐길 수 있도록 이번 이벤트를 마련했다고 전했습니다. '소바바 치킨' 팝업스토어= CJ제일제당(회장 이재현)이 치킨 전문 브랜드 '소바바' 론칭을... ,https://www.newsclaim.co.kr/news/articleView.html?idxno=3067360,https://www.newsclaim.co.kr/news/articleView.html?idxno=3067360,2026-06-23
퀵커머스,"배민, 기온 따라 할인 커지는 '배민으로 식혀줘' 캠페인 진행","배민 관계자는 ""퀵커머스 서비스를 통해 아이스크림을 빠르게 받아볼 수 있도록 이번 프로모션을 마련했다""며 ""보냉 포장 서비스도 강화한 만큼 고객들이 여름철 다양한 혜택을 이용할 수 있기를 기대한다""고 말했다.",https://weekly.hankooki.com/news/articleView.html?idxno=7170932,https://weekly.hankooki.com/news/articleView.html?idxno=7170932,2026-06-23
퀵커머스,"""편의점·슈퍼·홈쇼핑 다 깎았다…GS리테일, 비용 줄이고 수익성 높인...","점포수도 전년대비 30개 이상 순증하고 있고, 퀵커머스 제휴로 약 2%p 성장률 제고를 이뤄가고 있다. 박종대 하나증권 연구원은 ""퀵커머스 매출 비중은 1분기 9.7%""라고 밝혔다. 이외 기타 사업/계열사 손실은 계속... ",https://www.newsquest.co.kr/news/articleView.html?idxno=268375,https://www.newsquest.co.kr/news/articleView.html?idxno=268375,2026-06-23
퀵커머스,“TV 밖으로” 영토 넓히는 홈쇼핑,"해가 갈수록 덩치를 키우는 이커머스와 TV 시청률 감소, 송출 비용 증가 등 악재 속에 수익성을 높이기... 현재 홈플러스 익스프레스는 전국 290여개 매장과 수도권 지역 퀵커머스 배송 인프라를 보유하고 있다.... ",https://biz.heraldcorp.com/article/10785078?ref=naver,https://n.news.naver.com/mnews/article/016/0002660268?sid=101,2026-06-23
퀵커머스,"배민, '배민으로 식혀줘' 캠페인 진행","배민 관계자는 ""배달의민족만의 차별화된 퀵커머스 서비스로 냉동실에서 바로 꺼낸듯한 아이스크림을 즉시 배달 받아 시원함을 즐기실 수 있도록 이번 이벤트를 준비했다""며 ""보냉 포장 등도 더욱 보강한 만큼 더... ",https://www.kgnews.co.kr/news/article.html?no=901097,https://www.kgnews.co.kr/news/article.html?no=901097,2026-06-23
퀵커머스,"GS더프레시, 가맹점 영업 활성화 프로그램 확대…지원 예산 25% 늘려",우수 가맹점 포상 제도는 신선식품 경쟁력·매출 성장률·퀵커머스 운영 성과 등 주요 경영 지표를 종합 평가해 우수 가맹점을 선정·포상하는 제도다. 전국 가맹점에 무상 지원하는 안심보험 패키지에는 횡령보험도... ,http://kor.theasian.asia/archives/408106,http://kor.theasian.asia/archives/408106,2026-06-23
퀵커머스,"GS더프레시, 가맹점 지원 프로그램 강화… 투자 예산 25% 늘린다","GS더프레시는 신선식품 경쟁력, 매출 성장률, 퀵커머스 운영 성과 등 주요 경영 지표를 종합 평가해 우수 가맹점을 선정하고 포상할 방침이다. 또, 우수 운영 사례를 발굴·확산해 가맹점 경쟁력을 높이는데 활용할... ",http://www.newslock.co.kr/news/articleView.html?idxno=131985,http://www.newslock.co.kr/news/articleView.html?idxno=131985,2026-06-23
퀵커머스,"GS더프레시, 가맹점 지원 강화…투자 예산 25% 늘린다","GS더프레시는 신선식품 경쟁력, 매출 성장률, 퀵커머스 운영 성과 등 주요 경영 지표를 종합 평가해 우수 가맹점을 선정하고 포상할 방침입니다. 또 우수 운영 사례를 발굴·확산해 가맹점 경쟁력을 높이는 데 적극 활용할... ",https://biz.sbs.co.kr/article_hub/20000318187?division=NAVER,https://n.news.naver.com/mnews/article/374/0000517608?sid=101,2026-06-23
퀵커머스,"""더울수록 더 싸진다""...배민, 기온 따라 할인 커지는 아이스크림 프로...",폭염이 예년보다 빠르게 찾아온 가운데 아이스크림과 냉장·냉동 상품 수요가 증가하자 퀵커머스 경쟁력을... 업계에서는 이번 프로모션이 단순한 계절성 마케팅을 넘어 배민의 퀵커머스 경쟁력을 강화하기 위한... ,http://www.popcornnews.net/news/articleView.html?idxno=124516,http://www.popcornnews.net/news/articleView.html?idxno=124516,2026-06-23
퀵커머스,"GS더프레시, 가맹점 지원 프로그램 강화…투자 예산 25%↑","GS더프레시는 신선식품 경쟁력, 매출 성장률, 퀵커머스 운영 성과 등 주요 경영 지표를 종합 평가해 우수 가맹점을 선정하고 포상할 방침이다. 이어 전국 가맹점을 대상으로 본부가 무상 지원하는 안심보험 패키지에... ",https://www.mt.co.kr/living/2026/06/23/2026062309340160091,https://n.news.naver.com/mnews/article/008/0005375719?sid=101,2026-06-23
퀵커머스,"배민, 기온 따라 혜택 커지는 여름 프로모션 전개...아이스크림 할인 강...","배민 관계자는 ""퀵커머스 서비스를 통해 냉동 상태의 아이스크림을 빠르게 받아볼 수 있도록 이번 프로모션을 기획했다""며 ""보냉 포장 등 배송 품질도 강화한 만큼 고객들이 시원하고 편리하게 여름을 보낼 수... ",https://www.econovill.com/news/articleView.html?idxno=743148,https://www.econovill.com/news/articleView.html?idxno=743148,2026-06-23
퀵커머스,"GS더프레시, 가맹점 지원 프로그램 확대…“가맹 사업 경쟁력 강화”","우수 가맹점 포상 제도는 신선식품 경쟁력, 매출 성장률, 퀵커머스 운영 성과 등 주요 경영 지표를 종합 평가해 우수 가맹점을 선정·포상하는 제도다. 우수 운영 사례는 발굴·확산해 가맹점 경쟁력 강화에 활용한다.... ",https://www.etnews.com/20260623000118,https://n.news.naver.com/mnews/article/030/0003440217?sid=101,2026-06-23
퀵커머스,"GS더프레시, 가맹점 영업 활성화 프로그램 투자 예산 25% 확대","GS더프레시는 신선식품 경쟁력, 매출 성장률, 퀵커머스 운영 성과 등 주요 경영 지표를 종합 평가해 우수 가맹점을 선정하고 포상할 방침이다. 또, 우수 운영 사례를 발굴·확산해 가맹점 경쟁력을 높이는 데 적극적으로... ",https://www.econovill.com/news/articleView.html?idxno=743151,https://www.econovill.com/news/articleView.html?idxno=743151,2026-06-23
퀵커머스,"“더울수록 아이스크림 저렴하게”…배민, 이색 캠페인 전개",우아한형제들 관계자는 “배민만의 차별화된 퀵커머스 서비스로 냉동실에서 바로 꺼낸듯한 아이스크림을 즉시 배달 받을 수 있다”면서 “보냉 포장 등도 보강한 만큼 더 많은 고객이 배민으로 무더위를... ,https://www.etnews.com/20260623000094,https://n.news.naver.com/mnews/article/030/0003440196?sid=101,2026-06-23
퀵커머스,"더울수록 아이스크림이 할인된다... 배민, '기온 연동 할인' 이색 캠페인...","배민 관계자는 ""퀵커머스 역량을 활용해 냉동 상태가 유지된 아이스크림을 즉시 배달받을 수 있도록 이벤트를 준비했다""며 ""보냉 포장을 강화해 더운 날씨에도 시원함을 즐길 수 있을 것""이라고 밝혔다.",https://www.greened.kr/news/articleView.html?idxno=343062,https://www.greened.kr/news/articleView.html?idxno=343062,2026-06-23
퀵커머스,"""더울수록 더 큰 할인""…배민, '배민으로 식혀줘' 캠페인","배민 관계자는 ""배달의민족만의 차별화된 퀵커머스 서비스로 냉동실에서 바로 꺼낸 듯한 아이스크림을 즉시 배달받아 시원함을 즐기실 수 있도록 이번 이벤트를 준비했다""며 ""보냉 포장 등도 더욱 보강한 만큼 더 많은... ",http://www.srtimes.kr/news/articleView.html?idxno=205870,http://www.srtimes.kr/news/articleView.html?idxno=205870,2026-06-23
퀵커머스,"배민, 더울수록 할인 늘어나는 아이스크림 캠페인 실시","배민 관계자는 ""배달의민족만의 차별화된 퀵커머스 서비스로 냉동실에서 바로 꺼낸듯한 아이스크림을 즉시 배달 받아 시원함을 즐기실 수 있도록 이번 이벤트를 준비했다""며 ""보냉 포장 등도 더욱 보강한 만큼 더... ",https://www.ziksir.com/news/articleView.html?idxno=137714,https://www.ziksir.com/news/articleView.html?idxno=137714,2026-06-23
퀵커머스,"GS더프레시, 가맹점 영업 지원 프로그램 강화","GS더프레시는 신선식품 경쟁력, 매출 성장률, 퀵커머스 운영 성과 등 주요 경영 지표를 종합 평가해 우수 가맹점을 선정하고 포상할 방침이다. 또, 우수 운영 사례를 발굴·확산해 가맹점 경쟁력을 높이는데 적극 활용할... ",https://www.busan.com/view/busan/view.php?code=2026062309494936114,https://n.news.naver.com/mnews/article/082/0001386579?sid=101,2026-06-23
퀵커머스,"[ESG리포트] 코웨이, 유구공장에 태양광 발전소 증설 外","GS더프레시는 신선식품 경쟁력, 매출 성장률, 퀵커머스 운영 성과 등 주요 경영 지표를 종합 평가해 우수 가맹점을 선정하고 포상할 방침이다. 전국 가맹점을 대상으로 본부가 무상 지원하는 안심보험 패키지에... ",https://theviewers.co.kr/View.aspx?No=4122028,https://theviewers.co.kr/View.aspx?No=4122028,2026-06-23
퀵커머스,"'횡령도 보험 든다'…GS더프레시, 가맹점 안심경영 파격 지원","신선식품 경쟁력과 매출 성장률, 퀵커머스 운영 성과 등을 종합 평가해 우수 점포를 선정하고 포상함으로써 가맹점주의 동기 부여와 운영 역량 향상을 지원한다는 구상이다. GS더프레시는 현재 전체 596개 점포 가운데... ",https://www.megaeconomy.co.kr/news/newsview.php?ncode=1065573713226376,https://www.megaeconomy.co.kr/news/newsview.php?ncode=1065573713226376,2026-06-23
퀵커머스,"GS더프레시, 가맹점 지원 확대···우수 점포 포상·횡령보험 도입","GS더프레시는 신선식품 경쟁력, 매출 성장률, 퀵커머스 운영 성과 등 주요 경영 지표를 종합 평가해 우수 가맹점을 선정하고 포상할 방침이다. 또, 우수 운영 사례를 발굴·확산해 가맹점 경쟁력을 높이는데 적극 활용할... ",https://www.ziksir.com/news/articleView.html?idxno=137701,https://www.ziksir.com/news/articleView.html?idxno=137701,2026-06-23
퀵커머스,"GS더프레시, 가맹점 지원…예산 25% 늘리고 신규 제도 도입","신선식품 운영 수준, 매출 증가율, 퀵커머스 운영 성과 등을 종합 평가해 우수 점포를 선정하고 운영 사례를 공유할 예정이다. 점포 운영 과정에서 발생할 수 있는 위험에 대비한 지원도 추가됐다. GS더프레시는 기존 보험... ",https://www.lcnews.co.kr/news/articleView.html?idxno=203837,https://www.lcnews.co.kr/news/articleView.html?idxno=203837,2026-06-23
퀵커머스,"GS더프레시, 가맹점 투자 예산 25% 늘린다","신선식품 경쟁력, 매출 성장률, 퀵커머스 운영 성과 등 주요 경영 지표를 종합 평가해 우수 가맹점을 선정하고 포상한다. 또 전국 가맹점을 대상으로 본부가 무상 지원하는 안심보험 패키지에 횡령보험을 추가한다.... ",https://zdnet.co.kr/view/?no=20260623091037,https://n.news.naver.com/mnews/article/092/0002427663?sid=105,2026-06-23
퀵커머스,"GS더프레시, 가맹점 지원 확대...""상생 경영 이어갈 것""","GS더프레시는 신선식품 경쟁력, 매출 성장률, 퀵커머스 운영 성과 등 주요 경영 지표를 종합 평가해 우수 가맹점을 선정하고 포상할 방침이다. 또, 우수 운영 사례를 발굴·확산해 가맹점 경쟁력을 높이는데 적극 활용할... ",https://www.womentimes.co.kr/news/articleView.html?idxno=103817,https://www.womentimes.co.kr/news/articleView.html?idxno=103817,2026-06-23
퀵커머스,가맹점 키우는 GS더프레시…지원 예산 25% 늘린다,"우수 가맹점 포상 제도는 매출 성장률과 신선식품 운영 역량, 퀵커머스 성과 등을 종합 평가해 우수 점포를 선정하는 방식으로 운영된다. 선정된 사례는 전국 가맹점에 공유해 운영 노하우 확산에도 활용할 계획이다.... ",https://www.ddaily.co.kr/page/view/2026062309103820789,https://n.news.naver.com/mnews/article/138/0002231709?sid=101,2026-06-23
퀵커머스,"배달의민족, 기온 오르면 혜택 커지는 '배민으로 식혀줘' 캠페인 전개","배민 관계자는 ""배달의민족만의 차별화된 퀵커머스 서비스로 냉동실에서 바로 꺼낸 듯한 시원한 아이스크림을 집 앞에서 즉시 받아볼 수 있도록 이번 이벤트를 기획했다""며 ""본격적인 무더위를 앞두고 보냉 포장... ",http://www.newsdream.kr/news/articleView.html?idxno=113440,http://www.newsdream.kr/news/articleView.html?idxno=113440,2026-06-23
퀵커머스,"“더울수록 할인↑”…배민, 아이스크림 날씨쿠폰 행사",배민 관계자는 “차별화된 퀵커머스 서비스로 냉동실에서 바로 꺼낸듯한 아이스크림을 즉시 배달 받아 시원함을 즐기실 수 있도록 이번 이벤트를 준비했다”며 “보냉 포장 등도 더욱 보강한 만큼 더 많은... ,https://www.edaily.co.kr/news/newspath.asp?newsid=03070086645484672,https://n.news.naver.com/mnews/article/018/0006312765?sid=101,2026-06-23
퀵커머스,"""더울수록 더 싸진다"" 배민, '날씨 연동' 아이스크림 할인 행사","배민 관계자는 ""배달의민족만의 차별화된 퀵커머스 서비스로 냉동실에서 바로 꺼낸듯한 아이스크림을 즉시 배달 받아 시원함을 즐기실 수 있도록 이번 이벤트를 준비했다""며 ""보냉 포장 등도 더욱 보강한 만큼 더... ",https://www.newsis.com/view/NISX20260623_0003679395,https://n.news.naver.com/mnews/article/003/0014021537?sid=101,2026-06-23
퀵커머스,"NS홈쇼핑 품은 홈플러스 익스프레스, 정상화 속도","NS홈쇼핑이 보유한 식품 상품 운영 역량과 협력사 네트워크, 디지털 커머스 경험도 홈플러스 익스프레스와... 홈플러스 익스프레스 점포망을 생활권 물류 거점으로 활용하면 근거리 배송과 퀵커머스 경쟁력 강화가... ",http://www.newsprime.co.kr/news/article.html?no=737636,http://www.newsprime.co.kr/news/article.html?no=737636,2026-06-23
퀵커머스,"배민, 기온 따라 할인 커진다…아이스크림 프로모션 시작","배민은 여름철 퀵커머스 수요 확대에 맞춰 보냉 포장 등 배송 품질 관리도 강화할 계획이다. 배민 관계자는 ""배달의민족만의 차별화된 퀵커머스 서비스로 냉동실에서 바로 꺼낸듯한 아이스크림을 즉시 배달 받아... ",https://www.insightkorea.co.kr/news/articleView.html?idxno=248618,https://www.insightkorea.co.kr/news/articleView.html?idxno=248618,2026-06-23
퀵커머스,"배민, 기온 따라 아이스크림 할인 확대…폭염 맞아 날씨 연동 캠페인","날씨 데이터를 할인 혜택과 연계한 것이 특징이다. 배달 플랫폼들이 계절성과 기상 정보를 활용한 맞춤형 마케팅을 확대하는 가운데, 배민도 퀵커머스 서비스를 활용한 계절형 프로모션 강화에 나선 것으로 풀이된다.",https://www.thefairnews.co.kr/news/articleView.html?idxno=80188,https://www.thefairnews.co.kr/news/articleView.html?idxno=80188,2026-06-23
퀵커머스,"GS리테일, 사업 구조조정 효과에 업황 개선까지…""추세적인 실적 턴어라...","점포 수도 전년 동기 대비 30개 이상 순증하고 있으며, 퀵커머스 제휴를 통해 약 2%p의 성장률 제고를 이뤄냈다. 1분기 기준 퀵커머스 매출 비중은 9.7%다. 박 연구원은 ""실적의 걸림돌이었던 부진 사업 구조조정도 마무리... ",http://www.newsprime.co.kr/news/article.html?no=737614,http://www.newsprime.co.kr/news/article.html?no=737614,2026-06-23
퀵커머스,"GS더프레시, 가맹점 지원 확대 ""우수점포 포상·횡령보험 도입""","GS더프레시는 신선식품 경쟁력, 매출 성장률, 퀵커머스 운영 성과 등 주요 경영 지표를 종합 평가해 우수 가맹점을 선정하고 포상할 계획이다. 또 우수 운영 사례를 발굴해 전국 가맹점에 공유함으로써 점포 경쟁력... ",https://www.newsis.com/view/NISX20260623_0003679313,https://n.news.naver.com/mnews/article/003/0014021488?sid=101,2026-06-23
퀵커머스,"""가맹점 버텨야 본부도 산다"" … 유통업계, 지원책 확대","이와 함께 GS더프레시는 신선식품 경쟁력, 매출 성장률, 퀵커머스 운영 성과 등을 평가해 우수 가맹점을 선정하고 포상할 계획이다. 본부가 무상 지원하는 안심보험 패키지에는 횡령보험을 추가한다. 점포 운영... ",https://biz.newdaily.co.kr/site/data/html/2026/06/23/2026062300031.html,https://biz.newdaily.co.kr/site/data/html/2026/06/23/2026062300031.html,2026-06-23
퀵커머스,"""더울수록 아이스크림 더 할인""…배민, '배민으로 식혀줘' 캠페인","배민 관계자는 ""배달의민족만의 차별화된 퀵커머스 서비스로 냉동실에서 바로 꺼낸듯한 아이스크림을 즉시 배달 받아 시원함을 즐기실 수 있도록 이번 이벤트를 준비했다""며 ""보냉 포장 등도 더욱 보강한 만큼 더... ",https://www.news1.kr/industry/distribution/6205153,https://n.news.naver.com/mnews/article/421/0009017768?sid=101,2026-06-23
퀵커머스,"GS더프레시, 가맹점 지원 확대 승부수…투자 예산 25% 늘린다","우수 가맹점 포상 제도는 신선식품 경쟁력, 매출 성장률, 퀵커머스 운영 성과 등 주요 경영 지표를 종합 평가해 우수 점포를 선정하고 포상하는 방식으로 운영된다. 우수 사례를 발굴해 다른 가맹점과 공유함으로써... ",https://www.megaeconomy.co.kr/news/newsview.php?ncode=1065569912221588,https://www.megaeconomy.co.kr/news/newsview.php?ncode=1065569912221588,2026-06-23
퀵커머스,"GS더프레시, 가맹점 지원 강화…투자 예산 25% 확대","GS더프레시는 신선식품 경쟁력, 매출 성장률, 퀵커머스 운영 성과 등 주요 지표를 종합 평가해 우수 가맹점을 선정하고 포상할 예정이다. 우수 사례를 공유해 전체 가맹점 경쟁력 향상에도 활용한다는 계획이다.... ",https://www.insightkorea.co.kr/news/articleView.html?idxno=248613,https://www.insightkorea.co.kr/news/articleView.html?idxno=248613,2026-06-23
퀵커머스,"GS더프레시, 가맹점 지원 확대…투자 예산 25% 늘린다","우수 가맹점 포상 제도를 신설해 신선식품 경쟁력, 매출 성장률, 퀵커머스 운영 성과 등을 평가해 우수 점포를 선정할 계획이다. 또한 본부가 무상 지원하는 안심보험 패키지에 횡령보험을 추가해 점포 운영 과정에서... ",https://www.edaily.co.kr/news/newspath.asp?newsid=02699446645484672,https://n.news.naver.com/mnews/article/018/0006312668?sid=101,2026-06-23
퀵커머스,"하나證, “GS리테일, 2분기 영업익 19%↑ 전망⋯주가도 부담 없는 수준”","점포 수도 전년 동기 대비 30개 이상 순증했고, 퀵커머스 제휴 효과로 약 2%포인트의 성장률을 이어가고 있다. 부진 사업의 구조조정도 마무리 단계다. GS리테일은 전년도 부진 계열사였던 어바웃팻, 인도네시아... ",https://www.etoday.co.kr/news/view/2596134,https://www.etoday.co.kr/news/view/2596134,2026-06-23
퀵커머스,"GS더프레시, 가맹점 영업 활성화 위해 상생 예산 대폭 늘렸다",신선식품 경쟁력과 매출 성장률 외에도 최근 유통 트렌드인 퀵커머스 운영 성과 등 핵심 경영 지표를 종합적으로 평가해 우수 가맹점을 선발 포상할 방침이다. 아울러 기존에 본부가 무상으로 지원하던 안심보험 패키지에... ,https://www.thefairnews.co.kr/news/articleView.html?idxno=80178,https://www.thefairnews.co.kr/news/articleView.html?idxno=80178,2026-06-23
퀵커머스,"NS홈쇼핑, 홈플러스 익스프레스 인수 완료… 정상화 속도","NS홈쇼핑은 식품 전문 홈쇼핑으로 쌓아온 상품 운영 역량과 디지털 커머스 경험, 협력사 네트워크를... 전국 점포망과 디지털 커머스를 결합해 생활권 기반 근거리 유통망을 구축하고 고객 접점을 넓힐 예정이다.... ",https://www.seoul.co.kr/news/economy/distribution/2026/06/23/20260623031006?wlog_tag3=naver,https://n.news.naver.com/mnews/article/081/0003654871?sid=101,2026-06-23
퀵커머스,"홈플 익스프레스 품은 NS홈쇼핑, 시너지 어떻게 낼까","NS홈쇼핑 관계자는 ""그동안 식품 전문 홈쇼핑으로 성장하며 축적해온 상품 운영 역량과 디지털 커머스 경험... 그동안 TV홈쇼핑, T커머스 등 온라인 위주로 상품을 판매해오던 NS홈쇼핑이 오프라인 경쟁력을 강화하게... ",https://www.pointdaily.co.kr/news/articleView.html?idxno=309180,https://www.pointdaily.co.kr/news/articleView.html?idxno=309180,2026-06-23
퀵커머스,"NS홈쇼핑, ‘홈플 익스프레스’ 인수대금 완납…신설법인 출범","그동안 홈쇼핑과 모바일 커머스 중심이었던 사업 구조에 전국 단위 슈퍼마켓 점포망이 더해지면서 온... 생활권 중심의 근거리 유통망과 디지털 커머스를 결합해 고객 접점을 확대하고, 장기적으로는 퀵커머스 경쟁력... ",https://www.etoday.co.kr/news/view/2596111,https://www.etoday.co.kr/news/view/2596111,2026-06-22
퀵커머스,"NS홈쇼핑, 홈플러스 익스프레스 인수 완료⋯ 오프라인 승부수 띄웠다",업계에서는 NS홈쇼핑이 이번 인수를 계기로 퀵커머스와 식품 중심 옴니채널 전략에 속도를 낼 것으로 보고... 결국 이번 거래의 성패는 익스프레스를 단순 SSM이 아닌 퀵커머스 거점으로 얼마나 빠르게 전환시키느냐에... ,https://www.viva100.com/article/20260622501184,https://www.viva100.com/article/20260622501184,2026-06-22
퀵커머스,"NS홈쇼핑, 홈플러스 익스프레스 인수 완료..1206억원 완납","NS홈쇼핑의 커머스 플랫폼, 전국 점포망을 결합한 온·오프라인 시너지 창출 여부에 업계의 관심이 쏠리고... 퀵커머스 기반도 시너지 요인으로 꼽힌다. 홈플러스 익스프레스는 상당수 점포가 도심 물류 기능을 갖춘... ",http://www.4th.kr/news/articleView.html?idxno=2113549,http://www.4th.kr/news/articleView.html?idxno=2113549,2026-06-22
식당 예약,[현장] 버드나무 아래 새긴 100년...유일한 정신 품은 '윌로우하우스',"카페와 식당, 휴식 공간 등이 마련돼 있으며 건물 외부에는 누구나 편하게 머물 수 있는 쉼터가 조성됐다.... 예약된 시간 5분 전 도착하면 참가자들은 1층 로비에서 유한양행의 상징인 윌로우 관련 영상을 시청한 뒤... ",https://www.newspost.kr/news/articleView.html?idxno=223784,https://www.newspost.kr/news/articleView.html?idxno=223784,2026-06-25
식당 예약,"웨이브히어링 대전점, 가족 동반 보청기 상담 할인권 선봬","검사실처럼 조용한 환경과 달리 가정이나 식당, 모임, 전화 통화 등 실제 생활공간에서는 청취 환경이 크게... 쿠폰은 웨이브히어링 대전점 네이버 플레이스에서 내려받은 뒤 상담 예약 시 사용할 수 있다. 한편... ",https://idsn.co.kr/news/view/1065593542201502,https://idsn.co.kr/news/view/1065593542201502,2026-06-25
식당 예약,"카카오, '카인톡' 대화 분석 기능 제공한다…온디바이스 AI 업데이트","기존에 식당을 예약할 수 있던 것에서 숙박, 여행으로 대상을 확대했다. 카인톡은 지난주 업데이트 송금 정산 기능도 도입했다. 채팅창에 “정산해야 하는 금액 알려줘”라고 하면 바로 정산하도록 연결한다. 또... ",https://www.etnews.com/20260625000265,https://n.news.naver.com/mnews/article/030/0003441341?sid=101,2026-06-25
식당 예약,"'만석 행진' 활짝 웃던 광화문 상권도, 남아공 충격패에 ""아쉬워""","뒤풀이 예약이 또 돼 있는 상태""라며 ""평소에는 점심시간에 손님이 이렇게 계시지 않는다""고 말했다. 경기가 끝난 뒤에는 붉은 유니폼을 입은 손님들로 일대 식당은 업종을 가리지 않고 문전성시를 이뤘다. 광화문광장... ",https://www.news1.kr/society/incident-accident/6208276,https://n.news.naver.com/mnews/article/421/0009023701?sid=104,2026-06-25
식당 예약,"[르포] ""지지는 않을 줄 알았는데""…아쉬운 패배, 빛바랜 함성 [2026 월드...","인근 편의점과 식당은 이른 아침부터 몰려든 인파로 북새통을 이뤘다. 휴대전화로 월드컵 중계를 보던... 종로의 한 술집 사장 박영민씨는 ""경기 시작 전부터 예약 손님이 끊이지 않아 30석 넘는 테이블이 일찌감치 만석이... ",http://www.fnnews.com/news/202606250855113753,https://n.news.naver.com/mnews/article/014/0005539584?sid=102,2026-06-25
식당 예약,2026여수세계섬박람회 개막 D-72…진모지구 기반시설 95%,문화섬·국제교류섬·특별공연장·식당·마켓섬 A·B 등 5개 동은 이달 말 설치를 완료한다. 전시 연출... 전남광주통합특별시 주민을 대상으로 한 사전 예약 입장권 할인도 추진 중이다. 조직위는 다음 달 17일 개막 50일... ,https://www.jnilbo.com/news/articleView.html?idxno=90000045205,https://www.jnilbo.com/news/articleView.html?idxno=90000045205,2026-06-25
식당 예약,[단독]“이제 검색을 대화로”… 네이버 ‘AI탭’ 오늘 정식 출시,"화면을 벗어나지 않고 추천받은 식당을 예약하거나 상품을 장바구니에 담는 것도 가능하다. 네이버 관계자는 “베타 서비스와 화면(UI) 구성은 크게 다르지 않지만, 정식 버전은 응답 속도와 답변 품질을 끌어올리고... ",https://www.chosun.com/economy/tech_it/2026/06/25/2AOBNATDUNDXBNFG5Y2IS3IWEI/?utm_source=naver&utm_medium=referral&utm_campaign=naver-news,https://n.news.naver.com/mnews/article/023/0003984020?sid=105,2026-06-25
식당 예약,충북도청 잔디광장서 27일 첫 '공공예식'…축복웨딩 1호 탄생,"예식장 예약 어려움을 덜어주기 위해 지난 2월 5일부터 축복웨딩 사업을 진행해왔다. 도청 대회의실과 문화광장815를 예식장으로 무상 지원하고, 버진로드(신부입장로)·예식용 가구·장식물 등도 지원한다. 구내식당도... ",https://www.yna.co.kr/view/AKR20260625056700064?input=1195m,https://n.news.naver.com/mnews/article/001/0016157892?sid=102,2026-06-25
식당 예약,"""삼전닉스는 또 급등하는데""…얼어붙은 인터넷株, 믿을건 'AI'","결합하고 '검색-쇼핑-결제-예약'으로 이어지는 자체 생태계를 커머스 광고로 수익화할 계획이다. 카카오는 검색보다 유저 간 대화에 집중하는 에이전트를 개발한다. 대화 속에서 선물, 장소, 일정, 식당 등 거래... ",https://www.imaeil.com/page/view/2026062509511334588,https://n.news.naver.com/mnews/article/088/0001016195?sid=101,2026-06-25
식당 예약,"[체험기] 카톡 채팅방에 들어온 '챗GPT' 써보니…""간편하지만 맥락 이해...","사진=카카오톡 캡쳐 기자가 10명이 이용할 수 있는 고깃집을 강남에서 찾아달라고 묻자, 챗봇은 ""10명 회식이면 예약 가능한 곳 위주로 추천할게요""라는 답변과 함께 바로 신논현·강남역 인근에 위치한 식당 3곳을... ",https://www.pinpointnews.co.kr/news/articleView.html?idxno=462716,https://www.pinpointnews.co.kr/news/articleView.html?idxno=462716,2026-06-25
식당 예약,"""예약·결제 데이터 다 모은다"" 네이버 스마트플레이스 개편에 숨은 큰...","네이버는 네이버 예약을 사용 중인 인기 식당을 선별해 이용자에게 안내한다. 네이버 앱, 네이버 지도 앱, 네이버 웹 등 여러 배너에서 가게를 안내하고 이용자에게는 선결제 예약 시 20% 할인, 네이버페이 결제 시 20... ",https://www.mt.co.kr/tech/2026/06/25/2026062414353698023,https://n.news.naver.com/mnews/article/008/0005376827?sid=105,2026-06-25
식당 예약,"유한양행 100주년, 옛 본사 시민 품으로…'윌로우하우스' 개관","체험 및 도슨트 투어는 네이버 예약을 통해 신청할 수 있다. 2층 '메모리얼 홀'에는 유일한 박사의 일대기와... '윌로우 그라운드' 동은 카페와 식당, 소규모 행사 등을 유치할 수 있는 뉴스퀘어 등으로 채워져 지역... ",https://www.sentv.co.kr/article/view/sentv202606240123,https://www.sentv.co.kr/article/view/sentv202606240123,2026-06-24
식당 예약,"유한양행, '윌로우하우스' 리뉴얼 개소…100년 과거·미래 한눈에~","체험전시관은 네이버예약 등을 통해 이용가능하다. 윌로우하우스는 크게 '유한 아카이브'와 '윌로우... 또한 윌로우 그라운드는 식당, 카페 등 편의시설과 다목적 홀 '뉴스퀘어'가 위치해있다. 뉴스퀘어는 비즈니스미팅... ",https://www.pointdaily.co.kr/news/articleView.html?idxno=309494,https://www.pointdaily.co.kr/news/articleView.html?idxno=309494,2026-06-24
식당 예약,관광 트렌드는 달라졌는데… '숙제'안고 달리는 춘천시티투어버스,"예약 방식도 개선 과제로 꼽힌다. 현재 순환형 노선은 사전 예약 없이 현장 선착순으로 운영된다.... 한 문화관광해설사는 ""소양강댐 닭갈비촌 정류장은 식당가와 거리가 있어 이동에 불편을 호소하는 관광객들이 있다""고... ",https://www.ohmynews.com/NWS_Web/View/at_pg.aspx?CNTN_CD=A0003246019&CMPT_CD=P0010&utm_source=naver&utm_medium=newsearch&utm_campaign=naver_news,https://n.news.naver.com/mnews/article/047/0002520419?sid=102,2026-06-24
식당 예약,거물 홍사덕 결국 잠적했다…MB 유세뒤 ‘식당 함성’ 사건,유세를 마치고 점심시간이 되자 대의원들은 예약해둔 식당으로 자리를 옮겼다. 나와 홍 의원도 눈도장을 찍기 위해 그 식당으로 향했다. 홍 의원이 한발 앞섰다. 다소 늦게 식당 입구에 도착해보니 박수... ,https://www.joongang.co.kr/article/25439467,https://n.news.naver.com/mnews/article/025/0003532802?sid=100,2026-06-24
식당 예약,평일 오전 월드컵이 바꾼 소비 풍경…무알코올 맥주 뜨고 치킨 웃었다,실제 멕시코전 당일에는 사전 예약 주문이 몰리면서 일부 매장이 오전 6시30분부터 영업을 시작했다. bhc는... 특히 2024년 주세법 개정 이후 알코올 도수 1도 미만 제품도 식당과 주점 등 유흥 채널에서도 유통이... ,https://sports.hankooki.com/news/articleView.html?idxno=6935305,https://sports.hankooki.com/news/articleView.html?idxno=6935305,2026-06-24
식당 예약,[혁신을 이끄는 사람들 ⑮ 변형석 트래블러스맵 대표] 공정여행에서 AI...,"트러블러스맵은 지역주민이 운영하는 숙소와 식당, 체험 프로그램을 연결하는 공정여행 모델을 선보이며... 여행객은 챗봇을 통해 상담을 받고 예약까지 진행할 수 있다. 여행사는 복잡한 상품운영과 콘텐츠제작 업무를... ",https://www.naeil.com/news/read/592915?ref=naver,https://www.naeil.com/news/read/592915?ref=naver,2026-06-24
식당 예약,"포천의 자연과 예술이 어우러진 여름, 가볼 만한 곳","인근에는 갤러리나 수상레저 시설이 있어 다양한 활동을 경험할 수 있고, 반려견 동반이 가능한 식당과... 풍경을 더하며, 아이들을 위한 자연 학습의 장으로도 좋다. 평일 방문 시에는 사전 예약이 필요하다. ▮ CBC뉴스ㅣCBCNEWS",https://www.cbci.co.kr/news/articleView.html?idxno=584271,https://www.cbci.co.kr/news/articleView.html?idxno=584271,2026-06-24
식당 예약,"[이슈 포커스] ""한국서 통하면 아시아 제패"" 공식 확립…K컬처 열풍 업고...","아울러 무인 텍스리펀 키오스크를 대거 도입해 편의성을 극대화했으며, 백화점 업계 최초로 '외국인 전용 글로벌 VIP 멤버십'을 도입해 식당가 우선 예약과 컨시어지 서비스 등 내국인 VIP에 준하는 혜택을 제공하며 충성... ",https://www.thepublic.kr/news/articleView.html?idxno=308387,https://www.thepublic.kr/news/articleView.html?idxno=308387,2026-06-24
식당 예약,포천의 자랑 '두런두런'...인근 도시에선 부러운 교육시설,"2000원 '어린이 식당'까지 모든 핵심 프로그램은 오직 포천시민만 이용할 수 있다. 특히 학부모들이 가장... 인공지능 교구를 갖추고 오픈런 현상까지 빚고 있는 '맘대로 A+놀이터'와 예약 없이 인공지능(AI), 드론, 코딩 등... ",https://www.incheonilbo.com/news/articleView.html?idxno=1325782,https://www.incheonilbo.com/news/articleView.html?idxno=1325782,2026-06-24
식당 예약,"AI시대 UX 디자인, 'AI 슬롭' 탈출법...김유정 서울대 박사 “평균은 기...","만들거나, 식당 예약에서 날짜·시간을 다 고른 뒤 맨 마지막에 인원을 묻고는 자리가 없다며 처음으로 돌려보내는 식의 어긋남이 대표적”이라고 말했다. 이어 “AI가 평균을 공짜로 만들수록 끝까지 다듬는 완성도는... ",https://www.etnews.com/20260624000116,https://n.news.naver.com/mnews/article/030/0003440676?sid=105,2026-06-24
식당 예약,[저널G] ‘세계유산’ 간판 달았지만 스쳐 가는 울주…‘선사 암각화·...,암각화 전망대와 박물관을 둘러본 관람객들이 지역 내 식당이나 숙박업소로 유입되지 않고 곧바로 타... 통합 예약 시스템 등 분산되어 있는 관광 인프라를 하나로 묶는 스마트 안내 체계 구축이 급선무다. 글로벌 명품... ,https://www.g-enews.com/view.php?ud=202606240915028217f7ba87f45b_1,https://www.g-enews.com/view.php?ud=202606240915028217f7ba87f45b_1,2026-06-24
식당 예약,"""다운!"" 선장 신호 따라 입수…돌고래가 내게 말을 걸었다 [나홀로 세계...","수많은 후기를 읽고 고민한 끝에 1인 55달러짜리 투어를 예약했다. 픽업, 식사, 스노클링 장비까지 포함된... 섬 한쪽의 간이식당에서는 해산물 BBQ가 준비되고 있었다. 랍스터와 오징어가 숯불 위에서 구워지는 냄새가... ",http://san.chosun.com/news/articleView.html?idxno=25845,https://n.news.naver.com/mnews/article/094/0000013620?sid=103,2026-06-24
식당 예약,"""우리동네 놀러오면 돈 줍니다""...여행비 절반 돌려주고, 청년에겐 70%까...",온라인 여행사를 통해 할인권을 발급받아 숙박시설을 예약하면 할인 혜택을 받을 수 있다. 7만원 이상 숙박... 관광객이 숙소에 머물고 식당과 카페를 이용하며 전통시장에서 소비하는 과정 자체가 지역경제에 직접적인... ,https://www.abcn.kr/news/articleView.html?idxno=88875,https://www.abcn.kr/news/articleView.html?idxno=88875,2026-06-24
식당 예약,‘노사갈등’보다 무서운 ‘노노(勞勞) 갈등’이 온다,그가 보여준 물류센터 내부 식당은 직장 분위기를 단적으로 보여줬다. 대낮인데도 불이 꺼져 어두웠고... 다른 배송 기사도 “전날 갑작스럽게 일정 변경을 통보받는 경우가 많아져 병원 예약도 맘 편히 잡지 못하는... ,https://shindonga.donga.com/3/all/13/6279319/1,https://n.news.naver.com/mnews/article/262/0000019468?sid=102,2026-06-24
식당 예약,"""불교·종이접기도 팝업으로""…'용산 던전' MD의 취향 실험 [프라이스&]","사전 예약 8000명은 모두 마감됐고, 4일간 1만5000명이 방문했다. 김 바이어는 “키보드 페스티벌의 본질은... 주변 식당과 카페 매출은 전주 대비 평균 40% 늘고, 일부 매장은 최대 120% 증가한 사례도 있었다. 김 바이어는... ",https://www.hankyung.com/article/202606221397i,https://n.news.naver.com/mnews/article/015/0005302082?sid=101,2026-06-24
식당 예약,카리브해서도 못 본 ‘비현실적 푸른빛’…단숨에 꿈의 여행지 된 곳,"등이 방화벽에 막혀 있어, VPN이나 로밍을 미리 준비하는 게 좋다. 요즘 중국은 현금을 거의 쓰지 않는다. 알리페이·위챗 같은 앱으로 간편 결제는 물론이고 택시 호출, 식당 예약, 배달 등의 서비스를 이용할 수 있다.",https://www.joongang.co.kr/article/25439320,https://n.news.naver.com/mnews/article/025/0003532669?sid=103,2026-06-24
식당 예약,"풍향계/ 파크골프, 실버에서 전 세대로 스포츠에서 지역 경제로","둔치나 외곽에 자리한 구장 주변은 식당과 편의시설이 턱없이 부족하지만, 그 불편이 역설적으로 인근 마을... 이용하는 예약 플랫폼까지, 지자체 차원의 치밀한 상생 모델을 서둘러 짜낼 때다. 6㎝의 작은 공 하나와... ",http://www.dynews.co.kr/news/articleView.html?idxno=855311,http://www.dynews.co.kr/news/articleView.html?idxno=855311,2026-06-23
식당 예약,호평 일색 '수원 공공예식장',"80명 이내의 소규모로 진행하며 피로연 장소도 인근 식당을 따로 잡아야 하지만, 전통적인 미와 방식을... 수원시 공공예식장을 예약하려면 일정과 원하는 장소를 확인한 뒤 새빛톡톡에서 사전 신청을 하면 된다. 이후... ",https://www.kihoilbo.co.kr/news/articleView.html?idxno=3026829,https://www.kihoilbo.co.kr/news/articleView.html?idxno=3026829,2026-06-23
식당 예약,"강동구, “식품·공중 위생업소 보이스피싱 피해 주의를”","한편 비슷한 수법의 사기로는 공공기관을 사칭, 식당에 단체 회식 예약을 한 후, 그날 마실 술을 자신이 지정한 업체에서 대리 구매 하도록 한 후 회식날 준비를 요구하는 방식도 있다. 술 구매가 확인되면, 연락을 받지 않고... ",https://www.siminilbo.co.kr/news/newsview.php?ncode=1160285918200402,https://www.siminilbo.co.kr/news/newsview.php?ncode=1160285918200402,2026-06-23
식당 예약,"""할인받고 머물고, 더 깊이 여행하다"" 충북, 숙박할인쿠폰 8231장 푼다","쿠폰은 NOL(구 야놀자 플랫폼), 여기어때, 땡큐캠핑 등 주요 온라인 숙박예약 플랫폼(OTA)을 통해 선착순... 숙박을 기반으로 식당과 카페, 전통시장, 관광지 방문 등 지역 소비가 함께 늘어나기 때문이다. 충북문화재단... ",https://www.ccreview.co.kr/news/articleView.html?idxno=351023,https://www.ccreview.co.kr/news/articleView.html?idxno=351023,2026-06-23
식당 예약,[포커스 인 수원] 예비부부의 새로운 선택지…공공예식장 '수원새빛뜰',"80명 이내의 인원만 수용할 수 있고, 피로연 장소도 인근 식당을 따로 잡아야 하지만 전통적인 미와 방식을... 공공예식장 예약은 새빛톡톡에서 하면 된다. 이후 협력업체와 종합 상담을 한 뒤 대관을 신청하면 예식이... ",https://www.kgnews.co.kr/news/article.html?no=901124,https://www.kgnews.co.kr/news/article.html?no=901124,2026-06-23
식당 예약,"[유통레이더] 이랜드이츠, 캐치테이블, BBQ, GS더프레시, 코스맥스, 티르...","즉시 예약할 수 있도록 지원한다. 또한 놀이공원, 직장인 점심, 여름 축제 등 방송 속 미션 주제와 연계한... 삼성웰스토리는 다음달 10일까지 전국 구내식당 170여곳에서 복분자 메밀비빔면, 보리된장 수육비빔밥 등 고창... ",https://daily.hankooki.com/news/articleView.html?idxno=1378895,https://daily.hankooki.com/news/articleView.html?idxno=1378895,2026-06-23
식당 예약,[기획특집] 수원시 공공 예식장... 예비부부의 특별한 웨딩플래너 역할...,"80명 이내의 소규모로 진행하며 피로연 장소도 인근 식당을 따로 잡아야 하지만, 전통적인 미와 방식을... 수원시 공공예식장을 예약하려면 일정과 원하는 장소를 확인한 뒤 새빛톡톡에서 사전 신청을 하면 된다. 이후... ",http://www.suwonilbo.kr/news/articleView.html?idxno=316437,http://www.suwonilbo.kr/news/articleView.html?idxno=316437,2026-06-23
식당 예약,“하루 더 머물게 하자”… 지방 생존전략은 관광[지역 소멸 극복 현장...,축제 기간 선정 식당 35곳에는 평소보다 약 6300명의 추가 방문객이 찾은 것으로 추산됐다. 부산시는 향후... 강원 양양군도 통합 관광플랫폼 ‘고고양양’을 통해 숙박·체험·관광 정보를 제공하고 서핑 강습 예약... ,https://www.munhwa.com/article/11597427?ref=naver,https://n.news.naver.com/mnews/article/021/0002799570?sid=102,2026-06-23
식당 예약,"지평선 넘어 새만금 맛여행, '새만금 어촌힐링테라피 여행'","오후 5시에 예약된 백합 식당에서 담백하고 시원한 감칠맛이 일품인 저녁 식사를 마쳤습니다. 로컬의 맛으로 든든하게 배를 채우고, 17시 50분 아쉬움을 뒤로한 채 서울로 향하는 버스에 올랐습니다. 로컬켄텐츠연구소와... ",http://www.netongs.com/news/articleView.html?idxno=333678,http://www.netongs.com/news/articleView.html?idxno=333678,2026-06-23
식당 예약,날씨 안내부터 맛집 찾기까지…카카오톡 안에 '챗지피티 챗봇' 있다,채팅방에서 '시청 근처 예약되는 한정식 식당 찾고 예약까지 해줘'라고 입력하자 시청역 근처의 식당을 추천해 주었으나 실제 예약을 진행할 수는 없다는 안내가 나왔다. 예약을 완료하기 위해서는 '자세히 보기'를... ,https://www.bloter.net/news/articleView.html?idxno=665907,https://n.news.naver.com/mnews/article/293/0000086635?sid=105,2026-06-23
식당 예약,"[중국 비즈니스 트렌드&동향] 말하고, 기대고, 사들이다 - 중국 AI의 여름","이 제품은 현재 식당 예약, 공공요금 납부, AI 주문 등 3대 고빈도 시나리오에 적용된다. 사용자가 자연어 한마디나 텍스트로 지시를 내리기만 하면 거래가 빠르게 완료되는 '대화 즉 거래'를 구현했다. 중국의 주요... ",https://platum.kr/archives/289441,https://platum.kr/archives/289441,2026-06-23
식당 예약,[패트롤] 경기광주시-성남시-안성시-여주시,"시장 내 식당과 카페에 다회용기를 지원하고, 경기도 공공배달앱 '배달특급' 및 '1회용품 없는 카페 특화지구... 교육 참여를 원하는 대상자는 청년활동지원센터의 블로그 링크 예약을 통해 신청할 수 있다. 송기우 기자... ",https://www.ekn.kr/web/view.php?key=20260623021195531,https://www.ekn.kr/web/view.php?key=20260623021195531,2026-06-23
식당 예약,"숙박 218%·결제액 117% 급증…BTS 떠난 부산, ‘아미 효과’는",결제 상위 가맹점에는 국제시장 인근 약국과 남포동 노포 식당 등이 포함됐다. 소비 증가 흐름은 숙박 예약 데이터에서도 나타났다. 숙박 지역별로는 해운대구가 전체 예약의 41.5%를 차지했다. 중구(21.6%)와 사상구(12.8... ,https://www.kukinews.com/article/view/kuk202606220147,https://www.kukinews.com/article/view/kuk202606220147,2026-06-23
식당 예약,"사장님들, 식당·주점서 월드컵 경기 틀어주는 건 사실 '불법'입니다","일부 메뉴를 서비스로 제공하며 예약을 유도하는 식당도 있다. 하지만 이곳 업주들은 별도의 비용을 지불하지 않고 중계를 틀어주고 있었다. 이들은 비용을 내야 하는지조차 인식하지 못하고 있었으며, 방송사로부터... ",https://www.insight.co.kr/news/559685,https://www.insight.co.kr/news/559685,2026-06-22
식당 예약,"[단독] ‘티메프 사태’ 직격탄 테이블엔조이, 부흥컴퍼니가 인수",티몬·위메프(티메프) 사태로 유동성 위기를 겪었던 식당 예약·식사권 유통업체 테이블엔조이가 매각된다. 인수예정자로 선정된 모바일 상품권 유통업체 부흥컴퍼니는 4억5000만원을 투입해 테이블엔조이 경영권을... ,https://biz.chosun.com/stock/market_trend/2026/06/22/7OBWMZQ3XBGP5L5EAHZVTQFY6M/?utm_source=naver&utm_medium=original&utm_campaign=biz,https://n.news.naver.com/mnews/article/366/0001173523?sid=101,2026-06-22
식당 예약,모네의 수채화 속으로 퐁당? SNS 난리 난 제주 ‘숨은 수국 맛집’ [최현...,"요리로 식당 인근 모슬포항에서 잡은 신선한 가자미와 직접 키운 파슬리, 제주산 시금치, 양파 등의 야채로 조리한다. 보통 참가지미를 내놓지만 미리 예약하면 옥돔, 우럭, 돌돔 등 입맛에 따라 즐길 수 있다. 제주 특산품... ",https://www.segye.com/newsView/20260622514567?OutUrl=naver,https://n.news.naver.com/mnews/article/022/0004137319?sid=103,2026-06-22
식당 예약,[대한루마니아인 한국생활] “왜 전화를 안 하지?” 외국인이 놀란 한국...,"음식 배달도, 미용실 예약도, 병원 안내도, 식당 예약도 대부분 앱이나 메시지로 해결된다. 루마니아에서는 아직도 전화를 걸어 직접 묻는 일이 익숙한데, 한국에서는 전화보다 카톡과 네이버 예약이 훨씬 자연스러운 생활... ",https://www.wikitree.co.kr/articles/1142658,https://www.wikitree.co.kr/articles/1142658,2026-06-22
식당 예약,[부산 변호사 한변의 리얼상담실 33] 그래서 현대차를 사야되나요? - 공...,"과거의 혼다 아시모는 사람 모양이었지만 미리 짜인 동작만 반복했고, 식당 서빙 로봇은 자율주행은 해도... 2025년 가을부터 예약을 받는다. 가격은 한 대 2만 달러(약 2,800만 원) 또는 월 499달러 구독, 보증금 200달러. 키... ",http://www.civicnews.com/news/articleView.html?idxno=40057,http://www.civicnews.com/news/articleView.html?idxno=40057,2026-06-22
식당 예약,장흥·심천 생태공원 황토동굴땅집을 아시나요?,캠핑장을 예약했다는 소식을 전했다. 6월 중반기에 들어서니 장마를 앞두고 있어서인지 비가 잦았다.... 다음 날 11시 무렵 토굴 캠핑장에서 나와 아점을 먹기 위해 해남에 있는 김씨네 기사 식당으로 향했다. 값도 저렴하고... ,https://www.ohmynews.com/NWS_Web/View/at_pg.aspx?CNTN_CD=A0003245007&CMPT_CD=P0010&utm_source=naver&utm_medium=newsearch&utm_campaign=naver_news,https://n.news.naver.com/mnews/article/047/0002520121?sid=103,2026-06-22
식당 예약,반도체 성과급…집값·외식비까지 밀어 올리나,좌석과 영업시간이 제한된 프리미엄 식당에서는 이 같은 수요 증가가 예약난과 메뉴 가격 상승으로 이어질 여지도 있다. 한 부동산 전문가는 “반도체 성과급이 특정 지역의 주택 수요나 고가 소비를 자극할 수는... ,http://www.segyebiz.com/newsView/20260622511037?OutUrl=naver,http://www.segyebiz.com/newsView/20260622511037?OutUrl=naver,2026-06-22
식당 예약,“돈 내야 하는 줄 몰랐다”… 소상공인 ‘월드컵 단체 관람’ 주의보,"일부 메뉴를 서비스로 제공하며 예약을 유도하는 식당도 있다. 하지만 이곳 업주들은 별도의 비용을 지불하지 않고 중계를 틀어주고 있었다. 이들은 비용을 내야 하는지조차 인식하지 못하고 있었으며, 방송사로부터... ",https://www.chosun.com/national/national_general/2026/06/22/65WHE3RE4NHJHNH542TNO3HBUA/?utm_source=naver&utm_medium=referral&utm_campaign=naver-news,https://n.news.naver.com/mnews/article/023/0003983342?sid=102,2026-06-22
식당 예약,"""5년에 한번""…'경제총조사' 오는 30일까지 온라인으로!","키오스크 식당, 무인 편의점, AI 챗봇처럼 지난 5년 사이 빠르게 바뀐 일터의 모습이 이번 통계에 담기는... 방문 시간이 부담스럽다면 콜센터나 누리집을 통해 원하는 시간을 예약할 수도 있다. 방문 조사요원은... ",https://www.korea.kr/news/reporterView.do?newsId=148966521&call_from=naver_news,https://www.korea.kr/news/reporterView.do?newsId=148966521&call_from=naver_news,2026-06-22
식당 예약,"논산의 여름, 역사와 자연을 만나는 가볼 만한 곳","마을 안에는 솥뚜껑 닭볶음탕으로 알려진 식당 '맛뜰'과 자연을 바라보며 휴식을 취할 수 있는 카페 '온담'도... 이곳에서는 서바이벌 게임(사전 예약 필수), VR 막타워, 실내사격, 실전사격훈련, VR 늑대전투 등 다양한... ",https://www.cbci.co.kr/news/articleView.html?idxno=583669,https://www.cbci.co.kr/news/articleView.html?idxno=583669,2026-06-22
식당 예약,[기자의 눈] 스포츠를 넘어 경제 이벤트 된 월드컵,"호텔 객실 요금은 크게 올랐고, 단기 숙박 플랫폼 예약도 급증했다. 경기장 주변 식당과 술집에는 평소보다 훨씬 많은 손님이 몰리고 있다. 기념품 판매업체와 차량 공유 서비스 업체도 특수를 누리고 있다. 월드컵은... ",https://www.koreadaily.com/article/20260621200041915,https://www.koreadaily.com/article/20260621200041915,2026-06-22
식당 예약,[뉴공 아카이브]한재권 한양대 로봇공학과 교수: 생성형 AI 다음은 ‘피...,"야를 이거 나 식당 좀 예약해 줘. 이거 치워줘, 뭐 청소해 줘를 이런 시대가 곧 온다고 생각하는 거잖아요.▷한재권 : 네네. 그런데 물어보고 답하는 거에서 그치지 않는다는 거죠. 냉장고에 있는 맥주를 가져와서 줄 수도... ",http://www.ddanzi.com/886529692,http://www.ddanzi.com/886529692,2026-06-22
식당 예약,보은 파크골프 치면 3천 원 상품권 '페이백',"골프장 이용객이 식당과 카페, 상점 등을 함께 이용하도록 해 스포츠와 관광, 지역경제를 연계하는 효과를... 이용 방식은 관외 이용자의 경우 이용일 3일 전까지 사전 예약을 해야 하며 당일 예약은 불가능하고... ",https://www.inews365.com/news/article.html?no=924339,https://www.inews365.com/news/article.html?no=924339,2026-06-22
식당 예약,"""여름방학 단기 몰입이 성적 흐름 바꾼다""… 대입 경쟁력 높이는 학습 ...","학습 과정에서 발생하는 질문은 과목별 강사진과의 1대1 질문예약 시스템을 통해 해결할 수 있으며, 전담... 전용 식당도 마련돼 있다. 학원 관계자는 ""여름방학은 한 학기 동안 부족했던 부분을 보완하고 2학기 학습을... ",https://edu.donga.com/news/articleView.html?idxno=109104,https://edu.donga.com/news/articleView.html?idxno=109104,2026-06-22
식당 예약,"더치페이·일정관리·사진추천까지…애플, iOS 27 AI 기능 대거 공개",대표 기능은 애플 캐시를 활용한 식당 비용 분할 기능이다. 사용자가 영수증을 촬영하거나 사진을... 예를 들어 항공 예약 관련 문의 전화를 걸면 예약 확인 코드가 화면에 표시된다. 해당 정보는 메일 앱의 내용을 기기... ,https://www.digitaltoday.co.kr/news/articleView.html?idxno=676962,https://www.digitaltoday.co.kr/news/articleView.html?idxno=676962,2026-06-22
식당 예약,"조서형, ""진짜 지독하다""…'스트릿 레스토랑 파이터' 첫 생존 취소 반전",특히 이번 대결에는 참가자들의 얼굴과 기존 식당명이 모두 가려지는 '블라인드 룰'이 도입됐다. 손님들은... 예약이 어려운 중식집을 운영해온 이연복은 손님들이 매장 앞을 그냥 지나치는 모습을 지켜보며 긴장을... ,https://www.topstarnews.net/news/articleView.html?idxno=16105815,https://www.topstarnews.net/news/articleView.html?idxno=16105815,2026-06-22
식당 예약,"[김기헌의 관광 시론] 경복궁의 밤, '품격 있는 환대'로 채우는 한국 문...","광화문의 유명 맛집에서 40분이나 대기하며 맛있는 저녁을 기대했으나, 예약 입장권에 적힌 '19:00 1회 입장'이라는 문구는 마치 가이드 프로그램이 있는 것처럼 느껴져 식사를 포기하고 서둘러 식당을 나섰다. 하지만 막상... ",https://www.traveltimes.co.kr/news/articleView.html?idxno=416000,https://www.traveltimes.co.kr/news/articleView.html?idxno=416000,2026-06-22
식당 예약,"""은퇴 후에도 지역사회 보탬, 새로운 노년문화 주도""","복지관 안내데스크 운영을 비롯해 경로식당 배식 봉사, 당구장·바둑·장기실 관리, 복지관 환경정비 활동인... 식권 발권부터 프로그램 안내, 자율이용시설 예약 지원까지 세심한 도움을 제공하며 복지관의 '첫인상'을... ",https://www.ksilbo.co.kr/news/articleView.html?idxno=1060025,https://www.ksilbo.co.kr/news/articleView.html?idxno=1060025,2026-06-22
식당 예약,월드컵 특수는 옛말?…대구 상권 '썰렁',"동성로에서 치킨집을 운영하는 박모(56)씨는 ""경기가 오전 10시라 단체 예약이나 문의가 거의 없었다""며... 동성로에서 만난 직장인 김모(34)씨는 ""경기를 챙겨보긴 하지만 굳이 식당이나 술집에 모여 볼 생각은 없다""며... ",https://www.idaegu.co.kr/news/articleView.html?idxno=551614,https://www.idaegu.co.kr/news/articleView.html?idxno=551614,2026-06-21
식당 예약,"홍석천, 장사 서바이벌 등장에…""본업 셰프들인데 연예인은 좀"" 견제 ('...","조서형은 ""저희 매장은 15초면 예약이 마감된다""라고 밝혔다. 다음은 '일식 탑티어' 정호영으로, ""요리사를... '경상도 장사 괴물' 곽동훈은 ""부산에서 다양한 식당을 운영 중이다. 벌집껍데기를 만들어서 대박을 터뜨렸다... ",https://www.tvreport.co.kr/broadcast/article/1055639/,https://m.entertain.naver.com/article/213/0001391572,2026-06-21
식당 예약,BTS도 못 고친 병…관광객을 뜨내기로 보는 한국,"한 숙박 앱에선 평소 7만원대 모텔이 143만원을 부르는 일도 예사고, 이미 예약을 끝낸 손님에게 웃돈을 더... 관광지 한복판의 바가지 식당과 동네 단골 백반집을 견줘 보면 쉽다. 동네 백반집은 양을 속이면 당장 발길이... ",http://weekly.chosun.com/news/articleView.html?idxno=52717,https://n.news.naver.com/mnews/article/053/0000059339?sid=102,2026-06-21
식당 예약,"'독박투어' 김준호, '목 디스크'에도 폭포수 맞으며 ""정기 받아 아이 갖...","잠시 후, 식당 직원은 화려한 불쇼(?)와 함께 시즈닝 새우, 치킨, 비프 등을 내왔다. '독박즈'는 ""소스가... 3일 차 숙소는 유세윤이 예약한, 무려 '1인 1방'의 독채였다. 호텔급 럭셔리한 컨디션에 만족한 '독박즈'는 숙소비를... ",http://enews.imbc.com/News/RetrieveNewsInfo/508946,https://m.entertain.naver.com/article/408/0000312378,2026-06-21
식당 예약,"“골프에 파인다이닝, 뮤지컬” vs “라면에 OTT·쇼츠”…임금 격차가...","토요일 아침 일찍 교외 골프 라운딩이 예약돼 있고, 저녁에는 여자친구와 인당 15만원짜리 파인다이닝(고급 식당)에서 저녁식사를 한 뒤 대형 뮤지컬을 관람할 예정이다. 김씨가 주말 간 쓸 금액은 약 50만원. 그는... ",https://www.segye.com/newsView/20260619513994?OutUrl=naver,https://n.news.naver.com/mnews/article/022/0004136962?sid=101,2026-06-21
식당 예약,“여기서 10년 살 줄이야” 부부 월 생활비 550만원…삼성 ‘시니어 주...,"곳은 식당이었다. 혼자 생활이 가능한 노년층이 거주하는 타워동 건물 7층, 사계절이 통창으로 펼쳐지는... 삼성서울병원과 셔틀·예약이 연계돼, 한 입주민은 “일반인은 몇 달 걸리는 예약이 여기선 바로 된다”며... ",https://biz.heraldcorp.com/article/10782515?ref=naver,https://n.news.naver.com/mnews/article/016/0002659251?sid=101,2026-06-21
식당 예약,“삼성 가전 바꿨더니 온누리상품권이”…골목상권 소상공인 ‘반색’,이곳에는 안경점·카페·식당·세탁소·헬스장 등 총 15개의 디지털온누리 가맹점이 몰려있다. 출입문 등... 평일에도 예약이 이어질 정도로 문의가 많아 전 직원이 상담에 투입될 정도”라고 말했다. 온라인에서도 기간 내... ,https://www.kyeonggi.com/article/20260618580466,https://n.news.naver.com/mnews/article/666/0000111961?sid=101,2026-06-20
식당 예약,[주말&여행-경남 밀양 선샤인테마파크] 인도요가로 힐링하고 4D영상 짜릿...,"1층은 마켓, 2층은 식당이다. 옥상은 정원으로 계획되었지만 현재 출입 금지다. 2층 창밖으로 넓은 잔디광장이... 요가컬처타운의 프로그램은 예약(홈페이지나 전화)해야 한다. 요가체험 1만원, 풋 스파 1만원 등이 있다.... ",https://www.yeongnam.com/web/view.php?key=20260620022320967,https://www.yeongnam.com/web/view.php?key=20260620022320967,2026-06-20
식당 예약,MZ는 복날에 뭐 먹지? 마라·바질 넣은 이색 삼계탕[이설의 한입스토리...,닭이 다리를 꼰 모양의 ‘삼계바람떡’을 부모님 선물로 예약해 둔 것. 그는 “매년 초복에 가족과... 삼계탕 전문 식당과 마라탕 식당은 물론 중국집에서도 ‘삼계 짬뽕’ 같은 계절 메뉴를 선보이고 있다. 이국적... ,https://www.donga.com/news/Culture/article/all/20260619/134137501/1,https://n.news.naver.com/mnews/article/020/0003728174?sid=103,2026-06-20
식당 예약,[패트롤] 구리시-남양주시-안양시-양평군-하남시,또한 위조 명함을 활용해 지역 식당에 공무원 명의로 단체예약을 한 뒤 연락을 끊어버리는 이른바 '노쇼(No-show)' 피해 사례도 잇따르고 있다. 하남시는 공공기관의 계약 절차상 공무원이 민간 업체와 사적으로 직접 계약을... ,https://www.ekn.kr/web/view.php?key=20260619020435024,https://www.ekn.kr/web/view.php?key=20260619020435024,2026-06-19
식당 예약,아침부터 “짠!”…치킨집·포장마차 만석,"치킨집을 예약해 주셨다고 해서 다 같이 와서 이렇게 응원하러 나왔어요."" [홍유화 / 경기 수원시] ""오늘 회사 워크샵이라서 다 같이 축구 경기 보러 나왔습니다."" 경기 시작 시간에 맞춰 식당과 주점들도 조기 영업에... ",https://www.ichannela.com/news/main/news_detailPage.do?publishId=000000535467,https://n.news.naver.com/mnews/article/449/0000349829?sid=101,2026-06-19
식당 예약,길거리 대신 호텔·펍·쇼핑몰로…월드컵 '조조 응원' 新풍속도,"오비맥주 카스는 이날 서울 성수동 한 식당에서 ‘뷰잉펍’을 열어 예약한 축구 팬 200여 명과 함께 응원했다. 축구 해설가 서형욱이 현장에서 경기를 풀어줬고, 같은 날 이태원 등 다른 스포츠펍에서도 응원전이... ",https://www.hankyung.com/article/2026061974651,https://n.news.naver.com/mnews/article/015/0005300842?sid=102,2026-06-19
식당 예약,"하남시 ""물품대금 선납·대납은 없다""...공무원 사칭 범죄 지능화 주의...",피해 유형도 단순한 사무용품 납품을 가장한 접근부터 '자동차용품 공급' 등 실제 존재하는 행정 사업처럼 위장해 접근하는 방식과 위조 명함을 활용해 지역 식당에 공무원 명의로 단체 예약을 한 뒤 연락을 끊어버리는... ,https://www.newspim.com/news/view/20260619000779,https://www.newspim.com/news/view/20260619000779,2026-06-19
식당 예약,"""한번만 와도 남는 장사""…백화점 '외국인 멤버십' 혜택 봇물","현대백화점은 멤버십 가입자에게 식당 예약 지원과 통·번역 서비스, 모바일 기반 택스 리펀드 등 각종 편의 기능을 지원하고 있으며, 브랜드 연계 할인 등 쇼핑 혜택도 수시로 제공하고 있다. 신세계 본점 아웃도어... ",https://www.mediapen.com/news/view/1105448,https://www.mediapen.com/news/view/1105448,2026-06-19
식당 예약,"하남시, 가짜 품의서 동원한 공무원 사칭 범죄 주의",아울러 위조된 명함을 이용해 지역 식당에 공무원 명의로 가짜 단체 예약을 한 뒤 잠적하는 일명 '노쇼' 피해까지 속출하는 상황이다. 시는 공공기관의 정상적인 계약 절차상 공무원이 민간 업체와 사적으로 직접 계약을... ,http://www.enewstoday.co.kr/news/articleView.html?idxno=2440645,http://www.enewstoday.co.kr/news/articleView.html?idxno=2440645,2026-06-19
식당 예약,"[AT 현장] 붉게 물든 광화문, 편의점부터 치킨집까지 '월드컵 특수'","김씨는 ""오전 경기라 식당에 들어가기보다 간단히 먹을 수 있는 음식을 사러 왔다""며 ""광장에서 응원하면서... BBQ에 따르면 멕시코전 당일 서울 을지로입구점에는 기업별로 10~15명 규모의 단체 예약이 이어지며 총 110명이... ",https://www.asiatime.co.kr/article/20260619500290,https://www.asiatime.co.kr/article/20260619500290,2026-06-19
식당 예약,"[인터뷰]뉴욕 미슐랭부터 몰디브 리조트까지…신영민 셰프, 텍사스 미식...","뉴욕 '정식당'에서 수셰프로 근무하며 파인다이닝 경력을 쌓은 그는 최근 몰디브 Ananea Madivaru 리조트에서... 정식 오픈 이후 50석 규모 레스토랑이 연일 만석을 기록했고, 예약이 수용 인원을 초과해 오버부킹이... ",https://www.koreadaily.com/article/20260619000624692,https://www.koreadaily.com/article/20260619000624692,2026-06-19
식당 예약,'석패'에도 광화문부터 천동리까지 '붉은물결'…손흥민·김승규 고향 들...,"받은 식당들의 자영업자들이 함박웃음을 지었다. 광화문 인근의 한 치킨집에서 근무하는 이혜수 씨(30대·여)는 ""요새는 여름이라 바쁜 편인데도 손님이 거의 2~3배였다""며 ""예약이 먼저 차서 일반 손님을 많이 못 받았지만... ",https://www.news1.kr/society/incident-accident/6202682,https://n.news.naver.com/mnews/article/421/0009013494?sid=102,2026-06-19
식당 예약,"[위클리오늘] 하남시, ""공무원 사칭 범죄 주의보""... 시민 각별한 주의 ...","또한, 위조 명함을 활용해 지역 식당에 공무원 명의로 단체 예약을 한 뒤 연락을 끊어버리는 이른바 '노쇼(No-show)' 피해 사례도 잇따르고 있다. 하남시는 공공기관의 계약 절차상 공무원이 민간 업체와 사적으로 직접 계약을... ",http://www.weeklytoday.com/news/articleView.html?idxno=780908,http://www.weeklytoday.com/news/articleView.html?idxno=780908,2026-06-19
식당 예약,“대~한민국! 졌지만 잘 싸웠다”…광화문 점령한 1만8000명의 붉은악마...,"경기 시작 전부터 인근 식당과 치킨집, 카페 등에는 응원객들이 몰렸고 직장인들은 점심시간을 활용해 단체 응원에 나섰다. 일부 매장은 예약석이 모두 찰 정도로 특수를 누렸다.",https://www.segye.com/newsView/20260619510341?OutUrl=naver,https://n.news.naver.com/mnews/article/022/0004136755?sid=102,2026-06-19
식당 예약,"[월드컵] ""아쉽지만 잘 싸웠다""…전국 곳곳 뜨거운 응원 열기","왔던 식당을 다 같이 다시 찾았다""고 전했다. 강릉에서는 이날 강릉단오제가 열리고 있는 남대천 단오장 수리... 서울 중구 BBQ 을지로입구점은 기업별 단체 예약으로 110석 예약이 모두 찼고, 포장 주문도 치킨 40마리가... ",https://www.yna.co.kr/view/AKR20260619104000063?input=1195m,https://n.news.naver.com/mnews/article/001/0016148642?sid=104,2026-06-19
식당 예약,"주가 오르면 초밥, 내리면 편의점?…'코스피 9000시대' 속 직장인 김 대...",지수가 오르고 계좌 평가 이익이 늘어난 날에는 평소보다 가격대가 있는 식당을 고르는 경우가 많다. 직장인 밀집 지역에서는 증시가 좋은 날 일식집이나 고깃집 예약이 늘었다는 이야기도 나온다. 동료끼리 번갈아 점심을... ,https://www.wikitree.co.kr/articles/1142233,https://www.wikitree.co.kr/articles/1142233,2026-06-19
식당 예약,"[금주의 화성시] 화성특례시, 작가와 직접 만난다…독서문화 확산 프로...",올해부터는 이용객 안전 강화와 쾌적한 운영 환경 조성을 위해 예약제와 유료 입장 방식으로 전환된다.... 지역 식당으로 초청됐다. 참석자들은 '옛 전우와의 만남' 시간을 통해 서로 안부를 나누고 전쟁 당시 기억과... ,https://www.joongboo.com/news/articleView.html?idxno=363729012,https://www.joongboo.com/news/articleView.html?idxno=363729012,2026-06-19
식당 예약,'졌잘싸' 태극전사…덕분에 광화문 식당 '만석' 사장님 함박웃음(종합),"이날 19일 낮 12시 기준 소방 추산 약 2만 명이 광화문 광장에 모이면서 일대 식당과 술집은 조기 영업에 나서... 또 ""요새는 여름이라 바쁜 편인데도 손님이 거의 2~3배였다""며 ""예약이 먼저 차서 일반 손님을 많이 못... ",https://www.news1.kr/society/incident-accident/6202555,https://n.news.naver.com/mnews/article/421/0009013185?sid=104,2026-06-19
식당 예약,‘언더커버 셰프’ 5주 연속 동시간대 1위…샘 킴·권성준 활약 통했다...,현지 식당 메인 메뉴 등재라는 최종 미션을 수행한다. 지난 18일(목) 방송된 tvN 예능 프로그램 ‘언더커버... 그러나 전채 메뉴 식별 테스트를 통과한 후 단체 예약 고객의 애피타이저 조리를 전담했다. 스튜디오에서 이를... ,https://www.mk.co.kr/article/12078432,https://m.entertain.naver.com/article/410/0001129346,2026-06-19
식당 예약,BTS 부산 공연 외국인 관광객 소비 증가 효과는?,"(사진=빅히트뮤직, 하이브 제공) 대형 행사 때면 도를 한참 넘도록 치솟는 숙박 요금과 기존 예약도... 결제 상위 가맹점에는 국제시장 인근 약국과 남포동 노포 식당이 포함돼, 전통시장 내 먹거리와 생활용품 구매가... ",https://www.gukjenews.com/news/articleView.html?idxno=3612839,https://www.gukjenews.com/news/articleView.html?idxno=3612839,2026-06-19
식당 예약,"월드컵 멕시코전, 경기는 졌지만 응원은 뜨거웠다","BBQ는 자사 앱 주문 시간을 오전 8시로 앞당겼으며, 인근 식당들도 단체 응원을 하겠다는 예약이 몰리며 '월드컵 특수'를 누렸다. 그러나 후반 5분, 공중볼을 잡다 부딪힌 김승규 골키퍼의 실수로 루이스 로모에게 허탈한... ",https://www.straightnews.co.kr/news/articleView.html?idxno=305172,https://www.straightnews.co.kr/news/articleView.html?idxno=305172,2026-06-19
식당 예약,붉은 티셔츠 맞춰 입고 대형 스크린 명당 사수했지만...아쉬운 스코어,"조은주 사장은 ""오전에 문을 열어달라는 요청과 예약 문의 전화만 100통 넘게 쏟아졌다""며 ""전날 이미 만석이 됐는데, 현장을 찾았다가 발길을 돌린 손님들에게 미안할 따름""이라며 웃어 보였다. 광주 광산구의 한 식당을... ",https://www.insight.co.kr/news/559320,https://www.insight.co.kr/news/559320,2026-06-19
식당 예약,"""외국인을 잡아라""···백화점 3사, 전용 멤버십 경쟁","현대백화점은 이 멤버십을 통해 백화점을 찾은 외국인 고객에게 식당 예약 지원, 통·번역 서비스, 모바일 기반 택스 리펀드 등 각종 편의 기능을 제공한다. 또한 귀국 이후에도 현대백화점의 팝업스토어나 다양한 쇼핑... ",https://www.seoulfn.com/news/articleView.html?idxno=631515,https://www.seoulfn.com/news/articleView.html?idxno=631515,2026-06-19
식당 예약,"1차전 쉬었던 광주 상인들, 2차전은 오전부터 문 활짝","예약 손님 10여명으로 채워진 매장에선 흥분한 한 손님이 ""이번 경기 이기면 내가 다 쏘겠다!""고 외쳤고, 공... 1차전 닫았던 아쉬움 만회, 홈페이지 공지 띄우며 오픈 광주 광산구 수완지구에서 식당을 운영하는 최관순(42)... ",https://www.jnilbo.com/news/articleView.html?idxno=90000043746,https://www.jnilbo.com/news/articleView.html?idxno=90000043746,2026-06-19
식당 예약,"골프 관광, 이제 독주는 끝났다… 관광객은 골프장보다 여행지를 택했다","19일 골프 예약 플랫폼 엑스골프(XGOLF)가 발표한 2026년 상반기 국내 골프투어 예약 데이터에 따르면 충남... 골프장만 찾는 것이 아니라 숙소와 식당, 관광지와 자연경관까지 함께 소비하는 방식입니다. 강원 지역의 경우... ",https://www.jibs.co.kr/news/articles/articlesDetail/62568?feed=na,https://n.news.naver.com/mnews/article/661/0000078379?sid=101,2026-06-19
식당 예약,"""35억 건물, 어떻게 샀냐면""...'나폴리맛피아' 권성준 비화 공개",권 셰프가 흑백요리사에서 우승한 뒤 그가 서울 용산구에서 운영한 ‘비아 톨레도 파스타바’에 예약이 몰리면서 지난해 8월 식당 예약 및 웨이팅 앱 ‘캐치테이블’에 “현재 영업 중이나 캐치테이블 예약을 잠정... ,https://www.edaily.co.kr/news/newspath.asp?newsid=03824486645483360,https://n.news.naver.com/mnews/article/018/0006309771?sid=101,2026-06-19
식당 예약,광화문에만 1만6000명…체코전보다 더 ‘붉은 함성’,▶“아침에 누가 치킨 먹나 했는데”…여의도 식당가도 예약 만석=이른 아침부터 식당들도 분주했다. 자리를 빌려 단체 응원을 하겠단 예약이 몰리면서다. 여의도의 한 술집은 멕시코전은 물론 오는 25일 3차전 예약까지... ,https://biz.heraldcorp.com/article/10781761?ref=naver,https://n.news.naver.com/mnews/article/016/0002658868?sid=102,2026-06-19
식당 예약,"""예약마감 문자만 1500통""…'멕시코전' 광화문 사장님들 또 웃었다","광화문 광장 인근의 한 설렁탕집에서 일하는 조정숙 씨(40대·여)는 ""오늘은 지난주보다 사람이 더 많고 함성도 크다""며 ""우린 식사(하는 식당)라 예약 같은 건 없는 데도 확실히 함성이나 젊은 사람이 많다""고 했다. 광장... ",https://www.news1.kr/society/incident-accident/6202278,https://n.news.naver.com/mnews/article/421/0009012398?sid=102,2026-06-19
식당 예약,[르포] “팀장님 휴가에 팀원들도 응원 연차 냈어요” 체코전 보다 응원...,“아침에 누가 치킨 먹나 했는데”…여의도 식당가도 예약 만석 이른 아침부터 식당들도 분주했다. 자리를 빌려 단체 응원을 하겠단 예약이 몰리면서다. 여의도의 한 술집은 멕시코전은 물론 오는 25일 3차전 예약까지... ,https://biz.heraldcorp.com/article/10781585?ref=naver,https://n.news.naver.com/mnews/article/016/0002658748?sid=102,2026-06-19
식당 예약,"""자기야, 치킨 시켰어""… 월드컵 멕시코전 오전, 집관족이 움직였다","구내식당, 월차를 낸 가족의 안방으로 분산됐다. 과거 월드컵 응원이 늦은 밤 치킨과 맥주를 곁들인 '치맥' 중심이었다면 이번엔 배달치킨을 미리 예약하거나 전날 사둔 냉동치킨을 에어프라이어에 데워 먹는... ",https://www.newscj.com/news/articleView.html?idxno=3410471,https://www.newscj.com/news/articleView.html?idxno=3410471,2026-06-19
식당 예약,"샘 킴·정지선·권성준, 직원 식사 승부수로 '언더커버 셰프' 판도 바꿨...","tvN 예능 '언더커버 셰프'에서 위장 막내 3인방이 승급과 직원 식사 도전을 앞세워 현지 식당 주방 안에서... 그러나 전채 모둠 메뉴를 맞히는 깜짝 테스트를 무사히 통과하며 다시 신뢰를 회복했고, 곧이어 예약 손님 44명의... ",https://www.topstarnews.net/news/articleView.html?idxno=16101308,https://www.topstarnews.net/news/articleView.html?idxno=16101308,2026-06-19
식당 예약,‘언더커버 셰프’ 샘 킴 첫 승급,"지난 18일 방송된 tvN 예능 ‘언더커버 셰프’에서는 현지 식당에 잠입한 샘 킴, 정지선, 권성준의 도전기가... 나폴리의 권성준은 예약 손님 44명의 애피타이저를 단독으로 책임지며 존재감을 드러냈다. 주문 확인부터 조리... ",https://www.bntnews.co.kr/article/view/bnt202606190066,https://www.bntnews.co.kr/article/view/bnt202606190066,2026-06-19
식당 예약,"""부장님과 월드컵 오찬""…치맥 대신 브런치 특수도",김 씨는 “점심 무렵 ‘번개’로 축구를 보자는 이야기가 나왔다”며 “주변에서 중계를 해주는 식당을... 5배 늘어났다”며 “오는 25일 경기에는 대학 동아리의 요청으로 40~50명 통 대관 예약이 잡혔다”고 밝혔다.... ,https://www.edaily.co.kr/news/newspath.asp?newsid=02961846645483360,https://n.news.naver.com/mnews/article/018/0006309555?sid=102,2026-06-19
식당 예약,“네이버 리뷰가 곧 매출”…‘Npay 커넥트’ 써본 자영업자들 평가는,"한 식당에서 가맹점 대표들이 모였다. 현재 ‘Npay 커넥트’를 이용 중인 가맹점 대표들을 초대해 서비스... 결제를 넘어 예약과 리뷰, 고객 관리까지 하나의 플랫폼 안에서 활용할 수 있다는 점 때문이다. 김훈 ‘쌤쌤쌤’... ",https://economist.co.kr/article/view/ecn202606170054,https://n.news.naver.com/mnews/article/243/0000099330?sid=101,2026-06-19
식당 예약,"전자발찌까지 채운 연인 간 '진실 공방'…""성폭행이다 vs 아니다"" [실화...","심지어 이후 데이트를 위해 식당까지 예약해 두었으나 갑자기 경찰로부터 잠정조치 안내 문자를 받았으며, 경찰서에 출석한 뒤에야 자신이 강간 혐의 피의자가 되었다는 사실을 인지했다고 회상했다. 김 씨는 ""경찰에게... ",https://www.mydaily.co.kr/page/view/2026061906320907892,https://m.entertain.naver.com/article/117/0004076168,2026-06-19
식당 예약,농번기 시름 덜어주는 '효자 맛집'… 여수 서촌마을 '미향쌈밥뷔페' 눈...,"실장이 식당 문을 연 계기는 아들의 농사 덕분이었다. 조 실장은 18일 본지와 인터뷰에서 ""아들이 직접 3만 평... 효율적인 운영을 위해 주로 점심시간 위주로 영업하며, 저녁 시간에는 삼계탕이나 삼겹살 등 사전 예약... ",http://www.netongs.com/news/articleView.html?idxno=333628,http://www.netongs.com/news/articleView.html?idxno=333628,2026-06-19
웨이팅 노쇼,"“맛집도 선점 경쟁”...외식 플랫폼, 예약 넘어 웨이팅·결제까지 경쟁...",웨이팅과 실시간 수요 매칭 분야에 집중하고 있다. 최근 선보인 ‘빈자리 선점’ 기능은 이용자가 매장의 실시간 공석 현황을 확인하고 즉시 좌석을 확보할 수 있도록 한 서비스다. 매장 입장에서는 예약 취소나 노쇼(No... ,https://www.viva100.com/article/20260610500982,https://www.viva100.com/article/20260610500982,2026-06-10
키오스크 테이블오더,"구미 외식업 디지털 전환 속도…KT, 소상공인 맞춤 지원 나선다","최근 외식업계에서는 키오스크·테이블오더·무인결제 시스템 도입이 확산되면서 디지털 전환이 선택이 아닌 생존 전략으로 자리 잡고 있다. 남우현 외식업중앙회구미시지부 대표는 ""이번 협약이 회원업체들의 지속... ",https://www.kyongbuk.co.kr/news/articleView.html?idxno=4076614,https://www.kyongbuk.co.kr/news/articleView.html?idxno=4076614,2026-06-25
키오스크 테이블오더,"경기도, 가맹본부 거래강제행위 실태조사 착수…가맹점 비용부담 실태 ...","주문결제시스템(POS), 키오스크, 테이블오더, 서빙로봇 등 운영 설비와 관련한 계약 체결 과정에서 특정 업체 이용 강제 여부, 비용 부담 구조, 계약 해지 제한 및 위약금 부과 사례 등을 조사할 예정이다. 경기도는... ",https://www.shinailbo.co.kr/news/articleView.html?idxno=5033313,https://www.shinailbo.co.kr/news/articleView.html?idxno=5033313,2026-06-24
키오스크 테이블오더,아아 한 잔 사는 것도 ‘도전’…“87세 할머니도 배우는 게 즐거워”[...,‘디지털 환경’ 낯설고 두려운 노년 생활지원사 방문해 일대일 교육 태블릿으로 익힌 뒤 현장서 실전 테이블오더·키오스크 ‘차근차근’ “결제 못해서 아이스크림 지나쳐 한 번이라도 해보면 어렵지 않아” 삼성... ,https://www.khan.co.kr/article/202606232051005,https://n.news.naver.com/mnews/article/032/0003453878?sid=102,2026-06-23
키오스크 테이블오더,"(주)신신엠앤씨, 중소벤처기업부 벤처기업 혁신성장유형 인증 획득","신신앰엔씨는 카드단말기, POS, 키오스크, 테이블오더 등 결제 인프라 전반을 아우르는 통합 서비스 역량과 현장 중심의 운영 노하우, 가맹점 데이터 기반의 서비스 확장 가능성에서 높은 평가를 받은 것으로 보인다.... ",https://www.kdpress.co.kr/news/articleView.html?idxno=206351,https://www.kdpress.co.kr/news/articleView.html?idxno=206351,2026-06-23
키오스크 테이블오더,"유니코아, 인도네시아 국영 식량공사 '불록(BULOG)' 대표단 맞이","비즈페이와 페이젠은 카드단말기·포스(POS)·테이블오더·키오스크·앱결제를 음식점, 병원, 학원 등에 제공하며 가맹점 4만여개의 규모를 처리하고 있다. 와따는 전국 지사 및 가맹점 기반으로 음식 배달대행을... ",https://www.kdpress.co.kr/news/articleView.html?idxno=206350,https://www.kdpress.co.kr/news/articleView.html?idxno=206350,2026-06-23
키오스크 테이블오더,"경기도, 가맹본부 거래강제행위 실태조사 착수…불공정 관행 개선 추진","도는 수도권 가맹점사업자 400개소와 가맹본부를 대상으로 주문결제시스템, 키오스크, 테이블오더 등 부수 계약 과정에서 발생하는 비용 부담 실태를 조사한다고 밝혔다. 이번 조사는 특정 협력업체 이용 강제, 장비... ",https://www.jeonmae.co.kr/news/articleView.html?idxno=1267918,https://www.jeonmae.co.kr/news/articleView.html?idxno=1267918,2026-06-23
키오스크 테이블오더,[이상헌의 성공창업경제학] 소상공인 ‘순이익 10%’를 올리는 법,"또한 피크타임 중심으로 인력 배치를 최적화하고, 테이블 오더나 키오스크 등 디지털 도구를 적극적으로 도입해 단순 반복 업무에서 발생하는 인건비 누수를 방지하는 지혜가 필요하다. 이에 더해... ",https://wemakenews.co.kr/news/view.php?no=25547,https://wemakenews.co.kr/news/view.php?no=25547,2026-06-23
키오스크 테이블오더,"유니코아, 인도네시아 불록 대표단 초청…디지털 결제 시스템 운영 사례...","비즈페이와 페이젠은 카드단말기, 포스(POS), 테이블오더, 키오스크, 앱결제 등 다양한 결제 서비스를 음식점, 병원, 학원 등 여러 분야에 제공하고 있으며 약 4만여 개 가맹점을 기반으로 서비스를 운영하고 있다. 특히... ",https://www.itbiznews.com/news/articleView.html?idxno=217008,https://www.itbiznews.com/news/articleView.html?idxno=217008,2026-06-23
키오스크 테이블오더,"경기도, 가맹본부 거래강제행위 실태조사 착수…불공정 관행 개선","이번 조사는 가맹계약 체결 과정에서 가맹본부가 주문결제시스템, 키오스크, 테이블오더, 서빙로봇 등 가맹사업의 동일성 유지와 직접적인 관련이 적은 시설·물품을 특정 협력업체와 계약하도록 사실상 강제하는 관행을... ",http://www.intn.co.kr/news/articleView.html?idxno=2051448,http://www.intn.co.kr/news/articleView.html?idxno=2051448,2026-06-23
키오스크 테이블오더,"경기도, 가맹본부 거래강제행위 실태조사 착수","이번 조사는 가맹사업 운영 과정에서 주문결제시스템(POS), 키오스크, 테이블오더, 서빙로봇 등 각종 운영 장비 도입과 관련해 특정 협력업체 이용이 사실상 요구되고 있는지 여부를 확인하기 위해 마련됐다. 외식업계를... ",https://www.discoverynews.kr/news/articleView.html?idxno=1094081,https://www.discoverynews.kr/news/articleView.html?idxno=1094081,2026-06-22
키오스크 테이블오더,"경기도, 가맹본부 거래강제행위 실태조사 착수...강제 관행 파악","이번 조사는 가맹본부가 주문결제시스템, 키오스크, 테이블오더, 서빙로봇 등 가맹사업의 동일성 유지와 직접적인 관련이 적은 시설·물품을 특정 협력업체와 계약하도록 사실상 강제하는 관행을 파악하기 위해 추진된다.... ",https://www.getnews.co.kr/news/articleView.html?idxno=873009,https://www.getnews.co.kr/news/articleView.html?idxno=873009,2026-06-22
키오스크 테이블오더,"경기도, 가맹본부 '거래강제행위' 실태조사 착수","이번 조사는 가맹계약 체결 과정에서 가맹본부가 주문결제시스템(POS), 키오스크, 테이블오더, 서빙로봇 등 가맹사업의 동일성 유지와 직접적인 관련이 적은 시설·물품에 대해 특정 협력업체와의 계약을 사실상 강제하는... ",http://www.econonews.co.kr/news/articleView.html?idxno=440030,http://www.econonews.co.kr/news/articleView.html?idxno=440030,2026-06-22
키오스크 테이블오더,"[위클리오늘] 경기도, 가맹본부 거래강제행위 실태조사 착수…가맹점주...","이번 조사는 가맹계약 체결 과정에서 가맹본부가 주문결제시스템, 키오스크, 테이블오더, 서빙로봇 등 가맹사업의 동일성 유지와 직접적인 관련이 적은 시설·물품을 특정 협력업체와 계약하도록 사실상 강제하는 관행을... ",http://www.weeklytoday.com/news/articleView.html?idxno=781229,http://www.weeklytoday.com/news/articleView.html?idxno=781229,2026-06-22
키오스크 테이블오더,"경기도, 필요없는 '서빙로봇' 등 구입 강요 갑질 조사...""수도권 가맹사...","오는 11월까지 하는 이번 조사는 가맹본부가 주문결제시스템, 키오스크, 테이블오더, 서빙로봇 등 가맹사업과 직접적인 관련이 적은 시설·물품을 특정 업체에서 구입하도록 강제하는 관행을 파악하기 위한 목적이라고... ",https://www.gukjenews.com/news/articleView.html?idxno=3614579,https://www.gukjenews.com/news/articleView.html?idxno=3614579,2026-06-22
키오스크 테이블오더,"경기도, 가맹본부 거래강제행위 실태조사…불공정 관행 뿌리뽑는다","이번 조사는 가맹계약 체결 과정에서 가맹본부가 주문결제시스템, 키오스크, 테이블오더, 서빙로봇 등 가맹사업의 동일성 유지와 직접적인 관련이 적은 시설·물품을 특정 협력업체와 계약하도록 사실상 강제하는 관행을... ",https://view.asiae.co.kr/article/2026062216065870368,https://n.news.naver.com/mnews/article/277/0005779783?sid=102,2026-06-22
키오스크 테이블오더,"강원인재원, 찾아가는 AI 문해교실 운영","도내 65개 학습장을 대상으로 모두 88차례 운영하며 1,100여 명의 문해 학습자가 참여합니다. 프로그램은 병원 키오스크와 버스 예매, 테이블 오더 실습 등 실생활 중심의 디지털 체험 교육으로 진행됩니다.",https://www.g1tv.co.kr/news?mid=1_207_6&newsid=344927,https://www.g1tv.co.kr/news?mid=1_207_6&newsid=344927,2026-06-20
키오스크 테이블오더,"[여론 속의 여론] 국민 10명 중 9명 ""오프라인 간편결제 해봤다""… 고령...",키오스크 57% vs. 테이블오더 54%)과 금액대(소액 51% vs. 고액 48%) 간 차이는 상대적으로 작다. 오프라인 간편결제 사용 시 번거로움은 결제 순간보다 결제 전 준비 과정에서 주로 발생한다. 번거롭다고 느끼는 때를 최대... ,https://www.hankookilbo.com/news/article/A2026061621380005463?did=NA,https://n.news.naver.com/mnews/article/469/0000937553?sid=103,2026-06-20
키오스크 테이블오더,"[위클리오늘] 강원인재원장, '찾아가는 AI 디지털 문해교실' 현장방문","프로그램은 병원 키오스크, 버스 예매, 테이블오더 실습, 모바일 금융 및 ATM 이용, 온라인 공공서비스 활용 등 실생활 중심의 디지털 체험교육으로 진행되며, 교육 종료 후에는 포토부스를 활용해 이수증을 직접 출력해... ",http://www.weeklytoday.com/news/articleView.html?idxno=780940,http://www.weeklytoday.com/news/articleView.html?idxno=780940,2026-06-19
키오스크 테이블오더,"코보시스, 주문 이후 고객 관리까지 지원하는 '바로더 앱' 신규 론칭","관계자에 따르면 바로더는 키오스크, POS, 테이블오더, QR오더 등 매장 운영에 필요한 주문·결제 환경과 매장 관리 기능을 함께 제공하는 매장 통합운영 솔루션이다. 이번에 새롭게 선보인 '바로더 앱'은 모바일 주문 기능에... ",http://www.sisunnews.co.kr/news/articleView.html?idxno=240913,http://www.sisunnews.co.kr/news/articleView.html?idxno=240913,2026-06-19
키오스크 테이블오더,"""키오스크 어렵지 않아요"".. 강원도, AI·디지털 문해교실 진행","프로그램은 병원 키오스크 이용과 버스 예매, 테이블오더, 모바일 금융과 ATM 사용, 온라인 공공서비스 활용 등 실생활 중심의디지털 체험교육으로 구성됐습니다. 특히 키오스크와 디지털 기기를반복적으로 체험하도록... ",https://chmbc.co.kr/article/95fl3a9y2hjj77p,https://chmbc.co.kr/article/95fl3a9y2hjj77p,2026-06-19
키오스크 테이블오더,"생활AI 활용·ATM·디지털문해, 찾아가서 가르쳐준다","프로그램은 병원 키오스크, 버스 예매, 테이블오더 실습, 모바일 금융 및 ATM 이용, 온라인 공공서비스 활용 등 실생활 중심의 디지털 체험교육으로 진행되며, 교육 종료 후에는 포토부스를 활용해 이수증을 직접 출력해... ",https://biz.heraldcorp.com/article/10781683?ref=naver,https://n.news.naver.com/mnews/article/016/0002658814?sid=102,2026-06-19
키오스크 테이블오더,"광안리어방축제 먹거리마당, QR 테이블오더로 운영","큐픽오더는 별도 앱 설치나 키오스크 없이 QR코드를 통해 주문과 결제, 매출 관리를 처리하는 방식이다. 관람객은 테이블에 부착된 QR코드를 스마트폰으로 인식한 뒤 메뉴를 선택하고 결제까지 진행할 수 있다. 접수된... ",https://www.vegannews.co.kr/news/article.html?no=383355,https://www.vegannews.co.kr/news/article.html?no=383355,2026-06-16
키오스크 테이블오더,"담양군, '로컬 르네상스' 추진…원도심을 새로운 복합문화 상권으로 조...","담양군은 담양중앙 골목형상점가를 중심으로 온누리상품권 사용이 가능한 상권을 확대하고 있으며, 키오스크와 테이블오더 등 스마트 상점 도입을 지원하고 있다. 또 전남 공공배달앱과 연계한 할인 행사와 모바일... ",https://www.pressian.com/pages/articles/2026061609354652931?utm_source=naver&utm_medium=search,https://n.news.naver.com/mnews/article/002/0002445143?sid=102,2026-06-16
키오스크 테이블오더,제주 관광업계 '키오스크·서빙로봇' 도입 지원…최대 700만원,"지원 한도는 키오스크·청소로봇·서빙로봇의 경우 최대 700만원, 테이블오더와 기타 소형기기는 최대 250만원까지다. 사업 공고문과 신청서류는 제주관광협회 홈페이지에서 확인할 수 있으며, 신청은 협회 방문 또는... ",https://www.headlinejeju.co.kr/news/articleView.html?idxno=594478,https://www.headlinejeju.co.kr/news/articleView.html?idxno=594478,2026-06-15
키오스크 테이블오더,제주 관광업체 키오스크·서빙로봇 구입비 지원,"선정된 업체에는 키오스크, 서빙로봇, 청소로봇, 테이블오더 등 디지털 장비 구매비의 50%가 보조금으로 지원된다. 지원 한도는 키오스크와 청소로봇, 서빙로봇의 경우 최대 700만원이다. 테이블오더와 기타 소형기기는... ",https://www.jemin.com/news/articleView.html?idxno=838917,https://www.jemin.com/news/articleView.html?idxno=838917,2026-06-15
키오스크 테이블오더,"퀵클 '큐픽오더', 제24회 광안리어방축제 먹거리 현장에 QR 테이블오더 ...","운영 솔루션 전문 기업 퀵클(QUICKCLE)이 선보인 큐픽오더는 별도 앱 설치나 고가 키오스크 없이 QR코드... 이번 축제에서는 먹거리 부스 약 10개 업체에 큐픽오더가 도입됐다. 각 테이블에는 QR 스티커가 부착됐고, 방문객은... ",https://www.woodkorea.co.kr/news/articleView.html?idxno=89839,https://www.woodkorea.co.kr/news/articleView.html?idxno=89839,2026-06-15
키오스크 테이블오더,"카드 단말기에서 키오스크까지, 사람을 남긴 기술 이야기 - 태영제이에...","카드 단말기와 포스 시스템 설치·관리 업무에서 확장해 키오스크, 테이블오더, 서빙 로봇, 판매비 렌탈 등으로 영역을 넓히고 있다. 서빙 로봇은 직접 제조하는 건 아니고 협업 업체와 함께 공급한다. 또 소상공인 매장들이... ",https://www.handmk.com/news/articleView.html?idxno=40267,https://www.handmk.com/news/articleView.html?idxno=40267,2026-06-13
키오스크 테이블오더,-417- 무인 매장은 새로운 경제 흐름,"카페에서 주문하기 위해 줄을 서는 대신 스마트폰으로 미리 주문하고, 식당에서는 직원 대신 테이블 오더... 또한, 디지털 기기에 익숙하지 않은 고령층에게는 키오스크와 셀프 결제가 오히려 큰 장벽이 되면서 소외감을... ",http://www.ujeil.com/news/articleView.html?idxno=387027,http://www.ujeil.com/news/articleView.html?idxno=387027,2026-06-10
키오스크 테이블오더,"만화카페 브랜드 심심푸리, 예비 창업주 대상 전국 가맹점 확대 실시",이후에는 매장 운영 효율화를 위한 인건비 절감 시스템을 지원한다. 구체적으로는 가맹점주의 조리 부담을 낮추는 원팩 시스템을 비롯해 키오스크 및 테이블 오더 기기를 도입해 무인화·자동화 운영 환경을 제공하고 있다.,https://www.kbsm.net/news/view.php?idx=522550,https://www.kbsm.net/news/view.php?idx=522550,2026-06-10
키오스크 테이블오더,"CEO포털, 베스트프렌드·대한소상공인진흥회와 3자 MOU 체결…유통·네트...","CEO포털은 세무기장, 노무자문, 법률상담, 네이버광고, 셀프마케팅, 전문가마케팅, CCTV, 테이블오더, 포스키오스크, 경비절감 등 소상공인의 일상적인 경영 고민을 원스톱으로 해결하는 종합 플랫폼이다. 현재 전국 3... ",https://www.gosiweek.com/article/1065580073544010,https://www.gosiweek.com/article/1065580073544010,2026-06-10
키오스크 테이블오더,"대한가맹거래사협회, ""공정위 필수품목 기재 실태점검 환영… 단 형식적...","실제로 POS, 키오스크, 테이블오더, 서빙로봇, 주문·정산 프로그램, 유지보수 서비스 등은 계약서상 별도 계약 또는 권장사항으로 분류되더라도 본부 시스템 연동이나 개점 승인, 사후관리 등을 이유로 특정 업체 이용이... ",https://www.shinailbo.co.kr/news/articleView.html?idxno=5028861,https://www.shinailbo.co.kr/news/articleView.html?idxno=5028861,2026-06-10
키오스크 테이블오더,간편결제 3사 오프라인 격돌,"직접 단말기를 깔기보다 판매정보시스템(POS)이나 키오스크, 부가가치통신망(VAN) 업체와 손잡고 QR 주문·결제 서비스를 확대하고 있다. QR 기반 테이블오더·결제 서비스인 ‘춘식이QR’은 약 3000개 매장에 도입됐다.... ",https://www.seoul.co.kr/news/economy/finance/2026/06/10/20260610032002?wlog_tag3=naver,https://n.news.naver.com/mnews/article/081/0003651097?sid=101,2026-06-10
키오스크 테이블오더,"토스는 얼굴, 네이버는 단말기, 카카오는 QR… 오프라인으로 번진 간편...","직접 단말기를 깔기보다 판매정보시스템(POS)이나 키오스크, 부가가치통신망(VAN) 업체와 손잡고 QR 주문·결제 서비스를 확대하고 있다. QR 기반 테이블오더·결제 서비스인 ‘춘식이QR’은 약 3000개 매장에 도입됐다.... ",https://www.seoul.co.kr/news/economy/2026/06/09/20260609500248?wlog_tag3=naver,https://n.news.naver.com/mnews/article/081/0003650973?sid=101,2026-06-09
키오스크 테이블오더,[컬처슬로건 탐방기] 페이히어 고객 ‘집착’,"키오스크와 테이블오더, 웨이팅, 고객 관리, 주방 디스플레이(KDS)까지, 매장마다 흩어져 있던 기능을 하나로 묶었습니다. 주문·결제·예약·정산이 한 시스템에서 해결되니 여러 업체와 따로 계약할 필요가 없어졌습니다.... ",https://www.venturesquare.net/1089964/,https://www.venturesquare.net/1089964/,2026-06-09
키오스크 테이블오더,"페이히어, 온오프 통합 관리 환경 구축","뷰티, 교육, 스포츠, 병의원 등 업종별로 세분화했다. 이후 키오스크, 테이블 오더, 웨이팅, 고객 관리, KDS, DID 등 매장 내 서비스를 통합한 플랫폼으로 확장했다. 2026년 6월 기준 전국 8만8000개 이상 매장에서 사용 중이다.",http://www.hansbiz.co.kr/news/articleView.html?idxno=842881,http://www.hansbiz.co.kr/news/articleView.html?idxno=842881,2026-06-09
키오스크 테이블오더,"페이히어, 매장에 필요한 모든 것을 하나로",포스·키오스크·테이블오더·웨이팅·KDS·고객관리 같은 필요한 기능은 포스 화면에서 서비스형 소프트웨어(SaaS)처럼 골라 구독할 수 있다. 언제든지 무선 카드 단말기... ,https://www.venturesquare.net/1089639/,https://www.venturesquare.net/1089639/,2026-06-08
키오스크 테이블오더,"부평구, 소상공인 경영환경 개선 지원사업 추진","선정된 업체에는 점포 내외부 시설 개선, 인테리어 정비 등 환경 개선 비용이나 키오스크, 테이블오더 등 스마트기기 설치 비용을 업체당 최대 100만 원까지 지원한다. 신청은 선착순으로 접수하며, 참여를 원하는... ",https://www.jeonmae.co.kr/news/articleView.html?idxno=1262968,https://www.jeonmae.co.kr/news/articleView.html?idxno=1262968,2026-06-08
키오스크 테이블오더,"부평구, 소상공인 경영환경 개선사업 참여업체 모집","선정된 업체에는 점포 내외부 인테리어 등 설비 개선이나 키오스크, 테이블오더 등 스마트기기 설치 비용으로 최대 100만원까지 지원된다. 지원 대상에서 제외되는 업체는 소상공인정책자금 지원 제외 업종, 사치·향락적... ",https://www.gukjenews.com/news/articleView.html?idxno=3601467,https://www.gukjenews.com/news/articleView.html?idxno=3601467,2026-06-06
키오스크 테이블오더,"인천 부평구, 소상공인 경영환경 개선 지원사업 참여업체 모집","선정된 업체에는 점포 내·외부 인테리어 개선 등 시설 환경 개선 비용이나 키오스크, 테이블오더 등 스마트기기 설치 비용이 업체당 최대 100만 원까지 지원된다. 신청은 선착순으로 마감되며, 참여를 희망하는... ",https://kpenews.com/View.aspx?No=4102417,https://kpenews.com/View.aspx?No=4102417,2026-06-05
키오스크 테이블오더,"인천 부평구, 소상공인 점포 개선·스마트기기 도입에 최대 100만 원 지...","선정된 업체는 점포 내·외부 인테리어 개선, 설비 보강뿐만 아니라 키오스크, 테이블 오더 등 스마트기기 설치 비용을 지원받을 수 있다. 구는 이번 사업을 통해 노후 점포의 환경을 개선하고 스마트 기술을 도입함으로써... ",https://www.greened.kr/news/articleView.html?idxno=341973,https://www.greened.kr/news/articleView.html?idxno=341973,2026-06-05
키오스크 테이블오더,"부평구, 소상공인 경영환경 개선 참여업체 모집",구는 선정된 업체를 대상으로 점포 내·외부 인테리어 등 설비 개선 비용 또는 키오스크·테이블오더 등 스마트기기 설치 비용을 업체당 최대 100만 원까지 지원할 예정이다. 구비 서류 등 자세한 사항은 부평구청... ,https://www.discoverynews.kr/news/articleView.html?idxno=1092711,https://www.discoverynews.kr/news/articleView.html?idxno=1092711,2026-06-05
키오스크 테이블오더,"부평구, 소상공인 경영 부담 던다…점포 환경개선 지원 나서","선정된 업체에는 점포 내·외부 인테리어 개선을 비롯해 키오스크, 테이블오더 등 스마트기기 설치 비용을 업체당 최대 100만 원까지 지원한다. 이를 통해 소상공인의 영업환경 개선과 디지털 전환을 지원하고 고객 편의성... ",http://www.newstown.co.kr/news/articleView.html?idxno=705315,http://www.newstown.co.kr/news/articleView.html?idxno=705315,2026-06-05
키오스크 테이블오더,"부평구, 소상공인 경영환경 개선 지원…업체당 최대 100만원","지원 내용은 점포 내·외부 인테리어와 간판, 진열대 등 시설 개선 비용을 비롯해 키오스크와 테이블오더 등 스마트기기 설치 비용이다. 선정된 업체에는 업체당 최대 100만원까지 지원금이 지급된다. 다만 소상공인... ",https://www.m-i.kr/news/articleView.html?idxno=1378947,https://www.m-i.kr/news/articleView.html?idxno=1378947,2026-06-05
키오스크 테이블오더,"부평구, 소상공인 점포 개선에 최대 100만 원 지원","선정된 업체에는 점포 내외부 인테리어 개선이나 키오스크, 테이블오더 등 스마트기기 설치 비용을 최대 100만 원까지 지원합니다. 참여를 원하는 업체는 부평구청 경제지원과를 방문하거나 전자우편으로 신청 서류를... ",https://www.obsnews.co.kr/news/articleView.html?idxno=1526523,https://www.obsnews.co.kr/news/articleView.html?idxno=1526523,2026-06-05
키오스크 테이블오더,"이현상 공인회계사의 골목장사 오너솔루션 - ""구월동 도심 속 힐링 공간...",그래서 요즘 트렌드인 뭐 키오스크나 뭐 이런 테이블 오더 같은 것들을 사용하시는 것도 필요하지만 아무래도 아르바이트생이 한두 명은 저녁 시간대나 주말에 쓸 수밖에 없는데 그렇게 되면은 아무래도 뭐 한 200만 원... ,https://news.ifm.kr/news/articleView.html?idxno=472250,https://news.ifm.kr/news/articleView.html?idxno=472250,2026-06-04
키오스크 테이블오더,"포스뱅크, 컴퓨텍스 2026서 '팀봇' 공개…AI·로봇 사업 본격화","가능한 키오스크 ‘매직 K’, 무선 설치가 가능한 테이블오더 시스템 ‘파이’, 주방 환경에 최적화된 ‘KDS(주방 디스플레이 시스템)’ 등이다. 특히 이번 전시의 핵심은 자율주행 서빙 로봇 ‘팀봇’이다.... ",https://www.edaily.co.kr/news/newspath.asp?newsid=04070486645477784,https://n.news.naver.com/mnews/article/018/0006296072?sid=101,2026-06-02
키오스크 테이블오더,"""유선 시너지 못 찾았다""…LGU+, 테이블오더 '철수'하고 AI '집중'",LG유플러스가 다음 달 테이블오더 사업을 접는다. '터줏대감' 티오더와 '유선 강자' KT 간 경쟁 구도가... LG유플러스는 지난해 3월 'U+AI예약'과 'U+웨이팅' 서비스를 종료했고 그해 12월 'U+포스'와 'U+키오스크... ,https://www.mt.co.kr/tech/2026/06/02/2026060112190849550,https://n.news.naver.com/mnews/article/008/0005365725?sid=105,2026-06-01
키오스크 테이블오더,"코보시스, '바로더 POS' 구매 고객에 네이버커넥트·QR오더 0원 혜택 프...","바로더 POS는 테이블오더, 키오스크를 하나의 시스템으로 연동해 주문과 결제를 통합 관리할 수 있는 것이 특징이다. 금액, 인원, 상품 등에 따른 맞춤형 분할결제와 다양한 결제수단을 지원해 매장 결제 운영 효율을... ",http://www.ikoreanspirit.com/news/articleView.html?idxno=85584,http://www.ikoreanspirit.com/news/articleView.html?idxno=85584,2026-05-29
키오스크 테이블오더,[벼랑끝 소상공인]③ 함영주 하나금융의 한 발 앞선 포용금융,"여기에 AI CCTV, 키오스크, 테이블·QR 오더 시스템 도입 비용을 나눠 부담하면서 인건비 의존도를 낮추는 디지털 전환 지원도 포함된다. 함영주 하나금융 회장이 그룹 차원의 ESG 전략에서 ""골목상권과 함께 가는 디지털... ",https://www.newsclaim.co.kr/news/articleView.html?idxno=3064716,https://www.newsclaim.co.kr/news/articleView.html?idxno=3064716,2026-05-27
키오스크 테이블오더,[벼랑끝 소상공인]② 금융권 골목상권 뚫는 '매장·고금리' 맞춤 금융,"인건비 부담을 줄이기 위한 디지털 전환 기기 지원 역시 AI CCTV, 키오스크, 테이블·QR 오더 시스템 도입 비용을 매칭 지원하여 점포의 손익분기점을 낮추는 인프라 개조 작업을 주도하고 있다. 여기에 다른 대형 은행들이... ",https://www.newsclaim.co.kr/news/articleView.html?idxno=3064709,https://www.newsclaim.co.kr/news/articleView.html?idxno=3064709,2026-05-27
프랜차이즈,"조직안정화 힘 싣는 장병규 크래프톤 의장 ""오진호 CGPO 결정 존중, 감사...","장태석 펍지(PUBG) 지식재산권(IP) 프랜차이즈 총괄이 후임을 맡았다. 장태석 총괄은 배틀그라운드 개발 초기단계부터 함께해 온 원년 멤버로, 개발 프로듀서와 아트 디렉터, 총괄 프로듀서, 스튜디오 총괄 등을... ",https://www.techm.kr/news/articleView.html?idxno=152907,https://www.techm.kr/news/articleView.html?idxno=152907,2026-06-25
프랜차이즈,[유통가 오늘] CJ프레시웨이ㆍ동원F&BㆍLFㆍ하이트진로,"<편집자주> CJ프레시웨이, 프랜차이즈 맞춤형 상품 R&D 역량 강화 CJ프레시웨이가 R&D센터를 중심으로 외식 프랜차이즈 맞춤형 상품 개발 역량을 강화하고 있다고 25일 밝혔다. CJ프레시웨이가 지난 2023년 6월 R&D센터 출범... ",https://www.cnbnews.com/news/articleView.html?idxno=1005848,https://www.cnbnews.com/news/articleView.html?idxno=1005848,2026-06-25
프랜차이즈,[영웅 기억하는 기업들] 유통·식품업계 6월 달군 '보훈 동행',치킨 프랜차이즈 제너시스BBQ 그룹도 24일 경기도 파주시에 위치한 백마부대 임진강대대를 방문해 강안경계부대 근무 모범 장병 50명을 대상으로 '찾아가는 치킨릴레이'를 진행했다. 이번 활동은 임진강대대에서... ,http://www.00news.co.kr/news/articleView.html?idxno=104714,http://www.00news.co.kr/news/articleView.html?idxno=104714,2026-06-25
프랜차이즈,"액션 판타지 '미녀 데몬 킬러', 25일 TVING 공개","대형 스튜디오와 프랜차이즈 작품들이 시장을 주도하는 영화 산업에서 독립영화가 경쟁력을 갖추기란 쉽지 않다. 미녀 데몬 킬러는 액션, 판타지, 호러, 무술 요소를 결합한 장르 영화다. 이는 국내 시장에서 여러... ",https://www.sportsworldi.com/newsView/20260625515804,https://m.entertain.naver.com/article/396/0000747853,2026-06-25
프랜차이즈,"""경기는 졌지만""…월드컵 특수에 편의점·치킨업계 '활짝'",25일 유통업계에 따르면 편의점과 치킨 프랜차이즈들은 한국 대표팀 경기마다 확인된 매출 상승세가 남아공전에서도 이어질 것으로 보고 다양한 프로모션을 진행했다. 실제로 지난 19일 열린 멕시코전 당시 CU는 광화문... ,https://www.namdonews.com/news/articleView.html?idxno=914812,https://www.namdonews.com/news/articleView.html?idxno=914812,2026-06-25
프랜차이즈,"마케팅 비용 73억, 점주들에 일부 분담하란 컴포즈커피…“추가 고정비...",커피 프랜차이즈 시장이 스타 마케팅 경쟁에 수십억원을 쏟아붓는 가운데 컴포즈커피가 그룹 BTS 멤버... 업계에 따르면 국내 주요 저가 커피 프랜차이즈 5개사(메가MGC커피·컴포즈커피·매머드커피·빽다방·더벤티)의... ,https://www.mk.co.kr/article/12083102,https://n.news.naver.com/mnews/article/009/0005698792?sid=103,2026-06-25
프랜차이즈,동네 가게도 '디지털 점포' 시대…광주은행·토스플레이스 협력,"과거에는 대형 프랜차이즈 중심으로 활용되던 포스(POS)와 매출관리 시스템이 동네 상권으로 확산되면서 결제부터 매장 운영, 금융 서비스까지 하나로 연결하는 이른바 '디지털 점포' 구축이 새로운 경쟁력으로 떠오르고... ",https://www.e-science.co.kr/news/articleView.html?idxno=131005,https://www.e-science.co.kr/news/articleView.html?idxno=131005,2026-06-25
프랜차이즈,[유통/식음료] 롯데칠성 재생페트 확대 / CJ프레시웨이 R&D 강화 / hy 프로...,"◼︎ CJ프레시웨이, 외식 맞춤형 상품 개발 강화 CJ프레시웨이가 R&D센터를 중심으로 외식 프랜차이즈 맞춤형 상품 개발을 확대하고 있다고 25일 밝혔다. 지난 3년간 신제품 800여 종을 개발했으며, 전용 소스와... ",https://www.webeconomy.co.kr/news/articleView.html?idxno=2212180,https://www.webeconomy.co.kr/news/articleView.html?idxno=2212180,2026-06-25
프랜차이즈,“침 뱉은 음식 먹고 헤르페스”… 美 패스트푸드점 ‘위생 테러’,"최근 뉴욕포스트, 폭스뉴스 등 현지 보도에 따르면, 현지 경찰은 패스트푸드 프랜차이즈 ‘아비스(Arby‘s)’ 매장에서 매니저로 근무했던 아만다 헨드릭스의 체포영장을 신청했다. 그는 상해를 입힐 의도로 음식에 독성... ",https://www.donga.com/news/Inter/article/all/20260625/134182749/2,https://n.news.naver.com/mnews/article/020/0003729472?sid=104,2026-06-25
프랜차이즈,"[유통24시] 이마트, PL브랜드 페스타 개최 外","◆CJ프레시웨이, 맞춤형 상품 개발 강화 CJ프레시웨이가 R&D센터를 중심으로 외식 프랜차이즈 맞춤형 상품 개발 역량을 강화하고 있다. 2023년 R&D센터 출범 이후 약 3년간 맞춤형 상품 800여종을 출시했으며, 관련 매출은... ",https://news.dealsitetv.com/articles/172403,https://news.dealsitetv.com/articles/172403,2026-06-25
프랜차이즈,"외식 프랜차이즈 직화장인, 선착순 10호점 대상 가맹 혜택 지원","특히 프랜차이즈 창업의 경우 본사의 지원 체계와 교육 시스템, 운영 노하우 등이 점포 운영에 영향을 미치는 요소로 꼽힌다. 직화장인 관계자는 ""이번 선착순 10호점 특별 지원은 예비 창업자들의 초기 비용 부담을 줄이고... ",https://www.woodkorea.co.kr/news/articleView.html?idxno=90020,https://www.woodkorea.co.kr/news/articleView.html?idxno=90020,2026-06-25
프랜차이즈,"‘마티 슈프림’·‘호프’·‘스파이더맨’ 등, 7월 극장가 달굴 개봉...",◆미니언들의 좌충우돌 신작 ‘미니언즈 & 몬스터즈’ 흥행 프랜차이즈 ‘미니언즈’ 시리즈가 세 번째 스핀오프 ‘미니언즈 & 몬스터즈’로 돌아온다. 이번 작품은 영화감독을 꿈꾸는 미니언들이 진짜 몬스터를 찾아... ,http://www.celuvmedia.com/article.php?aid=1782371571522894011,http://www.celuvmedia.com/article.php?aid=1782371571522894011,2026-06-25
프랜차이즈,"노브랜드 버거, 북중미 콘셉트 통했다⋯출시 2주 만에 누적 10만개 판매","한편, 노브랜드 버거는 신세계푸드가 2019년 선보인 버거 프랜차이즈로, 특유의 가성비를 앞세워 빠르게 외형을 키워왔다. 최근에는 소규모 창업이 가능한 '콤팩트' 가맹 모델을 확대하며 출점에 속도를 내고 있으며, 현재... ",http://www.inews24.com/view/1979762,https://n.news.naver.com/mnews/article/031/0001037665?sid=101,2026-06-25
프랜차이즈,“햄버거집에서 알바해야돼”…밈주식 개미 결집에 웬디스 25% 급등,미국 햄버거 프랜차이즈 웬디스의 주가가 개인투자자들의 결집으로 25% 급등했다. 24일(현지시간) 나스닥에서 웬디스는 전 거래일보다 25.66% 상승한 7.86달러에 마감했다. 이날 전까지 웬디스는 올해 25% 하락하는 등... ,https://www.mk.co.kr/article/12083070,https://n.news.naver.com/mnews/article/009/0005698775?sid=101,2026-06-25
프랜차이즈,"GTA 6 예약 주문 시작, 스탠다드 에디션 89,800원에 11월 19일 출시","GTA 시리즈는 전 세계에서 가장 성공적인 게임 프랜차이즈 중 하나로 평가받고 있으며, 투자자들은 GTA 6가 출시 직후 수십억 달러 규모의 매출을 기록할 것으로 기대하고 있다. 실제로 발표 직후 모회사인 테이크투... ",https://news.appstory.co.kr/daily19275,https://news.appstory.co.kr/daily19275,2026-06-25
프랜차이즈,“헤르페스 걸린 직원이 내 샌드위치에 침 뱉어”…미국서 프랜차이즈...,게티이미지뱅크 미국에서 유명 프랜차이즈 식당의 직원이 자신의 음식에 일부러 침을 뱉어 헤르페스 바이러스(HSV-1)에 감염됐다는 민사 소송이 제기됐다. 23일 뉴욕포스트 등에 따르면 오클라호마주의 프랜차이즈... ,https://www.munhwa.com/article/11598281?ref=naver,https://n.news.naver.com/mnews/article/021/0002800380?sid=104,2026-06-25
프랜차이즈,"롯데, '본원적 경쟁력 회복' 시동...식품 해외 성장·유통 구조조정으로...",롯데GRS의 경쟁력은 단순 프랜차이즈 확장보다 브랜드별 수익성 관리에 있다. 엔제리너스와 크리스피크림의 수익성 개선도 병행되고 있으며 인천공항 컨세션 사업 안정화와 해외 마스터프랜차이즈 확대도 긍정적이다.... ,http://www.popcornnews.net/news/articleView.html?idxno=124785,http://www.popcornnews.net/news/articleView.html?idxno=124785,2026-06-25
프랜차이즈,"CJ프레시웨이, R&D센터 출범 3년 맞춤형 상품 800종 출시…매출 연평균 ...","CJ프레시웨이가 R&D센터를 중심으로 외식 프랜차이즈 브랜드별 맞춤형 솔루션을 제안하며 매출 확대에도... 특히 프랜차이즈 브랜드별 전용 소스를 개발하는데, 이는 전국 매장 어디에서도 균일한 맛과 품질을... ",https://www.100ssd.co.kr/news/articleView.html?idxno=210521,https://www.100ssd.co.kr/news/articleView.html?idxno=210521,2026-06-25
프랜차이즈,"101번지 남산돈까스, 프랜차이즈 전용 ERP '프담' 도입","101번지 남산돈까스가 외식 프랜차이즈 전용 ERP(전사적 자원관리) 시스템 '프담'을 도입하고, 데이터 기반의... '프담'은 프랜차이즈 운영에 특화된 ERP 시스템으로, 기존에 수기 또는 개별 프로그램으로 관리되던 수주... ",https://www.enetnews.co.kr/news/articleView.html?idxno=51656,https://www.enetnews.co.kr/news/articleView.html?idxno=51656,2026-06-25
프랜차이즈,CJ프레시웨이 프랜차이즈 맞춤형 R&D 강화,외식 프랜차이즈 맞춤형 상품 개발 역량을 대폭 강화하고 있습니다. 사진은 CJ프레시웨이 R&D센터 상품 연구개발 현장. CJ프레시웨이 제공 CJ프레시웨이(대표 이건일)가 R&D센터를 중심으로 외식 프랜차이즈 맞춤형 상품... ,https://www.newsclaim.co.kr/news/articleView.html?idxno=3067641,https://www.newsclaim.co.kr/news/articleView.html?idxno=3067641,2026-06-25
프랜차이즈,[포토] '제17회 소비자정책포럼',"사진 왼쪽부터 윤수현 한국소비자원 원장, 김인호 한국유통포럼 회장, 임규진 아주경제신문 사장, 나명석 한국프랜차이즈협회 회장, 이태희 컬리 운영전략본부장, 이승준 신세계아이앤씨 AX센터 AX추진팀장.... ",https://www.ajunews.com/view/20260625154539049,https://www.ajunews.com/view/20260625154539049,2026-06-25
프랜차이즈,환율·원자재 압박...먹거리 물가 또 뛴다,(사진=뉴시스) 커피 프랜차이즈 업계도 가격 조정에 나섰습니다. 메가MGC커피는 지난 19일부터 '할메가커피... 이 밖에 커피빈과 더벤티 등 주요 커피 프랜차이즈들도 최근 일부 메뉴 가격을 100~500원가량 올렸습니다.... ,http://www.newstomato.com/ReadNews.aspx?no=1305211&inflow=N,http://www.newstomato.com/ReadNews.aspx?no=1305211&inflow=N,2026-06-25
프랜차이즈,[경제쏙] 커피도 오르고 떡볶이도 오르고‥물가 심각?,"◀ 기자 ▶ 네, 직장인들이 많이 찾는 저가 커피프랜차이즈마저 이제 가격 인상 대열에 합류했습니다.... 외식 프랜차이즈인 백종원 대표의 역전우동이나 미정국수 등도 일부 가격을 11% 올렸습니다. 특히 17년 동안 가격을... ",https://imnews.imbc.com/replay/2026/nw1400/article/6832862_36974.html,https://n.news.naver.com/mnews/article/214/0001507766?sid=101,2026-06-25
프랜차이즈,"“저임금 노동자 임금만 억누르려 하는 것, 폭력이자 갑질”","특히, “임대료를 올리는 건물주에게는 아무말도 못하고, 수수료를 인상하는 플랫폼 기업과 프랜차이즈 본사에는 침묵하면서 왜 저임금 노동자의 임금만 억누르려 하냐”고 반문한 뒤, “이것은 폭력이자 갑질”이라며... ",http://news.inochong.org/detail.php?number=6512&thread=22r19,http://news.inochong.org/detail.php?number=6512&thread=22r19,2026-06-25
프랜차이즈,"라포랩스, '대한민국창업문화대상' 중기부 장관상 수상","대한민국창업문화대상은 창업을 통한 시장 개척과 일자리 창출 성과를 평가해 창업, 인큐베이팅, e커머스·플랫폼, 프랜차이즈 등 분야별 기업과 경영인을 선정하는 행사다. 라포랩스는 중소 셀러의 입점과 판매... ",http://www.ktnews.com/news/articleView.html?idxno=146779,http://www.ktnews.com/news/articleView.html?idxno=146779,2026-06-25
프랜차이즈,"카페인중독, 창업 지원 확대…프랜차이즈 운영 정보 공개 등","디저트 카페 프랜차이즈 카페인중독은 예비 가맹점을 대상으로 창업 지원 프로그램을 운영한다고 밝혔다. 회사에 따르면 이번 프로그램은 창업 초기 비용 부담을 줄일 수 있도록 마련됐으며, 가맹 상담 과정에서 매장... ",https://www.ppss.kr/news/articleView.html?idxno=299898,https://www.ppss.kr/news/articleView.html?idxno=299898,2026-06-25
프랜차이즈,"[POP!유통가] 롯데GRS, 중소벤처기업부 주관 상생협력 우수사례 '윈윈 아...",CJ프레시웨이가 R&D센터 출범 3년 만에 외식 프랜차이즈 맞춤형 상품 800여 종을 출시하며 관련 매출을 연평균... 추진하는 프랜차이즈 고객사를 대상으로 현지 특화 상품을 제안하는 등 기획부터 물류까지 아우르는... ,http://www.popcornnews.net/news/articleView.html?idxno=124773,http://www.popcornnews.net/news/articleView.html?idxno=124773,2026-06-25
프랜차이즈,"CJ프레시웨이, 프랜차이즈 맞춤형 R&D 키운다…신제품 800종 개발",CJ프레시웨이가 외식 프랜차이즈 고객사를 겨냥한 맞춤형 상품 개발 역량을 강화하고 있다. 브랜드별... [사진=CJ프레시웨이 제공] 외식 분야에서는 프랜차이즈 브랜드별 전용 소스 개발에 집중하고 있다. 고객사가... ,https://www.newspim.com/news/view/20260625000942,https://www.newspim.com/news/view/20260625000942,2026-06-25
프랜차이즈,"K-프랜차이즈, 중앙아시아 K-푸드 열풍 잇는다","최근 K-푸드와 한국 프랜차이즈의 인기가 높아진 중앙아시아 시장을 겨냥해 국내 프랜차이즈 기업들이 서비스 수출 확대에 나섰다. 대한무역투자진흥공사(이하 코트라, 사장 강경성)는 해외 진출이 유망한 프랜차이즈... ",https://www.dongponews.net/news/articleView.html?idxno=58912,https://www.dongponews.net/news/articleView.html?idxno=58912,2026-06-25
프랜차이즈,990원 소주 이어 1700원 맥주 등장…고물가에 커지는 가성비 소비,"가성비 트렌드는 식품·외식 프랜차이즈 업계로 확산되고 있다. 파리바게뜨는 소용량·저가 제품 수요에 맞춰 '한입 브레드' 제품군을 늘렸다. 간식용 빵은 1000원 안팎, 샌드위치류 2000원대 초반으로 1인 가구 등의... ",https://www.thepublic.kr/news/articleView.html?idxno=309055,https://www.thepublic.kr/news/articleView.html?idxno=309055,2026-06-25
프랜차이즈,"대표팀 졌지만, 치킨집 웃었다…오전 월드컵에 점주들 ‘숨통’","25일 외식업계에 따르면 BBQ와 교촌치킨, 굽네치킨 등 주요 치킨 프랜차이즈들은 이날 오전 10시에 열린 한국과 남아공의 조별리그 3차전에 맞춰 조기 영업에 나섰다. 경기 결과는 아쉬웠지만 응원 수요는 경기 전후로... ",https://www.edaily.co.kr/news/newspath.asp?newsid=04592006645485328,https://n.news.naver.com/mnews/article/018/0006314796?sid=103,2026-06-25
프랜차이즈,"명륜진사갈비, 여름철 숯불돼지갈비 '뜨거울수록 더 달콤한 여름' 캠페...","프랜차이즈 외식 업계 한 관계자는 ""여름철에는 보양식뿐 아니라 가족·지인과 함께 즐길 수 있는 고기 외식 메뉴에 대한 수요도 꾸준히 나타난다""며 ""외식 브랜드들은 계절에 맞는 메뉴 특성과 식사 경험을 알리는... ",https://www.shinailbo.co.kr/news/articleView.html?idxno=5033959,https://www.shinailbo.co.kr/news/articleView.html?idxno=5033959,2026-06-25
프랜차이즈,"CJ프레시웨이, 프랜차이즈 맞춤형 상품 개발 강화…3년간 800종 출시","외식 프랜차이즈 맞춤형 상품 개발을 강화한다. CJ프레시웨이는 지난 2023년 6월 R&D센터 출범 이후 약 3년간... CJ프레시웨이 R&D센터는 상품 개발과 메뉴 기획, 제조 연구개발 인력을 통합한 조직으로 프랜차이즈 브랜드별... ",http://www.metroseoul.co.kr/article/20260625500281,http://www.metroseoul.co.kr/article/20260625500281,2026-06-25
프랜차이즈,해외 팬덤·내수 대중성…치킨 프랜차이즈 '3색 생존법',"국내 주요 치킨 프랜차이즈 3사가 팬덤을 보유한 빅모델을 간판으로 앞세워 소비자 선점 경쟁을 벌이고... 업계 관계자는 ""치킨 프랜차이즈 3사의 모델 발탁은 단순한 화제성 몰이를 넘어, 각 기업이 처한 재무적 상황과... ",https://www.mediapen.com/news/view/1106497,https://www.mediapen.com/news/view/1106497,2026-06-25
프랜차이즈,"호국보훈의 달, 안보 최전선부터 일상까지…식품·프랜차이즈社, 따뜻한...","6월 호국보훈의 달을 맞아, 안보 최전선에서 땀 흘리는 군 장병들을 직접 찾아가 격려하거나 호국영령의 뜻을 기리는 등 기업들의 다채로운 사회공헌 활동이 줄을 잇고 있다. ◇ 안보 최전선부터 요양원까지 직접 위문... ",https://www.ekn.kr/web/view.php?key=20260625025346471,https://www.ekn.kr/web/view.php?key=20260625025346471,2026-06-25
프랜차이즈,"CJ프레시웨이, 프랜차이즈 맞춤형 상품 R&D 역량 강화... 관련 매출 연평...",CJ프레시웨이가 R&D센터를 중심으로 외식 프랜차이즈 맞춤형 상품 개발 역량을 강화하고 있다. 25일... 외식 분야에서는 프랜차이즈 브랜드별 전용 소스를 개발한다. 고객사가 보유한 레시피와 맛의 특성을 제품에 반영해... ,http://www.newslock.co.kr/news/articleView.html?idxno=132154,http://www.newslock.co.kr/news/articleView.html?idxno=132154,2026-06-25
프랜차이즈,“모범생 슈퍼맨 비켜”…껄럴껄렁 문제아 ‘슈퍼걸’,"24일 개봉한 영화 ‘슈퍼걸’은 마블과 더불어 미국 만화계의 양대산맥인 DC코믹스가 기반인, 슈퍼히어로 프랜차이즈 DC 유니버스의 두 번째 영화다. 슈퍼걸 실사 영화로는 1984년 이후 42년 만에 제작됐다. ‘슈퍼걸’은 DC... ",https://www.donga.com/news/Culture/article/all/20260625/134178489/1,https://n.news.naver.com/mnews/article/020/0003729444?sid=103,2026-06-25
프랜차이즈,"도라에몽 극장판, 시리즈 최초 MX4D로 7월 1일 개봉 (예고편 영상)","극장판 시리즈는 1980년 첫 작품 이후 매년 새로운 작품을 선보이며 장수 프랜차이즈의 위력을 증명해 왔다. 작품은 원작 특유의 감성과 우정, 성장의 메시지를 담아냈다. 낯선 존재와의 만남, 서로를 이해하려는 노력... ",https://www.insight.co.kr/news/560159,https://www.insight.co.kr/news/560159,2026-06-25
프랜차이즈,"CJ프레시웨이, 프랜차이즈 맞춤형 R&D 강화…신제품 800종 개발","CJ프레시웨이가 R&D센터를 앞세워 외식 프랜차이즈 맞춤형 상품 개발을 확대하고 있다. 식자재 공급을 넘어 브랜드별 메뉴와 소스, 조리 효율화 상품까지 개발하며 프랜차이즈 고객사와의 협업 범위를 넓히는 모습이다.... ",http://www.inews24.com/view/1979689,https://n.news.naver.com/mnews/article/031/0001037608?sid=101,2026-06-25
프랜차이즈,[민주 식품가] CJ프레시웨이·대상웰라이프·롯데칠성음료,"민주신문=김혜인 기자｜CJ프레시웨이는 R&D센터를 중심으로 외식 프랜차이즈 맞춤형 상품 개발 역량을... R&D센터는 상품 개발과 메뉴 기획, 제조 연구개발 기능을 통합한 조직으로 프랜차이즈 브랜드별 전용 소스와... ",http://www.iminju.net/news/articleView.html?idxno=165805,http://www.iminju.net/news/articleView.html?idxno=165805,2026-06-25
프랜차이즈,조이시티 '바이오하자드' 신작에 캡콤 '몬스터 헌터' 가세…글로벌 팬심...,조이시티 '바이오하자드' 신작에 캡콤 '몬스터 헌터' 가세…글로벌 팬심 정조준 이번 협업은 캡콤의 간판 프랜차이즈들이 한자리에서 만난다는 점에서 의미가 깊다. '바이오하자드' 특유의 생존 세계관에 '몬스터 헌터... ,https://zdnet.co.kr/view/?no=20260625143532,https://n.news.naver.com/mnews/article/092/0002428050?sid=105,2026-06-25
프랜차이즈,"韓 게임업계, 경영·개발 역할 분리 움직임 가속","장 총괄은 크래프톤 전신인 블루홀 시절부터 배틀그라운드 개발 초기에 참여한 원년 멤버로, 2024년부터는 펍지(PUBG) 아이피 프랜차이즈 그룹 전략과 퍼블리싱 전반을 책임져왔다. 개발 현장을 가장 잘 아는 인물을... ",http://game.dailyesports.com/view.php?ud=20260625114329295343da15d9d2_26,https://m.sports.naver.com/esports/article/347/0000194211,2026-06-25
프랜차이즈,"식자재 유통 넘어 외식 솔루션 기업 도약... CJ프레시웨이, 맞춤형 상품...",외식 프랜차이즈 전용 소스·반조리 상품 개발을 앞세워 식자재 유통을 넘어 'R&D 기반 솔루션 기업'으로 영역을 넓히고 있다. 외식업계의 인력난과 맛 표준화 수요가 커지면서 프랜차이즈 맞춤형 상품 시장이 빠르게... ,http://www.thefirstmedia.net/news/articleView.html?idxno=202217,http://www.thefirstmedia.net/news/articleView.html?idxno=202217,2026-06-25
프랜차이즈,"“영웅들에게 응원과 감사를” 외식업계, 호국보훈의 달 맞아 따뜻한 나...","도미노피자, 유공자들에게 피자 전달 BBQ도 백마부대 장병에게 치킨 전달 호국보훈의 달을 맞아 국내 외식 프랜차이즈 업계가 나라를 위해 헌신한 유공자와 장병들을 찾아 감사의 마음을 전하는 온정의 손길을 이어갔다.... ",https://www.segye.com/newsView/20260625511466?OutUrl=naver,https://n.news.naver.com/mnews/article/022/0004138180?sid=101,2026-06-25
프랜차이즈,"CJ프레시웨이, 외식 맞춤형 상품 R&D 강화…매출 3.5배 성장",CJ프레시웨이가 R&D센터를 중심으로 외식 프랜차이즈 맞춤형 상품 개발에 속도를 내고 있다고 25일 밝혔다.... 떡볶이 및 샐러드 전문 프랜차이즈의 전용 소스와 스프 등이 대표적인 개발 사례다. 이를 위해 R&D센터는 매년 1... ,https://www.polinews.co.kr/news/articleView.html?idxno=735085,https://www.polinews.co.kr/news/articleView.html?idxno=735085,2026-06-25
프랜차이즈,맥주 하이네켄 56.3%·추천 메뉴 치킨 83.3% 등 카테고리별 AI 브랜드 인...,"일반적인 '치킨 추천' 질문에서는 BBQ가 83.3%, BHC가 66.7%의 노출 점유율을 기록하며 대형 프랜차이즈가 상위에 올랐다. 하지만 이번 축구 경기 중계 시간을 고려해 '새벽에 부담 없이 먹을 담백한 치킨'처럼 시간대와... ",https://www.epnc.co.kr/news/articleView.html?idxno=403505,https://www.epnc.co.kr/news/articleView.html?idxno=403505,2026-06-25
프랜차이즈,32강 경우의 수 따지는 한국…유통가도 월드컵 특수 기대감 '뚝',편의점과 대형마트는 맥주와 안주류 할인 행사를 진행했고 치킨 등 프랜차이즈 업계도 응원 수요 확대에 대비해 마케팅을 강화했다. 월드컵이나 올림픽 등 국제 스포츠 이벤트 기간에는 응원 문화 확산과 함께 주류... ,https://www.newsis.com/view/NISX20260625_0003683565,https://n.news.naver.com/mnews/article/003/0014028224?sid=101,2026-06-25
프랜차이즈,개인사업자 프랜차이즈 가맹본부 정보공개서 정기변경등록 29일까지,"◆ 전문가 ""정기변경등록 누락, 과태료 넘어 가맹사업 분쟁으로 이어질 수 있어"" 윤성만 가맹거래사(윤성만프랜차이즈법률원 대표)는 ""정기변경등록을 기한 내에 이행하지 않으면 과태료 처분을 받는 것에서 그치지... ",https://www.shinailbo.co.kr/news/articleView.html?idxno=5033871,https://www.shinailbo.co.kr/news/articleView.html?idxno=5033871,2026-06-25
프랜차이즈,"BBQ, 호국보훈의 달 맞아 최전방 장병들에게 '치킨 응원' 전달",국내 최대 치킨 프랜차이즈 제너시스BBQ 그룹(회장 윤홍근)이 호국보훈의 달과 6·25를 맞아 최전방에서 임무를 수행하는 군 장병들에게 감사와 응원의 마음을 전했다. BBQ는 지난 24일 경기도 파주시에 위치한 백마부대... ,https://www.mhns.co.kr/news/articleView.html?idxno=751396,https://www.mhns.co.kr/news/articleView.html?idxno=751396,2026-06-25
프랜차이즈,"[더벨][Policy Radar] 시행령 앞둔 가맹사업법, 엇갈리는 '대표성' 셈법",가맹점사업자단체 협의 의무화를 담은 가맹사업법 개정안 시행을 앞두고 프랜차이즈 업계의 셈법이... ◇등록요건 10%냐 40%냐…대표성 놓고 의견차 23일 프랜차이즈 업계에 따르면 공정위는 연내 시행을 앞둔 가맹사업법... ,https://www.thebell.co.kr/free/content/ArticleView.asp?key=202606231333300400107981,https://www.thebell.co.kr/free/content/ArticleView.asp?key=202606231333300400107981,2026-06-25
프랜차이즈,"'상생 가치' 강조한 성심당, ""협력한다""는 유성구… 밀밭 명소 만든다","케이크가 전국적인 인기를 끌면서 지역 대표 명소로 자리 잡았다. 지난해에는 2629억 원의 매출액을 기록, 대기업이 운영하는 프랜차이즈 제과점을 제외하면 전국 베이커리 중 압도적인 매출 규모를 자랑하고 있다.",https://www.daejonilbo.com/news/articleView.html?idxno=2283876,https://n.news.naver.com/mnews/article/656/0000179924?sid=102,2026-06-25
프랜차이즈,"CJ프레시웨이, 프랜차이즈 맞춤형 상품 개발…매출 연평균 3.5배 성장","사진=CJ프레시웨이 CJ프레시웨이는 프랜차이즈 고객사를 대상으로 한 맞춤형 상품 개발 사업을 확대하며... R&D센터는 상품 개발과 메뉴 기획, 제조 연구개발 인력을 통합한 조직으로, 외식 프랜차이즈와 급식 사업장의... ",https://weekly.hankooki.com/news/articleView.html?idxno=7171437,https://weekly.hankooki.com/news/articleView.html?idxno=7171437,2026-06-25
프랜차이즈,칠성사이다도 가격 오른다…식음료 가격 인상 확산,"생활 밀착형 식음료 가격 인상이 음료와 커피, 외식 프랜차이즈 전반으로 번지고 있다. 정부의 물가 안정 기조 속에서도 원재료와 포장재, 환율, 물류비 부담이 누적되면서 업체들이 잇따라 가격 조정에 나서는... ",http://www.dailypop.kr/news/articleView.html?idxno=99999,http://www.dailypop.kr/news/articleView.html?idxno=99999,2026-06-25
프랜차이즈,13년을 기다렸다...락스타게임즈 ‘GTA 6’ 예약판매 시작,락스타게임즈의 GTA 시리즈는 해당 게임사를 대표하는 프랜차이즈 게임이자 전 세계에서 가장 인기 있는 작품 중 하나로 꼽힌다. 출시를 앞둔 GTA 6의 경우 2013년 나왔던 GTA 5에 이어 13년 만의 후속작으로 기대를... ,https://www.mk.co.kr/article/12082860,https://n.news.naver.com/mnews/article/009/0005698627?sid=105,2026-06-25
프랜차이즈,"DCU 두 번째 시험대, '슈퍼걸'이 넘어야 할 삼중고 [D:영화 뷰]","마블 시네마틱 유니버스(MCU)처럼 영화와 드라마, 애니메이션을 유기적으로 연결하는 장기 프랜차이즈... 업계에서는 이번 작품의 성적이 향후 DC 스튜디오의 투자 전략과 프랜차이즈 확장 속도에도 적지 않은 영향을 미칠... ",https://www.dailian.co.kr/news/view/1659416/?sc=Naver,https://m.entertain.naver.com/article/119/0003104671,2026-06-25
프랜차이즈,"""웬디스를 구하라"" 주식 구매 인증샷 쏟아져…'주가 40% 폭등' 무슨 일?",미국의 대형 패스트푸드 프랜차이즈 웬디스가 '밈주식'이 됐다는 평가와 함께 장중 한때 40% 이상 급등했다.... 시룰리스 신임 CFO는 지난달 웬디스 CEO로 부임한 밥 라이트와 함께 샌드위치 프랜차이즈 팟벨리에서... ,https://www.mt.co.kr/world/2026/06/25/2026062511342083010,https://n.news.naver.com/mnews/article/008/0005377080?sid=104,2026-06-25
프랜차이즈,"CJ프레시웨이, R&D센터 중심 '맞춤형 상품' 강화 … 외식·급식 솔루션 ...",CJ프레시웨이 R&D센터 상품 연구개발 현장 CJ프레시웨이가 R&D센터를 축으로 외식 프랜차이즈 맞춤형 상품... 외식 부문에서는 프랜차이즈별 전용 소스 개발이 핵심 사업으로 자리 잡았다. 고객사의 레시피와 맛의 특성을... ,http://www.worktoday.co.kr/news/articleView.html?idxno=86043,http://www.worktoday.co.kr/news/articleView.html?idxno=86043,2026-06-25
프랜차이즈,"CJ프레시웨이, 프랜차이즈 맞춤형 R&D로 매출 3.5배 성장",외식 프랜차이즈 업계에서 매장별 맛과 품질을 균일하게 유지하기 위한 맞춤형 상품 개발 수요가 커지고 있다. CJ프레시웨이는 R&D센터를 중심으로 프랜차이즈 맞춤형 상품 개발 역량을 강화하고 있다고 25일 밝혔다.... ,https://www.thepowernews.co.kr/view.php?ud=202606251328254881de3f0aa1be_7,https://www.thepowernews.co.kr/view.php?ud=202606251328254881de3f0aa1be_7,2026-06-25
프랜차이즈,"교촌치킨, 축구 응원 시즌 맞아 앱 할인 강화...간장 메뉴 최대 3000원 할...",특히 배달과 포장 주문이 집중되는 대표적인 소비 시즌으로 꼽히면서 주요 치킨 프랜차이즈들은 할인 행사와... 업계에서는 스포츠 경기 시즌이 치킨 프랜차이즈의 대표적인 성수기 중 하나인 만큼 브랜드별 할인 경쟁도... ,http://www.popcornnews.net/news/articleView.html?idxno=124774,http://www.popcornnews.net/news/articleView.html?idxno=124774,2026-06-25
프랜차이즈,"코바코 부울경 방송발전협의회, 오몽석 신임 운영위원장 취임","부산·울산·경남 방송발전협의회는 부산MBC, 울산MBC, 부산CBS, BBS 불교방송 등 9개 지역 방송국 관계자 및 부산경제진흥원, 부산광고산업협회, 한국프랜차이즈협회 부울경지회 등 지역 경제·산업계를 이끄는 핵심 기관 및... ",http://journal.kobeta.com/?post_type=post&p=63073,http://journal.kobeta.com/?post_type=post&p=63073,2026-06-25
프랜차이즈,"'36년 만에 한화 새 역사' 퓨처스 올스타만 3번 갔던 허인서, 생애 첫 베...",허인서는 36년 만에 올스타 베스트에 뽑힌 2번째 한화 프랜차이즈 포수가 됐다. 올 시즌 한화의 주전 포수로 도약한 허인서는 25일 현재 63경기에 나서 177타수 49안타 11홈런 38타점 타율 0.277을 기록 중이다. 5월이... ,http://www.osen.co.kr/article/G1112828396,https://m.sports.naver.com/kbaseball/article/109/0005560365,2026-06-25
프랜차이즈,"함샤우트글로벌 AI 연구소, 2026 국제 축구 대회 AI 추천 브랜드 발표","치킨 카테고리의 경우, 대형 프랜차이즈인 BBQ(83.3%)가 상위에 올랐으나, '새벽에 부담 없이 먹을 담백한 치킨'이라는 세부 맥락이 추가되자 굽네치킨(56.7%)이 1위로 나타났다. AI가 시장 전체의 선두 브랜드보다는 소비... ",http://www.enewstoday.co.kr/news/articleView.html?idxno=2442425,http://www.enewstoday.co.kr/news/articleView.html?idxno=2442425,2026-06-25
프랜차이즈,"CJ프레시웨이, 프랜차이즈 맞춤 상품 매출 연평균 3.5배 성장",CJ프레시웨이는 지난 2023년 6월 R&D센터 출범 이후 약 3년간 800여 종의 신제품을 선보이며 프랜차이즈 맞춤형... 외식 부문에서는 프랜차이즈 브랜드별 전용 소스를 개발한다. 고객사 레시피와 맛의 특성을 제품에 반영해... ,https://www.etnews.com/20260625000207,https://n.news.naver.com/mnews/article/030/0003441246?sid=101,2026-06-25
프랜차이즈,K-푸드 열풍 '중앙아시아'서 K-프랜차이즈·소비재 붐 일으킨다,대한무역투자진흥공사(코트라)가 최근 K-푸드와 한국 프랜차이즈의 인기가 높아진 중앙아시아 시장을 겨냥해 국내 프랜차이즈 기업들의 서비스 수출 확대에 나섰다. 코트라는 지난 23일(현지시간) 카자흐스탄... ,https://www.mt.co.kr/economy/2026/06/25/2026062512501232439,https://n.news.naver.com/mnews/article/008/0005377072?sid=101,2026-06-25
프랜차이즈,북중미 월드컵 특수에 치킨업계 웃었다…오전 경기에도 매출 '껑충',주요 치킨 프랜차이즈들은 할인 행사와 콘텐츠 마케팅을 앞세워 월드컵 마케팅에 속도를 내고 있다. 25일 업계에 따르면 굽네치킨은 대한민국 축구 국가대표팀 경기 당일 전국 매장 평균 매출이 평소 같은 시간대보다 10배... ,https://weekly.hankooki.com/news/articleView.html?idxno=7171434,https://weekly.hankooki.com/news/articleView.html?idxno=7171434,2026-06-25
프랜차이즈,지역 소상공인과 함께 상생하기 위한 서비스 – 동선컴퍼니 김성민 대표,다만 현재 유통되는 기프티콘은 대형 프랜차이즈와 대기업 브랜드에 집중돼 있다. 동네선물은 이러한 한계를... 개인 카페는 물론 프랜차이즈 매장이라도 소상공인이라면 누구나 참여할 수 있다. 현재 기업이나... ,https://www.handmk.com/news/articleView.html?idxno=40723,https://www.handmk.com/news/articleView.html?idxno=40723,2026-06-25
프랜차이즈,"이디야커피, '시그니처 말차초코라떼' 컵커피 출시","외식 프랜차이즈 업계 한 관계자는 ""최근 RTD(Ready To Drink) 시장에서는 커피뿐 아니라 말차, 초콜릿 등 디저트 요소를 접목한 제품군이 확대되는 추세""라며 ""브랜드들이 오프라인 매장에서 검증된 메뉴를 음료 제품으로... ",https://www.shinailbo.co.kr/news/articleView.html?idxno=5033592,https://www.shinailbo.co.kr/news/articleView.html?idxno=5033592,2026-06-25
프랜차이즈,'F&B로봇' 사업확대 ﻿유일로보틱스 조리·급식·튀김·커피로봇 등 공급,"양사는 휴게소, 학교, 대형 급식소, 기업 구내식당, 외식 프랜차이즈 등 다양한 F&B 현장을 대상으로 맞춤형 로봇 도입 컨설팅을 제안할 계획이다. 이를 통해 고객사는 초기 투자 부담을 낮추고 현장 상황에 맞는 로봇... ",http://www.smedaily.co.kr/news/articleView.html?idxno=359291,http://www.smedaily.co.kr/news/articleView.html?idxno=359291,2026-06-25
프랜차이즈,"프랜차이즈協, 율촌과 가맹사업 주요 이슈 법률 세미나",사진=프랜차이즈산업협회 한국프랜차이즈산업협회(회장 나명석)는 법무법인 율촌(대표변호사 강석훈)과 최신 가맹사업 주요 이슈에 대한 법률 세미나를 23일 서울 여의도 FKI타워에서 개최했다. 이날 세미나에서 이정민... ,http://www.foodnews.co.kr/news/articleView.html?idxno=119114,http://www.foodnews.co.kr/news/articleView.html?idxno=119114,2026-06-25
프랜차이즈,카자흐서 K프랜차이즈 로드쇼,K푸드와 K컬처 인기가 높아지는 중앙아시아를 겨냥해 국내 프랜차이즈 기업들이 현지시장 공략에 나섰다. 코트라는 23일 (현지시간) 카자흐스탄 알마티에서 국내 프랜차이즈 8개사가 참여한 ‘K-프랜차이즈 진출... ,https://www.naeil.com/news/read/593101?ref=naver,https://www.naeil.com/news/read/593101?ref=naver,2026-06-25
프랜차이즈,"댈러스에 떠오르는 희망 플래그, ""한 도시의 사랑을 받는 것은 꿈도 꿀...","5번의 올 NBA 선정 선수, 팀을 파이널에 이끈 프랜차이즈의 얼굴을 떠나보낸 댈러스였다. 하지만 동시에 1.8%의 확률로 드래프트 전체 1순위 지명권을 얻었고, 듀크의 신성 쿠퍼 플래그를 선택했다. 돈치치를 떠나보내자... ",https://basketkorea.com/news/newsview.php?ncode=1065574001663668,https://m.sports.naver.com/basketball/article/351/0000087024,2026-06-25
프랜차이즈,월드컵 아침 응원도 치킨이 접수했다…할인·조기영업·신메뉴 흥행에 ...,"치킨 프랜차이즈들의 매출과 주문량이 크게 늘고 있다. 업계는 할인 프로모션과 조기 영업, 신메뉴 마케팅... 오븐요리 프랜차이즈 굽네치킨을 운영하는 지앤푸드에 따르면 국가대표팀 경기 당일 전국 매장 절반 이상이... ",https://www.viva100.com/article/20260625500595,https://www.viva100.com/article/20260625500595,2026-06-25
프랜차이즈,"""뭘 본 건지 모르겠다""…32강 눈앞서 주저앉은 한국, 탄식 쏟아진 광화...","광장 인근 프랜차이즈 카페들은 일찌감치 만석에 가까운 모습을 보였고, 특히 KT 사옥 미디어월이 한눈에 보이는 한 카페는 경기 관람 명당으로 인기를 끌었다. 치킨집과 호프집 역시 월드컵 특수를 노리고 평소보다 훨씬... ",http://www.stoo.com/article.php?aid=107360353832,http://www.stoo.com/article.php?aid=107360353832,2026-06-25
프랜차이즈,"홀트아동복지회 부산지부, 아이젠트리㈜와 위기임산부·영아 지원 위한...",홀트아동복지회(회장 신미숙) 부산지부(지부장 이태경)는 지난 23일 안경 프랜차이즈 기업 아이젠트리㈜(대표... 2011년 부산 해운대에서 출발한 안경 프랜차이즈 기업으로 현재 전국 70여 개의 가맹점을 운영하고 있는... ,https://www.kdpress.co.kr/news/articleView.html?idxno=206429,https://www.kdpress.co.kr/news/articleView.html?idxno=206429,2026-06-25
프랜차이즈,"홀트아동복지회 부산지부, 위기임산부·영아 지원 위해 아이젠트리㈜와...",아이젠트리㈜는 2011년 부산 해운대에서 출발한 안경 프랜차이즈 기업으로 현재 전국 70여 개의 가맹점을 운영하고 있다. 2014년부터 '행복한 세상 만들기'를 바탕으로 기부금 전달과 무료 안경 지원 등 사회공헌 활동을... ,https://www.newstnt.com/news/articleView.html?idxno=707718,https://www.newstnt.com/news/articleView.html?idxno=707718,2026-06-25
프랜차이즈,"라포랩스, 대한민국창업문화대상 중기부 장관상 수상","올해로 23회를 맞았으며 창업, 인큐베이팅, e커머스·플랫폼, 프랜차이즈 등 분야별 우수 기업을 선정한다. 라포랩스는 중소셀러의 창업부터 성장까지 전 과정을 지원하는 상생 이커머스 플랫폼을 구축하고 건강한 창업... ",https://www.pinpointnews.co.kr/news/articleView.html?idxno=463017,https://www.pinpointnews.co.kr/news/articleView.html?idxno=463017,2026-06-25
프랜차이즈,"움버거앤윙스, 배달의민족 '먹을복 페스타' 참여…할인 쿠폰·세트 메뉴...","프랜차이즈 외식업계 한 관계자는 ""최근 버거 시장은 메뉴 전문성과 배달 경쟁력이 중요한 요소로 자리 잡고 있다""며 ""치킨 원재료를 활용한 버거·윙 복합 모델은 소비자 선택의 폭을 넓히는 동시에 가맹점 운영 효율성을... ",https://www.shinailbo.co.kr/news/articleView.html?idxno=5033840,https://www.shinailbo.co.kr/news/articleView.html?idxno=5033840,2026-06-25
프랜차이즈,"족발신선생, 김제 첫 매장 오픈…3일간 전 메뉴 50% 저렴하게",족발신선생은 외식 프랜차이즈 기업 신솔에프앤비가 운영하는 화덕족발 전문 브랜드다. 삶은 족발을 500... 철판요리 전문 브랜드 '만석동철판집' 등을 운영하며 외식 프랜차이즈 사업을 전개하고 있다.,https://theviewers.co.kr/View.aspx?No=4125300,https://theviewers.co.kr/View.aspx?No=4125300,2026-06-25
프랜차이즈,"라포랩스 '퀸잇',활성 셀러 2년만에 98% 증가…창업문화대상 중기부 장...","올해 23회를 맞은 대한민국창업문화대상은 시장 개척과 일자리 창출에 기여한 우수 창업 기업·경영인을 발굴해 시상하는 행사로, 창업과 인큐베이팅, e커머스·플랫폼, 프랜차이즈 등 분야별로 우수 기업을 가린다.... ",https://platum.kr/archives/289806,https://platum.kr/archives/289806,2026-06-25
프랜차이즈,"넥슨, 구작 가고 신작 온다…게임 IP 세대교체 지속",핵심 IP 영향력 확대…'던파' 프랜차이즈 고도화 기존 핵심 IP의 영향력을 영리하게 확대하고 되살리는... 이러한 전략의 일환으로 넥슨의 메가 IP인 '던전앤파이터' 프랜차이즈가 있다. 넥슨은 올해 하반기 방치형 RPG... ,https://zdnet.co.kr/view/?no=20260625111030,https://n.news.naver.com/mnews/article/092/0002428027?sid=105,2026-06-25
프랜차이즈,"리안헤어, 유한클로락스와 손잡고 '6월 제휴 이벤트' 진행",대한민국 대표 헤어 프랜차이즈 리안헤어는 생활위생 전문기업 유한클로락스와 제휴를 맺고 오는 6월 27일(토)부터 고객 감사 이벤트를 진행한다. 이번 이벤트는 '헤어는 찰랑하게! 배수구는 시원하게!'라는 슬로건 아래... ,https://www.gpkorea.com/news/articleView.html?idxno=144070,https://www.gpkorea.com/news/articleView.html?idxno=144070,2026-06-25
프랜차이즈,"홀트아동복지회 부산지부, 아이젠트리㈜와 위기임산부·영아 지원 위한...",아이젠트리㈜는 2011년 부산 해운대에서 시작한 안경 프랜차이즈 기업으로 현재 전국 70여 개의 가맹점을 운영하고 있다. 2014년부터 '행복한 세상 만들기'를 바탕으로 기부금 전달과 무료 안경 지원 등 다양한 사회공헌... ,https://www.enetnews.co.kr/news/articleView.html?idxno=51635,https://www.enetnews.co.kr/news/articleView.html?idxno=51635,2026-06-25
프랜차이즈,‘4억장 판매 게임 최신작’ GTA6가 온다,"GTA 시리즈는 전세계에서 4억장 넘게 팔린 프랜차이즈 게임으로, 범죄 도시를 바탕으로 한 액션 게임이다. 전작 GTA5는 출시 첫날에만 8억 달러(약 8600억원) 매출을 올린 데 이어 3일 만에 10억 달러(약 1조원)를... ",https://www.joongang.co.kr/article/25439801,https://n.news.naver.com/mnews/article/025/0003533099?sid=105,2026-06-25
프랜차이즈,"CJ프레시웨이, 프랜차이즈 맞춤형 상품 개발…R&D 기능 강화",라이센스뉴스 = 최은경 기자 | CJ프레시웨이가 R&D센터를 중심으로 외식 프랜차이즈 대상 맞춤형 상품 개발을... 외식 프랜차이즈 분야에서는 고객사 레시피를 반영한 전용 소스 개발이 주요 업무다. 이를 통해 매장별 조리... ,https://www.lcnews.co.kr/news/articleView.html?idxno=203970,https://www.lcnews.co.kr/news/articleView.html?idxno=203970,2026-06-25
프랜차이즈,"라포랩스, '대한민국창업문화대상' 중기부 장관상 수상",올해로 23회를 맞은 대한민국창업문화대상은 창업을 통해 시장 개척과 일자리 창출에 기여한 우수 창업 기업과 경영인을 발굴해 시상하는 행사로 △창업 △인큐베이팅 △e커머스·플랫폼 △프랜차이즈 등 분야별 우수... ,https://www.ggilbo.com/news/articleView.html?idxno=1165737,https://www.ggilbo.com/news/articleView.html?idxno=1165737,2026-06-25
프랜차이즈,"""새벽 축구엔 굽네, 평소엔 BBQ""…AI가 꼽은 국제축구 응원 트렌드","일반적인 치킨 추천 질문에서는 BBQ가 83.3%, BHC가 66.7%의 노출 점유율을 기록하며 대형 프랜차이즈가 상위에 올랐으나, 이번 축구 경기 중계 시간을 고려해 '새벽에 부담 없이 먹을 담백한 치킨'을 묻자 굽네가 56.7%로... ",http://www.spochoo.com/news/articleView.html?idxno=126525,https://m.sports.naver.com/worldcup2026/article/529/0000077656,2026-06-25
프랜차이즈,"“우리 가게 숏폼, AI가 뚝딱”… 부산진구, 골목상권 구원투수 나선다",대형 프랜차이즈나 플랫폼 권력에 종속되지 않고 스스로 자생력을 갖출 수 있는 가장 실질적이고 혁신적인 대안이 될 수 있다”고 평가했다. 김영욱 구청장은 “이번 특강을 통해 소상공인들이 디지털을 활용한 온라인... ,https://sports.donga.com/region/article/all/20260625/134177877/1,https://n.news.naver.com/mnews/article/382/0001280114?sid=102,2026-06-25
프랜차이즈,카지노만 가는 유커는 옛말 … 부산·제주 등 전국 호텔·리조트 터졌다...,"올해 방한 외국인 관광객이 예년보다 한 달 빠르게 1000만명을 돌파한 가운데 뉴데일리는 백화점·면세점부터 호텔·복합리조트, 관광상권 프랜차이즈까지 유커 귀환이 유통·관광업계에 가져온 변화와 새로운 수혜... ",https://biz.newdaily.co.kr/site/data/html/2026/06/25/2026062500102.html,https://biz.newdaily.co.kr/site/data/html/2026/06/25/2026062500102.html,2026-06-25
프랜차이즈,"CJ프레시웨이 ""R&D센터로 프랜차이즈 맞춤형 상품 매출 3.5배↑""",사진=CJ프레시웨이 CJ프레시웨이가 지난 2023년 6월 연구개발(R&D)센터 출범 이후 외식 프랜차이즈 맞춤형... 대표적으로 떡볶이 프랜차이즈 스텔라떡볶이의 소스와 샐러드 프랜차이즈 샐러리아의 '마녀스프' 등을... ,https://www.pointdaily.co.kr/news/articleView.html?idxno=309600,https://www.pointdaily.co.kr/news/articleView.html?idxno=309600,2026-06-25
프랜차이즈,"中 큰손 지갑 열리자 … 유통업계 내수 부진 속 '호실적' [돌아온 유커,...","올해 방한 외국인 관광객이 예년보다 한 달 빠르게 1000만명을 돌파한 가운데 뉴데일리는 백화점·면세점부터 호텔·복합리조트, 관광상권 프랜차이즈까지 유커 귀환이 유통·관광업계에 가져온 변화와 새로운 수혜... ",https://biz.newdaily.co.kr/site/data/html/2026/06/25/2026062500088.html,https://biz.newdaily.co.kr/site/data/html/2026/06/25/2026062500088.html,2026-06-25
프랜차이즈,'역대 최대' 관광객 북적이는 명동 … '체험 소비'에 상권도 활기 [돌아...,"관광상권 프랜차이즈까지 유커 귀환이 유통·관광업계에 가져온 변화와 새로운 수혜 지형을 3회에 걸쳐... 면세점과 백화점 중심이던 외국인 소비가 K뷰티와 외식, 편의점, 생활용품점 등 프랜차이즈 업계 전반으로... ",https://biz.newdaily.co.kr/site/data/html/2026/06/25/2026062500072.html,https://biz.newdaily.co.kr/site/data/html/2026/06/25/2026062500072.html,2026-06-25
프랜차이즈,6월 4주차 해외 ESG 핫클립,"카바나는 차량 판매와 함께 자동차 대출, 보증, 보험 등 금융상품을 수익화하는 모델을 확대하고 있지만, 주별 딜러 프랜차이즈 법과 정비·보증 서비스 인프라는 과제로 남아 있다. (유료) ILO, 플랫폼 노동자 보호... ",http://www.impacton.net/news/articleView.html?idxno=19370,http://www.impacton.net/news/articleView.html?idxno=19370,2026-06-25
프랜차이즈,'토이 스토리5' 100만 돌파 흥행 질주,지난 1995년 시작된 픽사의 대표 프랜차이즈 토이 스토리의 다섯 번째 이야기인 이번 작품은 스마트 기기에 관심을 갖게 된 보니와 그 변화 속에서 존재감을 잃어가는 장난감들의 고민을 담아냈다. 신민아 주연의... ,http://www.metroseoul.co.kr/article/20260625500129,http://www.metroseoul.co.kr/article/20260625500129,2026-06-25
프랜차이즈,6·25 전쟁 76주년…감사의 마음 담은 하루 보낸 '유통가',"◆ BBQ, 백마부대 임진강대대 방문해 50인분 치킨 전달 치킨 프랜차이즈 BBQ는 임직원, 파주헤이리점 패밀리와 함께 지난 24일 경기도 파주시에 위치한 백마부대 임진강대대를 방문해 '찾아가는 치킨릴레이' 사회공헌... ",https://www.wolyo.co.kr/news/articleView.html?idxno=314077,https://www.wolyo.co.kr/news/articleView.html?idxno=314077,2026-06-25
프랜차이즈,갤러리에 차려진 '맛있는 도시락 4종'...한솥도시락 '밥심 : 입안 가득 ...,국내 대표 도시락 프랜차이즈 한솥도시락은 오는 7월 18일까지 한솥 아트스페이스에서 '밥심(飯心) : 입안 가득 풍경'를 열고 있다. 지난 6월 19일 개막했다. 이번 전시는 한솥도시락 창립 33주년을 기념해 마련된... ,https://daily.hankooki.com/news/articleView.html?idxno=1379819,https://daily.hankooki.com/news/articleView.html?idxno=1379819,2026-06-25
프랜차이즈,"백억커피, 고양신원점·부산기장점 신규 가맹점 동시 오픈","커피 프랜차이즈 브랜드 백억커피가 경기 고양시 덕양구에 '고양신원점'을, 부산 기장군 기장읍에 '부산기장점'을 신규 오픈하며 수도권과 동남권 핵심 생활상권 공략에 속도를 내고 있다. 두 매장 모두 주거 인구와... ",https://www.enetnews.co.kr/news/articleView.html?idxno=51631,https://www.enetnews.co.kr/news/articleView.html?idxno=51631,2026-06-25
프랜차이즈,"[식품기업] 대상·CJ프레시웨이·hy, 신제품·R&D·학술행사","▲CJ프레시웨이 CJ프레시웨이는 R&D센터를 중심으로 외식 프랜차이즈 맞춤형 상품 개발 역량을 강화하고... CJ프레시웨이 R&D센터는 메뉴 기획과 제품 개발, 제조 기술을 통합한 연구개발 조직으로, 프랜차이즈별... ",http://www.weeklytoday.com/news/articleView.html?idxno=781747,http://www.weeklytoday.com/news/articleView.html?idxno=781747,2026-06-25
프랜차이즈,"CJ프레시웨이, R&D센터 출범 3년…800여종 신제품 출시","CJ프레시웨이가 외식 프랜차이즈를 위한 맞춤형 상품 개발 역량을 R&D센터를 중심으로 확대한다.... 프랜차이즈 외식업체별 전용 소스 개발을 통해 고객사가 보유한 레시피와 맛의 특성을 제품에 반영하며, 조리 과정을... ",https://www.newsmap.co.kr/news/articleView.html?idxno=954,https://www.newsmap.co.kr/news/articleView.html?idxno=954,2026-06-25
프랜차이즈,"생활맥주, 7월 4일 '네모 브루잉' 브루어 초청 맥주 문화 행사 진행","국내 수제맥주 프랜차이즈 생활맥주는 오는 7월 4일 서울 강남구 생활맥주 을지병원사거리점에서 수제맥주... 프랜차이즈 외식업계 관계자는 ""최근 외식업계에서는 제품 소비를 넘어 생산자와 소비자가 직접 소통하는... ",https://www.shinailbo.co.kr/news/articleView.html?idxno=5033825,https://www.shinailbo.co.kr/news/articleView.html?idxno=5033825,2026-06-25
프랜차이즈,[잘먹잘살+]hy·교원·하이트진로·농심·CJ프레시웨이·풀무원재단,"사진=CJ프레시웨이 ◇CJ프레시웨이, 프랜차이즈 맞춤형 상품 R&D 역량 강화 CJ프레시웨이가 R&D센터를 중심으로 외식 프랜차이즈 맞춤형 상품 개발 역량을 강화하고 있다. 지난 2023년 6월 R&D센터 출범 이후 약 3년간... ",https://www.businessplus.kr/news/articleView.html?idxno=113320,https://www.businessplus.kr/news/articleView.html?idxno=113320,2026-06-25
POS 솔루션,동네 가게도 '디지털 점포' 시대…광주은행·토스플레이스 협력,"과거에는 대형 프랜차이즈 중심으로 활용되던 포스(POS)와 매출관리 시스템이 동네 상권으로 확산되면서... 협약에 따라 토스플레이스는 결제 단말기인 토스 프론트와 포스 기반 매장 운영 솔루션을 제공하고, 광주은행은... ",https://www.e-science.co.kr/news/articleView.html?idxno=131005,https://www.e-science.co.kr/news/articleView.html?idxno=131005,2026-06-25
POS 솔루션,"토스플레이스, 전남 소상공인 결제 혁신 지원…광주은행과 MOU",토스의 결제 단말기 및 포스(POS) 솔루션 공급 자회사 토스플레이스가 광주은행과 손잡고 광주·전남 소상공인들에게 디지털 기반 결제 인프라 제공을 통해 매장 운영 효율화 지원에 나선다. 토스플레이스는 광주은행과... ,https://www.newsis.com/view/NISX20260625_0003683901,https://n.news.naver.com/mnews/article/003/0014028794?sid=101,2026-06-25
POS 솔루션,"토스플레이스, 광주·전남 소상공인 결제 환경 혁신 나서","토스의 결제 단말기·포스(POS) 솔루션 공급 자회사 토스플레이스가 광주은행과 광주·전남 지역 소상공인 지원, 지역경제 활성화를 위해 협력한다. 6월 24일 토스 신논현 오피스에서 열린 '광주·전남 지역 소상공인 지원 및... ",https://www.edaily.co.kr/news/newspath.asp?newsid=04552646645485328,https://n.news.naver.com/mnews/article/018/0006314784?sid=105,2026-06-25
POS 솔루션,"토스플레이스, 광주은행과 MOU 체결… 광주·전남 소상공인 결제 환경 개...",송정현 기자 | 비바리퍼블리카(토스)의 결제 단말기 및 포스(POS) 솔루션 공급 자회사 토스플레이스가 광주은행과 광주·전남 지역 소상공인 지원 및 지역경제 활성화를 위한 전략적 업무협약(MOU)을 체결했다고 25일... ,http://digitalchosun.dizzo.com/site/data/html_dir/2026/06/25/2026062580107.html,http://digitalchosun.dizzo.com/site/data/html_dir/2026/06/25/2026062580107.html,2026-06-25
POS 솔루션,"[넥스트 코리아] 'AI' 시대, 건설사도 진화 중",포스코이앤씨는 지난 2024년부터 드론을 활용한 AI 균열관리 솔루션 'POS-VISION'으로 아파트 외벽 품질을 관리한다. 고화질 영상장비를 장착한 드론으로 아파트 외벽을 촬영해 균열 인식이나 균열 폭 등을 확인할 수 있다.... ,https://www.m-i.kr/news/articleView.html?idxno=1384004,https://www.m-i.kr/news/articleView.html?idxno=1384004,2026-06-25
POS 솔루션,"“지역 소상공인도 토스 결제망으로”…토스플레이스, 광주은행과 맞손",토스의 결제 단말기·포스(POS) 솔루션 자회사 토스플레이스가 광주은행과 손잡고 광주·전남 지역 소상공인 지원에 나선다. 지역 상권의 디지털 결제 환경을 넓히고 매장 운영 효율을 높이겠다는 취지다. 토스플레이스는... ,https://www.ddaily.co.kr/page/view/2026062510284040974,https://n.news.naver.com/mnews/article/138/0002232050?sid=101,2026-06-25
POS 솔루션,"토스플레이스·광주은행, 소상공인 결제 환경 혁신 나선다",비바리퍼블리카(토스)의 결제 단말기 및 포스(POS) 솔루션 공급 자회사 토스플레이스가 광주은행과 손잡고 지역 소상공인을 지원한다. 이를 통해 지역경제 활성화를 돕는다는 구상이다. 25일 토스플레이스와 광주은행에... ,http://www.fnnews.com/news/202606250941567098,https://n.news.naver.com/mnews/article/014/0005539538?sid=101,2026-06-25
POS 솔루션,"광주은행, 토스플레이스와 손잡고 소상공인 디지털금융 지원","양측은 금융·결제 서비스 기술 협력, 가맹점 인프라 확대, 공동 마케팅, 지역 상권 활성화 사업 등을 함께 추진한다.토스플레이스는 결제 단말기 '토스 프론트'와 포스(POS) 등 매장 운영 솔루션을 제공하고 있으며, 이를... ",https://news.mtn.co.kr/news-detail/2026062510141031404,https://news.mtn.co.kr/news-detail/2026062510141031404,2026-06-25
POS 솔루션,"토스플레이스·광주은행, 호남 소상공인 돕는다",토스플레이스는 세련된 디자인과 직관적인 기능을 갖춘 결제 단말기 '토스 프론트'와 효율적인 매장 관리 포스(POS) 프로그램 등 스마트한 운영 솔루션을 집중 공급한다. 광주은행은 오랜 기간 다져온 탄탄한 지역 금융... ,https://www.pointdaily.co.kr/news/articleView.html?idxno=309594,https://www.pointdaily.co.kr/news/articleView.html?idxno=309594,2026-06-25
POS 솔루션,[금융레이더]iM뱅크/광주은행/카카오뱅크/하나생명/카카오페이손보/세람...,"◆토스플레이스, 광주은행과 MOU 체결… 광주·전남 소상공인 결제 환경 혁신 나서 비바리퍼블리카의 결제 단말기 및 포스(POS) 솔루션 공급 자회사 토스플레이스가 광주은행과 광주·전남 지역 소상공인 지원 및... ",https://www.dnews.co.kr/uhtml/view.jsp?idxno=202606250944588280708,https://www.dnews.co.kr/uhtml/view.jsp?idxno=202606250944588280708,2026-06-25
POS 솔루션,지역 상권 공략 나선 토스플레이스… 광주은행과 협력 확대,광주·전남 지역 소상공인의 디지털 전환을 지원하기 위해 비바리퍼블리카(토스)의 결제 단말기 및 포스(POS) 솔루션 공급 자회사 토스플레이스와 광주은행이 손을 잡았다. [제공 = 토스] 광주·전남 지역 소상공인의 디지털... ,https://www.ilyoseoul.co.kr/news/articleView.html?idxno=518980,https://www.ilyoseoul.co.kr/news/articleView.html?idxno=518980,2026-06-25
POS 솔루션,"[금융권 이모저모]케이뱅크, 스테이블코인 협력 '판게아' 참여 外","토스플레이스는 결제 단말기인 토스 프론트와 판매시점정보관리(POS) 솔루션을 제공하고, 광주은행은 지역 기반 금융 네트워크를 활용해 소상공인의 디지털 전환과 경쟁력 강화를 지원한다. 양사는 소상공인 대상... ",https://www.businessplus.kr/news/articleView.html?idxno=113298,https://www.businessplus.kr/news/articleView.html?idxno=113298,2026-06-25
POS 솔루션,"토스플레이스, 광주은행과 맞손…광주·전남 지역 소상공인 지원",토스의 결제 단말기 및 포스(POS) 솔루션 공급 자회사 토스플레이스가 광주은행과 광주·전남 지역 소상공인 지원 및 지역경제 활성화를 위한 전략적 업무협약(MOU)을 체결했다고 오늘(25일) 밝혔습니다. 양사는 어제(24일)... ,https://biz.sbs.co.kr/article_hub/20000318753?division=NAVER,https://n.news.naver.com/mnews/article/374/0000518127?sid=101,2026-06-25
POS 솔루션,"토스플레이스, 광주은행과 협약…""광주·전남 소상공인 결제환경 혁신""",비바리퍼블리카(토스)의 결제 단말기 및 판매시점정보관리시스템(POS) 솔루션 공급 자회사 토스플레이스는 광주은행과 광주·전남 소상공인 지원 및 지역경제 활성화를 위한 전략적 업무협약을 체결했다고 25일 밝혔다.... ,https://view.asiae.co.kr/article/2026062509583919638,https://n.news.naver.com/mnews/article/277/0005781259?sid=101,2026-06-25
POS 솔루션,"토스플레이스·광주은행, 지역 소상공인 디지털 결제 생태계 구축 위한...","양사는 토스플레이스가 보유한 토스 프론트, 포스(POS) 등 고도화된 매장 운영 솔루션을 광주은행의 탄탄한 지역 금융 네트워크와 결합해 지역 상권의 디지털 전환을 가속할 계획이다. 이를 통해 소상공인들은 보다 쉽고... ",https://www.thefairnews.co.kr/news/articleView.html?idxno=80407,https://www.thefairnews.co.kr/news/articleView.html?idxno=80407,2026-06-25
POS 솔루션,"[AI, 산업 패권을 바꾸다③] ""AI를 떠받치는 힘""…전선·철강·정유의 재...",포스코는 AI 데이터센터 특화 구조재인 '포스에이치(POS-H)'로 시장을 공략한다. 이 제품은 맞춤형 구조용... 지난해에는 LG전자와 업무협약을 체결하고 AI 데이터센터용 액침냉각 솔루션 개발에 나섰다. SK텔레콤 인천... ,https://www.ebn.co.kr/news/articleView.html?idxno=1713748,https://www.ebn.co.kr/news/articleView.html?idxno=1713748,2026-06-25
POS 솔루션,"'서점 운영 통합 솔루션' 잇다, '스타트업대상'","통합 솔루션' 부문 '스타트업대상'을 수상하고 송기용 머니투데이 전무와 기념사진을 촬영 중이다. 잇다는 통합 POS(판매시점관리) 플랫폼 전문기업으로, 유통 플랫폼 구축 경험과 업종별 특화 기술을 바탕으로 스마트... ",https://www.mt.co.kr/industry/2026/06/24/2026062410580474230,https://n.news.naver.com/mnews/article/008/0005376690?sid=101,2026-06-24
POS 솔루션,"단골 관리, 데이터로 바꾼다…스탬프 적립 앱 '쿠펀' 출시","제이솔루션(대표 박건후)이 선보인 쿠펀은 고객용 앱과 매장용 '쿠펀 파트너' 앱을 함께 제공한다. 고객은... 카페, 음식점, 베이커리, 미용실 등 업종과 관계없이 사용할 수 있으며, 별도 키오스크나 POS 연동 없이도 운영할... ",https://www.m-joongang.com/news/articleView.html?idxno=402702,https://www.m-joongang.com/news/articleView.html?idxno=402702,2026-06-24
POS 솔루션,"(주)신신엠앤씨, 중소벤처기업부 벤처기업 혁신성장유형 인증 획득","신신엠엔씨는 이번 벤처기업 혁신성장유형 인증을 계기로 카드단말기, POS, 키오스크, 테이블오더, 간편결제, 비대면 결제, PG 연동 등 결제 인프라 통합 솔루션 경쟁력을 더욱 강화할 계획이다. 향후에는 축적된 가맹점... ",https://www.kdpress.co.kr/news/articleView.html?idxno=206351,https://www.kdpress.co.kr/news/articleView.html?idxno=206351,2026-06-23
POS 솔루션,"유니코아, 인도네시아 국영 식량공사 '불록(BULOG)' 대표단 맞이","유니코아를 찾은 16일에는 ▲한국 결제시스템 소개 ▲인도네시아 현지 결제 솔루션 소개 등으로 세미나가... 비즈페이와 페이젠은 카드단말기·포스(POS)·테이블오더·키오스크·앱결제를 음식점, 병원, 학원 등에... ",https://www.kdpress.co.kr/news/articleView.html?idxno=206350,https://www.kdpress.co.kr/news/articleView.html?idxno=206350,2026-06-23
POS 솔루션,"[유통레이더] 이랜드이츠, 캐치테이블, BBQ, GS더프레시, 코스맥스, 티르...",점포 출입문에 부착된 QR코드를 스마트폰으로 스캔하면 근무자 전용 단말기와 POS에 알림이 전달되는... 맞춤 솔루션을 제공한다. 신선식품 등 핵심 상품을 중심으로 한 특별 프로모션도 진행되며 관련 비용은 본부가... ,https://daily.hankooki.com/news/articleView.html?idxno=1378895,https://daily.hankooki.com/news/articleView.html?idxno=1378895,2026-06-23
POS 솔루션,"투게더스, 탄소중립포인트 참여기업 선정…전자영수증 확산 나선다","투게더스는 전국 약 5000개 가맹점에 POS와 경영관리 솔루션을 공급하는 리테일테크 기업이다. 결제 서비스와 수·발주 기능, 데이터 처리 역량을 기반으로 다양한 유통 정보기술(IT) 서비스를 제공하고 있다.",https://www.news2day.co.kr/article/20260623500101,https://www.news2day.co.kr/article/20260623500101,2026-06-23
POS 솔루션,"유니코아, 인도네시아 불록 대표단 초청…디지털 결제 시스템 운영 사례...","유니코아는 지난 16일 서울 본사에서 불록 대표단을 대상으로 한국 결제 인프라와 디지털 결제 솔루션을... 비즈페이와 페이젠은 카드단말기, 포스(POS), 테이블오더, 키오스크, 앱결제 등 다양한 결제 서비스를 음식점... ",https://www.itbiznews.com/news/articleView.html?idxno=217008,https://www.itbiznews.com/news/articleView.html?idxno=217008,2026-06-23
POS 솔루션,"'전자영수증으로 탄소 감축'…투게더스, 정부 탄소중립포인트 사업 합류","한편, 투게더스는 전국 약 5000개 가맹점을 대상으로 POS, 수발주, 결제 및 데이터 관리 서비스를 제공하는 리테일테크 기업이다. 최근에는 전자영수증, 고객 데이터 분석 등 디지털 기반 유통 솔루션 사업을 확대하며 지역... ",https://www.megaeconomy.co.kr/news/newsview.php?ncode=1065578138290031,https://www.megaeconomy.co.kr/news/newsview.php?ncode=1065578138290031,2026-06-23
POS 솔루션,"[ESG리포트] 코웨이, 유구공장에 태양광 발전소 증설 外",맞춤 솔루션을 제공한다. 신선식품 등 핵심 상품을 중심으로 한 특별 프로모션도 진행되며 관련 비용은... 고객이 QR코드를 통해 도움을 요청하면 점포 근무자의 전용 단말기와 POS에 알림이 즉시 전달된다. 근무자는... ,https://theviewers.co.kr/View.aspx?No=4122028,https://theviewers.co.kr/View.aspx?No=4122028,2026-06-23
POS 솔루션,HPE “제로트러스트의 근간은 SASE…단일 솔루션 아닌 여정”,"전용회선을 터널 본딩해 회선 효율과 SLA를 높이고, 인증·정책 서버를 연동하면 POS나 CCTV처럼 로그인하지 않는 단말까지 자동 분류해 마이크로 세그멘테이션을 자동화할 수 있다는 이야기다. 김 매니저는 사용자를... ",https://byline.network/?p=9004111222609025,https://byline.network/?p=9004111222609025,2026-06-23
POS 솔루션,"대신증권, ESOP·자사주 소각 실시 外","토스플레이스, SK브로드밴드와 손잡고 소상공인 부담 낮춘다 비바리퍼블리카(토스)의 결제 단말기 및 포스(POS) 솔루션 공급 자회사 토스플레이스(대표 최재호)가 SK브로드밴드와 함께 소상공인 고객을 위한 통신·결제... ",https://www.rcast.co.kr/news/articleView.html?idxno=31086,https://www.rcast.co.kr/news/articleView.html?idxno=31086,2026-06-21
POS 솔루션,"""개미들 던질 때 고래는 삼켰다""…이더리움 5만 개 통째로 잠근 의문의...","거시경제 악재와 규제 압박, 레이어2 솔루션에 대한 심리 위축 등으로 이더리움이 고점 대비 2000달러 이상... 비트코인 채굴 인프라를 모태로 성장한 기업의 수장이 이더리움의 지분증명(PoS) 생태계에 이처럼 막대한... ",https://www.pinpointnews.co.kr/news/articleView.html?idxno=461687,https://www.pinpointnews.co.kr/news/articleView.html?idxno=461687,2026-06-20
POS 솔루션,"오마다, 호텔 객실과 오피스텔 환경 겨냥한 벽면형 와이파이 7 AP 출시","비즈니스 네트워크 솔루션 브랜드 오마다는 BE9300 벽면형 와이파이 7 액세스 포인트 EAP775-Wall을... 2개의 2.5G 포트와 3개의 기가비트 포트를 탑재해 무선 AP 역할은 물론, 객실 내 IPTV나 데스크톱, POS 단말 등 다양한... ",http://www.boannews.com/media/view.asp?idx=144204&kind=3,http://www.boannews.com/media/view.asp?idx=144204&kind=3,2026-06-19
POS 솔루션,"오마다, 벽면형 와이파이 7 AP 'EAP775-월' 출시 ··· 호텔·공동주거시...","비즈니스 네트워크 솔루션 브랜드 오마다는 호텔 및 공동주거시설을 겨냥한 벽면형 와이파이 7 액세스... 'EAP775-월'은 2개의 2.5G 포트와 3개의 기가비트 포트가 탑재돼 IPTV, IP 전화기, 데스크톱, POS 단말 등 다양한... ",https://www.datanet.co.kr/news/articleView.html?idxno=212496,https://www.datanet.co.kr/news/articleView.html?idxno=212496,2026-06-19
POS 솔루션,[#통신 풍향계] KT '그날들' 장기고객 초청·SKB-토스플레이스 '통신·결...,SK브로드밴드의 초고속 통신 인프라와 토스플레이스의 매장관리솔루션 역량을 결합한 소상공인 맞춤... 토스 프론트와 토스 포스(POS)를 함께 설치하는 SK브로드밴드 고객에게는 토스 프론트를 무상으로 제공한다.... ,https://www.newsworks.co.kr/news/articleView.html?idxno=844494,https://www.newsworks.co.kr/news/articleView.html?idxno=844494,2026-06-19
POS 솔루션,[더밸류 브리핑] 오늘의 토스 소식...토스뱅크·토스인사이트·토스플레...,"향후 소상공인 매장 운영 역량 강화를 위한 교육 프로그램도 단계적으로 운영하며, 인터넷 장애 대응, 결제 단말기 및 포스(POS) 활용, 주문·결제 솔루션 운영 등 현장에서 필요한 실무 정보를 제공할 계획이다.... ",http://www.thevaluenews.co.kr/news/view.php?idx=199482,http://www.thevaluenews.co.kr/news/view.php?idx=199482,2026-06-19
POS 솔루션,"[TOKEN WATCH] “느린 확정성이 유동성을 갈라놓는다” Espresso, 체인과 ...",맞춤형 솔루션을 구축하고 있다. 토큰포스트 ‘TOKEN KOREA WATCH’ 시리즈의 이번 인터뷰로 Espresso 팀을... ■ Mainnet 1.0 — 무허가 PoS 네트워크로 전환 지난 12개월 동안 Espresso가 꼽은 가장 중요한 기술 성과는 Mainnet 1.0... ,https://www.tokenpost.kr/news/insights/371005,https://www.tokenpost.kr/news/insights/371005,2026-06-19
POS 솔루션,[금융 풍향계] NH농협은행 팝업스토어 열었다…기안84·나폴리맛피아 협...,토스플레이스는 비바리퍼블리카(토스)의 결제 단말기·포스(POS) 솔루션 공급 자회사다. 두 회사는 이번 협력으로 사업자 전용 인터넷과 토스플레이스 매장 운영 솔루션을 결합한 제휴 상품을 선보인다. 상품 가입 고객은... ,https://www.ekn.kr/web/view.php?key=20260619021034845,https://www.ekn.kr/web/view.php?key=20260619021034845,2026-06-19
POS 솔루션,"SK브로드밴드, 토스플레이스와 맞손… 소상공인 지원 생태계 확장","토스 프론트와 토스 포스(POS)를 함께 도입할 경우 결제 단말기인 토스 프론트도 무상 제공된다. 토스... 최근 통신업계는 인터넷 회선 공급을 넘어 결제, 보안, 매장관리 솔루션까지 아우르는 사업자 전용 서비스 확대에... ",http://www.biztribune.co.kr/news/articleView.html?idxno=354962,http://www.biztribune.co.kr/news/articleView.html?idxno=354962,2026-06-19
POS 솔루션,"SK브로드밴드, 토스플레이스와 맞손... ""소상공인 통신·결제 비용 부담...",SK브로드밴드는 결제 단말기 및 POS(Point of Sale) 솔루션 기업 토스플레이스와 손잡고 소상공인 전용 통신·결제 제휴 상품을 출시한다고 19일 밝혔다. 이번 협력은 SK브로드밴드의 통신 인프라와 토스플레이스의 매장 관리... ,http://www.thefirstmedia.net/news/articleView.html?idxno=201773,http://www.thefirstmedia.net/news/articleView.html?idxno=201773,2026-06-19
POS 솔루션,"코보시스, 주문 이후 고객 관리까지 지원하는 '바로더 앱' 신규 론칭","관계자에 따르면 바로더는 키오스크, POS, 테이블오더, QR오더 등 매장 운영에 필요한 주문·결제 환경과 매장 관리 기능을 함께 제공하는 매장 통합운영 솔루션이다. 이번에 새롭게 선보인 '바로더 앱'은 모바일 주문 기능에... ",http://www.sisunnews.co.kr/news/articleView.html?idxno=240913,http://www.sisunnews.co.kr/news/articleView.html?idxno=240913,2026-06-19
POS 솔루션,"SK브로드밴드, 토스플레이스와 소상공인 통신·결제 제휴 상품 출시",사진=SK브로드밴드 매일일보 = 권선형 기자  |  SK브로드밴드가 결제 단말기 및 포스(POS) 솔루션 기업 토스플레이스와 손잡고 소상공인의 매장 운영비 부담을 완화하기 위한 통신·결제 제휴 상품을 출시한다.... ,https://www.m-i.kr/news/articleView.html?idxno=1383373,https://www.m-i.kr/news/articleView.html?idxno=1383373,2026-06-19
POS 솔루션,"SK브로드밴드, 토스플레이스와 손잡고 소상공인 통신·결제 결합상품 출...",19일 SK브로드밴드에 따르면 회사는 결제 단말기 및 POS 솔루션 기업 토스플레이스와 함께 소상공인 전용 통신·결제 제휴 상품을 오는 25일 출시한다. 이번 상품은 SK브로드밴드의 초고속 인터넷 서비스와... ,http://www.popcornnews.net/news/articleView.html?idxno=124270,http://www.popcornnews.net/news/articleView.html?idxno=124270,2026-06-19
POS 솔루션,"SKB-토스플레이스, 통신·결제 통합 상품 출시",SK브로드밴드는 결제 단말기와 포스(POS) 솔루션 기업 토스플레이스와 제휴 상품을 이달 25일 출시한다고 밝혔다. 신규 제휴 상품에 가입하는 소상공인은 적용 조건에 따라 SK브로드밴드 인터넷 요금 매월 최대 4400원을... ,https://zdnet.co.kr/view/?no=20260619142757,https://n.news.naver.com/mnews/article/092/0002427330?sid=105,2026-06-19
POS 솔루션,"[재계는 지금] SK, 사회적가치 8년째 측정…2025년 창출액 32.2조원 外",절감 솔루션을 구축하며 에너지 효율화 사업 확대에 박차를 가한다. LS일렉트릭은 지난 18일 서울 용산구... 포스(POS) 설루션 기업 토스플레이스와 손잡고 소상공인의 매장 운영비 부담을 덜어줄 통신·결제 제휴... ,https://dealsite.co.kr/articles/163923,https://dealsite.co.kr/articles/163923,2026-06-19
POS 솔루션,"토스플레이스, SK브로드밴드와 소상공인 대상 결합상품 출시",비바리퍼블리카(토스)의 결제 단말기 포스(POS) 솔루션 공급 자회사 토스플레이스가 SK브로드밴드와 함께 소상공인 고객을 위한 통신·결제 결합 상품을 출시한다고 19일 밝혔다. 양사는 이번 협력을 통해 사업자 전용... ,https://www.fetv.co.kr/news/articleView.html?idxno=304681,https://www.fetv.co.kr/news/articleView.html?idxno=304681,2026-06-19
POS 솔루션,"토스플레이스, SKB와 소상공인 대상 통신·결제 결합상품 출시","인터넷 장애 대응, 결제 단말기 및 포스(POS) 활용, 주문·결제 솔루션 운영 등 현장에서 필요한 실무 정보를 제공하고 고객 의견을 반영해 지원 프로그램을 지속 고도화해 나갈 예정이다. SKB 관계자는 ""이번 협력은 통신과... ",https://www.itbiznews.com/news/articleView.html?idxno=216741,https://www.itbiznews.com/news/articleView.html?idxno=216741,2026-06-19
POS 솔루션,"SK브로드밴드, 토스플레이스와 소상공인 전용 통신·결제 결합상품 출시",SK브로드밴드는 결제 단말기 및 포스(POS) 솔루션 기업 토스플레이스와 제휴를 맺고 소상공인 대상 통신·결제 상품을 오는 25일 출시한다고 19일 밝혔다. 이번 상품은 SK브로드밴드의 초고속 인터넷 서비스와... ,http://www.consumernews.co.kr/news/articleView.html?idxno=757806,http://www.consumernews.co.kr/news/articleView.html?idxno=757806,2026-06-19
POS 솔루션,"결제 넘어 통신까지…토스플레이스, '사장님 플랫폼' 확장 나선다","토스 운영사 비바리퍼블리카의 POS·결제 솔루션 자회사인 토스플레이스는 19일 SK브로드밴드와 제휴를 통해 소상공인 대상 통합 서비스를 확대한다고 전했다. 새 상품은 사업자용 인터넷 서비스와 결제 단말기, 매장 운영... ",https://www.e-science.co.kr/news/articleView.html?idxno=130799,https://www.e-science.co.kr/news/articleView.html?idxno=130799,2026-06-19
POS 솔루션,"토스플레이스, SKB와 소상공인 통신비·매장 운영 지원 '맞손'","토스의 결제 단말기 및 포스(POS) 솔루션 공급 자회사 토스플레이스가 SK브로드밴드와 함께 소상공인 고객을 위한 통신·결제 결합 상품을 출시하고, 매장 운영 지원 확대에 나선다고 19일 밝혔다. 양사는 이번 협력을 통해... ",https://www.newsis.com/view/NISX20260619_0003675596,https://n.news.naver.com/mnews/article/003/0014015914?sid=101,2026-06-19
POS 솔루션,"""소상공인 통신비 낮추고 결제관리까지""…SK브로드밴드·토스플레이스 ...","매장관리 솔루션을 결합한 형태다. 신규 제휴 상품에 가입하는 소상공인은 1G 인터넷, 3년 약정 기준으로 매월 최대 4400원의 인터넷 요금 할인을 받을 수 있다. SK브로드밴드 고객이 토스 프론트와 토스 포스(POS)를 함께... ",https://www.newsquest.co.kr/news/articleView.html?idxno=268155,https://www.newsquest.co.kr/news/articleView.html?idxno=268155,2026-06-19
POS 솔루션,"[금융권 이모저모]NH투자증권, 연금자산 20조원 돌파 外","상품 가입 고객은 적용 조건에 따라 인터넷 요금을 월 최대 4400원 할인받을 수 있고, 토스플레이스의 결제 단말기인 토스 프론트와 판매시점관리(POS) 솔루션도 할인된 조건으로 이용할 수 있다. 이번 상품은 결제... ",https://www.businessplus.kr/news/articleView.html?idxno=113069,https://www.businessplus.kr/news/articleView.html?idxno=113069,2026-06-19
POS 솔루션,"SK브로드밴드·토스플레이스, 소상공인 전용 통신·결제 결합상품 출시",SK브로드밴드는 결제 단말기 및 포스(POS) 솔루션 기업 토스플레이스와 협력해 소상공인 대상 통신·결제 제휴 상품을 오는 25일 출시한다고 19일 밝혔다. 이번 상품은 SK브로드밴드의 초고속 인터넷 서비스와... ,https://www.eroun.net/news/articleView.html?idxno=83485,https://www.eroun.net/news/articleView.html?idxno=83485,2026-06-19
POS 솔루션,"SK브로드밴드, 토스플레이스와 통신·결제 결합상품 출시",매장관리 솔루션을 사용하면 요금을 할인해 주는 통신·결제 제휴 상품이 출시된다. SK브로드밴드는... 포스(POS)를 함께 설치하는 SK브로드밴드 고객에게는 토스 프론트를 무상으로 제공한다. 출시를 기념해 양사는 6월... ,https://www.lcnews.co.kr/news/articleView.html?idxno=203673,https://www.lcnews.co.kr/news/articleView.html?idxno=203673,2026-06-19
POS 솔루션,"토스플레이스, SK브로드밴드와 소상공인 대상 통신·결제 결합상품 출시","교육은 인터넷 장애 대응, 결제 단말기 및 포스(POS) 활용, 주문·결제 솔루션 운영 등 현장에서 필요한 실무 정보를 중심으로 구성된다. 토스플레이스 관계자는 ""소상공인이 결제 단말기와 매장 관리 기능을 보다... ",https://www.financialpost.co.kr/news/articleView.html?idxno=263172,https://www.financialpost.co.kr/news/articleView.html?idxno=263172,2026-06-19
POS 솔루션,"토스플레이스, SK브로드밴드와 손잡고 소상공인 통신비 부담 낮춘다","이와 함께 인터넷 장애 대응, 결제 단말기 및 포스(POS) 활용법, 주문·결제 솔루션 운영 노하우 등을 다루는 교육 프로그램도 마련한다. 현장 의견을 반영해 지원 프로그램도 지속 개선할 방침이다. SK브로드밴드 관계자는... ",https://www.ziksir.com/news/articleView.html?idxno=137414,https://www.ziksir.com/news/articleView.html?idxno=137414,2026-06-19
POS 솔루션,SKB·토스플레이스 손잡았다…“사장님 인터넷 요금 깎아준다”,통신 서비스와 결제·매장 관리 솔루션을 결합해 인터넷 요금을 할인하고 매장 운영에 필요한 단말기... 토스플레이스의 결제 단말기와 포스(POS) 시스템을 함께 도입하는 고객에게는 결제 단말기 ‘토스 프론트’를 무상... ,https://www.mk.co.kr/article/12078207,https://n.news.naver.com/mnews/article/009/0005696002?sid=105,2026-06-19
POS 솔루션,SK브로드밴드·토스플레이스 맞손…소상공인 통신비·매장 운영비 낮춘...,SK브로드밴드는 결제 단말기 및 포스(POS) 솔루션 기업 토스플레이스와 제휴해 소상공인 대상 통신·결제 패키지 상품을 오는 25일 출시한다고 19일 밝혔다. 이번 협력은 SK브로드밴드의 초고속 인터넷 인프라와... ,https://www.insightkorea.co.kr/news/articleView.html?idxno=248442,https://www.insightkorea.co.kr/news/articleView.html?idxno=248442,2026-06-19
POS 솔루션,"토스플레이스, SK브로드밴드와 맞손…소상공인 부담 낮춘다","인터넷 망 장애 발생 시 대처 요령을 비롯해 포스(POS) 기기 활용법, 디지털 주문 및 결제 솔루션 운영 노하우 등 자영업자에게 꼭 필요한 정보들을 공유하고 현장 의견을 수렴해 프로그램을 지속적으로 업그레이드할... ",https://www.pointdaily.co.kr/news/articleView.html?idxno=308847,https://www.pointdaily.co.kr/news/articleView.html?idxno=308847,2026-06-19
POS 솔루션,"통신사 3人 3色 소상공인 지원, 매장 운영에서 상권 데이터까지","'포스넷 플러스'는 POS, 키오스크, 와이파이, CCTV 이용을 고려한 30Mbps 소상공인 전용 인터넷 상품이다. 매장 운영 앱 '사장이지'는 하이오더, 기가아이즈, AI전화, 로봇 등 KT의 소상공인 솔루션을 하나의 앱에서... ",https://www.smartbizn.com/news/articleView.html?idxno=146549,https://www.smartbizn.com/news/articleView.html?idxno=146549,2026-06-19
POS 솔루션,"토스플레이스·SK브로드밴드, 소상공인 통신·결제 결합상품 출시","교육은 인터넷 장애 대응, 결제 단말기와 포스(POS) 활용, 주문·결제 솔루션 운영 등 실제 매장 현장에서 필요한 내용을 중심으로 구성될 예정이다. SK브로드밴드 관계자는 “이번 협력은 통신과 결제 서비스 역량을 결합해... ",https://www.thepowernews.co.kr/view.php?ud=202606190936461526de3f0aa1be_7,https://www.thepowernews.co.kr/view.php?ud=202606190936461526de3f0aa1be_7,2026-06-19
POS 솔루션,SK브로드밴드-토스플레이스 제휴 .... 통신·결제 묶어 소상공인 매장 운...,SK브로드밴드는 결제 단말기 및 포스(POS) 솔루션 기업 토스플레이스와 손잡고 소상공인의 매장 운영비 부담을 덜어줄 통신·결제 제휴 상품을 오는 25일 공식 출시한다고 19일 밝혔다. 이번 제휴는 SK브로드밴드의... ,http://www.worktoday.co.kr/news/articleView.html?idxno=85816,http://www.worktoday.co.kr/news/articleView.html?idxno=85816,2026-06-19
POS 솔루션,"SKB-토스플레이스, 통신·결제 제휴 상품 출시…소상공인 매장 운영·관...",신규 제휴 상품 가입 시 월 최대 4400원 인터넷 요금 할인 '토스 프론트·포스' 동시 설치 시 토스 프론트 무상 제공 인더뉴스 이종현 기자ㅣSK브로드밴드는 결제 단말기 및 포스(POS) 솔루션 기업 토스플레이스와 함께... ,https://www.inthenews.co.kr/news/article.html?no=88251,https://www.inthenews.co.kr/news/article.html?no=88251,2026-06-19
POS 솔루션,"SK브로드밴드·토스플레이스, 소상공인 통신·결제 상품 출시",(사진=SK브로드밴드) SK브로드밴드는 결제 단말기 및 판매시점정보관리시스템(POS) 솔루션 기업 토스플레이스와 제휴해 소상공인 대상 통신·결제 상품을 오는 25일 출시한다고 19일 밝혔다. 이번 제휴는 SK브로드밴드의... ,https://www.edaily.co.kr/news/newspath.asp?newsid=03247206645483360,https://n.news.naver.com/mnews/article/018/0006309627?sid=105,2026-06-19
POS 솔루션,"SKB-토스플레이스, 통신·매장 운영 솔루션 결합한 소상공인 맞춤 상품...",SK브로드밴드가 결제 단말기 및 포스(POS) 솔루션 기업 토스플레이스와 손잡고 소상공인의 매장 운영비 부담을 덜어줄 통신·결제 제휴 상품을 오는 25일 공식 출시한다. 이번 제휴는 SKB의 안정적인 초고속 통신... ,https://www.viva100.com/article/20260619500069,https://www.viva100.com/article/20260619500069,2026-06-19
POS 솔루션,"SKB, 토스플레이스와 소상공인 지원 협력…통신·결제 통합 상품 출시","SK브로드밴드는 결제 단말기 및 포스(POS) 솔루션 기업 토스플레이스와 협력해 소상공인 매장 운영비 부담을 덜어줄 통신·결제 제휴 상품을 오는 25일 출시한다. 19일 SKB는 ""이번 제휴는 SKB의 안정적인 초고속 통신... ",https://www.digitaltoday.co.kr/news/articleView.html?idxno=676451,https://www.digitaltoday.co.kr/news/articleView.html?idxno=676451,2026-06-19
POS 솔루션,"월 최대 4400원↓…SKB·토스플레이스, 소상공인 제휴 상품 출시",양사는 초고속 통신과 매장관리 솔루션을 결합해 시너지를 노린다. SK브로드밴드는 오는 25일... 특히 토스 프론트와 토스 포스(POS)를 함께 설치하는 이용자에게는 토스 프론트가 무상으로 제공된다. 토스 프론트는... ,https://www.mt.co.kr/tech/2026/06/19/2026061908453521276,https://n.news.naver.com/mnews/article/008/0005374244?sid=105,2026-06-19
POS 솔루션,"제이솔루션, QR 스캔 방식 모바일 적립 플랫폼 ‘쿠펀’ 론칭",모바일 플랫폼 개발 기업 제이솔루션은 지갑이나 가방 속에 번거롭게 소지해야 했던 종이 스탬프 카드의... 매장 프로필과 적립 요건을 기입하면 추가적인 고가의 POS(포스) 장비 도입 없이 점주의 스마트폰 앱만으로 즉각... ,https://www.sentv.co.kr/article/view/sentv202606190015,https://www.sentv.co.kr/article/view/sentv202606190015,2026-06-19
POS 솔루션,토스플레이스·SK브로드밴드 소상공인 지원에 나서,비바리퍼블리카(토스)의 자회사로 결제 단말기와 포스(POS) 솔루션을 공급하는 토스플레이스는 19일 SK브로드밴드와 통신·결제 결합 상품을 선보였다고 밝혔다. 이번 제휴 상품은 사업자 전용 인터넷에 토스플레이스의... ,https://www.tournews21.com/news/articleView.html?idxno=136875,https://www.tournews21.com/news/articleView.html?idxno=136875,2026-06-19
POS 솔루션,"SK브로드밴드, 토스플레이스와 통신·결제 솔루션 상품 25일 출시",19일 SK브로드밴드는 결제 단말기 및 포스(POS) 솔루션 기업 토스플레이스와 손잡고 통신·결제 제휴 상품을 오는 25일 출시한다고 밝혔다. 이번 제휴는 SK브로드밴드의 안정적인 초고속 통신 인프라와 토스플레이스의... ,https://daily.hankooki.com/news/articleView.html?idxno=1378014,https://daily.hankooki.com/news/articleView.html?idxno=1378014,2026-06-19
POS 솔루션,"토스플레이스, SK브로드밴드와 소상공인 통신·결제 결합 상품 출시","향후 인터넷 장애 대응·POS 활용·주문결제 솔루션 운영 등 실무 교육 프로그램도 단계적으로 운영할 예정이다. 토스플레이스 관계자는 ""통신 서비스와 결합한 다양한 혜택을 통해 사장님의 매장 운영에 도움이 되는... ",https://www.joongangenews.com/news/articleView.html?idxno=526890,https://www.joongangenews.com/news/articleView.html?idxno=526890,2026-06-19
POS 솔루션,"토스플레이스, SK브로드밴드와 소상공인 지원 '맞손'",토스 운영사 비바리퍼블리카의 결제 단말기 및 포스(POS·판매관리시스템 단말기) 솔루션 공급 자회사 토스플레이스는 SK브로드밴드와 함께 소상공인 고객 통신·결제 상품을 출시하고 매장 운영 지원을 확대한다고 19일... ,https://view.asiae.co.kr/article/2026061908143550861,https://n.news.naver.com/mnews/article/277/0005778507?sid=101,2026-06-19
POS 솔루션,"토스플레이스·SK브로드밴드, 소상공인 경영 부담 덜어줄 결합 모델 출...",사업자 전용 인터넷과 토스플레이스의 결제·매장 관리 솔루션을 함께 이용하면 인터넷 요금은 월 최대 4... 인터넷 장애 대응부터 POS 활용·주문 관리 등 실무 교육을 통해 사장님들의 디지털 역량 고도화를 돕겠다는... ,https://www.thefairnews.co.kr/news/articleView.html?idxno=79924,https://www.thefairnews.co.kr/news/articleView.html?idxno=79924,2026-06-19
POS 솔루션,"[더벨][i-point] 에이루트, 수출 강소기업 선정",에이루트는 글로벌 포스(POS) 프린터 및 산업용 출력 솔루션 브랜드 세우(SEWOO)를 중심으로 해외 시장 진출을 가속화하고 있다. 최근에는 북미 시장을 전략 거점으로 설정하고 신규 거래선 확보와 유통망 다각화에 적극... ,https://www.thebell.co.kr/free/content/ArticleView.asp?key=202606181451327520102560,https://www.thebell.co.kr/free/content/ArticleView.asp?key=202606181451327520102560,2026-06-18
POS 솔루션,"""우리 동물병원은 없네""…네이버 플레이스 플러스 공개되자 '시끌'","지난해 식당 포스(POS·판매관리시스템 단말기) 연동을 시작으로 다양한 오프라인 정보를 온라인에 연결해... 없다""며 ""다른 솔루션 업체와 연동이 완료된 뒤 동시에 서비스를 시작했어야 하는 것 아니냐""고 말했다. 최근... ",https://www.news1.kr/industry/general-industry/6201262,https://n.news.naver.com/mnews/article/421/0009010732?sid=101,2026-06-18
POS 솔루션,"에이루트, 중소벤처기업부 주관…수출 강소기업 선정",에이루트는 글로벌 포스(POS) 프린터 및 산업용 출력 솔루션 브랜드 세우(SEWOO)를 중심으로 해외 시장 진출을 가속화하고 있다. 최근에는 북미 시장을 전략 거점으로 설정하고 신규 거래선 확보와 유통망 다각화에 적극... ,https://www.sentv.co.kr/article/view/sentv202606180058,https://www.sentv.co.kr/article/view/sentv202606180058,2026-06-18
POS 솔루션,"에이루트, 수출 강소기업 선정…주력사업 해외 공략 확대",에이루트는 글로벌 포스(POS) 프린터 및 산업용 출력 솔루션 브랜드 세우(SEWOO) 를 중심으로 해외시장 진출을 확대하고 있다. 최근에는 북미 시장을 전략 거점으로 설정하고 신규 거래선 확보와 유통망 다각화에 주력하고... ,https://dealsite.co.kr/articles/163835,https://dealsite.co.kr/articles/163835,2026-06-18
POS 솔루션,"에이루트, 정부 ‘수출 강소기업’ 선정…美 북미 시장 공략 가속 페달",현재 에이루트는 판매시점정보관리(POS) 프린터 및 산업용 출력 솔루션 브랜드인 ‘세우(SEWOO)’를 필두로 해외 진출 고도화를 추진하고 있다. 국내에서는 이미 주방용 POS 프린터 시장 점유율 1위 자리를 수성하며 독점적... ,https://www.etoday.co.kr/news/view/2594885,https://www.etoday.co.kr/news/view/2594885,2026-06-18
POS 솔루션,"에이루트, 수출 강소기업 선정… '수출 경쟁력 입증, 美 등 해외 시장 공...",에이루트는 글로벌 포스(POS) 프린터 및 산업용 출력 솔루션 브랜드 세우(SEWOO)를 중심으로 해외 시장 진출을 가속화하고 있다. 최근에는 북미 시장을 전략 거점으로 설정하고 신규 거래선 확보와 유통망 다각화에 적극... ,https://www.mt.co.kr/stock/2026/06/18/2026061810444828681,https://n.news.naver.com/mnews/article/008/0005373742?sid=101,2026-06-18
POS 솔루션,"에이루트, 수출지원기반활용사업 강소기업 선정",에이루트는 글로벌 포스(POS) 프린터·산업용 출력 솔루션 브랜드 세우(SEWOO)를 중심으로 해외 시장 진출을 가속화하고 있다. 최근에는 북미 시장을 전략 거점으로 설정하고 신규 거래선 확보와 유통망 다각화에 적극 나서고... ,https://www.newsis.com/view/NISX20260618_0003674053,https://n.news.naver.com/mnews/article/003/0014013403?sid=101,2026-06-18
POS 솔루션,"에이루트, 중기부 주관 수출 강소기업 선정","에이루트는 글로벌 포스(POS) 프린터 및 산업용 출력 솔루션 브랜드 ‘세우(SEWOO)’를 앞세워 해외 시장을 공략하고 있다. 특히 북미를 핵심 전략 거점으로 설정하고 신규 거래선 확보, 현지 유통망 확대, 전시회·로드쇼... ",https://www.edaily.co.kr/news/newspath.asp?newsid=03791686645483032,https://n.news.naver.com/mnews/article/018/0006308806?sid=101,2026-06-18
POS 솔루션,"에이루트, 수출 강소기업 선정…미국 등 글로벌 시장 확대 본격화",에이루트는 수출 강소기업 선정을 발판으로 글로벌 인증과 현지 영업망 강화를 추진하며 POS 프린터 및 산업용 출력 솔루션 분야의 해외 성장 기반을 더욱 확대할 계획이다.,https://view.asiae.co.kr/article/2026061810385193675,https://n.news.naver.com/mnews/article/277/0005778132?sid=101,2026-06-18
POS 솔루션,[GAM]토스트 적자 성장주에서 현금 창출 플랫폼 ② 41% 하락은 매수 기회,"토스트의 POS [사진=업체] 엔터프라이즈 영역에서의 최근 성과는 이미 가시화되기 시작했다. 2025년... 2026년 1분기에는 토스트 고(Toast Go) 3 휴대용 단말기를 국제 시장으로 확대했고, 드라이브스루 솔루션을 새롭게... ",https://www.newspim.com/news/view/20260617000612,https://www.newspim.com/news/view/20260617000612,2026-06-18
POS 솔루션,[GAM]토스트 적자 성장주에서 현금 창출 플랫폼 ① 외식업 디지털 전환...,"하드웨어 솔루션을 통합 제공한다. 업체의 핵심 비즈니스는 단순히 계산대 앞 단말기를 교체하는 수준에... 토스트를 단순히 포스(POS, Point of Sale) 업체라고 생각하면 오산이다. 판매 시점 정보 관리 시스템을... ",https://www.newspim.com/news/view/20260617000611,https://www.newspim.com/news/view/20260617000611,2026-06-18
POS 솔루션,깊이가 다른 글로벌 투자 정보 GAM - 맛보기편 (6/17),"토스트의 POS [사진=업체] [아시아 특징주] 필리핀 핀테크 지캐시 모기업 슈퍼 IPO 추진 승인 가게에 걸린... [중국 특징주] 전력 자동화 솔루션 강자 '사방자동화', 홍콩 상장 추진 [사진 = 사방자동화 공식 홈페이지]... ",https://www.newspim.com/news/view/20260617000814,https://www.newspim.com/news/view/20260617000814,2026-06-17
POS 솔루션,"구글맵 미리 단속…네이버 지도, '동물병원'도 챙긴다","이번 동물병원 플레이스 플러스는 전자차트(EMR) 솔루션 기업인 '인투씨엔에스'를 이용 중인 병원을 대상으로... 앞서 네이버는 지난해 6월 음식점을 대상으로 오케이포스(OKPOS), 페이히어, 페이앤스토어 등 주요 POS사와... ",https://www.sisaon.co.kr/news/articleView.html?idxno=201888,https://www.sisaon.co.kr/news/articleView.html?idxno=201888,2026-06-17
POS 솔루션,"온소프트(주), 지자체 스마트 행정 및 기업 맞춤형 '웹 솔루션' 시장 선...","온소프트(주)는 수십 년간 축적된 기술력을 바탕으로 그룹웨어, 인트라넷, 티켓 발권 및 POS 시스템, 농기계임대 등 공공기관과 지자체, 그리고 민간 기업의 업무 효율성을 극대화하는 웹  솔루션을 검증된 경험 위에 AI를... ",https://www.mhns.co.kr/news/articleView.html?idxno=750507,https://www.mhns.co.kr/news/articleView.html?idxno=750507,2026-06-16
POS 솔루션,"광안리어방축제 먹거리마당, QR 테이블오더로 운영","퀵클 큐픽오더 현장 투입 운영 솔루션 기업 퀵클은 제24회 광안리어방축제 먹거리마당에 행사 전용... 축제 먹거리마당에는 10여 개 업체가 참여했으며, 퀵클은 현장 운영을 위해 포스기(POS) 10대와 스마트오더용 QR... ",https://www.vegannews.co.kr/news/article.html?no=383355,https://www.vegannews.co.kr/news/article.html?no=383355,2026-06-16
POS 솔루션,"""외과 잘하는 동물병원 어디""…네이버 플레이스서 한번에 검색","플레이스 플러스는 2025년 식당 포스(POS) 연동을 시작으로 오프라인 정보를 온라인에 연결해 사용자 검색... 해당 서비스는 우선 인투씨엔에스를 사용 중인 동물병원을 대상으로 시작하며, 다른 솔루션 활용 병원으로도... ",https://www.newsis.com/view/NISX20260615_0003669925,https://n.news.naver.com/mnews/article/003/0014007638?sid=105,2026-06-15
POS 솔루션,"네이버, 동물병원 특화 '플레이스 플러스' 도입",플레이스 플러스는 2025년 식당 POS 연동을 시작으로 다양한 오프라인 정보를 온라인에 연결하는 서비스다.... 다른 솔루션을 활용하는 동물병원으로도 점진 확대될 계획이다. 네이버 플레이스 사업기획 이세훈 리더는... ,https://www.pointdaily.co.kr/news/articleView.html?idxno=308234,https://www.pointdaily.co.kr/news/articleView.html?idxno=308234,2026-06-15
POS 솔루션,"""우리 초코 하트캅 먹여야하는데""...네이버, 특화 장소 서비스 선보여",15일 업계에 따르면 플레이스 플러스는 지난해 식당 포스(POS·판매관리시스템 단말기)와의 연동을 시작으로... 동물병원 플레이스 플러스는 우선 수의 정보기술(IT) 전문기업 인투씨엔에스의 솔루션을 사용 중인 동물병원을... ,http://www.fnnews.com/news/202606151344202576,https://n.news.naver.com/mnews/article/014/0005534979?sid=105,2026-06-15
POS 솔루션,"퀵클 '큐픽오더', 제24회 광안리어방축제 먹거리 현장에 QR 테이블오더 ...","특히 이번 축제에는 참여 업체 10곳에 맞춰 포스기(POS) 10대와 스마트오더 QR 150장이 함께 투입됐다. 솔루션뿐 아니라 포스 등 현장 장비까지 일괄 공급·운영하는 방식으로, 이 정도 규모의 행사를 단일 대리점이 장비... ",https://www.woodkorea.co.kr/news/articleView.html?idxno=89839,https://www.woodkorea.co.kr/news/articleView.html?idxno=89839,2026-06-15
POS 솔루션,"""노견 잘 보는 병원 어디?""…네이버 지도에 물어보세요","플레이스 플러스는 2025년 식당 POS 연동을 시작으로 오프라인 정보를 온라인에 연결해온 서비스로, 이번에... 동물병원 플레이스 플러스는 우선 솔루션업체 인투씨엔에스를 쓰는 병원부터 적용되며, 다른 솔루션을 쓰는... ",https://www.hankyung.com/article/202606156489g,https://n.news.naver.com/mnews/article/015/0005298741?sid=105,2026-06-15
POS 솔루션,"네이버, 동물병원 특화 플레이스 서비스 출시…편의성 눈길","플레이스 플러스는 지난해 식당 POS 연동을 시작으로 오프라인 사업장 정보를 온라인에 연결하는 서비스다.... 서비스는 우선 동물병원 솔루션 업체 인투씨엔에스 사용 병원을 대상으로 시작하며, 다른 솔루션 사용... ",https://www.financialpost.co.kr/news/articleView.html?idxno=262521,https://www.financialpost.co.kr/news/articleView.html?idxno=262521,2026-06-15
POS 솔루션,"네이버, 동물병원 특화 정보·검색 서비스 제공…맞춤형 검색 강화","플레이스 플러스는 2025년 식당 POS 연동을 시작으로 다양한 오프라인 정보를 온라인에 연결해 사용자 검색... 네이버는 우선 인투씨엔에스를 사용 중인 동물병원을 대상으로 시작하며, 다른 솔루션을 활용하는... ",https://www.inthenews.co.kr/news/article.html?no=88031,https://www.inthenews.co.kr/news/article.html?no=88031,2026-06-15
POS 솔루션,"""네이버 지도에 동물병원 진료기록 뜬다"" 보호자 병원찾기 바뀐다",음식점 POS 연동으로 시작한 플레이스 플러스가 동물병원으로 영역을 넓힌 점이 눈길을 끈다. 네이버가... 동물병원 대상 플레이스 플러스는 우선 인투씨엔에스를 사용하는 동물병원부터 시작되며 다른 솔루션을 쓰는... ,https://www.econovill.com/news/articleView.html?idxno=742379,https://www.econovill.com/news/articleView.html?idxno=742379,2026-06-15
POS 솔루션,"네이버, 동물병원 '진료 이력'까지 보여준다…특화 플레이스 도입",플레이스 플러스는 지난해 식당 포스(POS) 연동을 시작으로 다양한 오프라인 정보를 온라인에 연결해 사용자... 다른 솔루션을 활용하는 동물병원으로도 서비스 적용을 점진적으로 확대한다. 이세훈 네이버 플레이스... ,https://www.etnews.com/20260615000086,https://n.news.naver.com/mnews/article/030/0003437499?sid=101,2026-06-15
POS 솔루션,네이버 플레이스서 동물병원 진료정보 본다…전용 검색필터 도입,네이버는 2025년 식당 판매시점정보관리시스템(POS) 연동을 시작으로 적용 업종을 확대해왔다. 기존에는... 동물병원 대상 플레이스 플러스는 우선 동물병원 솔루션 업체 인투씨엔에스를 사용하는 병원을 대상으로 시작된다.... ,https://www.edaily.co.kr/news/newspath.asp?newsid=02722406645482048,https://n.news.naver.com/mnews/article/018/0006306483?sid=105,2026-06-15
POS 솔루션,"넥스비원, 말로 하는 SAP 클라우드 ERP 'C4:ERP 4.0' 전격 론칭","또한 표준화된 확장·연동 테이블을 통해 물류(WMS), 생산(MES), 판매·결제(자사몰, POS), 경영지원(그룹웨어·전자결재, 은행 CMS), 공공·세무(홈택스 전자세금계산서 대사) 등 기존에 기업들이 사용 중인 다양한 솔루션... ",https://www.etnews.com/20260612000037,https://n.news.naver.com/mnews/article/030/0003437427?sid=105,2026-06-15
POS 솔루션,"삼성증권, '내일의 나를 위한 건강X절세 종합검진 이벤트' 진행 外","토스플레이스, 예비 창업자 대상 결제 체험 교육 진행 비바리퍼블리카(토스)의 결제 단말기 및 포스(POS) 솔루션 공급 자회사 토스플레이스(대표 최재호)가 서울시 투자출연기관인 서울신용보증재단(이사장 최항도)에서... ",https://www.rcast.co.kr/news/articleView.html?idxno=31040,https://www.rcast.co.kr/news/articleView.html?idxno=31040,2026-06-14
POS 솔루션,"카드 단말기에서 키오스크까지, 사람을 남긴 기술 이야기 - 태영제이에...","주요 비즈니스 현재 POS와 결제 솔루션 공급 업무를 주력으로 운영하고 있다. 자체 통합 관리 솔루션인 '투게더'를 통해 매장 운영에 필요한 소프트웨어를 공급하고 있으며, 카드 단말기 설치부터 무인 결제 키오스크... ",https://www.handmk.com/news/articleView.html?idxno=40267,https://www.handmk.com/news/articleView.html?idxno=40267,2026-06-13
POS 솔루션,"토스플레이스, 예비 창업자 '결제 체험' 교육 진행",토스의 결제 단말기 및 포스(POS) 솔루션 공급 자회사 토스플레이스가 창업을 준비하는 예비 창업자들이 매장 운영 환경 이해를 돕는 교육 활동을 진행했다. 실제 매장에서 활용할 수 있는 결제와 운영 방식을 직접 경험할... ,https://www.newsis.com/view/NISX20260612_0003667458,https://n.news.naver.com/mnews/article/003/0014004525?sid=101,2026-06-13
POS 솔루션,"[금융 풍향계] 토스플레이스, 예비 창업자 결제 체험 교육 外",토스플레이스는 토스의 결제 단말기·포스(POS) 솔루션 공급 자회사다. 12일 토스에 따르면 프렙 아카데미는 서울신용보증재단이 예비 창업자들의 안정적인 창업과 골목상권 활성화를 위해 운영하는 교육 프로그램이다.... ,https://www.ekn.kr/web/view.php?key=20260612026192804,https://www.ekn.kr/web/view.php?key=20260612026192804,2026-06-12
POS 솔루션,"토스플레이스, 서울신용보증재단 외식 창업 교육 '프렙 아카데미' 4회 연...",비바리퍼블리카(토스)의 결제 단말기 및 포스(POS) 솔루션 자회사 토스플레이스(대표 최재호)는 서울신용보증재단이 운영하는 외식 창업 교육 프로그램 '프렙 아카데미'에 4번째로 참여했다고 12일 밝혔다. 프렙 아카데미는... ,http://www.finomy.com/news/articleView.html?idxno=255632,http://www.finomy.com/news/articleView.html?idxno=255632,2026-06-12
외식업 경기,"계룡시, 음식점주 맞춤형 레시피 교육 성료","시 관계자는 ""외식업계가 경기 침체와 물가 상승 등 어려운 여건 속에서도 경쟁력을 갖출 수 있도록 실질적인 지원을 지속해 나가겠다""며 ""앞으로도 영업주 역량 강화를 위한 다양한 교육과 지원사업을 추진하겠다""고... ",https://www.ggilbo.com/news/articleView.html?idxno=1165789,https://www.ggilbo.com/news/articleView.html?idxno=1165789,2026-06-25
외식업 경기,"충남 계룡시, 음식점 영업주 맞춤형 레시피 교육 '성료'","시 관계자는 ""외식업계가 경기 침체와 물가 상승 등 어려운 여건 속에서도 경쟁력을 갖출 수 있도록 실질적인 지원을 지속해 나가겠다""며 ""앞으로도 영업주 역량 강화를 위한 다양한 교육과 지원사업을 추진하겠다""고... ",https://www.ccdn.co.kr/news/articleView.html?idxno=1084973,https://www.ccdn.co.kr/news/articleView.html?idxno=1084973,2026-06-25
외식업 경기,계룡시 음식점 영업주 맞춤형 레시피 교육 성료,"시 관계자는 ""외식업계가 경기 침체와 물가 상승 등 어려운 여건 속에서도 경쟁력을 갖출 수 있도록 실질적인 지원을 지속해 나가겠다""며""앞으로도 영업주 역량 강화를 위한 다양한 교육과 지원사업을 추진하겠다""고... ",http://www.cctimes.kr/news/articleView.html?idxno=913403,http://www.cctimes.kr/news/articleView.html?idxno=913403,2026-06-25
외식업 경기,올해 외식업 ‘6곳 중 1곳’ 망했다 [H-EXCLUSIVE],▶거리로 나온 소상공인들=업계에서는 최근 외식업 폐업 증가를 단순 경기 부진이 아닌 구조적 위기로 보고 있다. 코로나19 시기에는 각종 정책자금 지원과 소비 회복 기대가 있었지만 고금리 장기화와 내수 침체가... ,https://biz.heraldcorp.com/article/10787962?ref=naver,https://n.news.naver.com/mnews/article/016/0002661467?sid=101,2026-06-25
외식업 경기,고금리에 1분기 자영업자 연체 빚 13% 증가…매출은 줄어,"한국신용데이터가 SK하이닉스 본사가 있는 경기 이천시 일대 점포 486곳을 분석한 결과, 2월 초 초과이익... 업종별로는 외식업이 1.1% 줄어든 가운데 서비스업(+0.5%)과 유통업(+9.1%)만 증가했다. 이번 보고서는... ",https://www.m-i.kr/news/articleView.html?idxno=1384268,https://www.m-i.kr/news/articleView.html?idxno=1384268,2026-06-25
외식업 경기,[단독]‘위기의 소상공인’ 올해 전국 외식업 6곳 중 1곳 망했다…“코...,거리로 나온 소상공인들 업계에서는 최근 외식업 폐업 증가를 단순 경기 부진이 아닌 구조적 위기로 보고 있다. 코로나19 시기에는 각종 정책자금 지원과 소비 회복 기대가 있었지만 고금리 장기화와 내수 침체가... ,https://biz.heraldcorp.com/article/10787618?ref=naver,https://n.news.naver.com/mnews/article/016/0002661355?sid=101,2026-06-25
외식업 경기,"'식사의 경계를 허물다'… 외식업계, '공간의 역발상' 경쟁","과거 외식업이 맛과 가격 중심의 경쟁을 펼쳤다면 최근에는 고객의 라이프스타일과 이용 목적에 맞춘 공간... 2인석과 4인석은 물론 단체석과 룸 공간까지 마련해 직장인 회식, 동호회 모임, 스포츠 경기 관람, 피로연 등... ",https://www.pressman.kr/news/articleView.html?idxno=102427,https://www.pressman.kr/news/articleView.html?idxno=102427,2026-06-25
외식업 경기,"[전쟁 멈췄지만 물가는 남았다③] ""유가는 내려도 가격은 안 내린다""…...","하지만 유가 안정이 곧바로 물가 안정과 경기 회복으로 이어질지는 미지수다. 이미 고유가 충격이 원자재와... /편집자주 국제유가가 안정세를 보이면서 유통·식품·외식업계의 원가 부담 완화 기대도 커지고 있지만, 실제... ",http://www.newsian.co.kr/news/articleView.html?idxno=91336,http://www.newsian.co.kr/news/articleView.html?idxno=91336,2026-06-25
외식업 경기,"""매출 늘어도 한숨""…소상공인 평균 이익 999만원·연체금액 '최대'","외식업 가운데 카페는 전년 대비 7.2%, 베이커리·디저트는 11.4% 성장하며 비교적 선전했다. 반면 숙박... 한국신용데이터는 경기 불확실성 확대 속에서 소비자들이 여행과 여가 지출을 우선 줄이는 현상이 이어지고... ",https://www.news1.kr/industry/sb-founded/6207231,https://n.news.naver.com/mnews/article/421/0009022206?sid=101,2026-06-25
외식업 경기,"포항시, 위기의 외식업 소상공인 구한다… 7월 3일까지 맞춤형 컨설팅 ...",[경상매일신문=최종태기자]포항시가 경기 침체로 어려움을 겪는 지역 내 소상공인 외식업체들을 위해 구원투수로 나섰다. 시는 오는 7월 3일까지 지역 음식점의 자생력을 키우고 트렌디한 매장으로의 변신을 도울... ,https://www.ksmnews.co.kr/news/view.php?idx=610621,https://www.ksmnews.co.kr/news/view.php?idx=610621,2026-06-24
외식업 경기,"울진군, 2026 전국여자야구대회 개최…23개 팀 550여 선수 참가","지난해 개최된 전국 여자 야구대회 경기 모습 (제공=울진군) 울진군은 6월 27일부터 7월 5일까지 주말 4일간... 울진군은 대회 기간 참가 선수단과 가족, 관계자 등 방문객이 지역을 찾으면서 숙박·외식업 등 지역 상권에도... ",https://www.gukjenews.com/news/articleView.html?idxno=3616805,https://www.gukjenews.com/news/articleView.html?idxno=3616805,2026-06-24
외식업 경기,"경과원, 경기북부 기업 8곳 유럽서 568만달러 수출상담",경기도경제과학진흥원(원장 김현곤)은 지난 15~20일 헝가리 부다페스트와 오스트리아 빈에서 '2026년... 이 회사는 K-푸드 확산과 외식업 자동화 수요에 맞춰 제품 기능과 현장 적용 사례를 설명했다. 경과원은 시장개척단... ,https://www.etnews.com/20260624000417,https://n.news.naver.com/mnews/article/030/0003440991?sid=102,2026-06-24
외식업 경기,남아공전 앞두고 직장도 식당도 '월드컵 모드',"상인들, 월드컵 단체 관람객 위해 이른 개점 치킨집과 주점 등 외식업계도 손님맞이 준비로 분주하다. 일부 업소에서는 ""경기 시간에 맞춰 영업하느냐""는 문의가 잇따르자 고심 끝에 평소보다 이른 오전 시간부터 가게... ",https://www.jnilbo.com/news/articleView.html?idxno=90000044959,https://www.jnilbo.com/news/articleView.html?idxno=90000044959,2026-06-24
외식업 경기,"속초시, 전 시민 20만원 민생회복지원금 지급 본격화","숙박업, 외식업, 전통시장, 소매업 등 지역경제 전반에 긍정적인 파급효과가 나타날 것으로 전망된다. 경제 전문가들은 지방정부 차원의 민생지원 정책이 단기 소비 진작과 함께 심리적 경기 회복 효과를 가져올 수... ",https://www.ajunews.com/view/20260624144454109,https://www.ajunews.com/view/20260624144454109,2026-06-24
외식업 경기,경북 울진에서 여자야구와 유소년클럽 축구 전국대회 개최,"▲ 지난해 개최된 전국 여자 야구대회 경기 모습. [울진군 제공] 대한야구소프트볼협회(KBSA)가 주최하고... 대회 기간 선수단과 가족, 관계자 등 방문객 유입에 따라 숙박·외식업 등 지역 상권에도 활력을 불어넣을... ",https://www.kpinews.kr/newsView/1065589357990903,https://www.kpinews.kr/newsView/1065589357990903,2026-06-24
외식업 경기,[F&B] 오뚜기 코엑스 부스 운영·동아오츠카 스쿨어택 프로그램 外,"식품·외식업계가 도서전 전시, 점주 운영 앱, 학교 스포츠 프로그램, 시즌 디저트 성과를 통해 브랜드... 학생들과 선수들은 25일 오전 서울 용곡중학교에서 대한민국 축구 국가대표팀 경기를 함께 관람한다. 경기 관람... ",https://www.slist.kr/news/articleView.html?idxno=747329,https://www.slist.kr/news/articleView.html?idxno=747329,2026-06-24
외식업 경기,"[트래블투데이] 영화와 음악, 축구, 수제 맥주가 한자리에... 부천 위조...","경기도 공공배달앱 ‘배달특급’과 협업해 할인쿠폰 제공하고, 한국외식업중앙회 부천시지부와 연계한 지역 외식업 이용 활성화 캠페인도 진행한다. 또한 부천맛집 할인쿠폰과 지역상생마켓, 현대백화점 중동점 식품... ",http://www.travelitoday.com/read/contentsView/22222/41,http://www.travelitoday.com/read/contentsView/22222/41,2026-06-24
외식업 경기,“반도체만 보고 경기 살아난 줄 착각”…기업 경기전망 4개월째 기준선...,올해 7월 BSI 98.0 기록 제조업 전망치 95.6으로 부진 의약품·전자업종만 100 넘겨 국내 기업들의 경기... 비제조업에서는 여름 휴가철 수요가 기대되는 여가·숙박 및 외식업(121.4)이 가장 높은 수치를 기록했다. 이어... ,https://www.mk.co.kr/article/12081564,https://n.news.naver.com/mnews/article/009/0005697931?sid=101,2026-06-24
외식업 경기,“반도체만 웃었다” 국내 기업 경기전망 4개월 연속 ‘부정적’,반도체와 수출 부문을 제외하고 국내 기업들의 경기 전망이 4개월 연속 부정적인 수준에 머무른 것으로... 비제조업에서는 여름 휴가철 수요가 기대되는 여가·숙박 및 외식업이 121.4를 기록하며 가장 높은... ,https://magazine.hankyung.com/business/article/202606244247b,https://n.news.naver.com/mnews/article/050/0000107736?sid=101,2026-06-24
외식업 경기,"[경남 브리핑 모음(6월24일)] 진주시, 7월 ‘모바일 진주사랑상품권 100...","시 관계자는 “고물가와 경기 침체로 어려움을 겪고 있는 시민과 소상공인에게 진주사랑상품권이 실질적인... 이날 회의에는 한국외식업중앙회 거제시지부장, 대한숙박업중앙회 거제시지부장, 해수욕장운영위원장도... ",https://www.dnews.co.kr/uhtml/view.jsp?idxno=202606232224021790494,https://www.dnews.co.kr/uhtml/view.jsp?idxno=202606232224021790494,2026-06-24
외식업 경기,"대기업 경기 전망, 수출 빼고 다 부정적",뉴스클레임 DB 한국경제인협회가 매출액 600대 기업을 대상으로 조사한 7월 기업경기실사지수(BSI)는 98.... 여름 휴가철 효과가 기대되는 여가·숙박·외식업과 도·소매업 등의 호조 전망에 따른 것이다.... ,https://www.newsclaim.co.kr/news/articleView.html?idxno=3067435,https://www.newsclaim.co.kr/news/articleView.html?idxno=3067435,2026-06-24
외식업 경기,반도체만 웃고 제조업은 한숨… 기업 체감경기 4개월째 부진,"여가·숙박·외식업은 121.4로 가장 높은 수치를 기록했고 도·소매업(112.2), 전문·과학기술 및 사업지원서비스업(108.3)도 비교적 양호한 전망을 보였다. 반면 건설업은 92.5에 머물렀다. 부동산 경기 둔화와 투자... ",https://www.viva100.com/article/20260624500031,https://www.viva100.com/article/20260624500031,2026-06-24
외식업 경기,"[전쟁 멈췄지만 물가는 남았다②] ""전쟁보다 무서운 건 손님 없는 가게...","특히 외식업과 서비스업은 인건비 비중이 높아 비용 충격이 더욱 크게 나타나는 것으로 분석된다. 서울 도심 상권은 이미 '고정비 압박 구간'에 진입했다는 평가도 나온다. 임대료는 경기와 무관하게 유지되고, 배달 플랫폼... ",http://www.newsian.co.kr/news/articleView.html?idxno=91297,http://www.newsian.co.kr/news/articleView.html?idxno=91297,2026-06-24
외식업 경기,"""7월 경기전망 4개월째 부진""…반도체·수출만 버텼다","국내 기업들의 경기 전망이 4개월 연속 부정적인 것으로 나타났다. 반도체를 중심으로 한 수출은 양호한... 비제조업에서는 여름 휴가철 효과가 기대되는 여가·숙박·외식업(121.4)과 도·소매업(112.2), 전문·과학... ",https://www.edaily.co.kr/news/newspath.asp?newsid=02109046645485000,https://n.news.naver.com/mnews/article/018/0006313385?sid=101,2026-06-24
외식업 경기,"못 갚은 빚 14조…못 살겠다, 자영업","KCD가 SK하이닉스 본사 소재지인 경기 이천시 일대 점포 486곳을 분석한 결과, 지난 2월 SK하이닉스 성과급 지급에도 1분기 이들 점포의 매출은 전년 동기보다 0.8% 증가하는 데 그쳤다. 업종별로는 외식업 매출이 1.1... ",https://www.khan.co.kr/article/202606232044045,https://n.news.naver.com/mnews/article/032/0003453876?sid=101,2026-06-23
외식업 경기,1분기 소상공인 매출·이익 동반 감소…대출 연체 증가 '부담',"외식업 가운데 카페는 지난해 같은 기간보다 매출이 7.2%, 베이커리·디저트 업종은 11.4% 증가하며 강세를... 경기 불확실성이 커지면서 소비자들이 여가와 여행 관련 지출을 줄이는 흐름이 이어진 것으로 풀이된다.... ",https://www.idomin.com/news/articleView.html?idxno=2008568,https://www.idomin.com/news/articleView.html?idxno=2008568,2026-06-23
외식업 경기,고금리·고물가에 벼랑 끝 자영업자…연체 빚 14조6천억 '역대급',한국신용데이터가 SK하이닉스 본사가 위치한 경기 이천지역 점포 486곳을 분석한 결과 지난 2월 대규모 성과급 지급에도 인근 상권 매출 증가율은 0.8%에 그쳤다. 외식업 매출은 오히려 1.1% 감소한 것으로 나타났다.,https://www.ccdailynews.com/news/articleView.html?idxno=2423728,https://www.ccdailynews.com/news/articleView.html?idxno=2423728,2026-06-23
외식업 경기,"허리 휘는 자영업자, 대출 연체액 12.6% 증가","소재지인 경기 이천시 일대 점포 486곳을 분석한 결과, 지난 2월 SK하이닉스가 성과급을 지급했지만 1분기 이들 점포의 매출은 전년 동기보다 0.8% 증가하는 데 그쳤다. 업종별로는 외식업 매출이 1.1% 감소했으며... ",https://www.khan.co.kr/article/202606231641001,https://n.news.naver.com/mnews/article/032/0003453803?sid=101,2026-06-23
외식업 경기,고금리와 대출 어려움 속 자영업자 연체액 급증…1분기 14조6천억원 돌파,"SK하이닉스 본사 인근 경기 이천시의 매출 증가율은 0.8%에 그쳤고, 외식업의 경우 소폭 감소하는 등 인근 경제에 큰 영향을 미치지 못했고, 서비스업과 유통업만 소폭의 증가세를 보였다. 한국신용데이터는 '캐시노트... ",https://www.gokorea.kr/news/articleView.html?idxno=870098,https://www.gokorea.kr/news/articleView.html?idxno=870098,2026-06-23
외식업 경기,"2027 경북도민체전 앞둔 영주시, 스포츠 인프라 확충 속도전","시는 23일 시청 강당에서 제65회 경북도민체육대회 추진상황 보고회를 열고 경기장 조성, 개·폐회식 운영... 지역에서는 숙박·외식업 등 소비 증가와 함께 지역 관광자원 홍보 효과도 기대하고 있다. 영주시에서 음식점을... ",https://www.kyongbuk.co.kr/news/articleView.html?idxno=4076294,https://www.kyongbuk.co.kr/news/articleView.html?idxno=4076294,2026-06-23
외식업 경기,기존 마라탕 매장 다복향으로 전환…인천 주안점 리뉴얼 오픈,"고물가와 경기 침체로 외식업 창업 부담이 커지는 가운데, 기존 매장을 활용한 소자본 브랜드 전환 사례가 늘고 있다. 다복향 마라탕은 최근 인천 미추홀구 주안동에 위치한 기존 마라탕 매장을 브랜드 전환 방식으로... ",http://www.e2news.com/news/articleView.html?idxno=331605,http://www.e2news.com/news/articleView.html?idxno=331605,2026-06-23
외식업 경기,소상공인 매출·이익 동반 감소…대출 연체도 한 분기 만에 증가,경기 불확실성 속에서 소비자들이 여가·여행 지출을 줄이는 경향이 지속된 것으로 분석된다.... 유통업은 증가세를 보였으나 외식업과 서비스업은 오히려 감소해 상권 전반의 소비 활성화로 이어지지는 못한... ,https://www.fetv.co.kr/news/articleView.html?idxno=304919,https://www.fetv.co.kr/news/articleView.html?idxno=304919,2026-06-23
외식업 경기,"오세훈, 민선 9기 첫 행보는 ‘민생 챙기기’",고환율ㆍ고유가등 침체된 경기로 팍팍한 삶을 이어가고 있는 시민들의 불안한 민생부터 살펴보는 것으로... 이는 민간 배달앱 중개 수수료(최대 9.7%) 대비 상대적으로 낮은 수준으로 배달 플랫폼 이용에 따른 외식업... ,https://www.dnews.co.kr/uhtml/view.jsp?idxno=202606231109586330392,https://www.dnews.co.kr/uhtml/view.jsp?idxno=202606231109586330392,2026-06-23
외식업 경기,"""장사 안 되는데 물가·금리 오르고""…자영업자 대출 연체 13% 급증","이는 SK하이닉스 본사가 위치한 경기 이천 일대 점포 486곳을 대상으로 매출 변화를 분석한 결과다.... 업종별로는 유통업 매출은 9.1% 증가했지만, 서비스업은 0.5% 증가에 그쳤고 외식업은 1.1% 감소했다．",https://www.newsis.com/view/NISX20260623_0003679864,https://n.news.naver.com/mnews/article/003/0014022563?sid=101,2026-06-23
외식업 경기,매출은 꺾이고 빚 부담은 커지고... 소비 양극화에 흔들리는 골목상권,외식업 가운데 카페와 베이커리·디저트 업종은 경기 둔화 속에서도 성장세를 이어간 반면 여행·여가 관련 업종은 장기간 부진에서 벗어나지 못했다. 카페 업종의 올해 1분기 매출은 전년 동기 대비 7.2% 증가했으며... ,https://www.ilyoseoul.co.kr/news/articleView.html?idxno=518867,https://www.ilyoseoul.co.kr/news/articleView.html?idxno=518867,2026-06-23
외식업 경기,디저트 열풍에 웃은 유통업… 소상공인 소비 양극화는 심화,"외식업 가운데 카페는 전년 대비 7.2%, 베이커리·디저트는 11.4% 증가하며 가장 높은 성장세를 기록했다. [사진=뉴시안] ［뉴시안= 신선경 기자］국내 소상공인 시장에서 소비 양극화가 더욱 뚜렷해지고 있다. 경기... ",http://www.newsian.co.kr/news/articleView.html?idxno=91324,http://www.newsian.co.kr/news/articleView.html?idxno=91324,2026-06-23
외식업 경기,3高에 자영업자 대출·연체 증가… 매출·이익은 동반 감소,"업종별로 외식업 중 카페(전년 대비 +7.2%)와 베이커리·디저트(+11.4%) 매출이 늘었다. 서비스 업종의 경우... KCD가 SK하이닉스 본사가 위치한 경기 이천시 일대 점포 486곳 매출을 분석한 결과, SK하이닉스가 초과이익... ",https://www.newscj.com/news/articleView.html?idxno=3411337,https://www.newscj.com/news/articleView.html?idxno=3411337,2026-06-23
외식업 경기,"1분기 소상공인 매출 줄고, 대출 연체 증가…""SK하이닉스 낙수효과도 없...","업종별로는 외식업 중 카페와 베이커리·디저트가 전년 대비 각각 7.2%, 11.4%씩 늘어 두 자릿수에 가까운... 경기 위축과 3고 여파로 빚을 제때 갚지 못하는 자영업자도 늘고 있다. 올해 1분기 국내 개인사업자 대출... ",https://www.getnews.co.kr/news/articleView.html?idxno=873056,https://www.getnews.co.kr/news/articleView.html?idxno=873056,2026-06-23
외식업 경기,'두쫀쿠' 카페 말곤 울상…소상공인 수익성 나빠지고 연체도 증가,"업종별로는 유통업이 상승세를 보였으나, 외식업과 서비스업은 하락세로 전환해 상권 전체의 활성화로는... 경기 불확실성 속에서 소비자들이 여가·여행 지출을 우선적으로 줄이는 흐름이 구조적으로 자리 잡았다는... ",https://www.hankyung.com/article/202606232392i,https://n.news.naver.com/mnews/article/015/0005301753?sid=101,2026-06-23
외식업 경기,"'3高'에 자영업자 연체빚 14.6조,13%증가…매출 13% 줄어","매출은 카페·베이커리 등 일부 외식업종을 중심으로 지난해보다 소폭 늘었다. 1분기 개인사업자의... 한국신용데이터가 SK 하이닉스 본사가 위치한 경기 이천시 일대 점포 486곳 매출을 분석한 결과, 지난 2월초... ",http://www.seouleconews.com/news/articleView.html?idxno=91971,http://www.seouleconews.com/news/articleView.html?idxno=91971,2026-06-23
외식업 경기,비은행권에 몰린 자영업자 빚⋯연체액 한 분기 만에 12.6%↑,"KCD가 SK하이닉스 본사가 있는 경기 이천 일대 486개 점포를 분석한 결과, 2월 대규모 성과급 지급에도 올해 1분기 SK 권역 매출 증가율은 전년 대비 0.8%에 그쳤다. 업종별로는 유통업 매출이 9.1% 늘었지만 외식업은 1.... ",https://www.etoday.co.kr/news/view/2596296,https://www.etoday.co.kr/news/view/2596296,2026-06-23
외식업 경기,"허태정 대전시장 당선인 ""골목상권·전통시장 회복 최우선""","'모두가 잘 사는 대전 그리고 온통대전'이라는 주제 아래 전통시장 상인회장, 골목상점가 대표, 대전소상공인연합회, 한국외식업중앙회 대전시지회 관계자 등 100여 명이 참석했다. 이날 간담회에서 소상공인 측은 경기침... ",https://www.jbnews.com/news/articleView.html?idxno=1506369,https://www.jbnews.com/news/articleView.html?idxno=1506369,2026-06-23
외식업 경기,소상공인 1분기 매출 13%↓…대출 연체 14.6조 달해,"자료/한국신용데이터 올해 1분기 소상공인 경기가 연말 성수기 효과가 사라지며 다시 둔화한 것으로... 외식업 가운데 카페 매출은 전년 동기 대비 7.2%, 베이커리·디저트는 11.4% 증가했다. 지난해 하반기부터 이어진... ",http://www.smedaily.co.kr/news/articleView.html?idxno=359113,http://www.smedaily.co.kr/news/articleView.html?idxno=359113,2026-06-23
외식업 경기,"자영업자 연체빚 다시 불어났다…1분기 14.6조원, 폐업 사업장 50만곳 넘...","한국신용데이터가 SK하이닉스 본사가 있는 경기 이천시 일대 점포 486곳의 매출을 분석한 결과, 지난 2월... 업종별로는 외식업 매출이 1.1% 감소한 반면 서비스업은 0.5%, 유통업은 9.1% 증가했다. 이번 보고서는... ",https://www.econovill.com/news/articleView.html?idxno=743141,https://www.econovill.com/news/articleView.html?idxno=743141,2026-06-23
외식업 경기,카페·디저트는 웃고 여가·여행은 울고…1분기 소상공인 소비 양극화,외식업에서는 카페(전년 대비 7.2%)와 베이커리·디저트(11.4%)가 매출 상승을 이끌었다. KCD는 지난해... KCD는 경기 불확실성 속에서 소비자가 여가·여행 지출을 먼저 줄이는 흐름이 자리 잡은 신호로 풀이했다. 같은... ,https://platum.kr/archives/289572,https://platum.kr/archives/289572,2026-06-23
외식업 경기,"1분기 자영업자 연체 빚 13% 급증…과반 ""경영상황 나빠져""","매출은 카페·베이커리 등 일부 외식업종을 중심으로 작년보다 소폭 늘어, 1분기 개인사업자의 사업장당... 한국신용데이터가 SK하이닉스 본사가 위치한 경기 이천시 일대 점포 486곳 매출을 분석한 결과, 지난 2월... ",http://www.newsfc.co.kr/news/articleView.html?idxno=79445,http://www.newsfc.co.kr/news/articleView.html?idxno=79445,2026-06-23
외식업 경기,자영업자 연체 빚 12.6% 늘었다···폐업 사업장 50만개 돌파,"실제 SK하이닉스 본사가 위치한 경기 이천시 일대 점포 486곳을 분석한 결과 지난 2월 초 격려금 성격의... 업종별로는 외식업 매출이 1.1% 감소한 반면 서비스업은 0.5%, 유통업은 9.1% 증가했다. KCD 관계자는 ""1분기... ",https://www.seoulfn.com/news/articleView.html?idxno=631692,https://www.seoulfn.com/news/articleView.html?idxno=631692,2026-06-23
외식업 경기,소상공인 매출·이익 동반 감소에 연체 부담까지… 중소기업 대출 부실...,"카페 업종은 전년 대비 7.2%, 베이커리·디저트 업종은 11.4%의 매출 증가율을 기록하며 외식업 성장을... 경기 불확실성이 장기화되면서 소비자들이 여가와 여행 관련 지출을 우선적으로 줄이는 경향이 고착화되고 있는... ",https://www.viva100.com/article/20260623500079,https://www.viva100.com/article/20260623500079,2026-06-23
외식업 경기,고금리에 1분기 자영업자 연체 빚 13% 증가…매출은 줄어,"매출은 카페·베이커리 등 일부 외식업종을 중심으로 작년보다 소폭 늘었습니다. 1분기 개인사업자의... 한국신용데이터가 SK 하이닉스 본사가 위치한 경기 이천시 일대 점포 486곳 매출을 분석한 결과, 지난 2월 초... ",https://news.sbs.co.kr/news/endPage.do?news_id=N1008622731&plink=ORI&cooper=NAVER,https://n.news.naver.com/mnews/article/055/0001366498?sid=101,2026-06-23
외식업 경기,소상공인 대출 연체 다시 증가세...고금리·소비위축에 경영난 심화,"위치한 경기 이천시 일대 점포 486곳을 분석한 결과, 올해 2월 초 성과급 지급 이후 1분기 인근 상권 매출 증가율은 0.8%에 그쳤다. 지난해 연간 증가율 5.6%와 비교하면 크게 둔화된 수준이다. 업종별로는 외식업 매출이... ",https://www.youthdaily.co.kr/news/article.html?no=221437,https://www.youthdaily.co.kr/news/article.html?no=221437,2026-06-23
외식업 경기,1분기 소상공인 매출·이익 감소…대출연체는 증가,업종별로는 외식업 중 카페(전년 대비 +7.2%)와 베이커리·디저트(+11.4%) 매출이 늘었다. 지난해 하반기부터... 경기 불확실성이 커지면서 소비자들이 구조적으로 여가·여행 지출부터 줄이는 흐름이 고착화됐다는... ,https://view.asiae.co.kr/article/2026062309072411877,https://n.news.naver.com/mnews/article/277/0005780012?sid=101,2026-06-23
외식업 경기,"양문숯불갈비, 수원망포점 신규 매장 오픈",소갈비 전문 브랜드 양문숯불갈비가 신규 매장인 수원망포점을 오픈하며 경기 남부 지역 내 매장 운영을... 또한 외식업 경력 10년 이상의 전문가들이 참여하는 메뉴 개발 시스템을 운영하며 메뉴 경쟁력 강화에 나서고... ,http://www.e2news.com/news/articleView.html?idxno=331545,http://www.e2news.com/news/articleView.html?idxno=331545,2026-06-23
외식업 경기,소비 행태의 변화가 불러온 자영업의 위기[이정희의 경제돋보기],코로나19 엔데믹 선언이 3년이 지났지만 내수경기는 침체를 이어가고 소상공인·자영업자의 어려움은... 소상공인·자영업 비중에서 약 30%에 이르는 외식업은 대표적으로 저녁모임 감소에 타격을 받았다. 또한 노래방... ,https://magazine.hankyung.com/business/article/202606184131b,https://n.news.naver.com/mnews/article/050/0000107648?sid=101,2026-06-23
외식업 경기,1분기 자영업자 연체 빚 규모 14.6조원,"있는 경기 이천시 일대 점포 486곳 매출을 분석한 결과, 지난 2월 초 SK하이닉스가 초과이익 성과급을 지급했지만 올해 1분기 인근 상권의 전년 대비 매출 증가율은 0.8%에 그쳤다. 업종별로는 외식업 매출이 1.1... ",https://www.straightnews.co.kr/news/articleView.html?idxno=305363,https://www.straightnews.co.kr/news/articleView.html?idxno=305363,2026-06-23
외식업 경기,고금리에 자영업자 연체 빚 12.6% 증가…영업이익률도 뒷걸음,"한국신용데이터가 SK하이닉스 본사가 위치한 경기 이천시 일대 점포 486곳의 매출을 분석한 결과, 지난 2월... 업종별로는 외식업 매출이 1.1% 감소한 반면, 서비스업(+0.5%)과 유통업(+9.1%) 등은 증가세를 보였다. 이번... ",https://www.hankyung.com/article/2026062316327,https://n.news.naver.com/mnews/article/015/0005301626?sid=101,2026-06-23
외식업 경기,고금리에 1분기 자영업자 연체 빚 13% 증가…매출은 줄어,"매출은 카페·베이커리 등 일부 외식업종을 중심으로 작년보다 소폭 늘었다. 1분기 개인사업자의... 한국신용데이터가 SK 하이닉스 본사가 위치한 경기 이천시 일대 점포 486곳 매출을 분석한 결과, 지난 2월 초... ",https://www.yna.co.kr/view/AKR20260622133500002?input=1195m,https://n.news.naver.com/mnews/article/001/0016152632?sid=101,2026-06-23
외식업 경기,"허태정 ""골목상권·전통시장 살아야 대전경제 회복""…소상공인 지원 최...","한국외식업중앙회 대전시지회 관계자 등 100여 명이 참석했다. 참석자들은 장기적인 경기침체에 따른 매출 감소를 비롯해 주차환경 개선, 전통시장 경쟁력 강화, 골목상권 활성화 방안 등 현장의 애로사항을 전달했다.... ",https://www.ccdn.co.kr/news/articleView.html?idxno=1084427,https://www.ccdn.co.kr/news/articleView.html?idxno=1084427,2026-06-22
외식업 경기,"허태정 당선인, 전통시장·골목상권 활성화 핵심 과제 제시…온통대전...","이날 행사는 '모두가 잘 사는 대전 그리고 온통대전'을 주제로 열렸으며, 전통시장 상인회, 상점가, 골목형상점가 관계자, 대전소상공인연합회, 한국외식업중앙회 대전시지회 등 다양한 단체가 참석했다. 참석자들은 경기... ",https://www.gukjenews.com/news/articleView.html?idxno=3614660,https://www.gukjenews.com/news/articleView.html?idxno=3614660,2026-06-22
외식업 경기,"허태정 ""골목상권 살아야 대전경제 산다""…민생 회복 해법 모색","한국외식업중앙회 대전시지회 관계자 등 100여 명이 참석했다. '모두가 잘 사는 대전 그리고 온통대전'을 주제로 진행된 이날 대화에서 참석자들은 경기침체 장기화에 따른 매출 감소를 비롯해 주차환경 개선, 전통시장... ",https://www.news1.kr/local/daejeon-chungnam/6204862,https://n.news.naver.com/mnews/article/421/0009017306?sid=102,2026-06-22
외식업 경기,"""재정 최악이라도 골목상권은 살린다""","'모두가 잘 사는 대전 그리고 온통대전'을 주제로 열린 행사에는 전통시장 상인회장과 상점가·골목형상점가 대표, 대전소상공인연합회, 한국외식업중앙회 대전시지회 관계자 등 100여 명이 참석했다. 현장에서는 경기침체... ",https://www.daejonilbo.com/news/articleView.html?idxno=2283202,https://n.news.naver.com/mnews/article/656/0000179656?sid=102,2026-06-22
외식업 경기,"'파산 위기' 대전시, 방만 재정 '전면 수술' 예고…'온통대전'은 부활 추...","이 자리에는 전통시장 상인회장, 골목상권 대표, 대전소상공인연합회 및 외식업중앙회 관계자 등 100여 명이 참석해 뜨거운 토론을 벌였다. 간담회에 참석한 상인들은 경기침체 장기화에 따른 매출 감소를 호소하며... ",https://www.pressian.com/pages/articles/2026062217260617433?utm_source=naver&utm_medium=search,https://n.news.naver.com/mnews/article/002/0002445849?sid=102,2026-06-22
외식업 경기,"허태정 대전시장 당선인, 소상공인 만나 “온통대전 2.0으로 골목상권 ...",한국외식업중앙회 대전시지회 관계자 등 100여 명이 참석해 현장의 목소리를 전달했다. 이날 간담회에 참석한 소상공인들은 장기화된 경기 침체로 인한 매출 타격과... ,http://www.breaknews.com/1215920,http://www.breaknews.com/1215920,2026-06-22
외식업 경기,"허태정, 중앙시장서 민생 회복 해법 찾았다","청년과 노동자에 이어 소상공인 현장을 찾은 허 당선인은 전통시장 상인회장, 상점가·골목형상점가 대표, 대전소상공인연합회, 한국외식업중앙회 대전시지회 관계자 등 100여 명과 마주 앉았다. 상인들은 경기침체... ",https://www.ccdailynews.com/news/articleView.html?idxno=2423458,https://www.ccdailynews.com/news/articleView.html?idxno=2423458,2026-06-22
외식업 경기,"[포토뉴스] 허태정, ""골목상권과 전통시장이 살아야 대전 경제가 산다""","한국외식업중앙회 대전시지회 관계자 등 100여 명이 참석했다. 이 자리에서 소상공인들은 경기침체 장기화에 따른 매출 감소와 주차환경 개선, 전통시장 경쟁력 강화, 골목상권 활성화 방안 등 현장에서 체감하는 다양한... ",https://daily.hankooki.com/news/articleView.html?idxno=1378705,https://daily.hankooki.com/news/articleView.html?idxno=1378705,2026-06-22
외식업 경기,"담가화로구이, 25일 본사서 창업 세미나 개최…운영 전략 공유",25일 경기도 구리시 소재 본사에서 예비 창업자와 업계 관계자를 대상으로 창업 세미나를 개최한다. 이번 세미나는 윤양호 회장이 직접 연사로 나서 브랜드 운영 경험과 외식업 창업 과정에서 필요한 핵심 사항을 설명하는... ,https://www.shinailbo.co.kr/news/articleView.html?idxno=5033036,https://www.shinailbo.co.kr/news/articleView.html?idxno=5033036,2026-06-22
외식업 경기,"'나는 몰라요' 옥희, 신장암 투병 끝 영면…대한가수협회장으로 마지막...","중단하고 외식업에 전념했다. 이후 2003년 다시 가수 활동을 재개하며 무대에 복귀한 고인은 대한가수협회... 고인은 지난해 2월 신장암 진단을 받은 뒤 투병 생활을 이어왔으며, 지난 20일 오후 경기 수원의 한 병원... ",https://ent.sbs.co.kr/news/article.do?article_id=E10010318189&plink=ORI&cooper=NAVER,https://m.entertain.naver.com/article/416/0000324340,2026-06-22
외식업 경기,"""야구 보고 피자 먹고""... 도미노피자, 앱 고객 혜택 확대","사진=도미노피자 프로야구 흥행이 이어지면서 외식업계도 야구 팬들을 겨냥한 마케팅을 확대하고 있다. 경기 관람과 먹거리를 결합한 체험형 프로모션이 늘어나는 가운데, 브랜드 충성 고객을 대상으로 한 초청... ",http://www.thefirstmedia.net/news/articleView.html?idxno=201894,http://www.thefirstmedia.net/news/articleView.html?idxno=201894,2026-06-22
외식업 경기,"부천시, 여름 축제 '위조이 치맥축제 in BIFAN' 개최","경기도 공공배달 서비스인 '배달특급'과 협업해 다양한 할인 프로모션을 진행하고, 한국외식업중앙회 부천시지부와 함께 지역 외식업체 이용 확대를 위한 홍보 활동을 펼칠 예정이다. 또한 지역 대표 음식점을... ",https://weekly.hankooki.com/news/articleView.html?idxno=7170714,https://weekly.hankooki.com/news/articleView.html?idxno=7170714,2026-06-22
외식업 경기,[이상헌의 성공창업 노트] 2025~2026년 프랜차이즈 M&A 시장 현황과 가맹...,외식업 경기 침체와 투자시장 불확실성으로 인해 매수자보다 매도자가 많은 '바이어 마켓(Buyer Market)' 현상이 나타났다. 투자자들은 브랜드 인지도와 수익성이 검증된 프랜차이즈에만 선택적으로 접근하는 모습을... ,http://www.beyondpost.co.kr/view.php?ud=20260622144321550918ef25b590_30,http://www.beyondpost.co.kr/view.php?ud=20260622144321550918ef25b590_30,2026-06-22
외식업 경기,"""집관 넘어 매장 직관""...월드컵 경기일 치킨 주문 48배 증가","티오더 관계자는 ""평일 오전에도 매장에 모여 함께 경기를 응원하는 소비 패턴이 데이터로 확인됐다""며 ""전국 매장의 주문 데이터를 기반으로 외식업 운영에 활용할 수 있는 인사이트를 지속 제공하겠다""고 말했다.... ",http://www.kdfnews.com/news/articleView.html?idxno=184470,http://www.kdfnews.com/news/articleView.html?idxno=184470,2026-06-22
외식업 경기,'부천 위조이 치맥축제 in BIFAN' 7월 3~4일 열린다.,"경기도 공공배달앱 ‘배달특급’과 협업해 할인쿠폰 제공하고, 한국외식업중앙회 부천시지부와 연계한 지역 외식업 이용 활성화 캠페인도 진행한다. 또한... ",http://www.breaknews.com/1215790,http://www.breaknews.com/1215790,2026-06-22
외식업 경기,"가평군, 중장년 관광일자리 확대 나선다… 관광산업 채용박람회 개최",경기도 가평군이 지역 관광산업 활성화와 중장년층의 안정적인 재취업 지원을 위해 관광 분야 맞춤형 채용의... 군은 수도권 대표 관광도시로 연간 수많은 관광객이 방문하고 있으며 △숙박업과 외식업 △관광서비스업... ,http://www.inews24.com/view/1978478,https://n.news.naver.com/mnews/article/031/0001036621?sid=102,2026-06-22
외식업 경기,"부천 위조이 치맥축제, 7월 3~4일 개최","지역경제 활성화를 위해 경기도 공공배달앱 '배달특급'과 협업해 할인쿠폰을 제공하고, 한국외식업중앙회 부천시지부와 연계한 외식업 이용 캠페인도 진행한다. 부천맛집 할인쿠폰, 지역상생마켓, 현대백화점 중동점... ",https://www.gukjenews.com/news/articleView.html?idxno=3614264,https://www.gukjenews.com/news/articleView.html?idxno=3614264,2026-06-22
외식업 경기,"부천시, 영화·음악·축구·맥주 결합한 '위조이 치맥축제' 개최","경기도 공공배달앱 배달특급과 협업한 할인쿠폰 제공을 비롯해 한국외식업중앙회 부천시지부와 연계한 지역 외식업 이용 활성화 캠페인이 추진된다. 이와 함께 부천맛집 할인쿠폰 제공, 지역상생마켓 운영... ",https://www.m-i.kr/news/articleView.html?idxno=1383796,https://www.m-i.kr/news/articleView.html?idxno=1383796,2026-06-22
외식업 경기,부천서 '영화·음악·축구·수제맥주' 축제 연다…내달 3~4일,"경기도 공공배달앱 '배달특급'과 협업해 할인쿠폰을 제공하고, 한국외식업중앙회 부천시지부와 함께 지역 외식업 이용 활성화 캠페인도 펼친다. 또 부천맛집 할인쿠폰과 지역상생마켓, 현대백화점 중동점 식품... ",https://view.asiae.co.kr/article/2026062210135824865,https://n.news.naver.com/mnews/article/277/0005779504?sid=102,2026-06-22
외식업 경기,영화·맥주·축구 한자리에…'부천 위조이 치맥축제' 7월 개막,"경기도 공공배달앱 '배달특급'과 연계한 할인쿠폰 제공, 한국외식업중앙회 부천시지부와 협력한 외식업 이용 활성화 캠페인이 진행되며, 부천맛집 할인쿠폰과 지역상생마켓, 현대백화점 중동점 식품 팝업스토어 등도... ",https://www.shinailbo.co.kr/news/articleView.html?idxno=5032758,https://www.shinailbo.co.kr/news/articleView.html?idxno=5032758,2026-06-22
외식업 경기,"경과원, 경기북부 유럽 시장개척단 성료...568만 달러 수출상담 성과",확산과 외식업 자동화 수요가 커지는 유럽 시장 흐름에 맞춰 라면조리기 등 제품의 기술력과 실제 매장 적용 사례를 소개하며 상담을 진행했다. 이번 성과는 지난달 북미 시장개척단 운영 이후 이어진 경기북부 기업... ,https://www.ajunews.com/view/20260622100047005,https://www.ajunews.com/view/20260622100047005,2026-06-22
외식업 경기,"경과원, 경기북부 기업 유럽 진출 교두보 마련",경기도경제과학진흥원(경과원)이 경기북부 중소기업의 해외시장 개척을 지원하기 위해 유럽 시장 공략에... K-푸드 확산과 외식업 자동화 수요 증가에 맞춘 제품 경쟁력을 소개하며 관심을 모았다. 경과원은 시장개척단... ,http://www.fieldnews.kr/news/articleView.html?idxno=29426,http://www.fieldnews.kr/news/articleView.html?idxno=29426,2026-06-22
외식업 경기,"평상집, 불경기 속 전국 30호점 운영… 폐점 없이 매장 확대","평상집이 외식업 경기 침체 속에서도 매장 수를 확대하며 전국 30개 매장을 운영하고 있다고 밝혔다. 평상집에 따르면 최근 6개월 동안 20여 개 매장을 신규 오픈했으며, 현재까지 폐점 사례 없이 운영을 이어가고 있다.... ",http://www.e2news.com/news/articleView.html?idxno=331528,http://www.e2news.com/news/articleView.html?idxno=331528,2026-06-22
외식업 경기,부천서 7월3~4일 ‘위조이 치맥축제’ 개최,"경기도 공공배달앱 ‘배달특급’과 협업해 할인쿠폰을 제공하고, 한국외식업중앙회 부천시지부와 연계한 지역 외식업 이용 활성화 캠페인도 진행한다. 조용익 부천시장은 “올해 위조이 치맥축제는 영화와 음악... ",https://www.khan.co.kr/article/202606220958001,https://n.news.naver.com/mnews/article/032/0003453446?sid=101,2026-06-22
외식업 경기,"부천 여름밤, 치맥·영화·축구로 화끈하게 불태운다","경기도 공공배달앱 '배달특급'과 협업해 할인쿠폰 제공하고, 한국외식업중앙회 부천시지부와 연계한 지역 외식업 이용 활성화 캠페인도 진행한다. 또한 부천맛집 할인쿠폰과 지역상생마켓, 현대백화점 중동점 식품... ",https://www.asiatoday.co.kr/kn/view.php?key=20260622010007298,https://www.asiatoday.co.kr/kn/view.php?key=20260622010007298,2026-06-22
외식업 경기,"경과원, 경기북부 유럽 시장개척단 성료…568만 달러 수출상담 성과",경기=비욘드포스트 송인호 기자 경기도경제과학진흥원(경과원)이 경기북부 중소기업의 유럽시장 진출... K-푸드 확산과 외식업 자동화 수요 증가에 발맞춰 제품의 기술력과 활용 사례를 소개하며 유럽시장 진출 가능성을... ,http://www.beyondpost.co.kr/view.php?ud=202606220921513454c878f8fa1_30,http://www.beyondpost.co.kr/view.php?ud=202606220921513454c878f8fa1_30,2026-06-22
외식업 경기,"부천 위조이치맥축제, 7월3일 개막 …영화와 함께","경기도 공공배달앱 ‘배달특급’과 협업해 할인쿠폰 제공하고, 한국외식업중앙회 부천시지부와 연계한 지역 외식업 이용 활성화 캠페인도 진행한다. 또한 부천맛집 할인쿠폰과 지역상생마켓, 현대백화점 중동점... ",https://www.dt.co.kr/article/12068731?ref=naver,https://m.entertain.naver.com/article/029/0003032910,2026-06-22
외식업 경기,"도미노피자, 자사앱 매니아 대상 KBO 경기 관람권 증정",도미노피자는 자사앱 이용 고객을 대상으로 'KBO 리그 경기 관람권' 추첨 증정 이벤트를 진행한다고 22일... 최근 프로야구 관중 수가 증가하며 야구 관람 문화가 확산되는 가운데 외식업계도 스포츠 마케팅을 강화하고... ,http://www.beyondpost.co.kr/view.php?ud=20260622085727819546a9e4dd7f_30,http://www.beyondpost.co.kr/view.php?ud=20260622085727819546a9e4dd7f_30,2026-06-22
외식업 경기,"""1.1억 들여 4.2억 번다""…서울 프랜차이즈 창업 실상","경기 침체 우려 속에서도 서울의 가맹본부와 가맹점 수, 평균 매출은 모두 동반 상승했다. 특히 '치킨·피자' 등 외식업 매장은 줄어든 반면 '커피·편의점·운송업' 점포는 늘어나는 등 업종별 뚜렷한 명암도... ",https://www.dt.co.kr/article/12068715?ref=naver,https://n.news.naver.com/mnews/article/029/0003032896?sid=101,2026-06-22
외식업 경기,"""갈등 넘어, 상생으로""…배민, 소상공인 지원 '드라이브'","2017년에는 서울 송파구에 서울센터를 열어 별도 강의 및 실습 공간 운영을 시작했고, 2022년에는 더 많은 외식업주가 이용할 수 있도록 경기 수원에 경기센터를 오픈했다. 또한 2020년부터 온라인 교육 강좌를 마련해 시간적... ",https://www.youthdaily.co.kr/news/article.html?no=221268,https://www.youthdaily.co.kr/news/article.html?no=221268,2026-06-22
외식업 경기,[편집자 칼럼] 저출산의 부메랑이 농식품 시장을 강타하고 있다,"이제는 농식품·외식업 전 산업이 그 교훈을 물려받을 차례다. 부메랑은 이미 날아왔다. 경기 부양만 기다리며 대응을 미루다간, 다음 충격이 왔을 때는 손쓸 시간조차 없을 것이다.",https://www.farminsight.net/news/articleView.html?idxno=16562,https://www.farminsight.net/news/articleView.html?idxno=16562,2026-06-22
외식업 경기,"배민, '온라인플랫폼 동반성장평가' 자발적 참여","배민아카데미에서는 서울과 경기도 수원에 있는 오프라인 센터와 온라인 강좌를 통해 외식업 기본 이론부터 레시피 실습, 노무·세무 등 가게 실전 노하우, 배달앱·SNS 마케팅·AI 활용까지 가게 운영에 필요한 교육을... ",https://www.kgnews.co.kr/news/article.html?no=900776,https://www.kgnews.co.kr/news/article.html?no=900776,2026-06-21
외식업 경기,[패트롤] 고양시의회-부천시의회-시흥시의회-하남시의회,이번 개정조례안에는 김수진 의원이 평소 지역상권 현장에서 소상공인과 소통한 사항과 한국외식업중앙회 경기도북부지회 정기총회에서 박승래 지부장이 요청한 사항을 토대로 마련했다. 김수진 의원은 “주차 문제는... ,https://www.ekn.kr/web/view.php?key=20260621027545193,https://www.ekn.kr/web/view.php?key=20260621027545193,2026-06-21
외식업 경기,고용 줄이고 신규채용 중단...소상공인 87% 최저임금 '부담 커',"체감경기도 악화했다. 응답자의 67.0%가 전년 대비 매출 상황이 ‘악화’됐다고 답했고, 원인으로 ‘경기... 앞서 소상공인연합회와 전국상인연합회, 한국중소상인자영업자총연합회, 한국외식업중앙회 등 소상공인... ",https://www.etoday.co.kr/news/view/2595632,https://www.etoday.co.kr/news/view/2595632,2026-06-21
외식업 경기,배민·쿠팡이츠 자진시정 불발…수천억 ‘과징금’ 위기,"한편 소상공인연합회, 한국외식업중앙회 등 배달앱 관련 5개 단체는 “경기 침체와 폐업 위기가 이어지는 상황에서 필요한 것은 수년 뒤 과징금보다 당장 수수료 부담을 덜어줄 지원책”이라고 호소하고 있습니다.... ",https://www.sentv.co.kr/article/view/sentv202606190038,https://www.sentv.co.kr/article/view/sentv202606190038,2026-06-19
외식업 경기,"""외식업주·라이더와 상생↑"" 배민 '온라인플랫폼 동반성장평가' 자발적...","대표적인 사례가 지난 2014년 문을 연 외식업 전문교육센터 '배민아카데미'다. 회사 관계자는 ""배민아카데미에서는 서울과 경기도 수원에 있는 오프라인 센터와 온라인 강좌를 통해 가게운영에 필요한 교육을 무료로... ",https://www.catchnews.kr/news/articleView.html?idxno=125207,https://www.catchnews.kr/news/articleView.html?idxno=125207,2026-06-19
외식업 경기,"[위클리오늘] 고양시의회 김수진 의원 대표 발의, '주차장 설치·관리 조...",이번 개정조례안에는 김수진 의원이 평소 지역상권 현장에서 소상공인들과 소통한 사항과 한국외식업중앙회 경기도북부지회 정기총회에서 박승래 지부장이 요청한 사항을 토대로 마련했다.,http://www.weeklytoday.com/news/articleView.html?idxno=780965,http://www.weeklytoday.com/news/articleView.html?idxno=780965,2026-06-19
외식업 경기,"배민·쿠팡이츠, 동반성장 평가 받는다…상생 경쟁 '본격화'",배달앱을 둘러싼 수수료 논란과 상생 요구가 이어지는 가운데 양사가 외식업주 지원과 전통시장 활성화... 최근에는 경기의료원과 협력해 배달파트너를 대상으로 찾아가는 건강검진 프로그램도 시작하는 등 현장에서... ,https://www.newsis.com/view/NISX20260619_0003676279,https://n.news.naver.com/mnews/article/003/0014017175?sid=101,2026-06-19
외식업 경기,"""부장님이 치맥 쐈죠""…출근 대신 치킨집 찾은 'K직장인'","외식업계도 급증한 수요에 발 빠르게 대응했다. 경기 며칠 전부터 직장인 밀집 지역을 중심으로 단체 예약 문의가 이어졌고, 이에 제너시스BBQ그룹은 주문 접수 시간을 평소보다 앞당긴 경기 당일 오전 8시 문을 열고... ",https://www.edaily.co.kr/news/newspath.asp?newsid=04552646645483360,https://n.news.naver.com/mnews/article/018/0006309955?sid=103,2026-06-19
외식업 경기,"이천시, 여름철 식중독 예방 캠페인 실시",경기 이천시가 최근 관고전통시장 일원에서 한국외식업중앙회 이천시지부와 함께 여름철 식중독 예방 캠페인을 실시했다. 사진은 캠페인 참여자들이 기념 촬영을 하는 모습. (사진=이천시청 제공),https://www.siminilbo.co.kr/news/newsview.php?ncode=1160290821749577,https://www.siminilbo.co.kr/news/newsview.php?ncode=1160290821749577,2026-06-19
외식업 경기,"""이색 메뉴로 변신""…식품업계, 新마케팅 방식 '맛집 콜라보'","식품업계의 제품이 가정 내 식탁을 넘어 외식업장에서 이색 메뉴로 새롭게 변신하고 있다. 업계는 맛집과... 서울 종로구에 위치한 '서울커피 익선본점', '베이커리 아궁'과 경기 수원시 '온유여월'에서 각 카페의 음료나... ",https://www.goodkyung.com/news/articleView.html?idxno=288343,https://www.goodkyung.com/news/articleView.html?idxno=288343,2026-06-19
외식업 경기,"배민, '온라인플랫폼 동반성장평가'로 상생 활동 높인다","배민아카데미에서는 서울과 경기도 수원에 있는 오프라인 센터와 온라인 강좌를 통해 외식업 기본 이론부터 레시피 실습, 노무·세무 등 가게 실전 노하우, 배달앱·사회관계망서비스(SNS) 마케팅·인공지능(AI) 활용까지... ",https://www.wolyo.co.kr/news/articleView.html?idxno=313819,https://www.wolyo.co.kr/news/articleView.html?idxno=313819,2026-06-19
외식업 경기,"김수진 고양시의원, 전통시장 주차편의 확대 조례 통과",김 의원은 지역 소상공인들과의 현장 간담회와 한국외식업중앙회 경기도북부지회 등 관련 단체의 의견을 반영해 이번 조례안을 마련했다. 박승래 한국외식업중앙회 경기도북부지회 일산구지부장과 나도은 고양특례시... ,https://www.job-post.co.kr/news/articleView.html?idxno=218697,https://www.job-post.co.kr/news/articleView.html?idxno=218697,2026-06-19
외식업 경기,"[ER 창간 26주년 기념포럼] 글로벌 누비는 임재원 GTGO 대표 ""AI 없었다면...",외식업 관리의 패러다임이 통째로 바뀐 대목이다. 이렇게 회사가 한숨 돌릴 즈음 두 번째 위기가 닥쳤다. 2024년 말 계엄 사태와 무안공항 참사가 겹치며 한국 소비재 경기가 얼어붙고 자본시장도 경색됐기 때문이다. 임... ,https://www.econovill.com/news/articleView.html?idxno=742903,https://www.econovill.com/news/articleView.html?idxno=742903,2026-06-19
음식점 폐업,[사설] 자영업소 사업 부진으로 절반이 문 닫고 있다,그 가운데 소매업·음식점업 비중이 절반을 차지했다. 국세청 국세 통계에 따르면 폐업신고 사업자가 100만 명을 넘어선 것은 지난 1995년 관련 통계 집계 이후 처음이다. 자영업소의 폐업률은 해마다 상승세를 보이고... ,http://www.chungnamilbo.co.kr/news/articleView.html?idxno=895564,http://www.chungnamilbo.co.kr/news/articleView.html?idxno=895564,2026-06-25
음식점 폐업,[사설] 최저임금 무분별 인상은 일자리 대거 소멸로 되돌아올 것,"자영업자의 44.6%, 특히 숙박·음식점업의 과반(56.6%)이 내년도 최저임금 '동결'을 간절히 원한다고 답했다.... 감당할 수 없는 인건비 인상은 고용 감소와 폐업 가속화로 이어져 결국 근로자의 일자리 자체를 앗아갈... ",https://www.imaeil.com/page/view/2026062418032958951,https://n.news.naver.com/mnews/article/088/0001016170?sid=110,2026-06-25
음식점 폐업,"“한국은 그대로, 중국은 5배 인상”…日, 여행 비자 48년 만에 초강수...",실제로 최근 비자 제도 변경 이후 외국인이 운영하던 일부 소규모 음식점이 경영난을 겪으며 폐업하는 사례도 나타난 것으로 전해졌다. 이 같은 흐름 속에서 다카이치 내각은 지난 3월 체류 허가 수수료 인상을 골자로 한... ,https://biz.heraldcorp.com/article/10787029?ref=naver,https://n.news.naver.com/mnews/article/016/0002661134?sid=104,2026-06-24
음식점 폐업,"소상공인철거지원센터, 폐업 철거부터 정부지원금 신청까지 원스톱 해결","폐업을 결심한 소상공인에게 철거는 끝이 아니라 또 다른 시작이다. 수백만 원의 철거 비용, 원상복구 범위를... 센터는 음식점·카페·소매점·미용실 등 업종을 가리지 않고 상담을 진행하며, 임대인과의 원상복구 범위... ",https://www.enetnews.co.kr/news/articleView.html?idxno=51609,https://www.enetnews.co.kr/news/articleView.html?idxno=51609,2026-06-24
음식점 폐업,"“코스피 9000, 당신의 삶은 나아졌습니까”[이칼럼]","폐업 사유 1위는 단연 ‘사업 부진’이었고, 그 절반 가까이가 소매업과 음식점업, 곧 우리 동네 가게들이었다. 살아남았다고 사정이 나은 것도 아니다. 개인사업자 넷 중 셋(75.7%)은 한 달에 100만 원도 채 벌지 못하고... ",https://sports.khan.co.kr/article/202606241547003?pt=nv,https://n.news.naver.com/mnews/article/144/0001122684?sid=103,2026-06-24
음식점 폐업,"벼랑 끝 내몰린 중소기업·소상공인…""내년 최저임금 동결 절실""",경우 폐업으로 이어져 지역 상권을 침체기로 빠뜨릴 수 있다고 우려하고 있다. 대구의 한 외식업체... 중소기업계는 숙박·음식점업 등 취약 업종의 현실을 반영할 수 있는 제도 개선이 필요하다는 입장이다. 이재광... ,https://www.idaegu.com/news/articleView.html?idxno=663849,https://www.idaegu.com/news/articleView.html?idxno=663849,2026-06-24
음식점 폐업,"10년 만에 79% 폭등…""최저임금 동결 절실, 中企 AX 혁신 시급""","인건비가 중위임금 87%…“더 이상은 버틸 체력 없다” 폐업 위기 소상공인들, ‘범법자 양산’ 호소... 양옥선 중기중앙회 인력정책본부장은 ""지난 10년간 최저임금은 79% 급등해 현재 중위임금 대비 62%, 음식점 등 취약... ",https://www.asiatoday.co.kr/kn/view.php?key=20260624010008546,https://www.asiatoday.co.kr/kn/view.php?key=20260624010008546,2026-06-24
음식점 폐업,"최저임금 10원 올랐는데 지출은 100원?…소상공인 ""생존의 문제""","중소기업계는 ""연간 폐업자가 100만 명을 넘어서는 상황에서 추가적인 인건비 부담은 많은 사업장의 존폐를... 카페, 음식점, 제조업, IT기업의 수익 구조가 다른 만큼 동일한 최저임금을 적용하는 것이 과연 합리적이냐는... ",https://www.newsway.co.kr/news/view?ud=2026062414444407076,https://www.newsway.co.kr/news/view?ud=2026062414444407076,2026-06-24
음식점 폐업,"자영업자 34%, 최저 임금도 못 번다..내년 동결해야",이미 폐업을 고려해야 할 만큼 한계 상황에 직면했다는 조사 결과가 나왔다. 24일... 업종별로는 도·소매업(66.3%)과 숙박·음식점업(65.8%)에서 경영 악화를 호소하는... ,http://www.breaknews.com/1216394,http://www.breaknews.com/1216394,2026-06-24
음식점 폐업,"""알바보다 못 벌어요""... 자영업 사장님 34%, 최저임금도 못 가져간다","업종별 분석 결과, 경기 변동에 민감한 도소매업과 숙박음식점업의 타격이 컸다. 도소매업 응답자의 66.3... 폐업 우려도 현실적이다. 응답자의 25.2%는 현재 최저임금 수준만으로도 이미 한계 상황이라고 토로했다.... ",https://www.insight.co.kr/news/559908,https://www.insight.co.kr/news/559908,2026-06-24
음식점 폐업,서영학 여수시당선인 정책간담회...관광소비 편중·원도심 개선 시급,"지역 음식점과 상점으로 연결하는 안내체계 구축을 건의했다. 이뿐만 아니라 △골목형 상점가 확대 △빈... 창업부터 경영위기, 폐업, 재기까지 한곳에서 지원하고 세무·노무·법률·금융 상담, 상권분석, 디지털 교육, 공동... ",https://www.etoday.co.kr/news/view/2596574,https://www.etoday.co.kr/news/view/2596574,2026-06-24
음식점 폐업,"‘사장님’ 3명 중 1명, 매달 최저임금도 못 번다",업종별로 보면 도·소매업과 숙박·음식점업종 등 경기민감 업종의 경영 부담이 가중됐다. 도·소매업과... 폐업 우려도 표했다. 응답자의 25.2%는 ‘현재 최저임금 수준으로도 이미 한계 상황’이라고 말했다. 또... ,https://www.kmib.co.kr/article/view.asp?arcid=1782202417&code=11151400&cp=nv,https://n.news.naver.com/mnews/article/005/0001856752?sid=101,2026-06-24
음식점 폐업,"[사설] 자영업자 57% ""경영 악화""…최저임금 인상 최소화해야",2001년 4.3%이던 최저임금 미만율은 지난해 12.4%로 세 배 가까이로 치솟았고 숙박·음식점업의 최저임금 미만율은 31.6%에 달한다. 네 명 중 한 명(24.0%)이 폐업을 고려하는 절박한 상황을 고려한다면 이번에는 동결이나... ,https://www.hankyung.com/article/2026062335631,https://n.news.naver.com/mnews/article/015/0005302074?sid=110,2026-06-24
음식점 폐업,"[밀착추적] ""돌 씹었다"" 음식점서 돈 요구...20여 곳 피해, 경찰 수사","폐업까지 한 업주도 있었습니다. <전화인터뷰> D음식점 업주 ""제가 치료비 120만 원까지 넣어주고, 피해 보상금이라고 해서 50만원 추가해서 그것까지는 해줬어요…2주 동안 잠도 제대로 못 자고, 그냥 식당을 열어두면... ",https://www.cjb.co.kr/home/sub.php?menukey=61&mod=view&P_NO=260623015&PRO_CODE=4,https://n.news.naver.com/mnews/article/655/0000031587?sid=102,2026-06-23
음식점 폐업,"[사설] 최저임금 논의, 벼랑 끝 자영업자 호소 귀 기울이길","특히 도소매업(66.3%), 숙박·음식점업(65.8%) 등 서민 밀착형 업종일수록 체감경기 악화가 더욱 두드러졌다.... 이미 고용 여력이 없다는 응답도 59.2%에 달했고, 현 상황이 폐업 직전의 한계라고 토로한 응답자도 25.2%나 됐다.... ",http://www.fnnews.com/news/202606231808441090,https://n.news.naver.com/mnews/article/014/0005538656?sid=110,2026-06-23
음식점 폐업,"勞""1만2천원"" 使 ""동결""…최저임금 신경전",반면 사용자 위원들은 '100만 폐업 시대 지불 능력 고려' '최저임금 인상률 10년간 79.7%' 등을 강조했다.... 내년 최저임금을 동결해야 한다는 응답을 업종별로 살펴보면 숙박·음식점업(56.6%) 비중이 가장 높았다. 제조업... ,https://www.mk.co.kr/article/12081171,https://n.news.naver.com/mnews/article/009/0005697832?sid=102,2026-06-23
음식점 폐업,"[박근종 칼럼] 벼랑 끝에 몰린 소상공인과 고통받는 자영업의 절규, 최...","거듭되는 전쟁과 소비위축에도 근근이 버텨온 음식점과 편의점, 배달전문점 등 소상공인들이 과연... 줄폐업이 이어질 수 있다. 급격한 최저임금 인상이 오히려 취약 계층 일자리 소멸을 불렀던 2018년과 2019년의... ",https://www.mhns.co.kr/news/articleView.html?idxno=751191,https://www.mhns.co.kr/news/articleView.html?idxno=751191,2026-06-23
음식점 폐업,"자영업자 57% ""올해 경영 악화"" … 10명 중 4명은 최저임금 동결 요구","업종별로는 도·소매업(66.3%)과 숙박·음식점업(65.8%)의 악화 응답 비중이 특히 높았고, 예술·스포츠... 응답자의 25.2%는 이미 폐업을 고려하고 있다고 밝혔으며, 추가적인 최저임금 인상 시 폐업을 검토하겠다는 응답도... ",http://www.worktoday.co.kr/news/articleView.html?idxno=85946,http://www.worktoday.co.kr/news/articleView.html?idxno=85946,2026-06-23
음식점 폐업,자영업자 57% 경영 악화 호소…4명 중 1명 폐업 위기,"1명은 폐업 위기에 직면한 것으로 나타났다. 노동계가 최저임금 1만 2000원을 최초 요구안으로 제시한 것과... 3%로 가장 많았고 숙박·음식점업(65.8%), 예술·스포츠·여가서비스업(58.2%), 운수 및 창고업(53.3%) 등이 뒤를... ",https://www.ggilbo.com/news/articleView.html?idxno=1165229,https://www.ggilbo.com/news/articleView.html?idxno=1165229,2026-06-23
음식점 폐업,"자영업자 57% ""작년보다 경영 악화""...최저임금 동결 요구 45%","최저임금이 1~3% 미만 인상될 경우 14.6%, 3~6% 미만 인상될 경우 12.0%가 폐업을 검토할 수 있다고 응답했다. 한경협은 숙박·음식점업의 최저임금 미만율이 33.9%에 달하는 점을 들어 일부 업종에 대한 최저임금 차등... ",http://www.metroseoul.co.kr/article/20260623500238,http://www.metroseoul.co.kr/article/20260623500238,2026-06-23
음식점 폐업,"자영업자 절반 이상 ""경영 악화""…최저임금 동결 필요성 제기","숙박·음식점업도 65.8%에 달해 소비 부진과 비용 상승의 충격이 대면 서비스 업종에 집중되고 있는 것으로... 폐업 가능성을 묻는 질문에는 25.2%가 이미 한계 상황이라고 답했고, 최저임금이 1~3% 미만 인상될 경우 14.6... ",https://www.imaeil.com/page/view/2026062315260614037,https://n.news.naver.com/mnews/article/088/0001015858?sid=101,2026-06-23
음식점 폐업,자영업자 “작년보다 경영 상황 나빠”…최저임금 결정에 현실 반영 요...,"업종별로는 도·소매업의 경영 악화 응답 비중이 66.3%로 가장 높았고 숙박·음식점업(65.8%), 예술·스포츠... 또 폐업까지 고려하게 되는 최저임금 인상률에 대해 응답자 4명 중 1명(25.2%)은 이미 한계 상황에 봉착했다고... ",https://www.kgnews.co.kr/news/article.html?no=901083,https://www.kgnews.co.kr/news/article.html?no=901083,2026-06-23
음식점 폐업,"""알바보다 못받는데, 폐업하면 백수""…최저임금도 못 버는 자영업자들",업종별로는 도소매업과 숙박·음식점업의 어려움이 두드러졌다. 경영 상황이 악화됐다고 답한 비율은... 폐업을 고민하는 자영업자도 적지 않았다. 응답자의 25.2%는 현재 최저임금 수준에서도 폐업을 고려할 정도의... ,http://www.fnnews.com/news/202606231341567777,https://n.news.naver.com/mnews/article/014/0005538492?sid=101,2026-06-23
음식점 폐업,자영업자 3명 중 1명 “월소득 최저임금 못 미쳐”,"이어 숙박·음식점업 65.8%, 예술·스포츠·여가서비스업 58.2%, 운수 및 창고업 53.3% 순이었다. 내년도... 폐업 가능성과 관련해서는 자영업자 25.2%가 이미 한계 상황이라고 응답했다. 최저임금이 1~3% 미만 오르면 14.6... ",https://www.thepowernews.co.kr/view.php?ud=20260623132259567de3f0aa1be_7,https://www.thepowernews.co.kr/view.php?ud=20260623132259567de3f0aa1be_7,2026-06-23
음식점 폐업,"자영업자 57% ""작년보다 경영 상황 악화""…3명 중 1명 ""최저임금도 못 벌...",3% ▲숙박·음식점업 65.8% ▲예술·스포츠·여가서비스업 58.2% ▲운수 및 창고업 53.3% 등의 순으로... 폐업까지 고려하게 되는 최저임금 인상률을 묻는 질문에 대해 자영업자 4명 중 1명(25.2%)은 이미 한계 상황이며... ,https://www.widedaily.com/news/articleView.html?idxno=296285,https://www.widedaily.com/news/articleView.html?idxno=296285,2026-06-23
음식점 폐업,"자영업자 57% ""작년보다 경영 악화""…3명 중 1명, 최저임금도 못 벌어","특히 자영업자 3명 중 1명은 최저임금 수준의 소득도 올리지 못하고 있으며, 상당수가 이미 폐업 위기나... 업종별로는 경기 침체의 영향을 직접적으로 받는 도·소매업(66.3%)과 숙박·음식점업(65.8%)에서 경영 악화를... ",https://www.industrynews.co.kr/news/articleView.html?idxno=82437,https://www.industrynews.co.kr/news/articleView.html?idxno=82437,2026-06-23
음식점 폐업,"자영업자 34% “월소득, 최저임금보다 적다”",동결을 선택한 응답 비중을 업종별로 살펴보면 ▷숙박·음식점업(56.6%)이 가장 높았으며 ▷제조업(44.4... 폐업까지 고려하게 되는 최저임금 인상률을 묻는 질문에 자영업자 4명 중 1명(25.2%)은 이미 한계 상황이라고... ,https://biz.heraldcorp.com/article/10785046?ref=naver,https://n.news.naver.com/mnews/article/016/0002660243?sid=101,2026-06-23
음식점 폐업,"자영업자 57% ""경영 악화""…2명 중 1명은 최저임금 '동결' 요구",상당수 사업자는 판매가격 인상을 준비하고 있으며 4명 중 1명은 이미 폐업을 고민할 정도로 한계에 놓인... 업종별 악화 응답은 도·소매업이 66.3%로 가장 높았으며 △숙박·음식점업 65.8% △예술·스포츠... ,https://www.asiatime.co.kr/article/20260623500148,https://www.asiatime.co.kr/article/20260623500148,2026-06-23
음식점 폐업,"[경제 브리핑] 자영업자 4명 중 1명 ""최저임금 인상 땐 폐업 고려""",이들은 최악의 상황으로 폐업까지 고려하고 있었다. 최저임금도 못 벌고 있는 자영업자도 3명 중 1명으로... 올해 경영 상황이 작년 대비 악화됐다고 응답한 비중을 업종별로 살펴보면 △도·소매업 △숙박·음식점업... ,https://www.banronbodo.com/news/articleView.html?idxno=32512,https://www.banronbodo.com/news/articleView.html?idxno=32512,2026-06-23
음식점 폐업,"[사설] 자영업자 과반 “더 나빠졌다”, 최저임금 논의 현실 봐야","조사에 따르면, 경영 악화를 호소한 비율은 도소매업이 66.3%, 숙박·음식점업이 65.8%에 달했다. 특히... 폐업까지 고려하게 되는 최저임금 인상률을 묻는 질문에 응답자의 25.2%가 “이미 한계 상황”이라고 답한 것도... ",https://biz.heraldcorp.com/article/10785006?ref=naver,https://n.news.naver.com/mnews/article/016/0002660225?sid=110,2026-06-23
음식점 폐업,“월 215만원도 못 번다”…자영업자 3명 중 1명 ‘최저임금 이하’,"그런가하면 자영업자 절반 이상은 지난해보다 경영 상황이 나쁘다고 답했으며, 4명 중 1명은 폐업까지... 뒤이어 숙박·음식점업(65.8%), 예술·스포츠·여가서비스업(58.2%), 운수·창고업(53.3%) 순이었다. 경영난은 소득... ",https://www.donga.com/news/Economy/article/all/20260623/134163621/2,https://n.news.naver.com/mnews/article/020/0003728748?sid=101,2026-06-23
음식점 폐업,"""작년보다 더 어렵다""…자영업자 절반 고용 여력도 없어",겹치면서 폐업을 고민하는 이들이 속출하고 있다. 23일 ​한국경제인협회가 여론조사기관 모노리서치에... 원재료비 상승과 외식 수요 감소가 겹친 숙박·음식점업은 65.8%로 나타났고 예술·스포츠·여가서비스업은 58.2... ,http://www.nongaek.com/news/articleView.html?idxno=95823,http://www.nongaek.com/news/articleView.html?idxno=95823,2026-06-23
음식점 폐업,"자영업자 57% ""올해 경영 상황 더 악화""…3명 중 1명, ""최저임금도 못 번...","업종별로는 고물가와 내수 침체의 직격탄을 맞은 도·소매업(66.3%)과 숙박·음식점업(65.8%)에서 악화 흐름이... 자영업자 4명 중 1명(25.2%)은 최저임금 인상과 상관없이 ""이미 한계 상황에 도달해 폐업을 고려 중""이라고... ",https://www.delighti.co.kr/news/articleView.html?idxno=118047,https://www.delighti.co.kr/news/articleView.html?idxno=118047,2026-06-23
음식점 폐업,"자영업자 3명 중 1명 ""최저임금도 못 번다""","'경영상황이 악화됐다'는 응답은 도·소매업(66.3%,1위)을 필두로 숙박·음식점업(65.8%), 예술·스포츠... 최저임금이 얼마나 오르면 폐업을 고려하겠느냐는 질문에는 응답자의 25.2%가 '이미 한계 상황'이라고 답했다. 1... ",http://www.fnnews.com/news/202606231042345485,https://n.news.naver.com/mnews/article/014/0005538382?sid=101,2026-06-23
음식점 폐업,"자영업자 과반 ""경영악화""…3명 중 1명 ""최저임금도 못가져가""",경영 상황 악화를 호소한 업종은 △도·소매업 66.3% △숙박·음식점업 65.8% △예술·스포츠·여가서비스업... 최저임금을 △1~3% 미만 인상할 경우 14.6% △3~6% 미만 인상할 경우 12.0%가 폐업을 고려할 것이라고 밝혔다.... ,https://www.shinailbo.co.kr/news/articleView.html?idxno=5033237,https://www.shinailbo.co.kr/news/articleView.html?idxno=5033237,2026-06-23
음식점 폐업,“또 올리면 진짜 문 닫아야”…가게 차렸더니 알바생보다 못 버는 사장...,업종별로는 도·소매업(66.3%)과 숙박·음식점업(65.8%)에서 악화됐다는 응답 비율이 특히 높았다. 예술... 자영업자 4명 중 1명(25.2%)은 이미 한계 상황에 처해 있으며 10명 중 1명은 최저임금 인상 시 폐업을... ,https://www.sedaily.com/article/20058928?ref=naver,https://n.news.naver.com/mnews/article/011/0004633942?sid=101,2026-06-23
음식점 폐업,종업원보다 못 버는 사장들... 대한민국 자영업의 현주소,"이어 숙박·음식점업 65.8%, 예술·스포츠·여가서비스업 58.2%, 운수 및 창고업 53.3% 순이었다. 최저임금 적정... 최저임금이 얼마나 오르면 폐업을 고려하겠느냐는 질문에는 응답자의 25.2%가 “이미 한계 상황”이라고... ",https://www.chosun.com/economy/industry-company/2026/06/23/BCFGF2IGZZBUNGUUYUSYVFLWRA/?utm_source=naver&utm_medium=referral&utm_campaign=naver-news,https://n.news.naver.com/mnews/article/023/0003983513?sid=101,2026-06-23
음식점 폐업,"자영업자의 경영위기 심화…57% ""올해 경영 악화됐다""","특히, 도소매업의 경우 66.3%, 숙박·음식점업은 65.8%, 예술·스포츠·여가서비스업은 58.2%가 각각 경영이... 응답자의 25.2%가 최저임금 인상률 때문에 폐업까지 고려하고 있다고 밝혔다. 한편, 현행 최저임금 결정 과정에서... ",https://www.gokorea.kr/news/articleView.html?idxno=870003,https://www.gokorea.kr/news/articleView.html?idxno=870003,2026-06-23
음식점 폐업,자영업자 4명 중 1명 “최저임금 인상 시 폐업 고려”,"올해 경영 상황이 작년 대비 악화되었다고 응답한 비중을 업종별로 살펴보면, 도·소매업 66.3%, 숙박·음식점업 65.8%, 예술·스포츠·여가서비스업 58.2%, 운수·창고업 53.3% 등의 순이었다. 폐업까지 고려하게 되는... ",https://www.dt.co.kr/article/12068956?ref=naver,https://n.news.naver.com/mnews/article/029/0003033141?sid=101,2026-06-23
음식점 폐업,"1분기 자영업자 연체 빚 13% 급증…과반 ""경영상황 나빠져""","개인사업자 중 대출을 보유한 사업장은 총 360만8000개 중 50만1000개(13.9%)가 폐업 상태로, 폐업 상태 사업장... 올해 경영 상황이 작년 대비 악화했다고 응답한 비중은 업종별로 도소매업 66.3%, 숙박·음식점업 65.8... ",http://www.newsfc.co.kr/news/articleView.html?idxno=79445,http://www.newsfc.co.kr/news/articleView.html?idxno=79445,2026-06-23
음식점 폐업,"자영업자 과반 ""작년 대비 경영 상황 악화"" ... 최저임금 차등도 고려","3%, 숙박·음식점업 65.8%, 예술·스포츠·여가서비스업 58.2%, 운수 및 창고업 53.3% 등의 순으로 나타났다.... 폐업까지 고려하게 되는 최저임금 인상률을 묻는 질문에 대해 자영업자 4명 중 1명(25.2%)은 이미 한계 상황이며... ",http://www.efnews.co.kr/news/articleView.html?idxno=130483,http://www.efnews.co.kr/news/articleView.html?idxno=130483,2026-06-23
음식점 폐업,"자영업자 57% 올해 경영 악화···4명 중 1명은 ""최저임금 오르면 폐업...","축소나 폐업까지 고려할 수 있다고 응답했다. 한국경제인협회는 여론조사기관 모노리서치에 의뢰해 전국... 이어 숙박·음식점업(65.8%), 예술·스포츠·여가서비스업(58.2%), 운수·창고업(53.3%) 순으로 나타났다. 고용... ",https://www.smartbizn.com/news/articleView.html?idxno=146780,https://www.smartbizn.com/news/articleView.html?idxno=146780,2026-06-23
음식점 폐업,"자영업자 57% “작년보다 더 어렵다”…3명 중 1명, 최저임금도 못 벌어",업종별로는 도·소매업(66.3%)과 숙박·음식점업(65.8%)에서 경영 악화를 호소하는 비율이 특히 높았다. 예술... 응답자의 25.2%는 이미 폐업을 고민할 정도의 한계 상황에 놓여 있다고 답했다. 여기에 최저임금이 1~3% 미만... ,https://www.viva100.com/article/20260623500184,https://www.viva100.com/article/20260623500184,2026-06-23
음식점 폐업,"자영업자 57% ""작년보다 더 힘들다""",업종별로는 도·소매업(66.3%)과 숙박·음식점업(65.8%)에서 경영 악화 체감도가 특히 높았다. 예술·스포츠... 아울러 응답자의 25.2%는 이미 폐업을 고민할 정도의 한계 상황에 처해 있다고 응답해 경영 압박이 상당한... ,http://www.wowtv.co.kr/NewsCenter/News/Read?articleId=A202606230313&t=NN,https://n.news.naver.com/mnews/article/215/0001256267?sid=101,2026-06-23
음식점 폐업,자영업자 57% “올해 더 힘들다”…3명 중 1명은 최저임금도 못 벌어,"도소매업을 운영하는 자영업자의 66.3%가 가장 큰 비중을 차지했으며, 숙박·음식점업(65.8%)이 바로 뒤를... 폐업을 고려할만한 최저임금 인상률을 묻는 질문에는 4명 중 1명꼴인 25.2%가 ""이미 한계선""이라고 응답했다.... ",https://www.kyeonggi.com/article/20260623580032,https://n.news.naver.com/mnews/article/666/0000112268?sid=101,2026-06-23
음식점 폐업,"자영업자 과반, 경영상황 악화…고용 여력도 없어","올해 경영 상황이 작년 대비 악화했다고 응답한 비중을 업종별로 살펴보면 도소매업 66.3%, 숙박·음식점업... 폐업까지 고려하게 되는 최저임금 인상률을 묻는 말에는 응답 자영업자 25.2%가 이미 한계 상황이라고... ",https://www.ebn.co.kr/news/articleView.html?idxno=1713487,https://www.ebn.co.kr/news/articleView.html?idxno=1713487,2026-06-23
음식점 폐업,자영업자 57% “지난해보다 경영 상황 나빠졌다”,"올해 경영 상황이 악화했다고 응답한 비중을 업종별로 살펴보면 도소매업 66.3%, 숙박·음식점업 65.8%, 예술... 폐업까지 고려하게 되는 최저임금 인상률을 묻는 말에는 응답자 25.2%가 이미 한계 상황이라고 답했다.... ",https://www.khan.co.kr/article/202606230740001,https://n.news.naver.com/mnews/article/032/0003453675?sid=101,2026-06-23
음식점 폐업,"자영업자 34% “月소득, 최저임금보다 낮아”",3% ▷숙박·음식점업 65.8% ▷예술·스포츠·여가서비스업 58.2% ▷운수 및 창고업 53.3% 순으로 나타났다.... 폐업까지 고려하게 되는 최저임금 인상률을 묻는 질문에 자영업자 4명 중 1명(25.2%)은 이미 한계 상황이라고... ,https://biz.heraldcorp.com/article/10784526?ref=naver,https://n.news.naver.com/mnews/article/016/0002660030?sid=101,2026-06-23
음식점 폐업,"자영업자 57% ""경영 상황 악화""…34% ""최저임금도 못 벌어""·25.2% ""이미 폐...","올해 경영 상황이 지난해 대비 악화됐다고 응답한 비중을 업종별로 보면 도·소매업 66.3%, 숙박·음식점업... 폐업까지 고려하게 되는 최저임금 인상률을 묻는 질문에 대해 자영업자 4명 중 1명(25.2%)은 이미 한계... ",https://www.epnc.co.kr/news/articleView.html?idxno=403334,https://www.epnc.co.kr/news/articleView.html?idxno=403334,2026-06-23
음식점 폐업,"자영업자 57% ""올해 경영 악화""…3명 중 1명은 최저임금도 못 벌어","인상, 폐업으로 이어질 수 있다고 우려했다. 23일 한국경제인협회가 여론조사기관 모노리서치에 의뢰해... 숙박·음식점업(65.8%), 예술·스포츠·여가서비스업(58.2%), 운수·창고업(53.3%) 등이 뒤를 이었다. 내년 최저임금... ",https://www.edaily.co.kr/news/newspath.asp?newsid=02082806645484672,https://n.news.naver.com/mnews/article/018/0006312605?sid=101,2026-06-23
음식점 폐업,자영업자 3명 중 1명은 최저임금도 못 번다…60%는 고용여력 없어,"자영업자 절반 이상 “경영 환경 더 악화” 10명 중 1명 “최저임금 인상 시 폐업 고려” 한경협... 업종별로 보면 도·소매업(66.3%), 숙박·음식점업(65.8%), 예술·스포츠·여가서비스업(58.2%), 운수 및 창고업(53.3%) 등의... ",https://www.mk.co.kr/article/12080130,https://n.news.naver.com/mnews/article/009/0005697354?sid=101,2026-06-23
음식점 폐업,자영업자 57% “작년보다 경영 악화”…절반 가까이 “최저임금 동결해...,"2%는 “폐업 위기” 자영업자 절반 이상이 올해 경영 상황이 지난해보다 나빠졌다고 보는 것으로... 숙박·음식점업도 65.8%에 달했다. 예술·스포츠·여가서비스업은 58.2%, 운수·창고업은 53.3%로 조사됐다. 내년도... ",https://www.etoday.co.kr/news/view/2595969,https://www.etoday.co.kr/news/view/2595969,2026-06-23
음식점 폐업,"""지금도 버겁다""…자영업자 절반 경영 악화 호소",업종별로는 도·소매업(66.3%)과 숙박·음식점업(65.8%)에서 경영 상황이 악화됐다는 응답 비중이 상대적으로... 또 자영업자 4명 중 1명(25.2%)은 이미 폐업을 고려할 정도로 한계 상황에 처해 있다고 밝혔다. 최저임금... ,https://www.ajunews.com/view/20260622165746991,https://www.ajunews.com/view/20260622165746991,2026-06-23
음식점 폐업,최저임금 1만2000원?…자영업자 4명 중 1명 폐업 위기,"현재 최저임금 수준으로도 4명 중 1명은 폐업 위기에 처한 것으로 조사됐다. 23일 한국경제인협회(한경협)... 3%로 가장 많았고 숙박‧음식점업(65.8%), 예술‧스포츠‧여가서비스업(58.2%), 운수 및 창고업(53.3%) 등... ",https://www.kukinews.com/article/view/kuk202606220168,https://www.kukinews.com/article/view/kuk202606220168,2026-06-23
음식점 폐업,"""자영업자 3명 중1명은 최저임금도 못 벌어""","특히 자영업자 4명 중 1명(25.2%)은 ""현재 최저임금 수준으로 이미 폐업을 고려할 정도의 한계 상황에... 업종별 '악화' 응답 비중은 도소매업 66.3%, 숙박·음식점업 65.8%, 예술·스포츠·여가서비스업 58.2%, 운수 및... ",https://www.nocutnews.co.kr/news/6536783?utm_source=naver&utm_medium=article&utm_campaign=20260623060024,https://n.news.naver.com/mnews/article/079/0004160543?sid=101,2026-06-23
음식점 폐업,"자영업자 57% ""작년보다 경영 악화""⋯최저임금 동결 요구 커져","이어 숙박·음식점업 65.8%, 예술·스포츠·여가서비스업 58.2%, 운수·창고업 53.3% 순이었다. 내년 최저임금의... 폐업과 관련해서는 25.2%가 이미 한계 상황이라고 응답했다. 최저임금이 1~3% 미만 인상될 경우 14.6%, 3~6... ",http://www.inews24.com/view/1978571,https://n.news.naver.com/mnews/article/031/0001036810?sid=101,2026-06-23
음식점 폐업,"자영업자 57% ""지난해보다 경영 상황 나빠졌다""",특히 도·소매업과 숙박·음식점업에서 그 정도가 가장 심했다. 한국경제인협회(이하 한경협)는... 0%가 폐업을 고려할 것이라고 답했다. 자영업자 10명 중 8명(86.0%) 이상은 현재 최저임금 결정 과정에서 자영업자... ,http://www.newscape.co.kr/news/articleView.html?idxno=122842,http://www.newscape.co.kr/news/articleView.html?idxno=122842,2026-06-23
음식점 폐업,"자영업자 과반 ""경영 상황 악화""…도·소매업 '직격탄'",3% △숙박·음식점업 65.8% △예술·스포츠·여가서비스업 58.2% △운수 및 창고업 53.3% 등의 순으로 나타났다.... 폐업까지 고려하게 되는 최저임금 인상률을 묻는 말에 대해 자영업자 4명 중 1명(25.2%)은 이미 한계... ,https://www.news1.kr/industry/general-industry/6204943,https://n.news.naver.com/mnews/article/421/0009017571?sid=101,2026-06-23
음식점 폐업,"자영업자 절반 ""올해 더 어렵다""…최저임금 동결 요구 확산","고환율·고유가와 내수 침체로 비용 부담이 커진 가운데 최저임금 인상이 고용 축소와 가격 인상, 폐업... 이어 숙박·음식점업 65.8%, 예술·스포츠·여가서비스업 58.2%, 운수 및 창고업 53.3% 순이었다. 한국경제인협회... ",https://www.newspim.com/news/view/20260622001066,https://www.newspim.com/news/view/20260622001066,2026-06-23
음식점 폐업,"""사람 절대 못 뽑아요""…알바생보다 못 버는 사장님, 34%가 한 달 215만원...","물론 폐업까지 고려하는 막다른 골목에 내몰린 것으로 조사됐다. 23일 한국경제인협회(한경협)가... 올해 경영 상황이 악화했다고 응답한 비중을 업종별로 살펴보면 골목상권의 핵심인 도소매업이 66.3%, 숙박·음식점업... ",https://view.asiae.co.kr/article/2026062215064900652,https://n.news.naver.com/mnews/article/277/0005779884?sid=101,2026-06-23
음식점 폐업,"자영업자 57.0%, 작년 대비 경영 악화…""최저임금 동결해야""",3% ▲숙박·음식점업 65.8% ▲예술·스포츠·여가서비스업 58.2% ▲운수 및 창고업 53.3% 등의 순이었다.... 폐업까지 고려하게 되는 최저임금 인상률을 묻는 질문에 대해 자영업자 4명 중 1명(25.2%)은 이미 한계 상황이며... ,https://www.sidae.com/article/2026062214402096368,https://n.news.naver.com/mnews/article/417/0001148585?sid=101,2026-06-23
음식점 폐업,"자영업자 과반 ""경영상황 나빠졌다""…최저임금 동결 의견도","올해 경영 상황이 작년 대비 악화했다고 응답한 비중을 업종별로 살펴보면 도소매업 66.3%, 숙박·음식점업... 폐업까지 고려하게 되는 최저임금 인상률을 묻는 말에는 응답 자영업자 25.2%가 이미 한계 상황이라고... ",https://www.yna.co.kr/view/AKR20260622119900003?input=1195m,https://n.news.naver.com/mnews/article/001/0016152655?sid=101,2026-06-23
음식점 폐업,"자영업자 57% ""작년보다 경영 상황 악화""…3명 중 1명 ""최저임금도 못 벌...",3% ▲숙박·음식점업 65.8% ▲예술·스포츠·여가서비스업 58.2% ▲운수 및 창고업 53.3% 등의 순으로... 폐업까지 고려하게 되는 최저임금 인상률을 묻는 질문에 대해 자영업자 4명 중 1명(25.2%)은 이미 한계 상황이며... ,https://www.newsis.com/view/NISX20260622_0003678609,https://n.news.naver.com/mnews/article/003/0014021324?sid=101,2026-06-23
음식점 폐업,"서울시, 청년 취업 기준 39세로 확대…제도 6건 ‘이용자 중심’ 개선",(188호) ▲일반음식점 푸드트럭 주류 판매 허용(189호) ▲공공임대주택 청약서류 간소화(190호) ▲안심 집수리... 공유오피스나 소호사무실을 사업장으로 사용하는 소상공인도 경영 위기나 폐업 시 서울시 지원을 받을 수... ,https://www.swtvnews.com/news/newsview.php?ncode=1065591983238290,https://www.swtvnews.com/news/newsview.php?ncode=1065591983238290,2026-06-22
음식점 폐업,경기도 편의점 불 꺼져간다,"편의점이 속한 상가 지하 1층에도 공실이 군데군데 눈에 띄었고, 지하 2층에는 헬스장은 폐업하며 임대료와 관리비 체납 사실이 안내문으로 남아 있었다. 실제 음식점 가동사업자도 2024년 5월 이후 21개월 연속... ",https://www.kyeongin.com/article/1765998,https://www.kyeongin.com/article/1765998,2026-06-22
음식점 폐업,"서울시, 청년·소상공인·서민 위한 규제 6건 철폐","(188호), '일반음식점 푸드트럭 주류 판매 허용'(189호), '공공임대주택 청약서류 간소화'(190호), '안심 집수리... 또 공유 오피스나 소호 사무실을 사업장으로 사용하는 소상공인도 경영 위기나 폐업 시 서울시 지원을 받을 수... ",https://www.m-i.kr/news/articleView.html?idxno=1384106,https://www.m-i.kr/news/articleView.html?idxno=1384106,2026-06-22
음식점 폐업,"여수시소상공인연합회, 서영학 당선인 초청 민생경제 회복 위한 상생 해...","지역 음식점과 상점으로 연결하는 안내체계 구축 ▲골목형상점가 확대 ▲빈 점포 청년창업 지원 ▲지역... 창업부터 경영위기, 폐업, 재기까지 한곳에서 지원하고 세무·노무·법률·금융 상담, 상권분석, 디지털 교육... ",http://www.netongs.com/news/articleView.html?idxno=333667,http://www.netongs.com/news/articleView.html?idxno=333667,2026-06-22
음식점 폐업,"[아유경제_부동산] 서울시, 공공임대주택 청약서류 간소화… 규제 철폐...",일반음식점 푸드트럭 주류 판매 허용(189호) 공공임대주택 청약서류 간소화(190호) 안심 집수리 지원사업 신청... 공유 오피스나 소호사무실을 사업장으로 사용하는 소상공인도 경영 위기나 폐업 시 지원을 받을 수 있게... ,http://www.areyou.co.kr/news/articleView.html?idxno=94223,http://www.areyou.co.kr/news/articleView.html?idxno=94223,2026-06-22
음식점 폐업,"서울시, 청년 중소기업 취업 지원 연령 기준 29→39세로 높인다","지원을, 폐업 시에는 사업정리 컨설팅과 재기 지원 프로그램을 지원받을 수 있게 된다. 서울시와 자치구가... 지난 1월 식품위생법 시행규칙 개정으로 휴게음식점 또는 제과점으로 제한됐던 푸드트럭 영업 범위가... ",https://www.khan.co.kr/article/202606221505001,https://n.news.naver.com/mnews/article/032/0003453510?sid=102,2026-06-22
음식점 폐업,"서울시, '청년 취업 문턱' 낮추고 서민 공공절차 줄인다","완화 △일반음식점 푸드트럭 주류 판매 허용 △공공임대주택 청약서류 간소화 △안심 집수리 지원사업 신청... 이에 따라 경영난을 겪는 사업자는 전문가 컨설팅과 경영개선 비용을, 폐업 단계 사업자는 사업정리... ",http://www.inews24.com/view/1978532,https://n.news.naver.com/mnews/article/031/0001036667?sid=102,2026-06-22
음식점 폐업,"서울시, 청년 취업지원 39세까지 확대···푸드트럭서 맥주 판매 허용",일반음식점 푸드트럭 주류 판매 허용 ▲ 공공임대주택 청약서류 간소화 ▲ 안심 집수리 지원사업 신청 서류... 또 공유오피스나 소호사무실을 사업장으로 사용하는 소상공인도 경영 위기나 폐업 시 서울시 지원받을 수... ,https://www.smartbizn.com/news/articleView.html?idxno=146715,https://www.smartbizn.com/news/articleView.html?idxno=146715,2026-06-22
음식점 폐업,"""중소기업 근로자 점심값 20% 지원해드려요""",시중 음식점에서 결제한 점심 식비의 일부를 할인받거나 포인트로 적립할 수 있게 된다. 군산시는 고물가... 사업 참여 이후 해당 기업이 직원의 식대 지원금을 축소하거나 휴·폐업하는 경우에도 지원이 중단된다.,https://www.gukjenews.com/news/articleView.html?idxno=3614446,https://www.gukjenews.com/news/articleView.html?idxno=3614446,2026-06-22
음식점 폐업,"여수시소상공인연합회, 관광소비 편중·원도심 공실 개선 시급","지역 음식점과 상점으로 연결하는 안내체계 구축 ▲골목형상점가 확대 ▲빈... 창업부터 경영위기, 폐업, 재기까지 한곳에서 지원하고 세무·노무·법률·금융... ",http://www.breaknews.com/1215812,http://www.breaknews.com/1215812,2026-06-22
음식점 폐업,"서울시, 청년 취업 지원 39세까지 확대…푸드트럭서 주류 허용",일반음식점 푸드트럭 주류 판매 허용 △(190호) 공공임대주택 청약서류 간소화 △(191호) 안심 집수리... 또 공유오피스나 소호사무실을 사업장으로 사용하는 소상공인도 경영 위기나 폐업 시 지원을 받을 수 있게 된다.... ,https://www.ajunews.com/view/20260622140335444,https://www.ajunews.com/view/20260622140335444,2026-06-22
음식점 폐업,[주목 e-경제] 韓 재창업 생태계…일반 창업 대비 생존율 2.4배·매출 2.5...,"숙박·음식점업, 도소매업, 개인서비스 - 5년 차 생존율: 약 15~20% 내외 (빠른 이탈 발생) - 폐업 주요 원인: 과당 경쟁, 내수 침체, 임대료 및 인건비 부담 - 주요 지원 기관: 소상공인시장진흥공단, 지역 신용보증재단... ",http://www.economytalk.kr/news/articleView.html?idxno=422122,http://www.economytalk.kr/news/articleView.html?idxno=422122,2026-06-22
음식점 폐업,"소비를 지역 상권으로…여수 소상공인업계, 서영학 당선인과 정책간담...","관광객을 음식점·상점으로 연결하는 안내체계 구축, 골목형상점가 확대, 빈 점포 청년창업 지원, 지역... 창업, 경영위기, 폐업, 재기 지원을 한곳에서 연계하고 세무·노무·법률·금융 상담, 상권분석, 디지털 교육... ",https://www.betanews.net/article/view/beta202606220061,https://www.betanews.net/article/view/beta202606220061,2026-06-22
음식점 폐업,"서울시, 청년 취업 지원 39세까지 확대…푸드트럭 주류 판매 허용",또 일반음식점으로 신고한 푸드트럭에서 주류 판매를 허용하기로 했습니다. 서울시는 이러한 내용을 포함한... 이밖에 공유 오피스나 소호 사무실을 이용하는 소상공인도 경영 위기나 폐업 시 서울시가 제공하는 경영... ,https://news.kbs.co.kr/news/pc/view/view.do?ncd=8591681&ref=A,https://n.news.naver.com/mnews/article/056/0012203900?sid=101,2026-06-22
음식점 폐업,청년 취업 지원 39세까지…공공임대주택 신청 '노 페이퍼',일반음식점 푸드트럭 주류 판매 허용 △190호 공공임대주책 청약서류 간소화 △191호 안심 집수리 지원사업... 공유오피스나 소호사무실을 사업장으로 사용하는 소상공인은 경영 위기나 폐업 시 지원받을 수 있게 된다.... ,https://news.tf.co.kr/read/life/2334907.htm,https://n.news.naver.com/mnews/article/629/0000509382?sid=102,2026-06-22
음식점 폐업,청년 취업지원 29세→39세 … 공공임대 청약서류도 줄인다,폐업 시에는 사업정리 컨설팅과 재기 지원 프로그램도 이용할 수 있다. 다만 공유오피스 특성을 고려해... 서울시는 시와 자치구가 주관하는 축제·행사에서 행사 주최 기관이 요청할 경우 일반음식점으로 신고한... ,https://www.newdaily.co.kr/site/data/html/2026/06/22/2026062200114.html,https://www.newdaily.co.kr/site/data/html/2026/06/22/2026062200114.html,2026-06-22
음식점 폐업,"""청년 취업 지원 39세로 늘리고, 푸드트럭서 맥주 마신다""…서울시, 생활...",겪거나 폐업할 때 시 지원을 받을 수 있다. 이에 '위기 소상공인 선제지원 사업(경영 컨설팅 등)' 대상에 포함된다. 아울러 행사장 푸드트럭 규제도 완화한다. 일반음식점으로 신고한 푸드트럭은 2027년부터 주최 기관의... ,https://www.etoday.co.kr/news/view/2595809,https://www.etoday.co.kr/news/view/2595809,2026-06-22
음식점 폐업,"서울시, 청년 취업 지원 39세로 늘리고 푸드트럭서 맥주 판매 허용한다",일반음식점 푸드트럭 주류 판매 허용 △(190호) 공공임대주택 청약서류 간소화 △(191호) 안심 집수리 지원사업... 또 공유오피스나 소호사무실을 사업장으로 사용하는 소상공인도 경영 위기나 폐업 시 서울시 지원받을 수... ,https://www.news1.kr/local/moi/6203956,https://n.news.naver.com/mnews/article/421/0009016163?sid=102,2026-06-22
음식점 폐업,청년 취업지원 39세로 확대…축제 푸드트럭 맥주 판매도 허용,공유오피스를 사업장으로 쓰는 소상공인도 경영난이나 폐업 위기 때 서울시 지원을 받을 수 있게 된다. 시... 완화 △일반음식점 푸드트럭 주류 판매 허용 △공공임대주택 청약서류 간소화 △안심 집수리 지원사업 신청... ,https://www.mt.co.kr/policy/2026/06/23/2026062209423113850,https://n.news.naver.com/mnews/article/008/0005375157?sid=102,2026-06-22
음식점 폐업,"서울시, 생활 속 규제 철폐…미취업 청년 지원 29세→39세 상향",일반음식점 푸드트럭 주류 판매 허용 ▲(190호) 공공임대주택 청약서류 간소화 ▲(191호) 안심 집수리... 또 공유오피스나 소호사무실을 사업장으로 사용하는 소상공인도 경영 위기나 폐업 시 서울시 지원받을 수 있게... ,https://www.newspim.com/news/view/20260622000476,https://www.newspim.com/news/view/20260622000476,2026-06-22
음식점 폐업,"서울시, 미취업자 39세까지 지원…이사비는 최장 42세까지","위기나 폐업 시 서울시 지원을 받을 수 있게 된다. 그간 독립된 점포 형태가 아니라는 이유로 공유 오피스나... 기존에는 휴게음식점과 제과점 영업 형태 푸드트럭만 운영이 가능해 간단한 분식, 아이스크림류, 빵 등... ",https://www.newsis.com/view/NISX20260622_0003678028,https://n.news.naver.com/mnews/article/003/0014019879?sid=102,2026-06-22
음식점 폐업,"'경영난' 중기·소상공인 ""3高에 최저임금 오르면 못버텨"" [최저임금 인...","높은 음식점은 그 이상을 지급해야 아르바이트생을 구할 수 있다""며 ""최저시급이 오를 때 식재료 가격도 같이 오르지만, 음식값은 소비자 거부 반응 때문에 마음대로 인상할 수 없어 결국 폐업하는 업장이 줄줄이 생길... ",http://www.fnnews.com/news/202606211916297332,https://n.news.naver.com/mnews/article/014/0005537717?sid=101,2026-06-21
음식점 폐업,[최저임금 또 오르나] '업종별 차등' 또 무산…벼랑 끝 소상공인,"한식 음식점업, 외국식 음식점업, 김밥 및 기타 간식용 음식점 등 3개 업종에 대한 시범 적용안도 제시됐다.... 직면했다""면서 ""폐업 후 빚더미에 앉아 미래를 잃은 채 살아가는 이들이 너무 많다""고 했다. 이어 양 본부장은... ",https://www.imaeil.com/page/view/2026062019194051891,https://n.news.naver.com/mnews/article/088/0001015490?sid=101,2026-06-21
음식점 폐업,"[현장] ""문 닫고 알바할 판"" 최저임금 1만2000원 요구에 자영업자 '한숨...","또 소상공인연합회 측은 2024년 기준 소상공인 월평균 수익이 191만원에 그쳤으며, 폐업자 수는 사상 최초... 서울 중구의 족발집 사장 김모씨(45) 역시 ""최저임금이 1만2000원으로 정해져도 근무 강도가 높은 음식점은 그... ",http://www.fnnews.com/news/202606211237470695,https://n.news.naver.com/mnews/article/014/0005537569?sid=102,2026-06-21
음식점 폐업,100만 폐업 시대…창업 등 떠밀고 방치되나,"반면 폐업 사업자 수는 2022년 증가 전환해 100만 명을 넘은 것이다. 이뿐만 아니라 2018년 신생기업 중 2023년까지 생존한 기업의 비율(5년 생존율)은 36.4%로 OECD 평균(45.4%)을 크게 밑돌고, 음식점·숙박업종은 5년 내... ",https://www.ntoday.co.kr/news/articleView.html?idxno=127723,https://www.ntoday.co.kr/news/articleView.html?idxno=127723,2026-06-20
음식점 폐업,"“외식도, 장보기도 겁난다”…런치플레이션에 간편식·뷔페·햄버거 호...",행정안전부에 따르면 일식 오마카세 판매 업장이 포함된 일식집은 2023년부터 올해 5월까지 약 3년간 2593개가 폐업했다. 같은 기간 문을 닫은 중국식 음식점(1821개)이나 카페(624개)보다도 많은 수치다. 업계에서는... ,https://www.sedaily.com/article/20058005?ref=naver,https://n.news.naver.com/mnews/article/011/0004633152?sid=101,2026-06-20
음식점 폐업,[창간14주년-반도체 그후] 소비 살아났지만...자영업 회복은,특히 음식점과 도소매업은 폐업 압력이 높고 창업 3년 내 문을 닫는 비율도 높게 거론된다. 이재명 대통령이 지난달 23일 경남 김해 외동전통시장을 방문해 시민들과 인사하고 있다. [사진=청와대] 문제는 정책 효과가... ,https://www.straightnews.co.kr/news/articleView.html?idxno=305229,https://www.straightnews.co.kr/news/articleView.html?idxno=305229,2026-06-20
음식점 폐업,"서울 ‘AI 기반 위기 소상공인 맞춤 지원모델’, 제주로 확산됐다","음식점업은 6.2%포인트, 창업 3년 미만 업체는 11.4%포인트 높은 매출 증가율을 기록했다. 폐업률은 미참여 업체보다 2.1%포인트 낮았다. 경영 개선 컨설팅을 받은 한 업체는 지원 후 1개월 만에 매출이 500% 증가하는 성과를... ",https://biz.heraldcorp.com/article/10772184?ref=naver,https://n.news.naver.com/mnews/article/016/0002659120?sid=102,2026-06-20
음식점 폐업,"‘최혜대우 요구’ 배민·쿠팡이츠, 공정위 심판대로",서울 시내 한 음식점에 배달앱 스티커가 붙어있는 모습. 뉴시스 19일 공정위에 따르면 지난달 27일과 이달... 연쇄 폐업 도미노가 현실화되고 있다”며 “소상공인에게 필요한 것은 수년 뒤에나 나올 천문학적 과징금... ,https://www.segye.com/newsView/20260619512830?OutUrl=naver,https://n.news.naver.com/mnews/article/022/0004136850?sid=101,2026-06-20
음식점 폐업,"플랫폼, 도시를 집어삼키다[김현아의 시티라이프]","배달 앱의 알고리즘은 음식점을 검색 결과 상단에 노출시키거나 하단으로 밀어내는 결정을 내린다. ▲리뷰... 같은 주방에서 세 개의 가상 브랜드를 돌리더라도, 길에서 보이는 것은 폐업한 식당 하나뿐이기 때문에... ",https://economist.co.kr/article/view/ecn202606170057,https://n.news.naver.com/mnews/article/243/0000099383?sid=110,2026-06-20
음식점 폐업,배민·쿠팡이츠 자진시정 불발…수천억 ‘과징금’ 위기,"배민과 쿠팡이츠는 입점 음식점에 다른 배달앱보다 음식 가격이나 최소주문금액, 할인 혜택 등을... 한편 소상공인연합회, 한국외식업중앙회 등 배달앱 관련 5개 단체는 “경기 침체와 폐업 위기가 이어지는 상황에서... ",https://www.sentv.co.kr/article/view/sentv202606190038,https://www.sentv.co.kr/article/view/sentv202606190038,2026-06-19
음식점 폐업,"15억 전세사기 양치승, 강남역서 요식업 도전…무속인 반대에도 “오픈...",강남역 지하상가에 음식점을 차린 양치승은 다양한 메뉴를 자랑하며 밝은 미소를 보였다. 한편 양치승은 최근 전세사기로 15억 원 상당의 손해를 보고 운영하던 헬스장을 폐업했다. 이후 양치승은 지난 3월... ,https://www.newsen.com/news_view.php?uid=202606191556540310,https://m.entertain.naver.com/article/609/0001136600,2026-06-19
음식점 폐업,"'15억 사기피해' 양치승, 강남역에 음식점 오픈했다..첫날부터 문전성시...",한편 양치승은 과거 15억 원대 사기 피해를 입고 운영하던 헬스장을 폐업한 사실이 알려지며 안타까움을 자아낸 바 있다. 이후 고급 아파트에서 커뮤니티 관련 회사 상무로 취업한 근황이 전해지며 화제를 모으기도 했다.,https://www.sportschosun.com/entertainment/2026-06-19/202606190100135400008836,https://m.entertain.naver.com/article/076/0004417397,2026-06-19
음식점 폐업,"[최저임금 딜레마③] ""사장보다 더 버는 알바""…현실 외면 인상안에 소...",경영계는 경기 침체의 직격탄을 맞고 있는 음식점 등 일부 업종은 다른 업종보다 낮은 최저임금을 적용해야... 경우 폐업은 예고된 수순이라는 반응이 나온다. 서울 서대문구 연희동에서 호프집을 운영하는 박창수(62)... ,https://www.dailian.co.kr/news/view/1657387/?sc=Naver,https://n.news.naver.com/mnews/article/119/0003102536?sid=101,2026-06-19
음식점 폐업,권리금 떼였다면 얼마나 받을까… 손해배상 청구의 핵심,"사례를 들자면, 실제 상가에서 음식점을 운영하던 A씨는 폐업을 앞두고 새 임차인을 구해 권리금을 받기로 했다. 그러나 임대인은 주변 시세보다 크게 높은 차임과 보증금을 새 임차인에게 요구했고, 결국 계약이... ",http://www.jeollailbo.com/news/articleView.html?idxno=803021,http://www.jeollailbo.com/news/articleView.html?idxno=803021,2026-06-19
음식점 폐업,최저임금 업종별 구분 적용 부결…내년에도 단일 체계 유지,"이날 사용자 측은 한식 음식점업, 외국식 음식점업, 김밥 및 기타 간이음식점업 등 3개 업종에 시범 적용하는... 특히 숙박·음식업의 최저임금 미만율이 높고 폐업이 늘어나는 상황에서 일률적인 최저임금 적용은 현실을... ",https://www.dailian.co.kr/news/view/1657525/?sc=Naver,https://n.news.naver.com/mnews/article/119/0003102496?sid=102,2026-06-18
음식점 폐업,"최저임금위원회, 업종별 구분 적용 '부결'","있다""며 ""100만 폐업 시대라는 표현이 과장이 아닐 정도로 상황은 심각하다""고 말했다. 이어 ""그러나 이러한... 또 ""숙박·음식점업 같은 일부 업종에서는 최저임금이 중위임금 대비 70~80% 수준에 달해 사실상 일반적인 시장... ",https://www.laborplus.co.kr/news/articleView.html?idxno=41018,https://www.laborplus.co.kr/news/articleView.html?idxno=41018,2026-06-18
배달 시장,"[창간기획: 소호금융 빅뱅] ① 월급통장서 사업자통장으로...인뱅, '사장...","이에 인터넷은행들이 왜 개인사업자 시장에 주목하고 있는지, 소호금융 경쟁의 현주소와 향후 과제를 살펴본다. [편집자 주] 서울에서 카페를 운영하는 A씨는 하루를 매출 확인으로 시작한다. 전날 카드 결제 금액과 배달... ",http://www.wikileaks-kr.org/news/articleView.html?idxno=189036,http://www.wikileaks-kr.org/news/articleView.html?idxno=189036,2026-06-25
배달 시장,경기도의회 더불어민주당 최종현 대표의원 퇴임 기자회견문,"또한 수해·폭설 피해 현장, 전통시장, 산업 현장 등 도민 생활 현장을 직접 방문해 민생 정책을 발굴하고 대응해 왔다고 밝혔다. AI 디지털교과서, 공공배달앱, K-컬처밸리 등 주요 현안에도 정책 대안을 제시했다는 점도... ",https://www.jeonmae.co.kr/news/articleView.html?idxno=1268856,https://www.jeonmae.co.kr/news/articleView.html?idxno=1268856,2026-06-25
배달 시장,"여주 출신 유리 작가, 서울도서전 BBCK 대상 영예","고단한 노동자, 배달 기사, 아이들, 반려동물과 함께 살아가는 이웃들의 삶이 붕어빵 마차를 중심으로... 어느 날 밤하늘을 탈탈탈 털었더니 등 총 10권이 이름을 올리며 한국 그림책 시장의 저력과 다양성을 입증했다.",https://www.kyeonggi.com/article/20260625580384,https://n.news.naver.com/mnews/article/666/0000112712?sid=103,2026-06-25
배달 시장,"적자 직면한 팅크웨어, 이륜차 블랙박스로 돌파구 모색","팅크웨어는 새로운 동력을 확보하기 위해 자전거·바이크 시장의 문을 두드리고 있는데요. 팅크웨어는... 초기 구매자들은 사고 발생 시 증거 확보 목적 외에도 라이딩 기록, 여행 영상 저장, 배달 업무 중 안전 관리 등... ",http://www.newstomato.com/ReadNews.aspx?no=1305215&inflow=N,http://www.newstomato.com/ReadNews.aspx?no=1305215&inflow=N,2026-06-25
배달 시장,"새 부산시정 출범 D-7 ""1호 공약은 민생""","부산MBC)◀ 앵 커 ▶전재수 부산시장 당선인 인수위원회가 오늘(24) 중간보고회를 가졌습니다.인수위는 취임... ""이 중, 새 시정 1호 공약은 ′민생 100일 비상조치′가 될 거란 점은 다시 한번 강조됐습니다.배달기사... ",https://busanmbc.co.kr/01_new/new01_view.asp?idx=286512,https://busanmbc.co.kr/01_new/new01_view.asp?idx=286512,2026-06-25
배달 시장,"[솔로이코노미] OTT 정가는 올랐는데, 왜 지출은 줄었을까?",플랫폼이 처음에는 낮은 가격으로 이용자를 모은 뒤 시장지배력을 확보하면 구독료나 수수료를 올려 소비자 부담을 키운다는 논리다. 특히 OTT와 배달앱은 일상 소비와 맞닿아 있어 대표 사례로 자주 거론됐다. 그러나... ,http://www.dailypop.kr/news/articleView.html?idxno=100023,http://www.dailypop.kr/news/articleView.html?idxno=100023,2026-06-25
배달 시장,"[유통24시] 이마트, PL브랜드 페스타 개최 外","◆배민, '함께주문' 더치페이 기능 도입 배달의민족이 공동주문 서비스 '함께주문'에 더치페이 기능을... 더현대 서울 사운즈포레스트에는 남프랑스 해변 시장을 재현한 여름 마켓을 조성해 식품과 패션, 잡화 브랜드... ",https://news.dealsitetv.com/articles/172403,https://news.dealsitetv.com/articles/172403,2026-06-25
배달 시장,"최종현 경기도의회 대표의원, 민주당 대표단 활동 마무리","전통시장, 지하철 공사 붕괴 현장, 첨단산업 기업 등을 방문하며 도민 목소리를 정책에 반영하는 데 주력했다고 밝혔다. 최 대표의원은 AI 디지털교과서, 공공배달앱, K-컬처밸리 등 주요 현안에 대해 정책 대안을... ",https://www.newsfreezone.co.kr/news/articleView.html?idxno=696406,https://www.newsfreezone.co.kr/news/articleView.html?idxno=696406,2026-06-25
배달 시장,"[기고] 4년의 의정활동을 돌아보며, 고성의 내일을 다시 준비한다","시장 상인의 한숨과 배달노동자의 어려움, 어업인의 걱정과 기업인의 절박함을 들으며 도의원의 역할은 회의장 안에서 끝나는 것이 아니라 주민의 삶이 있는 현장에서 시작된다는 사실을 다시금 깨달았다. 고성의 내일을... ",https://www.newsgn.com/news/articleView.html?idxno=558906,https://www.newsgn.com/news/articleView.html?idxno=558906,2026-06-25
배달 시장,"MG새마을금고재단, 20000만 원 규모 도농상생 영양 지원사업 전개","재단은 맛과 영양 상태는 우수하지만 겉모양에 흠집이 있거나 규격에 맞지 않아 시장에서 외면받는 이른바... 신속하게 배달된다. 특히 학교 급식이 중단되는 방학 기간과 맞물리는 3분기에 지원이 집중되어, 아동들의... ",http://www.ttlnews.com/news/articleView.html?idxno=3120127,http://www.ttlnews.com/news/articleView.html?idxno=3120127,2026-06-25
배달 시장,"태백시, 강원 노인일자리 '최우수'…돌봄·복지 안전망 역할","시는 공익활동형과 사회서비스형, 시장형 등 다양한 노인일자리 사업을 추진하며 지역 특성을 반영한 맞춤형... 또 공공이불빨래방 사업은 취약계층 어르신의 위생환경 개선을 지원하는 동시에 세탁물 수거와 배달... ",http://www.enewstoday.co.kr/news/articleView.html?idxno=2442515,http://www.enewstoday.co.kr/news/articleView.html?idxno=2442515,2026-06-25
배달 시장,"""보험 없인 배달 못한다""···우아한청년들, 라이더 전용 공제보험 출시",업계에서는 배달 플랫폼 시장이 성장하면서 라이더 보호와 안전망 구축이 새로운 경쟁 요소로 떠오르고 있다고 보고 있다. 보험 의무화 시행을 계기로 라이더 복지와 안전 지원을 둘러싼 플랫폼 기업들의 서비스 경쟁도... ,https://www.smartbizn.com/news/articleView.html?idxno=147026,https://www.smartbizn.com/news/articleView.html?idxno=147026,2026-06-25
배달 시장,"[충북은, 지금] ""무더운 날씨 '식중독균' 왕성... 장보기순서·분리 보관...",마트나 전통시장에서 이런 음식들을 장을 볼 텐데요. 이때부터 식중독이 시작된다고 말씀을 하시던데 좀... 두 번째는 배달 음식점과 대량 조리 음식점도 집중 점검하고 있고요. 그다음에 본격적인 휴가철을 맞아서... ,https://news.bbsi.co.kr/news/articleView.html?idxno=4091314,https://news.bbsi.co.kr/news/articleView.html?idxno=4091314,2026-06-25
배달 시장,"금투협, 독거노인 건강 돌본다…'사랑의 도시락' 18년째 후원","금융투자협회는 2009년부터 18년간 사랑의 도시락 사업을 통해 도시락 지원과 배달 봉사활동을 이어왔다.... 금융투자협회는 자본시장 대표 협회로서 사회공헌 활동도 지속 확대하고 있다. 특히, 사랑의도시락 사업의 경우... ",https://www.econovill.com/news/articleView.html?idxno=743426,https://www.econovill.com/news/articleView.html?idxno=743426,2026-06-25
배달 시장,"충성고객이 곧 경쟁력… 이커머스, '멤버십 확대' 집중","단순 할인 혜택을 넘어 콘텐츠와 배달, 금융 서비스까지 연계하는 방식으로 진화하면서 관련 경쟁이 본격화될 전망이다. 업계 관계자는 ""이커머스시장이 성숙 단계에 접어들면서 신규 고객 확보보다 기존 고객의 구매... ",http://www.the-biz.co.kr/news/articleView.html?idxno=723229,http://www.the-biz.co.kr/news/articleView.html?idxno=723229,2026-06-25
배달 시장,[민주 게임방] 엔씨·넷마블·스마일게이트,"엔씨는 중국 시장에서 현지 퍼블리셔와 협력을 바탕으로 서비스를 확대해 나갈 계획이다. 리니지2M 중국... 포인트, 배달의민족 기프티콘 등을 증정한다. 스토브는 스토어 출석교환상점과 연계한 플레이타임 미션도... ",http://www.iminju.net/news/articleView.html?idxno=165808,http://www.iminju.net/news/articleView.html?idxno=165808,2026-06-25
배달 시장,"[Tech & Now] 유베이스, 뉴빌리티와 '피지컬 AI' 로봇 운영 아웃소싱 진...",이를 통해 양사는 로봇 운영 아웃소싱 시장 공략에 본격적으로 나설 계획이다. 유베이스와 뉴빌리티는 지난... 배달 및 순찰 로봇 분야에서도 긴밀히 협력한다. 배달 로봇 분야에서는 유베이스의 배달 플랫폼 고객사... ,https://www.ebn.co.kr/news/articleView.html?idxno=1713917,https://www.ebn.co.kr/news/articleView.html?idxno=1713917,2026-06-25
배달 시장,최종현 “민생·민주주의 지켜낸 2년”… 도의회 민주당 대표의원 임기...,"전통시장, 지하철 공사 붕괴 현장 등 도민의 삶이 있는 곳이라면 어디든 찾아갔다”고 했다. 그러면서 AI 디지털교과서, 공공배달앱, K-컬처밸리 등 주요 현안에 대한 신속한 대응과 정책 대안 제시를 비롯해 경제살리기... ",https://www.kyeongin.com/article/1766176,https://www.kyeongin.com/article/1766176,2026-06-25
배달 시장,"[솔로이코노미] ""지금 아니면 늦다"" 퀵커머스 경쟁 가열…뷰티까지 번진...",뷰티 제품과 상온 식품에 적용한 뒤 시장 반응에 따라 패션 상품 등으로 확대한다는 계획이다. 치열해지는 배달앱 경쟁 배달앱 간 경쟁도 한층 더 치열해지고 있다. 배민은 B마트를 중심으로 직매입 기반 퀵커머스를... ,http://www.dailypop.kr/news/articleView.html?idxno=99936,http://www.dailypop.kr/news/articleView.html?idxno=99936,2026-06-25
배달 시장,"경기도의회 민주당 최종현 후반기 대표의원 퇴임,'민생·민주 지킨 2년'","수해와 폭설 피해지역, 전통시장, 지하철 공사 현장, 첨단산업 기업 등을 찾아 현장의 목소리를 정책에 반영한 점도 성과로 제시했다. AI 디지털교과서, 공공배달앱, K-컬처 등 주요 현안에 대응해 정책 대안을 제시했고... ",http://www.the-biz.co.kr/news/articleView.html?idxno=723256,http://www.the-biz.co.kr/news/articleView.html?idxno=723256,2026-06-25
배달 시장,"박용선 포항시장 당선인, 민선9기 '4대 정상화' 청사진 제시","박용선 포항시장 당선인이 민선9기 시정 운영의 핵심 과제로 재정과 철강산업, 도시계획, 복지체계 전반의... 체감하는 변화를 만들겠다. 시민과 함께 새로운 포항의 기준을 세우겠다.""고 말했다. [신아일보]포항/배달형 기자",https://www.shinailbo.co.kr/news/articleView.html?idxno=5034288,https://www.shinailbo.co.kr/news/articleView.html?idxno=5034288,2026-06-25
배달 시장,"최종현 경기도의회 민주당 대표 ""지난 2년은 도민 위한 협치의 시간""","또한 수해·폭설 피해 현장, 전통시장, 산업현장 등을 찾아 도민 목소리를 정책에 반영했다고 강조했다. 그는 AI 디지털교과서, 공공배달앱, K-컬처밸리 등 주요 현안에 대응한 것은 물론 예산 심의를 통해 청년기본소득... ",https://www.news1.kr/local/gyeonggi/6208298,https://n.news.naver.com/mnews/article/421/0009023770?sid=102,2026-06-25
배달 시장,이재명 대통령님께 드리는 건의 편지,김대중 정부의 국정지표는 ‘민주주의와 시장경제의 병행발전’이지 않았습니까? ‘통합의 정치’가... 우리 국민도 코로나19 팬데믹을 이겨내면서 mRNA 백신 유전자를 체내로 안전하게 배달하는 ‘지질나노입자(LNP)... ,https://www.pressian.com/pages/articles/2026062513502643245?utm_source=naver&utm_medium=search,https://n.news.naver.com/mnews/article/002/0002446211?sid=102,2026-06-25
배달 시장,"무더위 최전선 이동노동자 지킨다…전주시, 쉼터 운영 대폭 확대","전주시는 배달기사와 대리운전기사, 택배기사 등 장시간 야외에서 근무하는 이동노동자들이 무더위... 현재 쉼터는 완산구 효자동 서부신시가지와 덕진구 송천동 농산물도매시장 인근 등 두 곳에서 운영되고 있으며, 하루... ",https://www.thefairnews.co.kr/news/articleView.html?idxno=80505,https://www.thefairnews.co.kr/news/articleView.html?idxno=80505,2026-06-25
배달 시장,"최종현 대표의원 ""민생·민주주의 지킨 2년, 이젠 교량 역할할 것""","최 의원은 수해·폭설 피해지역과 전통시장·지하철 공사 붕괴 현장·첨단산업 기업 등을 직접 방문하며... 또한 AI 디지털교과서와 공공배달앱, K-컬처밸리 사업 등 주요 현안에 대해서도 적극적으로 대응하며 정책적... ",http://www.hansbiz.co.kr/news/articleView.html?idxno=846426,http://www.hansbiz.co.kr/news/articleView.html?idxno=846426,2026-06-25
배달 시장,유료 멤버십이 당연한 시대…플랫폼 '뉴노멀'에 소비자 반응은?,"이커머스는 물론 콘텐츠, 배달, 금융 플랫폼까지 앞다퉈 구독 서비스를 내놓으며 고객 확보 경쟁에 나선... 신규 이용자 확보가 점차 어려워지고 시장 성장세가 둔화되면서, 기업들은 기존 고객의 이용 빈도와 구매... ",https://www.greened.kr/news/articleView.html?idxno=343336,https://www.greened.kr/news/articleView.html?idxno=343336,2026-06-25
배달 시장,"'퇴임' 최종현 경기도의회 민주당 대표 ""소통·화합 최우선 가치로 활동...","이어 ""수해와 폭설 피해 현장, 전통시장, 지하철 공사 붕괴 현장, 첨단산업 기업 등 도민의 삶이 있는... 그는 ""AI 디지털 교과서, 공공배달앱, K-컬처밸리 등에 발빠르게 대응했다""면서 ""2025년과 2026년 본예산 심의를 통해... ",https://www.joongboo.com/news/articleView.html?idxno=363729735,https://www.joongboo.com/news/articleView.html?idxno=363729735,2026-06-25
배달 시장,전주시 폭염기 이동노동자 쉼터 휴일 운영 확대,"이와 관련 현재 전주지역 이동노동자 쉼터는 완산구 효자동 서부신시가지와 덕진구 송천동 농산물도매시장 인근 등 2곳에서 운영되고 있으며, 배달노동자와 대리운전기사, 택배노동자 등 하루 평균 130여 명의... ",http://www.jeollailbo.com/news/articleView.html?idxno=803677,http://www.jeollailbo.com/news/articleView.html?idxno=803677,2026-06-25
배달 시장,보도 달리는 현대차 로봇 나온다…‘모베드 프로’ 실외 인증 취득[only...,운행안전인증은 배달·순찰·이송 로봇이 보도에서 운행하기 위해 반드시 취득해야 하는 법정 인증이다.... 실외이동로봇 시장의 주요 무대로 자리 잡고 있는 것으로 보고 있다. 현대차 역시 이번 인증을 통해 모베드... ,https://www.edaily.co.kr/news/newspath.asp?newsid=03978646645485328,https://n.news.naver.com/mnews/article/018/0006314626?sid=105,2026-06-25
배달 시장,[전주 소식] 이동노동자 폭염 쉼터 9월까지 운영,"전주시는 여름철 장기화가 예상되는 폭염에 대응해 배달기사와 대리운전기사, 택배기사 등 이동노동자를... 현재 이동노동자 쉼터는 완산구 효자동 서부신시가지와 덕진구 송천동 농산물도매시장 인근 등 2곳에서 운영... ",https://www.sidae.com/article/2026062511371726639,https://n.news.naver.com/mnews/article/417/0001149007?sid=102,2026-06-25
배달 시장,"전재수 부산시장 인수위 ""190회 회의·1020명 소통""…민생·의료·AI 정책...","사진=이채열 기자 전재수 부산시장 당선인의 인수위원회인 '다시 뛰는 부산위원회'가 출범 이후 총 190회의... 차 위원장은 ""배달라이더 유류비 지원, 소상공인 긴급자금 연계, 플랫폼 노동자 권익 강화 등 현장에서... ",https://daily.hankooki.com/news/articleView.html?idxno=1379520,https://daily.hankooki.com/news/articleView.html?idxno=1379520,2026-06-25
배달 시장,"전주시, 폭염기 이동노동자 쉼터 휴일 운영 확대…9월까지 상시 개방",전북 전주시는 여름철 폭염에 취약한 배달·택배·대리운전 기사 등 이동노동자의 건강 보호를 위해... 현재 이동노동자 쉼터는 완산구 효자동 서부신시가지와 덕진구 송천동 농산물도매시장 인근 등 2곳에서 운영되고... ,https://www.newsis.com/view/NISX20260625_0003683092,https://n.news.naver.com/mnews/article/003/0014027922?sid=102,2026-06-25
배달 시장,"'대표에서 의원으로'…최종현 민주당 대표 ""도민 곁에서 최선 다할 것""","전통시장, 지하철 공사 붕괴 현장, 첨단산업 기업 등 도민의 삶이 있는 곳이라면 어디든 찾아갔다”고 했다.... 공공배달앱, K-컬처밸리 등 주요 현안에도 발 빠르게 대응하며 정책 대안을 제시했다”고 설명했다. 또한... ",https://www.kyeonggi.com/article/20260625580167,https://n.news.naver.com/mnews/article/666/0000112658?sid=100,2026-06-25
배달 시장,[이재명정부 1년 경제정책 평가 좌담회] 거시지표 호황 뒤 ‘K자형 양극...,"유통시장 양극화 문제는 방치되고 있다는 지적이다. 이호준 전국골목상점가연합회 공동준비위원장은 “지역화폐 예산이 일부 복원됐지만 현장 체감도가 낮고, 온라인플랫폼법 제정과 배달수수료 상한제 등 핵심입법은... ",https://www.naeil.com/news/read/593059?ref=naver,https://www.naeil.com/news/read/593059?ref=naver,2026-06-25
배달 시장,[패트롤] 김천시-상주시-문경시-성주군,강영석 상주시장은 “상주 낙동강 수상레저페스타를 통해 시민과 관광객들이 낙동강에서 시원하고 안전한... 식사배달 사업 운영 실태에 대한 현장 점검을 실시했다고 25일 밝혔다. 이번 점검은 무료급식과 식사배달... ,https://www.ekn.kr/web/view.php?key=20260625023036433,https://www.ekn.kr/web/view.php?key=20260625023036433,2026-06-25
배달 시장,"자영업자 업무 돕는 AI 챗봇 'AI사장님', 소상공인 교육용 실습도구로 고...","안내문, 배달앱 공지, 계절 메뉴 홍보 이미지 등 실제 매장 운영에서 바로 활용할 수 있는 결과물 제작에 초점을 맞췄다. 유니컵컴퍼니는 AI사장님을 창업지원기관, 평생교육원, 지자체 및 소상공인 지원기관, 전통시장... ",https://www.lecturernews.com/news/articleView.html?idxno=204960,https://www.lecturernews.com/news/articleView.html?idxno=204960,2026-06-25
배달 시장,월드컵 아침 응원도 치킨이 접수했다…할인·조기영업·신메뉴 흥행에 ...,"치킨 신메뉴 시장도 월드컵 열기에 힘입어 활기를 띠고 있다. 맘스터치는 지난 5월 출시한 신메뉴... 집에서 배달 음식을 즐기며 경기를 시청하는 전통적인 ‘집관’ 문화에 더해, 매장에서 함께 응원하는 단체 관람... ",https://www.viva100.com/article/20260625500595,https://www.viva100.com/article/20260625500595,2026-06-25
배달 시장,“물건 없었는데 금방 채워졌네요”…홈플 익스는 지금 [르포],한쪽에는 배달 주문 상품을 담은 상자들이 쌓여 있었다. 주문 완료를 알리는 알림음도 수시로 울렸다.... SSM(기업형 슈퍼마켓) 시장 성장세가 둔화되고 있는 가운데 편의점과 온라인 유통업체의 경쟁도 갈수록 치열해지고... ,https://biz.heraldcorp.com/article/10787793?ref=naver,https://n.news.naver.com/mnews/article/016/0002661543?sid=101,2026-06-25
배달 시장,"""슈퍼쏠·우즈벡 진출까지"" 신한카드, 금융서비스 확장 나섰다","특별 적립은 주유(SK에너지, GS칼텍스), 온라인쇼핑(쿠팡, SSG.COM, 무신사, 29CM), 배달앱(땡겨요, 배달의 민족... 양측은 한국 기업의 우즈베키스탄 진출을 지원하기 위한 금융 지원과 현지 금융시장 발전 협력 방안을... ",https://www.newscj.com/news/articleView.html?idxno=3411957,https://www.newscj.com/news/articleView.html?idxno=3411957,2026-06-25
배달 시장,"움버거앤윙스, 배달의민족 '먹을복 페스타' 참여…할인 쿠폰·세트 메뉴...","프랜차이즈 외식업계 한 관계자는 ""최근 버거 시장은 메뉴 전문성과 배달 경쟁력이 중요한 요소로 자리 잡고 있다""며 ""치킨 원재료를 활용한 버거·윙 복합 모델은 소비자 선택의 폭을 넓히는 동시에 가맹점 운영 효율성을... ",https://www.shinailbo.co.kr/news/articleView.html?idxno=5033840,https://www.shinailbo.co.kr/news/articleView.html?idxno=5033840,2026-06-25
배달 시장,"[산업소식] LG전자, 에티오피아 한국전쟁 참전용사 지원","경품으로는 갤럭시 버즈3 프로, 네이버페이 포인트, 배달의민족 기프티콘 등이 있다. '스토어... 한편 '일곱 개의 대죄: 그랜드크로스'는 2019년 한국과 일본에서 서비스를 시작한 뒤 2020년 글로벌 시장으로 서비스를... ",http://www.4th.kr/news/articleView.html?idxno=2113700,http://www.4th.kr/news/articleView.html?idxno=2113700,2026-06-25
배달 시장,오토바이도 '불법주차 딱지' 뗀다…배달업계 '비상',"최근 몇 년간 배달시장 급성장으로 도로를 다니는 오토바이가 부쩍 늘면서, 그에 따른 부작용으로 불법 주정차 문제가 불거지고 있습니다. 이에 경찰이 그간 미비했던 제도를 손질해, 이륜차 주정차 위반에 대해서도... ",https://biz.sbs.co.kr/article_hub/20000318807?division=NAVER,https://n.news.naver.com/mnews/article/374/0000518179?sid=101,2026-06-25
배달 시장,[단독] 오토바이도 '불법주차 딱지' 뗀다…배달업계 비상,배달시장이 급성장하면서 주택가 등의 이륜차 주정차 관련 민원이 폭증하고 있는 데 따른 조치입니다. 25일 정부와 업계 관계자에 따르면 경찰은 오토바이와 같은 이륜자동차의 불법 주·정차에 대해 과태료를 부과하는... ,https://biz.sbs.co.kr/article_hub/20000318779?division=NAVER,https://n.news.naver.com/mnews/article/374/0000518170?sid=101,2026-06-25
배달 시장,"유베이스그룹-뉴빌리티, 피지컬 AI 운영 분야 업무협약",아웃소싱 시장 공략에 나선다. 피지컬 AI 기반 RX(로봇 전환) 전문 기업 뉴빌리티는 실외 자율주행 기술을 바탕으로 배달∙순찰 등 로봇 서비스를 상용화해 왔다. 2024년 국내 최초로 자율주행 로봇 배달 서비스를 시작한... ,https://www.irobotnews.com/news/articleView.html?idxno=47089,https://www.irobotnews.com/news/articleView.html?idxno=47089,2026-06-25
배달 시장,태백시 도 노인일자리 사업평가 최우수,"시는 어르신들의 경제적 안정과 사회참여 기회 확대를 위해 공익활동형, 사회서비스형, 시장형 등 다양한... 수거와 배달 과정에서 어르신들의 안부를 확인하고 필요한 복지서비스와 연계하는 등 지역사회 안전망 역할도... ",https://www.kwnews.co.kr/article/20260625500046,https://n.news.naver.com/mnews/article/087/0001201343?sid=102,2026-06-25
배달 시장,"유베이스, 뉴빌리티와 로봇 운영 협력",아웃소싱 시장 공략에 나선다. 유베이스는 뉴빌리티와 ‘피지컬 AI 기반 로봇 운영’ 분야 협력을 확대하기... 뉴빌리티는 실외 자율주행 기술을 바탕으로 배달·순찰 로봇 서비스를 상용화해온 피지컬 AI 기반 로봇 전환... ,https://www.edaily.co.kr/news/newspath.asp?newsid=03630966645485328,https://n.news.naver.com/mnews/article/018/0006314527?sid=105,2026-06-25
배달 시장,"'무보험 배달' 막 내린다…배민, 라이더 시간제 종합보험 출시","그동안 배달 시장에서는 개인용 보험만 가입한 상태에서 유상 배달을 수행하거나, 책임보험 수준의 낮은 보장만으로 운행하는 사례가 문제로 지적돼 왔다. 사고 발생 시 라이더와 피해자 모두 충분한 보상을 받기 어려운... ",http://www.4th.kr/news/articleView.html?idxno=2113684,http://www.4th.kr/news/articleView.html?idxno=2113684,2026-06-25
배달 시장,"전주시, 폭염 속 이동노동자 쉼터 휴일 없이 운영",이동노동자 쉼터는 서부신시가지와 송천동 농산물도매시장 인근 등 총 2곳에서 운영 중이며 배달·대리운전·택배 노동자 등 하루 평균 130여명이 이용하고 있다. 시는 쉼터 내 냉방시설 가동을 강화하고 냉장 생수를... ,https://www.yna.co.kr/view/AKR20260625077100055?input=1195m,https://n.news.naver.com/mnews/article/001/0016158379?sid=103,2026-06-25
배달 시장,올해 외식업 ‘6곳 중 1곳’ 망했다 [H-EXCLUSIVE],코로나19 이후 배달 시장이 확대되며 오프라인 매장의 경쟁력이 약화한 데다 신규 점포 유입이 늘어나면서 폐업도 함께 증가하는 구조가 형성됐다. 강남구 역시 17.81%를 기록하며 높은 폐업률을 나타냈다. ‘강남... ,https://biz.heraldcorp.com/article/10787962?ref=naver,https://n.news.naver.com/mnews/article/016/0002661467?sid=101,2026-06-25
배달 시장,6월 4주차 해외 ESG 핫클립,"사업은 향후 데이터센터 유치와 북미 시장 진출 기반으로 거론되고 있다. 다만 인허가 절차와 투자 확보... 협약은 배달, 운송, 돌봄, 데이터 라벨링 등 디지털 플랫폼 노동에 적용되며, 실제 업무 수행 방식과 보수... ",http://www.impacton.net/news/articleView.html?idxno=19370,http://www.impacton.net/news/articleView.html?idxno=19370,2026-06-25
배달 시장,"백억커피, 고양신원점·부산기장점 신규 가맹점 동시 오픈","기장시장과 주거단지, 상업시설이 어우러진 중심 생활권에 자리 잡았다. 특히 동해선 기장역 인근 역세권 입지로 출퇴근 유동인구와 방문객 수요를 동시에 확보할 수 있으며, 차량 이동이 많은 지역 특성상 포장과 배달... ",https://www.enetnews.co.kr/news/articleView.html?idxno=51631,https://www.enetnews.co.kr/news/articleView.html?idxno=51631,2026-06-25
배달 시장,"전주시, 폭염 대비 이동노동자 쉼터 운영 확대…9월까지 상시 운영","현재 전주지역 이동노동자 쉼터는 완산구 효자동 서부신시가지와 덕진구 송천동 농산물도매시장 인근 등 2곳에서 운영되고 있으며, 배달노동자와 대리운전기사, 택배노동자 등 하루 평균 130여 명의 이동노동자가... ",https://www.asiatoday.co.kr/kn/view.php?key=20260625010008867,https://www.asiatoday.co.kr/kn/view.php?key=20260625010008867,2026-06-25
배달 시장,[주목 e-자원] 버려지는 음식물 쓰레기…'도시형 바이오매스' 순환자원...,특히 외식·배달 비중이 높아 가정 외 배출량이 매우 큰 것이다. UNEP(유엔환경계획)의 'Food Waste Index Report... 처리 비용 산업' → '에너지·소재 산업' 전환 중 지금까지는 이 시장이 '버리는 데 드는 비용' 중심으로 운영돼... ,http://www.economytalk.kr/news/articleView.html?idxno=422216,http://www.economytalk.kr/news/articleView.html?idxno=422216,2026-06-25
배달 시장,로지텍XLG트윈스 한정판·듀오백 '이지풋' 3종 출시 外,듀오백은 아마존에서 판매 중인 그레이 컬러에 이어 신규 컬러 제품의 해외 온라인 시장 진출도 추진한다.... 사진=배달의민족 배달의민족은 앱 내 '함께주문' 이용 고객을 위한 더치페이 기능을 열었다. '함께주문'은... ,https://www.slist.kr/news/articleView.html?idxno=747586,https://www.slist.kr/news/articleView.html?idxno=747586,2026-06-25
배달 시장,"‘26만명 가입’ 양산사랑카드, 지역경제 플랫폼으로 도약","공공 배달앱 ‘배달양산’의 올해 1~5월 누적 거래금액은 56억원으로, 지난해 동기(26억 원) 대비 2배 이상... 또한 남부시장 온라인 장보기, 시정 홍보, 나눔 기능 등을 비롯해 블록체인 기술을 적용한 위·변조 방지... ",https://www.khan.co.kr/article/202606251053001,https://n.news.naver.com/mnews/article/032/0003454253?sid=101,2026-06-25
배달 시장,"하남에프엔비, 16주년 맞아 미래 비전 발표…“글로벌 성장 넘어 국내 ...","말레이시아를 중심으로 인도네시아, 베트남, 몽골, 일본 등 주요 시장에서 사업을 전개하고 있으며, 올해... 하남에프엔비는 데이터 기반 고객 세분화 전략과 디지털 마케팅 강화, 배달 및 포장 서비스 개선 등을 추진한다.... ",https://www.megaeconomy.co.kr/news/newsview.php?ncode=1065577659028596,https://www.megaeconomy.co.kr/news/newsview.php?ncode=1065577659028596,2026-06-25
배달 시장,공공배달앱 시초 ‘배달의명수’ 역사속으로 사라질까,전북 군산시에서 2020년 전국 처음으로 출시한 공공 배달 앱 ‘배달의명수’가 존폐 기로에 섰다.... 이에 김재준 군산시장 당선인은 “6년간 100억 상당 금액이 투입됐지만 상인들에게 돌아간 실질 혜택은 약 35억 원... ,https://www.seoul.co.kr/news/society/2026/06/25/20260625500067?wlog_tag3=naver,https://n.news.naver.com/mnews/article/081/0003655746?sid=102,2026-06-25
배달 시장,[단독]‘위기의 소상공인’ 올해 전국 외식업 6곳 중 1곳 망했다…“코...,코로나19 이후 배달 시장이 확대되며 오프라인 매장의 경쟁력이 약화한 데다 신규 점포 유입이 늘어나면서 폐업도 함께 증가하는 구조가 형성됐다. 강남구 역시 17.81%를 기록하며 높은 폐업률을 나타냈다. ‘강남... ,https://biz.heraldcorp.com/article/10787618?ref=naver,https://n.news.naver.com/mnews/article/016/0002661355?sid=101,2026-06-25
배달 시장,"하남에프엔비, 창립 16주년 새 비전 선언…""국내·글로벌 선순환 성장체...","해외 시장 확대 과정에서 쌓은 운영 경험을 국내 사업에 반영하고, 국내에서 검증한 서비스와 운영 기준을... 온라인 접점 확대와 고객 커뮤니케이션 개선을 통해 브랜드 접근성을 높이고, 배달·포장 서비스 품질도 함께... ",https://www.thepowernews.co.kr/view.php?ud=2026062509532456756cf2d78c68_7,https://www.thepowernews.co.kr/view.php?ud=2026062509532456756cf2d78c68_7,2026-06-25
배달 시장,"태백시, 강원특별자치도 노인일자리사업 평가 '최우수' 선정",태백시(시장 이상호)가 강원특별자치도가 주관한 2026년 노인일자리 사업평가대회에서 도내 18개 시·군 중... 세탁물 수거와 배달 과정에서 어르신의 안부를 확인하고 복지서비스와 연계하는 등 지역사회 안전망 역할도... ,https://www.gukjenews.com/news/articleView.html?idxno=3617432,https://www.gukjenews.com/news/articleView.html?idxno=3617432,2026-06-25
배달 시장,"[리테일 인사이드] 현대백화점·SSG닷컴·배민·GS샵·롯데백화점...""경험...",배달의민족 배달의민족은 공동주문 서비스 '함께주문'에 더치페이 기능을 새롭게 도입했다. 주문자가 먼저... 프리미엄 시장 공략에 나선다. 국내 다섯 번째 매장이자 서부 상권 첫 진출 매장으로 글로벌 디자인 가구와... ,http://www.kdfnews.com/news/articleView.html?idxno=184561,http://www.kdfnews.com/news/articleView.html?idxno=184561,2026-06-25
배달 시장,"하남에프엔비, 창립 16주년 맞아 새 경영비전 선포 ""국내시장 깊이에 집...","국내 시장의 깊이를 더하는 전략을 추진할 것""이라고 밝혔다. 이를 위해 하남에프엔비는 고객 데이터 기반 분석 체계를 강화하고 배달·포장 서비스 고도화, 디지털 마케팅 혁신 등을 추진할 예정이다. 또한 직영 사업... ",https://www.enetnews.co.kr/news/articleView.html?idxno=51618,https://www.enetnews.co.kr/news/articleView.html?idxno=51618,2026-06-25
배달 시장,"하남에프엔비, 창립 16주년…국내 사업 강화·해외 거점 확대 추진","국내 시장에서는 데이터 기반 고객 분석, 배달·포장 서비스 고도화, 디지털 마케팅 강화 등을 추진한다. 또한 직영 매장을 중심으로 운영 표준화를 강화하고, 프리미엄 상권 내 직영 거점을 확대해 고객 경험과 운영... ",https://biz.heraldcorp.com/article/10787596?ref=naver,https://n.news.naver.com/mnews/article/016/0002661303?sid=101,2026-06-25
배달 시장,"빗속에 짙어진 초록, 깊어진 추억… 詩와 함께 누리는‘앳되고 고운 날...",신작로는 안성시장까지 끼고 있어 한 세대 전까지만 해도 길 양편으로 시장에서 흘러넘친 노점이 늘 가득... 쓰면서 배달한 적도 있다”고 말했다. # 현역 문구점의 안 팔리는 물건들 문구점을 운영하며 번 돈으로 홍 씨는... ,https://www.munhwa.com/article/11598093?ref=naver,https://n.news.naver.com/mnews/article/021/0002800195?sid=103,2026-06-25
배달 시장,"안양시, 오토바이 난폭운전 잡는다…후면 단속장비 설치","최근 배달 서비스 증가로 이륜차 운행량이 늘면서 이륜차의 과속·신호위반 등 교통법규 위반에 대한... 최대호 시장은 ""최근 이륜차 과속과 소음은 시민 안전과 생활환경을 위협하는 대표적인 교통문제""라며 ""교통안전시설... ",https://www.news1.kr/local/gyeonggi/6207798,https://n.news.naver.com/mnews/article/421/0009022479?sid=102,2026-06-25
배달 시장,"유베이스 그룹, 뉴빌리티와 로봇 운영 서비스 나선다","양사 업무협약 체결 로봇 서비스 공동 개발 배달 및 순찰로봇도 협력 인공지능(AI) 업무처리 아웃소싱(BPO)... 이를 발판삼아 뉴빌리티는 국내 140여 개 현장에서 로봇 서비스를 운영 중이며 대만, 일본 등 해외 시장에서도... ",https://www.mk.co.kr/article/12082673,https://n.news.naver.com/mnews/article/009/0005698508?sid=105,2026-06-25
배달 시장,[유통딜리버리] 롯데百ㆍ신세계百ㆍ롯데마트ㆍCUㆍGS샵ㆍ세븐일레븐ㆍ...,"▲배민, 함께주문에 더치페이 기능 추가 배달의민족 운영사 우아한형제들이 공동주문 서비스 함께주문에... 더현대 서울에서는 3300㎡ 규모의 실내 정원 사운즈포레스트를 남프랑스 해변 시장 콘셉트로 꾸민다. 5개... ",https://www.dnews.co.kr/uhtml/view.jsp?idxno=202606250908421800684,https://www.dnews.co.kr/uhtml/view.jsp?idxno=202606250908421800684,2026-06-25
배달 시장,"센드버드-GS네오텍, AI 컨시어지 기반 고객 경험 혁신 파트너십 체결","혁신 시장 확대에 나선다. 이번 협력을 통해 GS네오텍은 센드버드의 AI 컨시어지 플랫폼 delight.ai의 국내... 양사는 리테일·이커머스, 여행·숙박, 금융, 배달·모빌리티·홈서비스 플랫폼 등 고객 접점이 복잡하고... ",https://www.hellot.net/news/article.html?no=113406,https://www.hellot.net/news/article.html?no=113406,2026-06-25
배달 시장,"""원격 근무는 화이트칼라의 사기극이자 환상""","그는 원격 근무가 현지 시장 여건상 높은 임금을 받기 어려운 개발도상국의 고숙련 노동자들에게나... 머스크는 2023년 CNBC 인터뷰에서 ""자신은 집에서 편하게 일하면서 차를 만드는 현장 직원이나 음식을 배달하는... ",https://www.fortunekorea.co.kr/news/articleView.html?idxno=52954,https://www.fortunekorea.co.kr/news/articleView.html?idxno=52954,2026-06-25
배달 시장,"[테크 차이나] 더우바오 2세대 AI 스마트폰, 2분기 출시 추진…중국 AI ...",예를 들어 사용자가 “가장 저렴한 배달 서비스를 찾아 주문해 달라”고 요청하면 AI가 여러 플랫폼을... 이 같은 전략 배경에는 AI 시장 경쟁 심화가 자리하고 있다. AI 모델 성능 격차가 점차 좁혀지는 상황에서... ,https://www.etnews.com/20260623000401,https://n.news.naver.com/mnews/article/030/0003441079?sid=105,2026-06-25
배달 시장,배달앱 끄고 냉동실 연다… '프리미엄 RMR' 전성시대,외식이나 배달로만 소비되던 후라이드·배달 치킨 수요를 내식 시장으로 완전히 흡수하겠다는 전략이다. 이와 함께 성장세가 가파른 국내 딤섬 시장을 겨냥해 정지선 셰프를 앞세운 프리미엄 '고메 딤섬' 라인업을... ,http://www.metroseoul.co.kr/article/20260625500045,http://www.metroseoul.co.kr/article/20260625500045,2026-06-25
배달 시장,"미래에셋, '인도판 배민' 섀도팍스 일부 차익 실현…200억 규모",지분 약 1% 매도 2019년 첫 투자…지분율 6%대  미래에셋그룹이 인도판 '배달의민족'으로 불리는 인도... 인도 시장 공략에 적극적으로 나서고 있다. 인도 현지의 기술력이 높은 기업과 스타트업에 대한 투자 기회를... ,https://www.theguru.co.kr/news/article.html?no=103545,https://www.theguru.co.kr/news/article.html?no=103545,2026-06-25
배달 시장,[기자수첩] 배달앱 채찍만이 능사 아니다,음식배달 시장이 이렇게 빨리 연간 40조원 규모로 성장할 것이라고 예측한 사람은 누구도 없었을 것이다. 그만큼 사회적 논의를 할 시간도 부족했다. 논의 없이 급성장한 시장에선 여러 잡음이 나왔다. '비용'은 그 잡음의... ,https://dealsite.co.kr/articles/164101,https://dealsite.co.kr/articles/164101,2026-06-25
배달 시장,줄 서서 향기 맡고 ‘핑크빛 오픈런’까지…서울국제도서전의 핫플 이곳...,"돗대기 시장식 판매 방식을 벗어나 향기와 음악, 교환독서 등 문화 마케팅으로 전환하면서 방문객들이 더... 성경 배달 사역으로 북한 선교에 앞장서 온 모퉁이돌선교회의 출판사 문광서원 부스는 성경책 모양의 시계와... ",https://www.kmib.co.kr/article/view.asp?arcid=0030017830&code=61221111&cp=nv,https://n.news.naver.com/mnews/article/005/0001857057?sid=103,2026-06-25
배달 시장,"[금융·경제 트렌드] 구로구, 7월 1일 구로사랑상품권 80억 원 추가 발행...","또한 배달 전용 '땡겨요 상품권'도 같은 날 오전 10시부터 서울페이+ 앱을 통해 구매할 수 있다. 장인홍... ◇ 성북구, 전통시장 소비 촉진 '페이백 이벤트'·마을장터 개울장 개최 장위전통시장에서 가계보탬 페이백... ",https://www.ibabynews.com/news/articleView.html?idxno=152340,https://www.ibabynews.com/news/articleView.html?idxno=152340,2026-06-25
배달 시장,"""끝까지 토핑 꽉 채웠다""…맘스터치 'QSR 마지막 퍼즐' 피자 먹어보니","피자 시장에 진출했다. 현재 전국 1490여 개 매장 가운데 235개 매장에서 피자를 판매하고 있으며 향후 판매... 이를 위해 최근 배달앱 운영 체계를 통합해 소비자가 버거와 치킨, 피자를 한 번에 주문할 수 있도록 개선했다.... ",https://daily.hankooki.com/news/articleView.html?idxno=1379614,https://daily.hankooki.com/news/articleView.html?idxno=1379614,2026-06-25
배달 시장,"“건설현장 위험 작업, AI가 맡는다”… 국토부, AI 응용제품 26개 사업...",시장에 선보일 16개 과제(600억원 규모)와 내년까지 개발을 마무리할 10개 과제(150억원 규모)로 나뉘어 진행된다. 국토·교통 부문에서는 피지컬 AI 기반의 공간지능 로봇이 아파트나 사무실 안에서 알아서 물건을 배달해... ,https://biz.chosun.com/real_estate/real_estate_general/2026/06/25/7EOGMY5HDZAH3FG6OJHO3XRE54/?utm_source=naver&utm_medium=original&utm_campaign=biz,https://n.news.naver.com/mnews/article/366/0001174193?sid=101,2026-06-25
배달 시장,[유통소식] 이마트 'PL브랜드 페스타'…보양식·간편식 할인,"최근 F1 열풍과 함께 미니카 수집이 리셀 시장으로 확장되는 흐름도 나타나고 있다. 일부 한정 상품의 경우... /사진=우아한청년들 우아한청년들, 업계 최초 유상운송보험 의무화 대응 보험 출시 우아한청년들은 배달... ",http://www.4th.kr/news/articleView.html?idxno=2113656,http://www.4th.kr/news/articleView.html?idxno=2113656,2026-06-25
배달 시장,[박성원의 직설대담] “여름 베짱이 아닌 겨울 개미처럼 미래에 투자할...,“과열된 시장을 식히기 위해 수요억제책을 동원하는 건 고육지책이다. 지금 (공급 계획을) 시작해도 첫 삽... 사람과 로봇이 함께 생산 현장에서 협업하고 생활 현장에서도 로봇과 동거하려면 배달로봇이 인도를 갈 수... ,https://www.seoul.co.kr/news/editOpinion/column/direct-conversation-psw/2026/06/25/20260625025001?wlog_tag3=naver,https://n.news.naver.com/mnews/article/081/0003655688?sid=102,2026-06-25
배달 시장,"뉴욕시, 야외 노동자 ‘열사병 예방’ 의무화","조란 맘다니 뉴욕시장은 지난 22일 야외 노동자(Outdoor Worker)들의 열사병 예방을 의무화하는 행정명령에 전격... 이로써 건설 현장 노동자를 비롯해 공항 활주로 노동자, 배달원, 노점상, 도로 공사 노동자, 창고 노동자 등... ",http://www.koreatimes.com/article/1618738,http://www.koreatimes.com/article/1618738,2026-06-25
배달 시장,배달·대리운전 기사 산재보험 지원 첫발,"배달·대리운전 시장이 급성장하면서 종사자 수도 늘고 있지만 고용보험과 산재보험 등 사회보험 가입률은 여전히 낮은 수준에 머물러 있기 때문이다. 경남도는 지난 1일 경남투자경제진흥원, 근로복지공단... ",http://www.gnmaeil.com/news/articleView.html?idxno=589342,http://www.gnmaeil.com/news/articleView.html?idxno=589342,2026-06-24
배달 시장,"[현장] “도우 끝까지 고기 빽빽”…맘스터치, ‘꽉트로미트피자’ 직접...",맘스터치가 이번엔 피자 시장 재편에 나섰다. 피자를 새로운 성장 축으로 키우며 버거·치킨·피자를 결합한... 서울·수도권뿐만 아니라 배달 인프라와 외식 선택지가 제한적인 지방 상권에서도 피자 도입 문의가 활발한... ,https://www.mydaily.co.kr/page/view/2026062421190859425,https://n.news.naver.com/mnews/article/117/0004078132?sid=102,2026-06-24
배달 시장,롭스·랄라블라와는 다르다···올리브영 포위하는 K-뷰티 신흥 강자들,'CJ올리브영'이 장악해 온 국내 뷰티 유통 시장에 새로운 경쟁 구도가 형성되고 있다. 백화점부터 패션기업... 최근에는 쿠팡이츠 장보기 서비스에도 입점해 전국 14개 직영점에서 약 4000개 상품을 배달 판매하고 있다.... ,https://www.womaneconomy.co.kr/news/articleView.html?idxno=255435,https://www.womaneconomy.co.kr/news/articleView.html?idxno=255435,2026-06-24
배달 시장,"이재명 정부 1년, 경제민주화 정책 '대체로 선방'…""양극화 해소 위한 구...","자본시장 활성화, 민생회복지원금 등 일정한 성과를 거둔 점은 긍정적으로 평가하면서도 ""국민들의 삶에서... 반면 지역화폐 확대 효과가 제한적이었고 온라인 플랫폼법 제정 지연, 배달앱 수수료 규제 미비, 중소유통업... ",https://www.ngonews.kr/news/articleView.html?idxno=231653,https://www.ngonews.kr/news/articleView.html?idxno=231653,2026-06-24
배달 시장,"강릉시, 지원금 사용 독려…소상공인 매출 증대 기대","또한 지원금 사용이 소상공인과 전통시장 매출 증대에 도움이 될 것으로 기대했다. 시는 전 부서가 관내 소상공인 매장을 방문해 홍보활동을 펼치고, 강릉사랑상품권과 배달앱 '땡겨요'를 활용한 지원금 사용 안내, 지역... ",https://www.gukjenews.com/news/articleView.html?idxno=3616994,https://www.gukjenews.com/news/articleView.html?idxno=3616994,2026-06-24
배달 시장,"피지컬 AI 시대, 승부처는 ‘현실 경험 데이터’",글로벌 시장의 주도권을 잡기 위한 핵심으로 현실세계에서의 ‘직접 경험’ 데이터가 지목됐다. 박민우... 튀어나오는 배달 오토바이’와 같이 자주 발생하지 않지만 한 번의 실수가 사고로 이어지는 돌발 상황... ,https://kidd.co.kr/news/246478,https://kidd.co.kr/news/246478,2026-06-24
배달 시장,이현상 공인회계사의 골목장사 오너솔루션 - '장·노년 남성' 겨냥 가성...,문화 시장 상권에 대해서 자세히 알려주셨거든요. 이번 주는 그러면 어디로 가볼까요? ◇ 이현상 : 이번 주는... 그리고 이분들이 당장 들어오지는 않더라도 머리에 딱 각인 시켜놨다가 나중에 배달 한번 시켜 먹어야지... ,https://news.ifm.kr/news/articleView.html?idxno=473666,https://news.ifm.kr/news/articleView.html?idxno=473666,2026-06-24
배달 시장,"국힘, 신길·대림서 '공정선거 촉구' 서명 캠페인 … 보름간 1225명 동참","바쁜 배달라이더도 오토바이애서 내려 자신의 이름을 서명지에 당당하게 올렸다""며 캠페인 현장에서 목도한 시민들의 열정적인 모습을 묘사했다. 지난 6·3 지방선거에서 오세훈 서울시장 후보 캠프 대변인으로 선거... ",https://www.newdaily.co.kr/site/data/html/2026/06/24/2026062400265.html,https://www.newdaily.co.kr/site/data/html/2026/06/24/2026062400265.html,2026-06-24
배달 시장,"[유프로의 AI 픽] ""무더위에 실속형 냉감 소비""…식품·외식 TOP 3",기상 데이터와 플랫폼을 결합해 여름철 배달 시장 주도권을 선점하는 효과를 톡톡히 보고 있습니다. 미디어펜 생활경제부 AI(인공지능) 기자 유프로가 뽑은 유통채널 톱3./사진=제미나이 생성 3 메가MGC커피 '수박 음료' 3종... ,https://www.mediapen.com/news/view/1106333,https://www.mediapen.com/news/view/1106333,2026-06-24
배달 시장,'현장에서 답 찾은' 민선 9기 부산 인수위…'민생 100일 비상조치' 최우...,전재수 부산시장 당선인의 민선 9기 시정이 취임 즉시 차질 없이 가동될 수 있도록 민생 회복과 미래 성장... 차재권 인수위원장은 향후 추진될 민선 9기 시정의 4대 과제로 ▲'민생 100일 비상조치' 최우선 이행(배달라이... ,https://www.newsfreezone.co.kr/news/articleView.html?idxno=696250,https://www.newsfreezone.co.kr/news/articleView.html?idxno=696250,2026-06-24
배달 시장,"""수술할 환자에 진통제만..."" 이재명 정부 1년 민생경제, '쉽지 않네'","반도체·자본시장에 쏠린 성과... ""지방 경제 나빠져도 개인은 주식으로 돈 번다"" 이재명 정부의 경제산업... 온라인 플랫폼 독점규제법·공정화법과 배달수수료 상한제는 대선 공약이자 더불어민주당 정책공약집에도... ",https://www.ohmynews.com/NWS_Web/View/at_pg.aspx?CNTN_CD=A0003246051&CMPT_CD=P0010&utm_source=naver&utm_medium=newsearch&utm_campaign=naver_news,https://n.news.naver.com/mnews/article/047/0002520440?sid=102,2026-06-24
배달 시장,"다시 뛰는 부산위원회 ""190회 현장소통…민선 9기 밑그림 완성""","전재수 부산시장 당선인의 취임 준비기구인 '다시 뛰는 부산위원회'가 190회의 회의·간담회와 452건의 정책... 차 위원장은 ""배달라이더 유류비 특별지원, 소상공인 긴급 자금 연계, 플랫폼 노동자 권익 강화 등 현장에서... ",https://news.tf.co.kr/read/national/2336230.htm,https://n.news.naver.com/mnews/article/629/0000510351?sid=102,2026-06-24
배달 시장,"""시민 목소리 행정으로""…부산 인수위, 시정 청사진 구체화","민생 회복과 공공의료 확충, 미래 성장동력 확보가 전재수 부산시장 당선인 시정의 우선 과제로 부상하고... 배달 라이더 유류비 지원, 소상공인 지원 확대, 플랫폼 노동자 권익 강화 등 시민들이 체감할 수 있는 정책을... ",https://www.sentv.co.kr/article/view/sentv202606240120,https://www.sentv.co.kr/article/view/sentv202606240120,2026-06-24
배달 시장,[수도권 NOW] ‘부천위조이치맥축제’ 새로운 도시축제모델로 부상… 국...,"조용익 부천시장은 ""올해 위조이치맥축제는 부천국제판타스틱영화제(BIFAN)와 연계해서 개최된다는점에서... 다회용컵사용, 공공배달앱연계, 지역상생마켓운영 등 친환경·상생프로그램도 함께 추진된다. 강수연... ",https://www.dt.co.kr/article/12069369?ref=naver,https://n.news.naver.com/mnews/article/029/0003033538?sid=103,2026-06-24
배달 시장,"부산 새 시정 청사진 윤곽…인수위, 핵심 과제 선별 작업 돌입","전재수 부산시장 당선인 인수위원회 '다시 뛰는 부산위원회'가 출범 이후 한 달여 동안 시민과 현장을... 배달 라이더 유류비 지원, 소상공인 긴급 지원 연계, 플랫폼 노동자 권익 강화 등 시민들이 체감할 수 있는 정책을... ",https://www.imaeil.com/page/view/2026062417342466243,https://n.news.naver.com/mnews/article/088/0001016142?sid=102,2026-06-24
배달 시장,김동선 벤슨 이어 투썸 밴루엔 출격…프리미엄 아이스크림 시장이 커지...,투썸플레이스가 ‘밴루엔‘으로 프리미엄 아이스크림 시장에 도전장을 내밀었다. 김동선 한화갤러리아... 온라인 유통 채널 입점과 배달 플랫폼 확대도 추진하고 있다. 오프라인 매장 확장과 함께 고객 접점을 넓혀... ,https://www.ceoscoredaily.com/page/view/2026062415035419739,https://www.ceoscoredaily.com/page/view/2026062415035419739,2026-06-24
배달 시장,"부천시, ‘찾아가는 그냥드림’ 도입…전화 한 통에 집까지 배송","시는 지난 23일 시청 만남실에서 부천우체국, NH농협은행 부천시지부, 중동사랑시장상인회와 업무협약을... 전화 한 통으로 배달까지 이뤄지는 시스템은 부천시가 전국에서 처음 도입했다. 시는 기존 거점 방문 방식의... ",https://www.kgnews.co.kr/news/article.html?no=901254,https://www.kgnews.co.kr/news/article.html?no=901254,2026-06-24
배달 시장,"배달 라이더, 소상공인 지원···전재수 인수위 “민생 비상조치 최우...",전재수 부산시장 당선인 인수위원회인 ‘다시 뛰는 부산 위원회’가 전 당선인의 취임 이후 ‘민생 100일... 인수위 차재권 위원장은 24일 부산시의회 브리핑룸에서 중간보고회를 열고 “배달 라이더 유류비 특별 지원... ,https://www.khan.co.kr/article/202606241724001,https://n.news.naver.com/mnews/article/032/0003454080?sid=102,2026-06-24
배달 시장,민생 회복 앞세운 전재수 인수위… 452건 정책과제 검토 본격 마무리,"[사진=부산언론협회] 전재수 부산시장 당선인 인수위원회 '다시 뛰는 부산위원회'가 출범 이후 39차례... 차재권 위원장은 24일 브리핑에서 ""배달 라이더 유류비 지원과 소상공인 긴급지원 연계, 플랫폼 노동자 권익 강화... ",http://www.paxetv.com/news/articleView.html?idxno=275526,http://www.paxetv.com/news/articleView.html?idxno=275526,2026-06-24
배달 시장,"""말보다 행동""···부산시장직 인수위, 속도감 있는 '체감 행정' 예고","전재수 민선 9기 부산시장 당선인의 취임 준비를 맡은 인수위원회 '다시 뛰는 부산위원회'가 출범 이후의... 배달 라이더 유류비 특별 지원, 소상공인 긴급 자금 연계, 플랫폼 노동자 권익 강화 등을 취임 즉시 행동으로... ",https://www.pointe.co.kr/news/articleView.html?idxno=80996,https://www.pointe.co.kr/news/articleView.html?idxno=80996,2026-06-24
외식 물가,"李대통령 ""물가압력 낮출 특단대책 수립…물가안정이 국정안정""","이 대통령은 ""석유 가격이 물가 상승을 주도하는 건 알고 계실 것""이라며 ""거기다가 농·축·수산물, 가공식품, 외식 등 먹거리 전반으로 물가 불안이 이어지고 있다""고 지적했다. 특히 이 대통령은 ""청와대와 정부는 석유류... ",https://www.yna.co.kr/view/AKR20260625142600001?input=1195m,https://n.news.naver.com/mnews/article/001/0016159990?sid=100,2026-06-25
외식 물가,“차라리 집에서”…고물가가 바꾼 보양식 소비 패턴,"없다”면서 “한국은 닭고기 소비량이 많은 나라 중 하나로 복날 수요까지 겹치면서 삼계탕 외식 물가가 크게 올랐는데, 간편식이라는 대체재가 생기면서 선택지가 넓어졌고 소비자들의 편익이 커졌다”고 말했다.",https://www.dt.co.kr/article/12069612?ref=naver,https://n.news.naver.com/mnews/article/029/0003033775?sid=101,2026-06-25
외식 물가,"李대통령 ""첨단 핵심 산업 대규모 투자 지방으로 확대""","석유류 가격이 물가 상승을 주도하고 있다""며 ""농축수산물, 가공식품, 외식 등 먹거리 전반으로 물가 불안이 이어지고 있다""며 ""각별한 경각심과 위기의식을 가지고 물가 안정에 모든 역량을 쏟아부어야 한다""고 지적했다.... ",https://www.shinailbo.co.kr/news/articleView.html?idxno=5034477,https://www.shinailbo.co.kr/news/articleView.html?idxno=5034477,2026-06-25
외식 물가,"李대통령 ""수도권 1극 체제 극복…전략산업 다극화 필수적""","물가 안정에 대해서는 ""석유류 가격이 물가 상승을 주도하고 농축수산물, 가공식품, 외식 등 먹거리 전반으로 물가 불안이 이어지고 있다""며 ""각별한 경각심과 위기의식을 가지고 물가 안정에 모든 역량을 쏟아부어야... ",https://www.ajunews.com/view/20260625164626245,https://www.ajunews.com/view/20260625164626245,2026-06-25
외식 물가,"李대통령 ""물가 안정이 곧 국정 안정…석유류 최고가격제 조정 포함 과...","[사진=KTV] 이어 ""농축수산물, 가공식품, 외식 등 먹거리 전반으로 물가 불안이 이어지고 있다""며 ""각별한 경각심과 위기의식을 가지고 물가 안정에 모든 역량을 쏟아부어야 한다""고 지적했다. 이 대통령은 ""청와대와 정부는... ",https://www.newspim.com/news/view/20260625001076,https://www.newspim.com/news/view/20260625001076,2026-06-25
외식 물가,"""첫째도, 둘째도 물가"" 李대통령, 또 시장행…민심 청취","농축수산물, 가공식품, 외식 등 먹거리 전반으로 물가 불안이 이어진다""며 ""청와대와 정부는 석유류 가격 안정을 위해 최고가격제 조정을 포함한 보다 과감한 정책을 신속하게 추진해야 한다""고 당부했다. 이어 ""특히... ",https://www.mt.co.kr/politics/2026/06/25/2026062516203480520,https://n.news.naver.com/mnews/article/008/0005377274?sid=100,2026-06-25
외식 물가,"이재명 대통령 ""물가 안정이 곧 민생 안정..국방 체계, 선택적 모병제로...","이어 ""농축수산물·가공식품·외식 등 먹거리 전반으로 물가 불안이 이어지고 있다""며 ""각별한 경각심·위기 의식을 갖고 물가 안정에 모든 역량을 쏟아부어야 하고... ",http://www.breaknews.com/1216902,http://www.breaknews.com/1216902,2026-06-25
외식 물가,"李 ""전략산업 다극화 필수적…구체적 청사진 곧 국민께 보고""","석유류 가격이 물가 상승을 주도하는 것은 모두가 알고 계실 것""이라면서 ""거기다가 농축수산물, 또 가공식품, 외식 등 먹거리 전반으로 물가 불안이 이어지고 있다. 청와대와 정부는 석유류 가격 안정을 위해서 최고가격제... ",http://www.fnnews.com/news/202606251622115065,https://n.news.naver.com/mnews/article/014/0005539748?sid=100,2026-06-25
외식 물가,"李 ""스마트 강군·선택적 모병제 전환""…전략산업 다극화도 예고","이어 ""석유류 가격이 물가 상승을 주도하고 있고 농축수산물과 가공식품, 외식 등 먹거리 전반으로 물가 불안이 이어지고 있다""며 ""석유류 가격 안정을 위해 최고가격제 조정을 포함한 보다 과감한 대책을 신속하게... ",https://www.m-i.kr/news/articleView.html?idxno=1385386,https://www.m-i.kr/news/articleView.html?idxno=1385386,2026-06-25
외식 물가,"[솔로이코노미] OTT 정가는 올랐는데, 왜 지출은 줄었을까?","그러나 이 역시 배달팁이 외식 물가 상승을 주도했다고 볼 만한 실증적 근거는 찾기 어려웠다. 외식 물가 상승은 배달앱이 본격적으로 확산되기 전부터 이어져 온 흐름이다. 원재료비, 인건비, 임대료 등 여러 비용... ",http://www.dailypop.kr/news/articleView.html?idxno=100023,http://www.dailypop.kr/news/articleView.html?idxno=100023,2026-06-25
외식 물가,"이 대통령 ""전략산업 다극화 필수적…구체적 청사진 곧 국민께 보고""(종...","석유류 가격이 물가 상승을 주도하고 농축수산물 , 가공식품, 외식 등 먹거리 전반으로 물가 불안이 이어지고 있다""며 ""각별한 경각심과 위기의식을 가지고 물가안정에 모든 역량을 쏟아부어야 한다. 석유류 가격 안정을... ",https://www.newsis.com/view/NISX20260625_0003683914,https://n.news.naver.com/mnews/article/003/0014028836?sid=100,2026-06-25
외식 물가,"李대통령 ""전반적 물가 압력 낮출 특단 대책 하루빨리 수립""","이 대통령은 이날 청와대에서 주재한 수석보좌관회의에서 ""석유류 가격이 물가 상승을 주도하는 것은 모두가 알고 계실 것""이라며 ""거기다가 농축수산물, 또 가공식품, 외식 등 먹거리 전반으로 물가 불안이 이어지고 있다... ",http://www.fnnews.com/news/202606251614234016,https://n.news.naver.com/mnews/article/014/0005539745?sid=100,2026-06-25
외식 물가,"李 ""물가 안정이 곧 민생 안정""","이 대통령은 ""석유류 가격이 물가 상승을 주도하는 것은 모두가 알고 있을 것""이라며 ""거기다 농축 수산물, 가공 식품, 외식 등 먹거리 전반으로 물가 불안이 이어지고 있는데 각별한 경각심과 위기의식을 갖고 물가 안정에... ",http://www.newsprime.co.kr/news/article.html?no=738023,http://www.newsprime.co.kr/news/article.html?no=738023,2026-06-25
외식 물가,"李대통령 ""첨단산업 대규모 투자, 영남·호남 등 확대해야…청사진 곧 ...","농축수산물, 가공식품, 외식 등 먹거리 전반으로 물가 불안이 이어진다""며 ""청와대와 정부는 석유류 가격 안정을 위해 최고가격제 조정을 포함한 보다 과감한 정책을 신속하게 추진해야 한다""고 당부했다. 이어 ""특히... ",https://www.mt.co.kr/politics/2026/06/25/2026062516071869684,https://n.news.naver.com/mnews/article/008/0005377237?sid=100,2026-06-25
외식 물가,"李 대통령 ""징집병 위주 국방 체계, 첨단 스마트 강군으로 전환""","이어 농축수산물·가공식품·외식 등 먹거리 전반의 물가 불안과 관련해 장바구니 부담을 실질적으로 낮출 특단의 대책을 요구했다. 그러면서 ""물가 안정이 곧 민생 안정이자 국정 안정""이라며 ""필요한 모든 정책을... ",https://www.etoday.co.kr/news/view/2597337,https://www.etoday.co.kr/news/view/2597337,2026-06-25
외식 물가,"'5극3특' 청사진 나온다…李 대통령, '수도권 고도화·지방 산업 기반' ...","이 대통령은 ""농축수산물, 가공식품, 외식 등 먹거리 전반으로 물가 불안이 이어지고 있다""며 ""각별한 경각심과 위기의식을 가지고 물가 안정에 모든 역량을 쏟아부어야 한다""고 했다. 이어 ""청와대와 정부는 석유류 가격... ",http://www.ftoday.co.kr/news/articleView.html?idxno=361057,http://www.ftoday.co.kr/news/articleView.html?idxno=361057,2026-06-25
외식 물가,"李대통령 ""물가 안정에 모든 역량 쏟아야""…지역 '전략산업 다극화' 청...","이 대통령은 ""석유류 가격이 물가 상승을 주도하는 것은 모두가 알고 계실 것""이라며 ""농축수산물, 가공식품, 외식 등 먹거리 전반으로 물가 불안이 이어지고 있다""고 진단했다. 그러면서 ""청와대와 정부는 석유류 가격... ",https://view.asiae.co.kr/article/2026062516064811868,https://n.news.naver.com/mnews/article/277/0005781541?sid=100,2026-06-25
외식 물가,"李대통령 ""지방 혜택↑ 법 개정 서두르겠다""","이 대통령은 “물가 상승 때문에 민생의 어려움이 가중되고 있다”며 “석유류 가격이 물가 상승을 주도하고 있고 농축수산물, 가공식품, 외식 등 먹거리 전반으로 물가 불안이 이어지고 있다”고 진단했다. 이 대통령은... ",https://www.edaily.co.kr/news/newspath.asp?newsid=05182406645485328,https://n.news.naver.com/mnews/article/018/0006314957?sid=100,2026-06-25
외식 물가,"계룡시, 음식점주 맞춤형 레시피 교육 성료","시 관계자는 ""외식업계가 경기 침체와 물가 상승 등 어려운 여건 속에서도 경쟁력을 갖출 수 있도록 실질적인 지원을 지속해 나가겠다""며 ""앞으로도 영업주 역량 강화를 위한 다양한 교육과 지원사업을 추진하겠다""고... ",https://www.ggilbo.com/news/articleView.html?idxno=1165789,https://www.ggilbo.com/news/articleView.html?idxno=1165789,2026-06-25
외식 물가,"李대통령 ""물가안정이 곧 민생 안정…장바구니 물가 대책 하루빨리 수립...","이날 이 대통령은 ""석유류 가격이 물가 상승을 주도하는 것은 모두가 알고 계실 것""이라며 ""거기다가 농축 수산물, 가공식품, 외식 등 먹거리 전반으로 물가 불안이 이어지고 있다""고 진단했다. 그러면서 ""각별한 경각심과... ",https://www.news1.kr/politics/president/6208506,https://n.news.naver.com/mnews/article/421/0009024210?sid=100,2026-06-25
외식 물가,"​​이 대통령 “초과세수 미래지향적 활용, 부동산·연금개혁 등 흔들...","가공식품, 외식 등 먹거리 전반으로 물가 불안이 이어지고 있다”고 지적했습니다. 그러면서 “각별한 경각심과 위기의식을 가지고 물가안정에 모든 역량을 쏟아부어야 한다”며 “물가안정이 곧 국정 안정이란 핵심... ",https://news.kbs.co.kr/news/pc/view/view.do?ncd=8594876&ref=A,https://n.news.naver.com/mnews/article/056/0012206338?sid=100,2026-06-25
외식 물가,"李 대통령 ""수도권·지방 윈윈 모두의 성장 시대 열어야…청사진 곧 발...","이 대통령은 ""농축수산물, 가공식품, 외식 등 먹거리 전반으로 물가 불안이 이어지고 있다""며 ""각별한 경각심과 위기의식을 가지고 물가 안정에 모든 역량을 쏟아부어야 한다""고 짚었다. 이어 ""청와대와 정부는 석유류 가격... ",https://news.tf.co.kr/read/ptoday/2336618.htm,https://n.news.naver.com/mnews/article/629/0000510674?sid=100,2026-06-25
외식 물가,"[현장연결] 이 대통령 ""물가 압력 낮출 특단의 대책 빨리 수립해야""","미래지향적 활용ㆍ노동연금개혁"" ""과감한 발전 전략 등 핵심사안 강력히 추진"" ""물가 상승으로 민생의 어려움 가중"" ""농축수산물ㆍ외식 등 먹거리 전반에 물가 불안"" ""경각심과 위기 의식으로 물가안정에 주력""",http://www.yonhapnewstv.co.kr/news/MYH20260625155308KwD,https://n.news.naver.com/mnews/article/422/0000878450?sid=100,2026-06-25
외식 물가,환율·원자재 압박...먹거리 물가 또 뛴다,"업계 관계자는 ""최근 외식업계를 중심으로 가격 인상이 이어지고 있지만 이는 전쟁과 환율 급등은 업계에서도 예상하지 못했던 변수""라며 ""식품업계가 상당한 부담을 안고 있는 만큼 전쟁이 마무리돼야 물가 안정과... ",http://www.newstomato.com/ReadNews.aspx?no=1305211&inflow=N,http://www.newstomato.com/ReadNews.aspx?no=1305211&inflow=N,2026-06-25
외식 물가,[경제쏙] 커피도 오르고 떡볶이도 오르고‥물가 심각?,"임 기자, 물가도 오르고 있습니다. 그래서 요새 지갑 열기 무섭다 이런 말씀들을 하시는데, 가성비 있는... 외식과 음료 전반으로 도미노 인상이 번지고 있는 겁니다. 롯데칠성은 내일부터 칠성사이다를 포함한 44개 음료의... ",https://imnews.imbc.com/replay/2026/nw1400/article/6832862_36974.html,https://n.news.naver.com/mnews/article/214/0001507766?sid=101,2026-06-25
외식 물가,"충남 계룡시, 음식점 영업주 맞춤형 레시피 교육 '성료'","시 관계자는 ""외식업계가 경기 침체와 물가 상승 등 어려운 여건 속에서도 경쟁력을 갖출 수 있도록 실질적인 지원을 지속해 나가겠다""며 ""앞으로도 영업주 역량 강화를 위한 다양한 교육과 지원사업을 추진하겠다""고... ",https://www.ccdn.co.kr/news/articleView.html?idxno=1084973,https://www.ccdn.co.kr/news/articleView.html?idxno=1084973,2026-06-25
외식 물가,"물가 간담회 연 재경부... ""달걀, 8월 이후 유통 가격 안정 전망""",문미란 소비자단체협의회 회장은 국민들은 먹거리 분야의 체감 물가 부담을 가장 크게 느낀다면서 외식 서비스 시장에 대한 구체적인 상황 분석과 가격 영향을 확인할 필요가 있다고 밝혔다. 단기간 불법·부당하게... ,https://www.hankookilbo.com/news/article/A2026062513330005015?did=NA,https://n.news.naver.com/mnews/article/469/0000938584?sid=101,2026-06-25
외식 물가,"“민생물가 안정 최우선”…정부, 재정·세제·금융 총동원한다",문미란 소비자단체협의회장은 “국민은 먹거리 분야 체감 물가 부담을 가장 크게 느낀다”고 짚으며 “외식서비스 시장에 대한 구체적인 상황 분석과 가격 영향 정도를 확인할 필요가 있다”고 언급했다. 박수진... ,https://www.nongmin.com/article/20260625500266,https://n.news.naver.com/mnews/article/662/0000098231?sid=100,2026-06-25
외식 물가,칠성사이다도 가격 오른다…식음료 가격 인상 확산,"생활 밀착형 식음료 가격 인상이 음료와 커피, 외식 프랜차이즈 전반으로 번지고 있다. 정부의 물가 안정 기조 속에서도 원재료와 포장재, 환율, 물류비 부담이 누적되면서 업체들이 잇따라 가격 조정에 나서는... ",http://www.dailypop.kr/news/articleView.html?idxno=99999,http://www.dailypop.kr/news/articleView.html?idxno=99999,2026-06-25
외식 물가,"구윤철 ""민생물가 안정 최우선…재정·세제·금융 총동원""","문미란 소비자단체협의회 회장은 ""국민들이 먹거리 분야에서 가장 큰 체감 물가 부담을 느끼고 있다""며 ""단기간 내 불법·부당하게 가격이 급등한 품목에 대해서는 제재가 필요하다""고 지적했다. 그러면서 ""특히 외식... ",http://www.iminju.net/news/articleView.html?idxno=165795,http://www.iminju.net/news/articleView.html?idxno=165795,2026-06-25
외식 물가,계룡시 음식점 영업주 맞춤형 레시피 교육 성료,"시 관계자는 ""외식업계가 경기 침체와 물가 상승 등 어려운 여건 속에서도 경쟁력을 갖출 수 있도록 실질적인 지원을 지속해 나가겠다""며""앞으로도 영업주 역량 강화를 위한 다양한 교육과 지원사업을 추진하겠다""고... ",http://www.cctimes.kr/news/articleView.html?idxno=913403,http://www.cctimes.kr/news/articleView.html?idxno=913403,2026-06-25
외식 물가,주문은 되는데 음식은 안 온다… Z세대 '0원 야식 앱' 확산,이 같은 서비스가 주목받는 배경에는 고물가와 소비 심리 위축도 자리하고 있다. 최근 식재료 가격과 배달비 부담이 커지면서 청년층의 외식·배달 소비에 대한 심리적 부담이 커졌기 때문이다. 실제 24일... ,https://magazine.hankyung.com/business/article/202606257288b,https://n.news.naver.com/mnews/article/050/0000107798?sid=101,2026-06-25
외식 물가,"“편의점 도시락도 사치”…고물가에 저당 잡힌 청년 밥상, 식비 지원이...",특히 외식 및 가공식품 물가 상승률이 전체 소비자물가 상승률을 상회하면서 취약 청년층의 실질 구매력은 단기간에 급락했다. 보건 전문가들은 “청년기의 만성적인 영양 결핍과 식생활 불균형이 장래 대사증후군 등... ,https://www.segye.com/newsView/20260625507486?OutUrl=naver,https://n.news.naver.com/mnews/article/022/0004138137?sid=102,2026-06-25
외식 물가,내년 최저임금 ‘1만2000원 vs 동결’…10년간 물가 대비 4배 가까이 인...,이어져 외식 요금과 개인서비스 가격을 밀어 올리는 비용 인상형 인플레이션을 유도한다는 지적도 공존한다. 재계 관계자는 “취약계층 보호를 목적으로 하는 제도가 도리어 고용 감소와 물가 상승을 유발해 해당... ,https://www.mediapen.com/news/view/1106454,https://www.mediapen.com/news/view/1106454,2026-06-25
외식 물가,"구윤철 ""에너지 가격 상승 여파 여전…물가 안정 최우선 과제""","상존한다""며 ""민생물가 안정은 정부의 최우선 과제""라고 말했다. 구 부총리는 이날 먹거리 물가 안정... 문미란 소비자단체협의회 회장은 ""외식서비스 가격에 대한 소비자 부담이 증가한 상황인 만큼, 외식서비스 시장에... ",https://www.newspim.com/news/view/20260625000391,https://www.newspim.com/news/view/20260625000391,2026-06-25
외식 물가,"배민, ‘함께주문’에 더치페이 기능 도입...소비자 관심 증가","데이터앤리서치 관계자는 ""배달의민족 ‘함께주문’ 관련 소비자 포스팅이 증가한 것은 배달비 부담을 줄이려는 소비자 수요가 커진 영향이 큰 것으로 분석된다""면서 ""외식 물가와 배달비 부담이 지속되는 가운데 직장... ",http://www.thebigdata.co.kr/view.php?ud=202606251027001046a79b9f00ab_23,http://www.thebigdata.co.kr/view.php?ud=202606251027001046a79b9f00ab_23,2026-06-25
외식 물가,구윤철 부총리 “재정·세제 등 가용 수단 총동원 물가안정에 총력”,문미란 소비자협회 회장은 국민은 먹을거리 분야의 체감 물가 부담을 가장 크게 느끼며 단기간 불법·부당하게 가격이 급등한 품목에 대한 제재가 필요하다고 말했다. 이어 특히 외식서비스 가격에 대한 소비자 부담이... ,https://www.viva100.com/article/20260625500422,https://www.viva100.com/article/20260625500422,2026-06-25
외식 물가,"구윤철 ""민생물가 안정이 정부 최우선 과제... 가용한 수단 총동원""","이날 소비자단체협의회 문미란 회장은 ""국민들은 먹거리 분야의 체감물가 부담을 가장 크게 느끼며, 단기간 불법·부당하게 가격 급등한 품목에 대한 재제 필요하다""고 언급하면서 ""특히 외식서비스 가격에 대한 소비자... ",http://www.efnews.co.kr/news/articleView.html?idxno=130543,http://www.efnews.co.kr/news/articleView.html?idxno=130543,2026-06-25
외식 물가,"삼립, 하이면 냉면, 막국수, 칼국수까지...여름 면 시장 공략 강화","업계에서는 외식 물가 상승과 함께 프리미엄 가정간편식 수요가 꾸준히 증가하면서, 여름철 면 시장 역시 전문점 수준의 맛과 품질을 구현한 제품 중심으로 성장할 것으로 전망하고 있다. 삼립 관계자는 ""최근 외식 비용... ",https://www.sportschosun.com/life/2026-06-25/202606230100161210010549,https://n.news.naver.com/mnews/article/076/0004419347?sid=101,2026-06-25
외식 물가,구윤철 “민생물가 안정 최우선…재정·세제·금융 총동원”,문미란 소비자단체협의회 회장은 “국민들이 먹거리 분야의 체감물가 부담을 가장 크게 느끼고 있다”며 “외식서비스 가격에 대한 소비자 부담이 커진 만큼 외식시장에 대한 구체적인 상황 분석과 가격 영향 정도를... ,https://biz.heraldcorp.com/article/10787484?ref=naver,https://n.news.naver.com/mnews/article/016/0002661310?sid=101,2026-06-25
외식 물가,"고물가 시대 실속 소비…이마트, PL브랜드 총출동 할인전",외식 물가 폭등으로 집밥 짠테크 수요가 극대화된 소매 패턴을 스크리닝해 초저가 전략으로 장바구니 방어선 구축에 나선다는 전략이다. 우선 프리미엄 간편식 브랜드 피코크에서는 여름 보양식과 밀키트 등 인기... ,https://www.pinpointnews.co.kr/news/articleView.html?idxno=462896,https://www.pinpointnews.co.kr/news/articleView.html?idxno=462896,2026-06-25
외식 물가,[기고] 최저임금으로 다시 쓰는 나의 이야기,"마트에 가면 매번 오르는 물가를 체감한다. 예전에는 부담없이 담던 식료품도 이제는 가격표를 한 번 더 보게 된다. 외식 한 번 하는 것도 고민이고, 공과금과 대출이자, 기름값까지 모든 것이 올랐다. 그런데 우리... ",http://worknworld.kctu.org/news/articleView.html?idxno=509531,http://worknworld.kctu.org/news/articleView.html?idxno=509531,2026-06-25
외식 물가,"[전쟁 멈췄지만 물가는 남았다③] ""유가는 내려도 가격은 안 내린다""…...","하지만 유가 안정이 곧바로 물가 안정과 경기 회복으로 이어질지는 미지수다. 이미 고유가 충격이 원자재와... /편집자주 국제유가가 안정세를 보이면서 유통·식품·외식업계의 원가 부담 완화 기대도 커지고 있지만, 실제... ",http://www.newsian.co.kr/news/articleView.html?idxno=91336,http://www.newsian.co.kr/news/articleView.html?idxno=91336,2026-06-25
외식 물가,외식비 상승세 지속…‘가짜 배달앱’ 인기,"울산지역 외식 물가가 계속 오르면서 시민들의 식비 부담도 커지고 있습니다. 한국소비자원에 따르면 지난달 울산의 냉면 가격은 1만600원으로 1년 전보다 6% 올랐고, 칼국수는 9천300원, 삼겹살은 1만7천600원대로 각각 4... ",https://news.kbs.co.kr/news/pc/view/view.do?ncd=8594618&ref=A,https://n.news.naver.com/mnews/article/056/0012206178?sid=101,2026-06-25
외식 물가,전쟁 여파 장바구니로…식품값 도미노 인상 시작되나,"물가안정을 이유로 식품업계에 가격 인상을 억제해 온 이재명 정부 출범 이후, 주요 식품사 가운데 인상을... 외식 프랜차이즈 업계에서도 가격 인상 움직임이 잇따르고 있다. 더본코리아는 이달 들어 역전우동과... ",https://www.dailian.co.kr/news/view/1659424/?sc=Naver,https://n.news.naver.com/mnews/article/119/0003104454?sid=101,2026-06-25
외식 물가,"두나무, 5년간 피자 1만7046판 기부…아동 1만4487명 지원",최근 물가 상승으로 취약계층 아동의 외식 경험이 줄어드는 상황에서 두나무의 피자 기부는 일상 속 작은 경험을 제공하는 데 의미가 있다는 설명이다. 국가데이터처 국가통계포털에 따르면 5월 소비자물가지수는... ,https://www.newspim.com/news/view/20260623000886,https://www.newspim.com/news/view/20260623000886,2026-06-25
외식 물가,"‘삼전닉스’ 성과급발 인플레 도화선, 중기·가계로 부담 전가되나",수도·외식제외 서비스 가격 상승률 간 상관계수는 약 14~18개월 시차를 두고 정점을 찍었다. 신 총재는 이런 상황을 고려해 “최근 고환율 역시 유가 상승세를 증폭시키는 이중 효과를 내고 있다”며 “물가의 2차... ,https://economist.co.kr/article/view/ecn202606220042,https://n.news.naver.com/mnews/article/243/0000099593?sid=101,2026-06-25
외식 물가,“가격 보고 눈을 의심했네”…계란 한 판 아닌 10개에 5000원 넘었다,외식물가와 가공식품 가격이 전반적으로 오르는 상황에서 대표적인 단백질 공급원인 계란과 닭고기 가격마저 뛰면서 서민들의 체감 물가 부담이 한층 커지고 있다는 평가가 나온다. AI 후유증 길어지는데…계란 공급... ,https://www.sedaily.com/article/20059820?ref=naver,https://n.news.naver.com/mnews/article/011/0004634686?sid=101,2026-06-25
외식 물가,"""고물가 장바구니 부담 낮춘다""…이마트, PL 브랜드 페스타",외식 물가 폭등으로 집밥 짠테크 수요가 극대화된 소매 패턴을 스크리닝해 초저가 전략으로 장바구니 방어선 구축에 나선다는 전략이다. 우선 프리미엄 간편식 브랜드 피코크에서는 여름 보양식과 밀키트 등 인기... ,https://www.news1.kr/industry/distribution/6207411,https://n.news.naver.com/mnews/article/421/0009022177?sid=101,2026-06-25
외식 물가,[유통소식] 이마트 'PL브랜드 페스타'…보양식·간편식 할인,이번 행사는 고물가 상황에서 자체브랜드 수요 증가에 대응해 장바구니 부담 완화를 목적으로 기획됐다.... 중심으로 외식 프랜차이즈 맞춤형 상품 개발 역량을 강화하고 있다고 25일 밝혔다. 2023년 6월 R&D센터를... ,http://www.4th.kr/news/articleView.html?idxno=2113656,http://www.4th.kr/news/articleView.html?idxno=2113656,2026-06-25
외식 물가,두려운 밥값에 ‘집밥족’ 몰렸다...고물가에 ‘창고형 할인점’ 전성시...,"유통업계 한 관계자는 ""외식 물가 상승으로 소비자들의 가격 민감도가 높아지면서 대용량 상품을 저렴하게 구매할 수 있는 창고형 할인점의 매력이 더욱 커지고 있다""며 ""집밥 수요 확대와 함께 창고형 할인점을 찾는... ",https://www.etoday.co.kr/news/view/2596886,https://www.etoday.co.kr/news/view/2596886,2026-06-25
외식 물가,"""계란 한 판 1만원 넘어 손 떨리는데..."" 미국선 떨이, 왜",산지가격 상승에 따라 소비자들의 체감 물가는 더 뛰었다. 중소형 마트에서 특란 30구 가격이 1만원을 넘어설 정도다. 외식 부문의 부담도 커지는 모양새다. 세종시에서 김치찌개 가게를 운영하는 A 씨는... ,https://www.edaily.co.kr/news/newspath.asp?newsid=01610486645485328,https://n.news.naver.com/mnews/article/018/0006314171?sid=101,2026-06-25
외식 물가,"롯데칠성음료, 2년 만에 44개 품목 가격 인상…""포장재·원재료값 상승...","그간 정부의 물가 안정 기조 등으로 가격 인상을 최대한 억제하면서 내부적으로 부담을 감수해왔으나 올해... 더본코리아는 지난 9일부터 역전우동, 미정국수, 롤링파스타, 새마을식당 등 11개 외식 브랜드의 일부... ",https://www.pointdaily.co.kr/news/articleView.html?idxno=309492,https://www.pointdaily.co.kr/news/articleView.html?idxno=309492,2026-06-25
외식 물가,[미리보는 이데일리 신문] 정부유출 책임 묻더니 국회·법원 보안 '구멍...,인상으로 물가부터 잡아야 -주문·거래 시차로 가격 괴리 커져… 인프라 보완 선행 필수 -삼성전자... ‘냉동치킨’… 외식·간편식 경계 무너진다 -무신사 ‘뷰티+팬덤’ 통했다 설화수·르쥬 쿠션 등 완판행진... ,https://www.edaily.co.kr/news/newspath.asp?newsid=06153286645485000,https://n.news.naver.com/mnews/article/018/0006314138?sid=102,2026-06-24
외식 물가,음료·외식 가격 줄인상…먹거리 물가 다시 '들썩',"음료부터 외식까지 식품업계의 가격 인상이 이어지고 있습니다. 고환율과 국제유가 상승, 원재료 가격 부담이 커지면서 먹거리 물가 불안도 다시 고개를 들고 있습니다. 한지이 기자가 보도합니다. [기자] 마트 음료... ",http://www.yonhapnewstv.co.kr/news/MYH20260624182004O9U,https://n.news.naver.com/mnews/article/422/0000878091?sid=101,2026-06-24
외식 물가,반숙란 2알에 2700원…가구에 섬유유연제까지 오른다,"장바구니 필수 품목인 닭고기와 계란값이 천정부지로 치솟으면서 관련 가공, 외식물가까지 끌어올리고 있습니다. 이런 가운데 가구와 각종 생활용품 가격도 오르면서 소비자 부담이 커지고 있습니다. 신채연 기자의... ",https://biz.sbs.co.kr/article_hub/20000318656?division=NAVER,https://n.news.naver.com/mnews/article/374/0000518041?sid=101,2026-06-24
외식 물가,무섭게 오른 계란값... 제과·제빵 등 식품업계 원가 관리 '빨간불',"이 중 계란이 10.2% 뛰며 먹거리 물가 상승을 주도했다. 업계 관계자는 ""누적된 원가 상승분을 자체적으로 흡수하는 데도 한계가 있다""며 ""에그플레이션이 진정되지 않을 경우 베이커리와 외식 프랜차이즈를 시작으로... ",https://www.ajunews.com/view/20260623234914996,https://www.ajunews.com/view/20260623234914996,2026-06-24
외식 물가,"사먹는 냉면과 똑같은 맛, 황금비율만 지키면 됩니다","게다가 팍팍한 이민 생활 속 치솟는 외식 비용까지 생각하면, 선뜻 식당으로 향하던 발길이 머뭇거려지는... 치솟는 물가와 낯선 환경 속에서도 서로의 취향을 다정하게 맞춰가며 차려낸 이 한 그릇이야말로 이민 생활을... ",https://www.ohmynews.com/NWS_Web/View/at_pg.aspx?CNTN_CD=A0003245844&CMPT_CD=P0010&utm_source=naver&utm_medium=newsearch&utm_campaign=naver_news,https://n.news.naver.com/mnews/article/047/0002520428?sid=103,2026-06-24
외식 물가,[현장에서] 영역 넓힌 맘스터치의 새로운 한 판 '꽉트로미트피자',"미트 토핑을 전면에 내세운 구성에 더해 최근의 외식 물가를 고려하면 비교적 접근성이 좋은 가격대다. 맘스터치 관계자는 ""이번 개편은 브랜드 핵심 경쟁력인 '가심비'를 피자 카테고리까지 확장하기 위한 전략""이라며... ",http://www.iminju.net/news/articleView.html?idxno=165760,http://www.iminju.net/news/articleView.html?idxno=165760,2026-06-24
외식 물가,미-이란 종전 협상에 반도체 수출 호조에도 기업 경기 심리 '하래불사하...,"이는 미국과 이란 간 종전 협상에도 국제유가 등 물가와 원달러 환율 부담이 여전하기 때문인 것으로 분석된다. 이에 반해 비제조업 세부 업종(총 7개) 중 여가·숙박 및 외식(121.4), 도·소매(112.2), 전문, 과학·기술... ",https://www.getnews.co.kr/news/articleView.html?idxno=873212,https://www.getnews.co.kr/news/articleView.html?idxno=873212,2026-06-24
외식 물가,"""점심값 아껴 ETF 산다""… 직장인들이 '학식' 찾는 이유",통계청 조사 결과 외식 물가는 수년간 상승세를 유지하며 직장인들의 점심값 부담을 키운 것으로 나타났다. 이에 따라 대학 구내식당은 단순한 학생 복지 시설을 넘어 지역 주민과 직장인까지 수용하는 복합 식음 공간으로... ,http://www.the-biz.co.kr/news/articleView.html?idxno=723199,http://www.the-biz.co.kr/news/articleView.html?idxno=723199,2026-06-24
외식 물가,"""백화점 뜨고 대형마트 지고""…5월 유통업계 매출 9.0% 성장",이는 외식 물가 상승과 맞물려 소비자들이 장바구니 지출을 극도로 효율화하고 있는 흐름이 반영된 결과로 풀이된다. 사이버 공간을 기반으로 한 온라인 유통 시장은 가정의 달 선물 수요와 먹거리 쇼핑족을 대거... ,https://www.daily365.news/2026/06/24/%eb%b0%b1%ed%99%94%ec%a0%90-%eb%9c%a8%ea%b3%a0-%eb%8c%80%ed%98%95%eb%a7%88%ed%8a%b8-%ec%a7%80%ea%b3%a05%ec%9b%94-%ec%9c%a0%ed%86%b5%ec%97%85%ea%b3%84-%eb%a7%a4%ec%b6%9c-9-0-%ec%84%b1/,https://www.daily365.news/2026/06/24/%eb%b0%b1%ed%99%94%ec%a0%90-%eb%9c%a8%ea%b3%a0-%eb%8c%80%ed%98%95%eb%a7%88%ed%8a%b8-%ec%a7%80%ea%b3%a05%ec%9b%94-%ec%9c%a0%ed%86%b5%ec%97%85%ea%b3%84-%eb%a7%a4%ec%b6%9c-9-0-%ec%84%b1/,2026-06-24
외식 물가,최저임금 협상 본격 충돌…노사 첫 제시안부터 1680원 격차,"대전지역 노동계 관계자는 ""지난 5년 사이 충청권 집값은 25%~60%까지 올랐고 외식물가 역시 30%~70% 가까이 상승했다. 반도체 호황의 과실이 부동산과 자산시장으로 흘러가는 동안 저임금 노동자들은 생활비 부담만... ",https://www.ggilbo.com/news/articleView.html?idxno=1165528,https://www.ggilbo.com/news/articleView.html?idxno=1165528,2026-06-24
외식 물가,'국민 간식' 떡볶이마저 1만원대로 껑충… 외식물가 고공행진,외식물가가 치솟으면서 '국민 간식'으로 꼽히는 떡볶이 가격이 메뉴당 1만원을 넘보는 수준으로 올랐다. 일상적으로 즐기는 분식 가격마저 줄줄이 오르면서 소비자가 체감하는 물가 부담이 부쩍 높아질 것으로... ,https://www.imaeil.com/page/view/2026062416020177273,https://n.news.naver.com/mnews/article/088/0001016103?sid=101,2026-06-24
외식 물가,[단독] 설탕 담합 과징금 CJ만 냈다... 대한제당·삼양사는 '뒤통수',"정 센터장은 ""공정위 과징금은 국가가 기업의 법 위반 행위에 대해 부과하는 제재일 뿐, 피해자들에게 직접 배분되는 돈이 아니다""라며 ""특히 설탕과 밀가루는 국민 생활과 밀접한 생필품이자 외식 물가 전반에... ",https://www.ohmynews.com/NWS_Web/View/at_pg.aspx?CNTN_CD=A0003245952&CMPT_CD=P0010&utm_source=naver&utm_medium=newsearch&utm_campaign=naver_news,https://n.news.naver.com/mnews/article/047/0002520411?sid=101,2026-06-24
외식 물가,농축산물 할당관세 전담기구 신설…물가 안정 본격화,밥상물가 안정부터 K-푸드 수출까지 5개 분야 국정과제 연계 성과를 본격 추진하기로 했다. 할당관세... 식품기업 스마트공장 지원으로 경쟁력 강화 식품 분야에서는 국산 원료 사용을 촉진하기 위해 식품·외식기업과... ,http://www.nongup.net/news/articleView.html?idxno=33317,http://www.nongup.net/news/articleView.html?idxno=33317,2026-06-24
외식 물가,닭고기값도 '천정부지'…복날 앞둔 사장님들 '한숨',"이는 외식 물가 상승으로 이어지고 있다. 실제 지난달 소비자물가는 전년 동월 대비 3.1% 올랐고, 외식서비스 물가는 2.6% 상승했다. 외식업계가 달걀 가격에 민감한 이유는 대체가 쉽지 않은 기본 식재료이기 때문이다.... ",https://www.edaily.co.kr/news/newspath.asp?newsid=04588726645485000,https://n.news.naver.com/mnews/article/018/0006313959?sid=101,2026-06-24
외식 물가,15만원 애망빙 vs 4000원 컵빙수…무더위 속 깊어지는 ‘빙수 양극화’,치솟는 외식물가에 지갑이 얇아진 소비자를 겨냥한 ‘가성비’ 빙수도 인기다. 1만~2만 원대를 훌쩍 넘는 프랜차이즈 빙수 대신 혼자서도 부담 없이 즐길 수 있는 컵빙수가 대안으로 부상했다. 특히 스타벅스 코리아가... ,https://www.edaily.co.kr/news/newspath.asp?newsid=04559206645485000,https://n.news.naver.com/mnews/article/018/0006313951?sid=101,2026-06-24
외식 물가,나프타 부담 뒤늦게 덮쳤다…식품업계 하반기 가격 인상 고심,실제 최근 식품·외식업계에서는 가격 조정 움직임이 잇따르고 있다. 더본코리아는 이달 9일부터 역전우동... 정부의 물가 안정 압박과 지방선거 일정도 식품업계의 가격 조정 시점을 늦춘 요인으로 꼽힌다. 식품 가격은... ,https://www.newspim.com/news/view/20260624000911,https://www.newspim.com/news/view/20260624000911,2026-06-24
외식 물가,대전 생필품·개인서비스요금 상승세 지속…고환율·유가·기상 여건 영...,"질병 발생, 유통 구조 등 여러 요인이 복합적으로 작용해 변동하고 있음을 보여주는 자료이다. 특히 생필품과 외식·서비스요금이 동시에 오르는 흐름은 시민들의 체감 물가 부담을 높이는 요인으로 작용할 전망이다.",https://www.goodmorningcc.com/news/articleView.html?idxno=447979,https://www.goodmorningcc.com/news/articleView.html?idxno=447979,2026-06-24
외식 물가,"속초시, 전 시민 20만원 민생회복지원금 지급 본격화","장기화된 고물가와 고유가 여파로 시민들의 생활 부담이 가중되고 있는 가운데 속초시는 모든 시민에게... 관광객 증가와 함께 시민 소비가 확대되면서 숙박업, 외식업, 전통시장, 소매업 등 지역경제 전반에 긍정적인... ",https://www.ajunews.com/view/20260624144454109,https://www.ajunews.com/view/20260624144454109,2026-06-24
외식 물가,"고물가에 뜨는 뷔페업계, 고공행진 식자재값은 부담…산지 협업 돌파구",외식 물가는 2.6% 오른 것으로 나타났다. 단적으로 한우 안심의 경우 최근 100g당 1만4000원대로 1년 전보다 11% 넘게 올랐다. 높은 환율로 수입단가까지 오르면서 외식업계의 원가 부담도 커지고 있다. 그러나 원가가 오른다고... ,https://www.newsis.com/view/NISX20260623_0003680199,https://n.news.naver.com/mnews/article/003/0014025399?sid=101,2026-06-24
외식 물가,'슈퍼 엘니뇨' 경고…1인가구 살림에도 적신호,"대용량 구매로 단가를 낮추기 어렵고 외식·간편식 의존도가 높은 1인가구는 물가 상승을 더 빠르게 체감할 수 있다. 폭염만큼 중요한 건 주거 안전 폭우와 태풍 리스크는 1인가구 주거 문제와도 맞물린다. 반지하, 저층... ",http://www.dailypop.kr/news/articleView.html?idxno=99935,http://www.dailypop.kr/news/articleView.html?idxno=99935,2026-06-24
외식 물가,고환율·국제유가·이상기후 '삼중 악재'...대전지역 장바구니 '부담',"세탁, 외식 등 생활밀착형 서비스 요금 전반에 영향을 미친 것으로 분석된다. 소비자교육중앙회 대전지부는 ""고환율과 국제유가 상승, 이상기후 등 복합적인 요인이 생활물가에 영향을 주고 있다""며 ""시민들의... ",http://www.dtnews24.com/news/articleView.html?idxno=812644,http://www.dtnews24.com/news/articleView.html?idxno=812644,2026-06-24
외식 물가,"양양군, 여름 성수기 맞아 지역화폐 할인 확대…'양양사랑상품권' 15% 특...","이번 조치는 여름철 동해안을 찾는 관광객의 소비를 지역 내로 유도하고, 경기 둔화와 물가 부담 속 어려움을... 숙박과 외식, 레저 분야를 중심으로 가맹점이 늘어나며 지역경제 순환 수단으로 활용 폭을 넓혀가고 있다는... ",https://www.shinailbo.co.kr/news/articleView.html?idxno=5033763,https://www.shinailbo.co.kr/news/articleView.html?idxno=5033763,2026-06-24
외식 물가,"유통업계, 여름 맞이 마케팅...치킨 대전부터 해태제과 '얼먹' 과자, 릴...","◇ CJ제일제당·BBQ, 대형 팝업과 글로벌 모델로 '치킨 시장' 겨냥 우선 식음료·외식 업계에서는 한 치 양보... ◇ 트레이더스, 매주 달라지는 품목으로 장바구니 물가 잡는 '푸드 페스티벌' 대형 할인 전문점인... ",http://www.dailypop.kr/news/articleView.html?idxno=99997,http://www.dailypop.kr/news/articleView.html?idxno=99997,2026-06-24
외식 물가,닭고기·계란값 천정부지…편의점 먹거리도 줄인상,정부가 수입 확대에 나섰지만 축산물 가격 상승은 외식 등 전반적인 물가 부담으로 이어지고 있습니다. [앵커] 가공식품과 생활용품 가격도 오르고 있다고요? [기자] 다음 달부터 GS25 편의점에서 파는 감동란·구운란... ,https://biz.sbs.co.kr/article_hub/20000318539?division=NAVER,https://n.news.naver.com/mnews/article/374/0000517935?sid=101,2026-06-24
외식 물가,엽떡 가격 7% 인상 예고…마라로제 2만원선 근접,"외식 프랜차이즈 업계에서 원가 부담과 소비자 가격 민감도가 동시에 커지는 가운데, 떡볶이 등 대중 외식 메뉴의 가격 조정은 체감 물가 논의로 이어질 가능성이 있다. 엽기떡볶이 메뉴 이미지. (사진... ",https://www.vegannews.co.kr/news/article.html?no=383532,https://www.vegannews.co.kr/news/article.html?no=383532,2026-06-24
외식 물가,"[정석만의 프리즘] 계란값 급등, 서민밥상 지키는 균형 잡힌 물가정책 ...","그런 만큼 계란값 상승은 단순히 특정 품목의 가격 변동을 넘어 국민이 체감하는 생활물가 전반에 직접적인 영향을 미친다. 더욱이 계란은 제과·제빵, 외식, 가공식품 등 다양한 산업의 핵심 원재료로 사용되는 만큼 가격... ",https://www.ajunews.com/view/20260624110305639,https://www.ajunews.com/view/20260624110305639,2026-06-24
외식 물가,성수동 줄 세운 CJ 냉동치킨 ‘소바바’…외식·간편식 경계 무너진다,이 같은 흐름의 배경에는 외식물가 상승이 있다. 통계청 국가통계포털(KOSIS)에 따르면 지난 5월 외식 물가는 전년 동월 대비 3.2% 상승했다. 같은 달 전체 소비자물가 상승률(2.7%)보다 높은 수준이다. 치킨 한 마리와 음료... ,https://www.edaily.co.kr/news/newspath.asp?newsid=03591606645485000,https://n.news.naver.com/mnews/article/018/0006313702?sid=101,2026-06-24
외식 물가,[밥상 덮친 인플레]④역대급 폭염까지…하반기 식량가격 급등하나,"한국은행은 2023년 자료를 통해 ""엘니뇨 기간 이후에는 국제 식량 가격 상승기가 나타나는 경향을 보여왔다""면서 ""국제 식량 가격은 시차를 두고 국내 가공식품과 외식물가에 파급된다""고 평가했다. 한은은 해수면... ",https://view.asiae.co.kr/article/2026062317003825481,https://n.news.naver.com/mnews/article/277/0005780735?sid=103,2026-06-24
외식 물가,[밥상 덮친 인플레]①이란전쟁 청구서 날아왔다…롯데부터 가격인상 '스...,햄버거부터 떡볶이까지 외식 물가 이미 줄줄이 올라 이미 프랜차이즈 업계가 고물가·고환율 등의 이중고를 이겨내지 못하고 지난달까지 줄줄이 가격을 올렸다. 맥도날드는 지난 2월부터 단품 기준 35개 메뉴 가격을 100... ,https://view.asiae.co.kr/article/2026062315112713432,https://n.news.naver.com/mnews/article/277/0005780734?sid=101,2026-06-24
외식 물가,"거제시, 16개 해수욕장 7월 4일 본격 개장···8월 23일까지 운영","보고회에서는 해수욕장 종합대책반 운영계획을 공유하고, 물가안정 지도, 식품·숙박업소 점검, 재난상황실 운영, 폐기물 처리대책 등에 대한 준비사항을 점검했다. 또한 한국외식업중앙회 거제시지부장... ",http://www.enewstoday.co.kr/news/articleView.html?idxno=2441816,http://www.enewstoday.co.kr/news/articleView.html?idxno=2441816,2026-06-24
외식 물가,월드 뉴스 브리프 (기준일시: 2026년 06월 24일 수요일 10:00),"최근 호텔과 외식, 문화·여가 산업을 중심으로 소비 증가가 확인되고 있습니다. 시장에서는 여행 수요 회복이... 전문가들은 안정적인 공급이 소비자 물가에도 긍정적인 영향을 줄 수 있다고 평가했습니다. 투자자들도... ",http://www.ifs.or.kr/bbs/board.php?bo_table=globalnewsfocus&wr_id=382,http://www.ifs.or.kr/bbs/board.php?bo_table=globalnewsfocus&wr_id=382,2026-06-24
외식 물가,"11번가, 초여름 장보기 수요 공략…'신선밥상' 제철 먹거리 할인전","초여름철 외식 수요를 집에서 즐기려는 소비 흐름도 반영했다. 밀키트와 가정간편식(HMR) 상품군도 함께... 고광일 11번가 영업그룹장은 ""먹거리 물가 부담이 장기간 지속되는 가운데 '신선밥상' 전문관을 통해 제철... ",https://www.insightkorea.co.kr/news/articleView.html?idxno=248734,https://www.insightkorea.co.kr/news/articleView.html?idxno=248734,2026-06-24
외식 물가,"""더 이상 버티기 힘들다""… 식품업계 '가격 인상' 릴레이",그간 가격 인상을 최대한 자제해 온 식품·외식업계가 잇따라 제품 가격 조정에 나서고 있다. 원재료 가격... 업계 안팎에서는 그간 정부의 물가 안정 기조와 소비 위축 우려로 가격 인상을 미뤄왔던 기업들이 원가 부담... ,http://www.the-biz.co.kr/news/articleView.html?idxno=723147,http://www.the-biz.co.kr/news/articleView.html?idxno=723147,2026-06-24
외식 물가,"폭염·고물가에 집밥족 늘었다⋯ 홈쇼핑업계, 보양식·간편식 할인전","외식 물가 부담이 커지는 가운데 홈쇼핑업계는 보양식과 간편식, 제철 먹거리를 앞세운 대규모 할인 행사로 여름철 식품 수요 공략에 나섰다. 이달 중순 들어 대부분 지역 낮 최고기온이 30도를 웃돌며 무더위가... ",https://www.viva100.com/article/20260624500371,https://www.viva100.com/article/20260624500371,2026-06-24
외식 물가,7월 기업경기 전망 흐림…반도체·의약품 수출 선방,"비제조업에서는 여름 휴가철 특수가 기대되는 여가·숙박·외식(121.4)과 도·소매업(112.2)이 강세를... 한편, 한국은행이 16일 발표한 수출입물가지수 통계에 따르면 지난 5월 기준 수출물가지수(원화 기준 잠정치... ",https://www.ajunews.com/view/20260624093025353,https://www.ajunews.com/view/20260624093025353,2026-06-24
외식 물가,"aT, AI·ESG·기후변화 대응 강화","수급 분야에서는 물가 안정 골든타임 확보를 위한 할당관세 전담 기구를 신설하고, AI 기술을 활용한... 식품 분야에서는 국산 원료 사용을 촉진하기 위해 식품·외식기업과 농업 간 상생 협력 모델인 '모두의 상생... ",https://www.fetv.co.kr/news/articleView.html?idxno=304968,https://www.fetv.co.kr/news/articleView.html?idxno=304968,2026-06-24
외식 물가,미국-이란 종전해도 호르무즈 정상화 '산 넘어 산',"세계 비료 소비량의 약 30%가 호르무즈 해협을 통과하는데, Kpler에 따르면 호르무즈 해협 봉쇄로 90% 이상 물동량이 감소하면서 비용 증가로 식품 제조와 유통, 외식산업 등에도 영향을 끼치고 있다. 미국국제물가안보연... ",https://www.klnews.co.kr/news/articleView.html?idxno=321605,https://www.klnews.co.kr/news/articleView.html?idxno=321605,2026-06-24
외식 물가,"거제시, 16개 해수욕장 7월 4일 일제 개장","거제시는 해수욕장 개장을 앞두고 23일 운영계획 보고회를 열어 안전관리와 편의시설, 물가안정 대책 등을 점검했다. 보고회에는 관계 부서와 외식업·숙박업 단체... ",http://www.breaknews.com/1216309,http://www.breaknews.com/1216309,2026-06-24
외식 물가,한우부터 오메가3까지…트레이더스 '푸드 페스티벌' 개최,"업계에서는 최근 외식 물가 상승으로 집밥 수요가 늘어나면서 대용량 할인 행사에 대한 소비자 관심도 함께 높아지고 있다고 분석한다. 업계 관계자는 ""고물가 기조가 이어지면서 대형마트와 창고형 할인점의... ",https://www.joongangenews.com/news/articleView.html?idxno=527782,https://www.joongangenews.com/news/articleView.html?idxno=527782,2026-06-24
외식 물가,서영학 여수시당선인 정책간담회...관광소비 편중·원도심 개선 시급,외식업계는 물가 부담과 허위·왜곡 온라인 콘텐츠 피해 대응을 요청했다. 숙박업계는 여수와 고흥을 잇는 11개 연륙·연도교를 활용한 국제마라톤대회 등 체류형 관광 콘텐츠 개발을 제안했다. 여기에다 관광·전통시장... ,https://www.etoday.co.kr/news/view/2596574,https://www.etoday.co.kr/news/view/2596574,2026-06-24
외식 물가,"[경남 브리핑 모음(6월24일)] 진주시, 7월 ‘모바일 진주사랑상품권 100...","공유하고, 물가안정 지도, 식품·숙박업소 점검, 재난상황실 운영, 폐기물 처리대책 등 해수욕장 운영 전반에 대한 준비사항을 점검했다. 이날 회의에는 한국외식업중앙회 거제시지부장, 대한숙박업중앙회 거제시지부장... ",https://www.dnews.co.kr/uhtml/view.jsp?idxno=202606232224021790494,https://www.dnews.co.kr/uhtml/view.jsp?idxno=202606232224021790494,2026-06-24
외식 물가,"""안 오르는 게 없다""...식음료·외식업계 가격인상 도미노",식음료·외식업계의 가격 인상이 6월 들어 본격화되고 있다. 정부의 물가 안정 기조로 가격 조정을 미뤄왔던 기업들이 최근 잇따라 인상에 나서면서 소비자 부담도 커지는 모습이다. 중동 지역 긴장 고조에 따른... ,https://www.ebn.co.kr/news/articleView.html?idxno=1713655,https://www.ebn.co.kr/news/articleView.html?idxno=1713655,2026-06-24
외식 물가,"메가커피·칠성사이다 인상‥""첫째도 둘째도 물가""","하반기에도 고물가 흐름이 이어질 수밖에 없는 상황인데, 정부는 서민 물가를 잡기 위해 총력전에... 역전우동, 미정국수 등 외식 브랜드들은 일부 메뉴값을 11% 인상했고, 17년간 가격을 동결해 온 동대문엽기떡볶이도... ",https://imnews.imbc.com/replay/2026/nwtoday/article/6832436_37012.html,https://n.news.naver.com/mnews/article/214/0001507386?sid=101,2026-06-24
외식 물가,"[전쟁 멈췄지만 물가는 남았다②] ""전쟁보다 무서운 건 손님 없는 가게...","하지만 유가 안정이 곧바로 물가 안정과 경기 회복으로 이어질지는 미지수다. 이미 고유가 충격이 원자재와... 소상공인연합회 조사에서 응답자의 상당수는 최저임금 수준에 대해 부담을 느낀다고 답했으며, 특히 외식업과... ",http://www.newsian.co.kr/news/articleView.html?idxno=91297,http://www.newsian.co.kr/news/articleView.html?idxno=91297,2026-06-24
외식 물가,"외식 대신 집밥…트레이더스, 장바구니 부담 낮출 '푸드 페스티벌' 연다","유통 업계에서는 이번 행사를 두고 외식 물가 상승으로 '집밥' 수요가 커진 가운데, 창고형 할인점이 대량 매입 구조를 활용해 육류 등 필수 식재료를 저렴하게 공급하며 가계 부담을 흡수하고 있다는 평가다.... ",https://www.thepublic.kr/news/articleView.html?idxno=308794,https://www.thepublic.kr/news/articleView.html?idxno=308794,2026-06-24
외식 물가,"트레이더스, 7월 12일까지 '푸드 페스티벌' 진행...한우·냉동육·간편식...",업계에서는 최근 외식 물가 상승과 장바구니 부담 확대 속에서 대형마트와 창고형 할인점들이 식품 중심 대형 할인 행사를 강화하는 추세라고 보고 있다. 특히 여름 휴가철과 방학 시즌을 앞두고 대용량·가성비... ,http://www.popcornnews.net/news/articleView.html?idxno=124593,http://www.popcornnews.net/news/articleView.html?idxno=124593,2026-06-24
외식 물가,"서울시, 배달전용 땡겨요 상품권 7월 109억 추가 발행…규모 보니","서울시에서 여름 휴가철을 맞아 시민의 생활물가 부담과 소상공인의 배달수수료 부담을 동시에 완화하기... 이는 민간 배달앱 중개 수수료(최대 9.7%) 대비 상대적으로 낮은 수준으로, 배달 플랫폼 이용에 따른 외식업... ",https://www.topstarnews.net/news/articleView.html?idxno=16108775,https://www.topstarnews.net/news/articleView.html?idxno=16108775,2026-06-24
카페 시장,"한성숙, 29.5억 차익·40억 성남FC·맹탕 청문회 삼중 압박",다음 달 발표 예정인 2027년도 세제개편안에 종합부동산세 공정시장가액비율 상향과 고가 1주택자·다주택자... 해당 공간은 남동생이 카페로 운영하던 곳이다. 경기 양평군 농지에서는 불법 정자와 잔디 같은 불법... ,https://www.thepublic.kr/news/articleView.html?idxno=309075,https://www.thepublic.kr/news/articleView.html?idxno=309075,2026-06-25
카페 시장,"[창간기획: 소호금융 빅뱅] ① 월급통장서 사업자통장으로...인뱅, '사장...","이에 인터넷은행들이 왜 개인사업자 시장에 주목하고 있는지, 소호금융 경쟁의 현주소와 향후 과제를 살펴본다. [편집자 주] 서울에서 카페를 운영하는 A씨는 하루를 매출 확인으로 시작한다. 전날 카드 결제 금액과 배달... ",http://www.wikileaks-kr.org/news/articleView.html?idxno=189036,http://www.wikileaks-kr.org/news/articleView.html?idxno=189036,2026-06-25
카페 시장,"대우건설, '장위 푸르지오 마크원' 26일 견본주택 개관···1032가구 일반...","주변에는 장위전통시장과 대형 유통시설, 영화관, 의료시설 등이 자리 잡고 있다. 외관에는 서울시... 독서실과 작은도서관, 시네마룸, 카페, 코인세탁실 등도 계획돼 있다. 대우건설 관계자는 ""장위 푸르지오... ",https://www.ziksir.com/news/articleView.html?idxno=138056,https://www.ziksir.com/news/articleView.html?idxno=138056,2026-06-25
카페 시장,[써보고서] '붙이고 터치하면 끝'…스포츠 리커버리 정조준한 코지마 '...,리커버리' 시장이 뜨겁다. 근육 피로를 제때 풀어주지 않으면 부상으로 이어지기 십상이기 때문이다. 종합... 코지마 EMS 저주파 마사지기 코지비트를 착용한 채 카페에서 업무를 보는 모습.(사진=지디넷코리아) 70g 무게와... ,https://zdnet.co.kr/view/?no=20260625152156,https://n.news.naver.com/mnews/article/092/0002428073?sid=105,2026-06-25
카페 시장,"번역기 돌리던 해외직구는 끝…네이버, 'AI 직구'에 베팅 [고은이의 비즈...","네이버 D2SF 측은 ""사줘가 한국과 일본 시장에서 거래액과 파트너십을 확보하며 사업성을 입증해 투자를... 웹툰, 치지직, 블로그, 카페, 팬덤 커뮤니티, 브랜드스토어에서 발생하는 팬덤 상품 수요를 해외 구매로 쉽게... ",https://www.hankyung.com/article/202606258212i,https://n.news.naver.com/mnews/article/015/0005302822?sid=103,2026-06-25
카페 시장,"카페24, 동대문 사입 서비스 '이지픽' 활용 교육 진행",특히 지방에 있거나 동대문이 낯선 운영자에게는 시장에 나가는 것 자체가 부담이다. 글로벌 전자상거래 플랫폼 카페24(대표 이재석)는 지난 25일 서울 동대문 '카페24 PRO 커뮤니티 센터'에서 동대문 사입 서비스 '이지픽... ,https://magazine.hankyung.com/business/article/202606258222b,https://n.news.naver.com/mnews/article/050/0000107814?sid=101,2026-06-25
카페 시장,"맥심모카골드, 1년에 53억잔 행복을 전하다",커피믹스 시장에서 1위 자리를 굳건히 지키고 있다. 25일 동서식품에 따르면 맥심모카골드는 최근 연간... 특히 '모카골드 팝업 카페'는 세대와 관계없이 누구나 자연스럽게 제품을 접하고 체험할 수 있는 공간으로... ,http://www.smedaily.co.kr/news/articleView.html?idxno=359315,http://www.smedaily.co.kr/news/articleView.html?idxno=359315,2026-06-25
카페 시장,포스코 포항제철소 1분기 600억 적자…전쟁·고환율 이중고,"즉 태풍처럼 공장 자체가 멈춰선 자연재해성 사건을 빼면, 포스코가 시장·경기 요인만으로 적자를 낸... 효자동에서 카페를 운영하는 박모(45)씨는 ""주변에 비슷한 가게 두 곳이 최근 문을 닫았다""며 ""다들 '버티자... ",https://www.yeongnam.com/web/view.php?key=20260625029442092,https://www.yeongnam.com/web/view.php?key=20260625029442092,2026-06-25
카페 시장,조선 도공이 개척한 日 도자기…400년 뒤 전통 잇는 한국인,지난 2023년 한국인 이효진 씨가 연 아리타야키(아리타 도자기) 갤러리 겸 카페다. 아리타는 일본 도자기... 가마 관계자들이 먼저 찾아와 한국 시장 진출을 상담하거나 통역을 요청하기도 한다. 전통을 현대와 연결하는... ,https://www.busan.com/view/busan/view.php?code=2026062422513157676,https://n.news.naver.com/mnews/article/082/0001387047?sid=102,2026-06-25
카페 시장,교원 웰스 2026 국가서비스대상 수상,"최근 홈카페 트렌드 확산과 함께 위생을 중시하는 소비자가 늘면서, 정수기 선택 기준이 단순 기능을 넘어 관리 서비스의 질로 옮겨가고 있습니다. 이번 수상은 철저한 위생 관리와 고객 맞춤형 서비스가 시장 경쟁력을... ",https://www.newsclaim.co.kr/news/articleView.html?idxno=3067635,https://www.newsclaim.co.kr/news/articleView.html?idxno=3067635,2026-06-25
카페 시장,돌곶이역 역세권에 초품아…'장위 푸르지오 마크원' 분양 돌입,"더불어 장위전통시장과 대형마트·백화점, 영화관 등 다양한 생활·문화시설 이용이 편리하다. 또한 대형... 또한 독서실, 작은도서관 등 교육·육아 관련 시설과 시네마룸, 카페, 코인세탁실 등 생활 편의시설도... ",https://www.ebn.co.kr/news/articleView.html?idxno=1713939,https://www.ebn.co.kr/news/articleView.html?idxno=1713939,2026-06-25
카페 시장,"대구시의사회, 추경호 당선인 앞에 꺼낸 '필수의료와 AI의료'","AI바이오·메디시티대구협의회는 추경호 대구시장 당선인과 대구지역 보건의료계, 산업계 주요 인사가 참석하는 '대구시 보건의료 발전을 위한 간담회'를 개최했다. 지난 24일 영남대학교병원 의과대학 강의동 1층 북카페... ",https://www.dkilbo.com/news/articleView.html?idxno=547055,https://www.dkilbo.com/news/articleView.html?idxno=547055,2026-06-25
카페 시장,"유휴공간이 건강복지공간으로…남양주시, 금곡데이케어센터 개소","센터 조성에는 디지털국제공조, 카페 키스톤스피시즈, 굿모닝침대, 케이제이호연을 비롯해 지역... 개소식에 참석한 주광덕 시장은 ""금곡데이케어센터는 주민들의 관심과 나눔, 지역사회보장협의체의 헌신이 모여 탄생한... ",https://www.asiatoday.co.kr/kn/view.php?key=20260625010008965,https://www.asiatoday.co.kr/kn/view.php?key=20260625010008965,2026-06-25
카페 시장,"커피 대신 말차, 탄산 대신 콤부차…차(茶) 시장 커진다","말차는 최근 차 시장 성장을 이끄는 대표 품목으로 꼽힌다. 항산화 성분과 비교적 낮은 카페인 부담 등을 앞세워 커피를 대체하는 음료로 자리 잡고 있으며, 음료뿐 아니라 케이크와 아이스크림, 과자 등 다양한... ",https://www.asiatime.co.kr/article/20260625500320,https://www.asiatime.co.kr/article/20260625500320,2026-06-25
카페 시장,"옷만 파는 시대 끝?…패션업계, F&B로 고객 잡는다","(사진=루이 비통) 명품 브랜드도 계절형 F&B 시장에 뛰어들고 있다. 루이 비통의 ‘루이 비통 서울 도산’ 카페는 지난 8일 여름 시즌을 겨냥한 디저트와 음료 메뉴를 출시했다. 망고, 코코넛, 무화과, 라즈베리, 수박 등... ",https://www.edaily.co.kr/news/newspath.asp?newsid=04851126645485328,https://n.news.naver.com/mnews/article/018/0006314868?sid=103,2026-06-25
카페 시장,"K-프랜차이즈, 중앙아시아 K-푸드 열풍 잇는다","카자흐스탄 프랜차이즈 시장 규모는 30억 달러 정도지만 외국계 브랜드 비중이 70%를 넘는다. 특히 패스트푸드, 카페, 의류 분야는 외국계 브랜드 비중이 특히 높아 K-프랜차이즈 진출 여지도 크다. 로드쇼에 참가한... ",https://www.dongponews.net/news/articleView.html?idxno=58912,https://www.dongponews.net/news/articleView.html?idxno=58912,2026-06-25
카페 시장,대우건설이 2010년 따낸 장위뉴타운 ‘장위 푸르지오 마크원’ 본격 분...,"장위뉴타운 내 핵심 재개발 구역 가운데 하나로 사업 추진 16년여 만에 분양 시장에 모습을 드러내게 됐다.... 독서실, 작은도서관, 시네마룸, 카페, 코인세탁실 등 생활 편의시설도 함께 마련된다. 대우건설 관계자는... ",https://sateconomy.co.kr/news/view/1065591127644686,https://sateconomy.co.kr/news/view/1065591127644686,2026-06-25
카페 시장,한 잔의 커피 믹스는 어떻게 국민 커피가 됐을까?,"37년간 변함없는 맥심 모카골드의 성공 비결 인더뉴스 문정태 기자ㅣ커피 시장은 끊임없이 변해왔습니다.... 동서식품은 2015년부터 부산과 전주, 군산, 경주 등 전국 주요 도시에서 ‘모카골드 팝업 카페’를 운영해... ",https://www.inthenews.co.kr/news/article.html?no=88525,https://www.inthenews.co.kr/news/article.html?no=88525,2026-06-25
카페 시장,"AI바이오·메디시티대구협의회, 추경호 대구시장 당선인 초청 간담회 개...","사단법인 AI바이오·메디시티대구협의회(회장 민복기)는 지난 24일 오후 6시, 영남대학교병원 의과대학 강의동 1층 북카페에서 추경호 대구시장 당선인을 초청해 '대구시 보건의료 발전을 위한 간담회'를 개최했다고... ",https://www.bosa.co.kr/news/articleView.html?idxno=3007074,https://www.bosa.co.kr/news/articleView.html?idxno=3007074,2026-06-25
카페 시장,"텍스트힙 열풍, 독서문화가 달라졌다","반면 책을 매개로 한 새로운 문화가 출판시장과 독서 인구 확대에 긍정적인 영향을 주고 있다는 평가도 적지 않다. 실제로 서울국제도서전과 북페어에는 젊은 방문객이 크게 늘었고, 독립서점과 북카페도 꾸준히... ",https://www.ekoreanews.co.kr/news/articleView.html?idxno=86710,https://www.ekoreanews.co.kr/news/articleView.html?idxno=86710,2026-06-25
카페 시장,"하나증권, 'THE H1 W' 목동 개점… VIP 대상 프리미엄 서비스 선봬",이번 THE H1 W 개소는 하나증권이 강남권 외 서울 서부권 초고액자산가 시장으로 프리미엄 WM 채널을... 카페라운지 등 손님 대상 프라이빗 공간을 운영하고 현대백화점 앱을 통한 접점을 확대하는 등 일상 속에서 금융... ,https://www.s-journal.co.kr/news/articleView.html?idxno=41999,https://www.s-journal.co.kr/news/articleView.html?idxno=41999,2026-06-25
카페 시장,고덕국제신도시 마지막 개발단계 돌입···고덕국제신도시 수자인하우...,"정비시장에서는 주요 인프라가 갖춰지는 동안 남아 있는 공동주택용지는 줄어드는 만큼, 신규 공급 단지에... 주민카페 등 다양한 커뮤니티시설이 마련될 예정이다. 분양 관계자는 ""동탄 등 기존 2기 신도시도 계획된... ",http://www.finomy.com/news/articleView.html?idxno=256270,http://www.finomy.com/news/articleView.html?idxno=256270,2026-06-25
카페 시장,"엄승용 보령시장 당선인, 타운홀서 소통 승부수… AI 행정·신야간경제...","AI 기반 화재·재난방지 시스템을 구축한 뒤 2년간 규제를 해제하고 필요 시 1회 연장이 가능한 특례 방식을 활용해 카페와 음식점 등 다양한 업종 입점을 허용하겠다는 구상이다. 그는 ""과거 방식으로는 더 이상 전통시장이... ",https://www.goodkyung.com/news/articleView.html?idxno=288507,https://www.goodkyung.com/news/articleView.html?idxno=288507,2026-06-25
카페 시장,‘천안 동문 디 이스트 파크시티’ 등 단지 내 특화 설계 도입 늘어,"분양 시장에서는 대규모 조경시설과 차별화된 커뮤니티 공간을 확보한 단지가 상대적으로 높은 경쟁력을 보이는 것으로 나타났다. 피트니스센터나 실내골프연습장, 독서실 등에 머물던 커뮤니티 시설이 최근에는 카페형... ",https://www.megaeconomy.co.kr/news/newsview.php?ncode=1065588465573266,https://www.megaeconomy.co.kr/news/newsview.php?ncode=1065588465573266,2026-06-25
카페 시장,"'1391가구 뉴타운 대단지' 장위 푸르지오 마크원, 견본주택 개관","더불어 장위전통시장과 대형마트·백화점, 영화관 등 다양한 생활·문화시설 이용이 편리하다. 또한... 독서실, 작은도서관 등 교육·육아 관련 시설과 시네마룸, 카페, 코인세탁실 등 생활 편의시설도 함께... ",https://www.mt.co.kr/estate/2026/06/25/2026062511084298998,https://n.news.naver.com/mnews/article/008/0005377092?sid=101,2026-06-25
카페 시장,"“백화점 VIP 잡는다”…하나증권, 현대백화점 목동점 프리미엄 금융센...","고액자산가 시장 공략에 나섰다. 백화점 VIP 고객을 대상으로 자산관리부터 가업승계, 창업 컨설팅까지... 프라이빗 카페 라운지를 마련했다. 현대백화점 애플리케이션(앱)과 연계한 서비스도 확대해 고객 접점을 넓혀... ",https://www.ddaily.co.kr/page/view/2026062513082322868,https://n.news.naver.com/mnews/article/138/0002232079?sid=101,2026-06-25
카페 시장,"대우건설, ‘장위 푸르지오 마크원’ 26일 견본주택 개관","장위전통시장과 대형마트, 백화점, 영화관 등 생활·문화시설을 이용할 수 있고, 대형병원도 인접해 있다.... 독서실, 작은도서관 등 교육·육아 관련 시설과 시네마룸, 카페, 코인세탁실 등 생활 편의시설도 함께... ",https://www.smarttoday.co.kr/ko-kr/articles/108800,https://www.smarttoday.co.kr/ko-kr/articles/108800,2026-06-25
카페 시장,"부산 미분양관리지역 추가 지정… 새 아파트 줄어드는 부산, '롯데캐슬...","부산 부동산 시장은 지역별로 온도 차는 있지만, 새 아파트 공급 문턱이 높아질수록 실수요자 입장에서는... 단지는 서면 생활권에 속해 롯데백화점과 롯데호텔, 서면 메디컬스트리트, 전포카페거리 등 부산 대표 도심... ",https://edu.donga.com/news/articleView.html?idxno=109298,https://edu.donga.com/news/articleView.html?idxno=109298,2026-06-25
카페 시장,"유피소프트, 삼성전자에 무인 프린팅 솔루션 공급 계약 체결","프린트카페 매장을 운영하고 있으며 연간 1,000만 명 이상의 이용자를 확보하고 있다. 또한 무인 출력 처리 시스템, 클라우드 프린팅 시스템, 프린트 에이전트 장치 등 독자 특허 기술을 기반으로 국내 무인 프린팅 시장을... ",https://www.kdpress.co.kr/news/articleView.html?idxno=206427,https://www.kdpress.co.kr/news/articleView.html?idxno=206427,2026-06-25
카페 시장,K-푸드 열풍 '중앙아시아'서 K-프랜차이즈·소비재 붐 일으킨다,"카자흐스탄 프랜차이즈 시장 규모는 30억달러 정도지만 외국계 브랜드 비중이 70%를 넘는다. 특히 패스트 푸드, 카페, 의류 분야는 외국계 브랜드 비중이 특히 높아 K-프랜차이즈 진출 여지도 크다. 로드쇼에 참가한... ",https://www.mt.co.kr/economy/2026/06/25/2026062512501232439,https://n.news.naver.com/mnews/article/008/0005377072?sid=101,2026-06-25
카페 시장,"장인보 감독, 2026 더 메종 코엑스서 ‘스페셜 AI 작가 초청’","공간 전문가와 프리미엄 소비자를 위한 맞춤형 비즈니스 장 더 메종은 대중적인 저가 가구 시장과... 그리고 카페, 호텔, 오피스 등 상업 공간에 차별화를 줄 수 있는 새로운 브랜드와의 협업 기회를 모색하는 상공간... ",https://www.bntnews.co.kr/article/view/bnt202606250148,https://www.bntnews.co.kr/article/view/bnt202606250148,2026-06-25
카페 시장,지역 소상공인과 함께 상생하기 위한 서비스 – 동선컴퍼니 김성민 대표,"현재 기업이나 지자체에서는 업무추진비나 리워드로 대형 프랜차이즈 기프티콘을 주로 활용하고 있는데, 카페인콘이 안착하면 지역 카페도 그 시장에 참가할 수 있을 것으로 기대한다. 또한 동네선물을 지역별, 업종별로... ",https://www.handmk.com/news/articleView.html?idxno=40723,https://www.handmk.com/news/articleView.html?idxno=40723,2026-06-25
카페 시장,"""주 14시간 59분 근로?"" 내 계약서 왜이래...'쪼개기' 계약 끝판왕, 노무...","이런 쪼개기 계약이 동네 카페에서만 일어나는 것은 아닙니다. 최근에 지방정부 비정규직 노동조건 준수... 사실 우리 일반 노동 시장에서는 11개월, 11.5개월 이렇게 계약하는 것보다는 차라리 6개월 계약하고 다시 1년을... ",https://www.ytn.co.kr/_ln/0103_202606251309266923,https://n.news.naver.com/mnews/article/052/0002371072?sid=102,2026-06-25
카페 시장,"정부, 다음달 부동산 끝장토론한다","맘카페까지 포함해서 정말 다양한 국민 의견을 들으려고 한다”고 밝혔다. 청와대도 이날 언론공지를 통해... 정부는 이 자리에서 주택 공급 확대 방안과 세제 개편 방향, 시장 안정 대책, 주택 관련 대출 문제 등 부동산... ",https://www.naeil.com/news/read/593149?ref=naver,https://www.naeil.com/news/read/593149?ref=naver,2026-06-25
카페 시장,"아누아, 英 셀프리지스 백화점 뚫었다…영국 전역서 릴레이 팝업",실제 아누아는 올해 들어 영국 시장에서 이색 컬래버레이션을 잇달아 선보이며 현지 인지도를 끌어올려 왔다. 지난 2월 현지 유명 카페 브랜드 'EL&N 런던'과 손잡고 라이스 스킨케어 라인을 접목한 디저트를 출시해... ,https://www.theguru.co.kr/news/article.html?no=103566,https://www.theguru.co.kr/news/article.html?no=103566,2026-06-25
카페 시장,클릭 이사람/ 송봉화 사진작가- '청주·청주사람들의 삶' 앵글에 역사를...,"서문시장 버섯집 앞 대장간 철문, 지금은 카페거리가 들어선 청주의 달동네 수암골, 철거된 청주병원과 청주시청사 건물에 이르기까지 그의 매일은 '흔적 담기'로 분주했다. ▲송봉화 사진작가. 사진 조창희 기자 그 덕에... ",http://www.dynews.co.kr/news/articleView.html?idxno=855031,http://www.dynews.co.kr/news/articleView.html?idxno=855031,2026-06-25
카페 시장,"""불가리스만으론 안 된다""…남양의 반격, 단백질로 매일유업에 맞선다","어메이징 오트 바리스타 제품은 전국 약 8000개 카페에 납품되고 있으며, 기업 간 거래(B2B) 카페 시장 매출은 지난해 전년 대비 38% 증가했다. 오트밀크를 단순 음료가 아니라 커피 산업과 연결된 하나의 생태계로... ",https://www.techm.kr/news/articleView.html?idxno=152890,https://www.techm.kr/news/articleView.html?idxno=152890,2026-06-25
카페 시장,GTX-C 품은 '인덕원 퍼스비엘' 보류지 나온다...의왕 부동산시장 주목,"부동산 시장의 관심이 쏠리고 있다. GTX-C 등 교통 호재를 품은 입지에 신축 브랜드 대단지를 시세보다 낮은... 단지에는 피트니스클럽과 GX클럽, 사우나, 골프클럽, 독서실, 북&키즈카페, 스튜디오, 공유오피스, 다목적... ",https://www.joongangenews.com/news/articleView.html?idxno=528252,https://www.joongangenews.com/news/articleView.html?idxno=528252,2026-06-25
카페 시장,"카페·식당·극장, 전국 곳곳 '대~한민국' 응원…""졌지만 희망을""(종합)",또한 주민들은 일찍 문을 연 식당이나 카페 등을 찾아 단체로 응원하는 모습이 곳곳에서 포착됐다. 경기... 인근의 대구 수성구 신천시장 일대 치킨집에는 우리 대표팀의 조별리그 세 번째 경기인 남아공전을 보려는... ,https://www.news1.kr/local/gyeonggi/6208178,https://n.news.naver.com/mnews/article/421/0009023438?sid=102,2026-06-25
카페 시장,스터디카페 창업시장 변화… 임차 기반 창업 늘어,"작심스터디카페도 이러한 시장 흐름에 맞춰 전국 단위 가맹 상담을 진행하고 있다. 회사 측은 대전과 부산, 울산 등 일부 지역에서 건물주뿐 아니라 임차 형태의 창업 상담도 이어지고 있으며, 상권 특성과 투자 규모 등을... ",https://biz.heraldcorp.com/article/10788092?ref=naver,https://n.news.naver.com/mnews/article/016/0002661555?sid=101,2026-06-25
카페 시장,"AI·반도체가 키운 증시 자금, 부동산으로 이동…부산 도심권도 변화의...","최근 AI와 반도체 산업의 성장세가 글로벌 증시를 견인하면서, 이를 통해 형성된 투자 수익이 부동산 시장으... 단지는 서면 생활권에 속해 롯데백화점과 롯데호텔, 서면 메디컬스트리트, 전포카페거리 등 부산 대표 도심... ",https://www.dt.co.kr/article/12069514?ref=naver,https://n.news.naver.com/mnews/article/029/0003033681?sid=101,2026-06-25
카페 시장,"한성숙, 다주택·불법 증축 의혹에 사과…""국민 눈높이 맞지 않았다""",한강타임즈 정두현 기자 = 한성숙 국무총리 후보자가 25일 국회 인사청문회에서 다주택 보유와 종로구 카페... 한 후보자는 해당 토지를 처음 시장에 내놓을 당시 매입가보다 낮은 7억원 수준으로 매물 가격을 정했다고... ,https://www.hg-times.com/news/articleView.html?idxno=303068,https://www.hg-times.com/news/articleView.html?idxno=303068,2026-06-25
카페 시장,"[경제소식] 하나금융그룹, '하나 JOB매칭 페스타 in 광주' 성료","전일 미국 시장을 기반으로 한 모닝 전략, 모닝 라이브, 오늘의 주식, 국내외 투자 전략 중심의 증권방송... 카페라운지 등 손님 대상 프라이빗 공간도 운영한다. 현대백화점 앱을 통한 접점도 확대해 일상 속 금융... ",http://www.4th.kr/news/articleView.html?idxno=2113698,http://www.4th.kr/news/articleView.html?idxno=2113698,2026-06-25
카페 시장,"대우건설, ‘장위 푸르지오 마크원’ 26일 견본주택 개관","장위전통시장과 대형마트, 백화점, 영화관 등 생활 편의시설도 이용할 수 있다. 북서울꿈의숲과 대형... 커뮤니티 시설에는 피트니스클럽과 골프클럽, 스크린골프, 사우나, 독서실, 작은도서관, 시네마룸, 카페... ",http://www.segyebiz.com/newsView/20260625508568?OutUrl=naver,http://www.segyebiz.com/newsView/20260625508568?OutUrl=naver,2026-06-25
카페 시장,"대우건설, '장위 푸르지오 마크원' 26일 견본주택 개관","장위전통시장과 대형마트, 백화점, 영화관, 대형 병원도 주변에서 이용할 수 있다. 북서울꿈의숲도... 커뮤니티 시설에는 피트니스클럽, 골프클럽, 사우나, 독서실, 작은도서관, 시네마룸, 카페 등이 들어설... ",http://www.beyondpost.co.kr/view.php?ud=202606251135564626205868f676_30,http://www.beyondpost.co.kr/view.php?ud=202606251135564626205868f676_30,2026-06-25
카페 시장,"여름 속초, 푸른 바다와 고즈넉한 사찰이 어우러진 가볼 만한 곳","방파제에서는 바다낚시를 즐길 수 있으며, 방파제 입구에는 활어시장이 형성되어 신선한 해산물을 만날 수... 속초시 노학동에 위치한 과자의성은 빵 공장, 기념품샵, 역사관, 베이킹 체험장, 루프탑 카페로 구성된 복합... ",https://www.stardailynews.co.kr/news/articleView.html?idxno=539898,https://www.stardailynews.co.kr/news/articleView.html?idxno=539898,2026-06-25
카페 시장,“한 번 사면 평생 무료”… 1만 명 몰린 자기계발 다이어리 메아리셋의...,"이 문제를 정면으로 파고든 다이어리가 등장해 1만 명이 몰려들며, 자기계발 시장을 흔들고 있다. 뇌과학... 네이버 카페 ‘매일 1% : 끈질기게 전진하는 사람들’에서 운영 중인 ‘12주 인증 챌린지’는 매주 한 번... ",https://www.megaeconomy.co.kr/news/newsview.php?ncode=1065578438850317,https://www.megaeconomy.co.kr/news/newsview.php?ncode=1065578438850317,2026-06-25
카페 시장,"YS컴퍼니, 창원 '메가시티 자이&위브' 입주박람회 주관사 선정","도보권에는 여좌초, 진해여중, 진해여고 등이 위치해 있으며, 홈플러스, 롯데마트, 진해중앙시장 등 생활... 현재 창원 메가시티 자이&위브 입주예정자 카페가 운영되고 있으며, 지역 부동산 카페 ‘창원 부동산 이야기’... ",https://www.hankyung.com/article/202606257420O,https://n.news.naver.com/mnews/article/015/0005302696?sid=101,2026-06-25
카페 시장,[여의도 단신]하나증권·KB증권·SK증권·키움증권,"카페라운지 등 프라이빗 공간을 마련하고 현대백화점 앱을 통한 고객 접점 확대에도 나설 예정이다.... 하반기 시장 전망과 투자 전략을 공유했다. ◆SK증권, 서스틴베스트 ESG 평가 최고등급 'AA' SK증권은... ",https://www.imaeil.com/page/view/2026062510352964989,https://n.news.naver.com/mnews/article/088/0001016219?sid=101,2026-06-25
카페 시장,"[현장]“아이 인형이 어른 수집품으로”… 젤리캣, 더현대 서울에 국내...",젤리캣이 국내 첫 공식 매장을 연 배경에는 성수동 팝업스토어에서 확인한 한국 시장의 가능성이 있다. 당시... ‘젤리캣 카페’ 등 도시별 콘셉트를 반영한 테마 공간을 선보이며 체험형 리테일을 확대해왔다. 이번 서울... ,https://www.donga.com/news/Economy/article/all/20260625/134180192/1,https://n.news.naver.com/mnews/article/020/0003729408?sid=101,2026-06-25
카페 시장,"하나증권, THE H1 W 신규 오픈 초고액자산가 프리미엄 서비스...투자자 ...","카페라운지 등 손님 대상 프라이빗 공간을 운영하고 현대백화점 앱을 통한 접점을 확대하는 등 일상... 데이터앤리서치 관계자는 관심도 증가에 대해 ""가상자산 및 신산업 연계 투자 상품의 흥행 (외부 시장 트렌드)... ",http://www.thebigdata.co.kr/view.php?ud=202606251114135774df3c2a17b7_23,http://www.thebigdata.co.kr/view.php?ud=202606251114135774df3c2a17b7_23,2026-06-25
카페 시장,"백억커피, 고양신원점·부산기장점 신규 가맹점 동시 오픈","두 매장 모두 주거 인구와 생활밀착형 소비 수요가 풍부한 지역에 자리해 지역 주민들의 일상 속 카페로... 부산기장점은 기장시장과 주거단지, 상업시설이 어우러진 중심 생활권에 자리 잡았다. 특히 동해선 기장역 인근... ",https://www.enetnews.co.kr/news/articleView.html?idxno=51631,https://www.enetnews.co.kr/news/articleView.html?idxno=51631,2026-06-25
카페 시장,[A-Z 트렌드 리딩] '갸루·도우인 화장법' 인기...국경 사라진 한·중·일...,"갸루 열풍은 국내 뷰티 시장에도 영향을 미치고 있다. 갸루 메이크업의 상징으로 꼽히는 누드립의 인기가... 여행을 통해 현지에서 유행하는 카페와 패션, 화장품을 직접 경험하고 SNS에 공유하는 모습도 자연스러운... ",https://www.banronbodo.com/news/articleView.html?idxno=32519,https://www.banronbodo.com/news/articleView.html?idxno=32519,2026-06-25
카페 시장,세계 홀린 ‘K-카페’...달고나커피·빙수·한옥카페 인기,카페 수가 많은 국내 시장은 치열한 경쟁을 통해 세계적 수준으로 제조력과 공간 미학을 끌어올렸다. 국세청 국세통계포털(TASIS)에 따르면 작년 1분기(1~3월) 전국 커피음료점은 9만 5337개에 달한다. ‘인스타그래머블’... ,https://biz.heraldcorp.com/article/10787904?ref=naver,https://n.news.naver.com/mnews/article/016/0002661429?sid=101,2026-06-25
카페 시장,“디지털 디톡스가 필요해”…2040은 왜 ‘테무’에서 아날로그 취미 찾...,"25일 시장조사전문기업 엠브레인 트렌드모니터의 설문조사에 따르면, 조사 대상 응답자의 69.9%가 “디지털... 카페나 야외에서 눈에 띄는 풍경을 가볍게 그릴 수 있도록 휴대성 좋은 화첩이 필요했지만, 시중에서 딱 맞는... ",https://www.munhwa.com/article/11598132?ref=naver,https://n.news.naver.com/mnews/article/021/0002800233?sid=101,2026-06-25
카페 시장,"대우건설, 26일 '장위 푸르지오 마크원' 견본주택 오픈","더불어어 장위전통시장과 대형마트·백화점, 영화관 등 다양한 생활·문화시설 이용이 편리하다.... 또한 독서실, 작은도서관 등 교육·육아 관련 시설과 시네마룸, 카페, 코인세탁실 등 생활 편의시설도 함께... ",https://news.tf.co.kr/read/economy/2336428.htm,https://n.news.naver.com/mnews/article/629/0000510518?sid=101,2026-06-25
카페 시장,"코트라, 알마티에서 'K-프랜차이즈 진출 로드쇼'","카자흐스탄 프랜차이즈 시장 규모는 30억 달러 정도지만 외국계 브랜드 비중이 70%를 넘는다. 특히 패스트 푸드, 카페, 의류 분야는 외국계 브랜드 비중이 특히 높아 K-프랜차이즈 진출 여지도 크다.홍두영 코트라 CIS... ",https://weeklytrade.co.kr/news/view.html?section=1&category=5&item=&no=100347,https://weeklytrade.co.kr/news/view.html?section=1&category=5&item=&no=100347,2026-06-25
카페 시장,사통팔달 교통망 갖춘 아파트 관심…'의왕역 SK VIEW' 7월 분양 예정,"부동산 시장에서 역세권과 광역도로망을 함께 갖춘 이른바 '사통팔달 교통망' 아파트가 관심을 받고 있다.... 스터디룸, 주민카페 등을 조성할 계획이다. '의왕역 SK VIEW' 견본주택은 경기도 의왕시 삼동에 마련될 예정이다.",https://economist.co.kr/article/view/ecn202606250019,https://n.news.naver.com/mnews/article/243/0000099610?sid=101,2026-06-25
카페 시장,무더위에 수변 상권 '활기'…장다리천 품은 스트리트 상가 관심,"소상공인시장진흥공단 상권정보시스템에 따르면 광교호수공원 인근 '광교 힐스테이트레이크 단지 내 상업시설' 반경 200m 이내 카페의 지난해 7월과 8월 평균 매출은 각각 3444만원, 3634만원으로 최근 1년 중 가장 높은... ",https://economist.co.kr/article/view/ecn202606250018,https://n.news.naver.com/mnews/article/243/0000099609?sid=101,2026-06-25
카페 시장,"진흥원, 'K-BIC STAR DAY & 벤처카페' 개최","시장분석, 특허, 법률, 임상·인허가 등 분야별 전문가의 맞춤형 사전 컨설팅을 받았으며 행사에는 벤처캐피털(VC)과 액셀러레이터(AC) 등 투자기관 관계자들이 참석해 기업과의 교류에 나선다. IR 행사 이후에는 벤처카페... ",https://www.bosa.co.kr/news/articleView.html?idxno=3007011,https://www.bosa.co.kr/news/articleView.html?idxno=3007011,2026-06-25
카페 시장,"IPARK현대산업개발, 이문 아이파크 자이 3단지 입주 시작… 대규모 브랜...","피트니스센터와 실내골프연습장, 사우나, 북카페 등을 마련해 단지 안에서 다양한 문화·여가 활동을 즐길... 시장에서는 아이파크 브랜드를 중심으로 한 기업 정체성 강화와 차별화된 주거 가치 제안이 고객들의... ",https://www.financialpost.co.kr/news/articleView.html?idxno=263891,https://www.financialpost.co.kr/news/articleView.html?idxno=263891,2026-06-25
카페 시장,[건설업계 동향] 현대건설ㆍ대우건설ㆍDL이앤씨ㆍ롯데건설(6.25),"장위전통시장과 대형마트·백화점, 영화관 등 다양한 생활·문화시설 이용이 편리하다. 또한 대형 병원이... 또한 독서실, 작은도서관 등 교육·육아 관련 시설과 시네마룸, 카페, 코인세탁실 등 생활 편의시설도 함께... ",http://www.weeklytoday.com/news/articleView.html?idxno=781735,http://www.weeklytoday.com/news/articleView.html?idxno=781735,2026-06-25
카페 시장,[단독]“이제 검색을 대화로”… 네이버 ‘AI탭’ 오늘 정식 출시,‘강남에 콘센트 있고 좌석 넓은 카페 추천해줘’ 같은 복합 질문에도 통합 검색·쇼핑·플레이스·블로그... 시장조사 업체 인터넷트렌드 집계에 따르면 네이버의 평균 검색 점유율은 베타 서비스 출시 전(1월 1일~4월... ,https://www.chosun.com/economy/tech_it/2026/06/25/2AOBNATDUNDXBNFG5Y2IS3IWEI/?utm_source=naver&utm_medium=referral&utm_campaign=naver-news,https://n.news.naver.com/mnews/article/023/0003984020?sid=105,2026-06-25
카페 시장,"""한국서 통하면, 세계서 통한다""… '중국 F&B' 줄입성","한국은 외식과 카페 브랜드 간 경쟁이 치열해 맛과 품질, 서비스, 브랜드 경험까지 모두 검증받아야 하는 시장으로 평가받는다. 한국에서 성공하면 글로벌 시장에서도 경쟁력을 인정받을 가능성이 높다는 인식이... ",http://www.the-biz.co.kr/news/articleView.html?idxno=723238,http://www.the-biz.co.kr/news/articleView.html?idxno=723238,2026-06-25
카페 시장,[딜리셔스 IPO] 몸값 대신 상장 완주 택했다…FI도 손실 감수,"'신상마켓' 운영사 딜리셔스가 코스닥 시장에 상장하기 위한 증권신고서를 제출했다. 기업공개(IPO)를... 미트박스(축산물)와 블루엠텍(의약품), 카페24(이커머스 솔루션) 등이 대표적이다. 그러나 PSR 방식으로는... ",https://www.the-stock.kr/news/articleView.html?idxno=32808,https://www.the-stock.kr/news/articleView.html?idxno=32808,2026-06-25
카페 시장,"대우건설, 돌곶이역 역세권 대단지 '장위 푸르지오 마크원' 견본주택 26...","더불어 장위전통시장과 대형마트·백화점, 영화관 등 다양한 생활·문화시설 이용이 편리하다. 또한... 또한 독서실, 작은도서관 등 교육·육아 관련 시설과 시네마룸, 카페, 코인세탁실 등 생활 편의시설도 함께... ",http://www.ikld.kr/news/articleView.html?idxno=336539,http://www.ikld.kr/news/articleView.html?idxno=336539,2026-06-25
카페 시장,돌곶이역 인근 1931가구 대단지 공급…'장위 푸르지오 마크원' 분양 돌입,"장위전통시장을 비롯해 대형마트, 백화점, 영화관 등 상업·문화시설 이용이 가능하며 대형 병원도... 독서실과 작은도서관, 시네마룸, 카페, 코인세탁실 등도 함께 조성될 예정이다. 대우건설 관계자는 ""장위... ",https://www.businessplus.kr/news/articleView.html?idxno=113314,https://www.businessplus.kr/news/articleView.html?idxno=113314,2026-06-25
카페 시장,"대우건설, '장위 푸르지오 마크원' 26일 견본주택 개관·분양 개시","장위전통시장과 대형마트·백화점, 영화관까지 생활·문화시설 이용이 편리하며 대형 병원도 가깝고... 독서실과 작은도서관 등 교육·육아 시설과 시네마룸, 카페, 코인세탁실을 포함한 생활 편의시설도... ",https://www.womentimes.co.kr/news/articleView.html?idxno=103902,https://www.womentimes.co.kr/news/articleView.html?idxno=103902,2026-06-25
카페 시장,"[분양 뉴스브리핑] 대우건설, '장위 푸르지오 마크원' 견본주택 26일 개...","더불어 장위전통시장과 대형마트·백화점, 영화관 등 다양한 생활·문화시설 이용이 편리하다. 또한 대형... 차량 약 5분 거리에는 롯데프리미엄아울렛이 위치해 있으며 백운호수 카페거리와 상업시설 등 기존 생활... ",https://www.asiatime.co.kr/article/20260625500096,https://www.asiatime.co.kr/article/20260625500096,2026-06-25
카페 시장,"우크라, 러에 '정전' 되갚아줬다… 공습받은 러 점령지선 ""폰 배터리도...",러시아가 임명한 미하일 라즈보자예프 세바스토폴 시장은 “이번 주 대중교통과 카페 등 음식점은 운영시간을 단축하고 야간 공격으로부터 도시를 보호하기 위해 가로등 조명을 어둡게 할 것”이라며 “전력망 과부하를... ,https://www.hankookilbo.com/news/article/A2026062509240000265?did=NA,https://n.news.naver.com/mnews/article/469/0000938512?sid=104,2026-06-25
카페 시장,충북도청 잔디광장서 27일 첫 '공공예식'…축복웨딩 1호 탄생,"신부 애장품을 판매하는 벼룩시장도 열려 수익금 전액을 학교밖청소년지원센터에 기부한다. 신랑 측은 하객들을 위해 지역 카페와 연계해 커피 300잔을 무료로 제공한다. 백씨 부부는 ""비싸고 화려한 예식장보다는... ",https://www.yna.co.kr/view/AKR20260625056700064?input=1195m,https://n.news.naver.com/mnews/article/001/0016157892?sid=102,2026-06-25
카페 시장,"대우건설, 장위뉴타운 마크원 견본주택 개관","장위전통시장과 대형마트, 백화점, 영화관 등 생활시설과 대형 병원도 가깝다. 북서울꿈의숲과도... 시네마룸, 카페 등도 갖춰진다. 조경에는 티하우스와 산책로가 조성된다. 대우건설 관계자는 ""장위 푸르지오... ",https://www.cstimes.com/news/articleView.html?idxno=711063,https://www.cstimes.com/news/articleView.html?idxno=711063,2026-06-25
카페 시장,"공주시 유구읍 지역사회보장협의체, 정성 담은 나눔 실천",이날 나눔에는 ▲피자초이스(연세우유) ▲시장닭집(닭강정) ▲드림즈카페(간식꾸러미) ▲다섯손가락(손뜨개 수세미) ▲백송식당·이향식당(밑반찬) 등 지역 사업장들의 정성 어린 후원이 이어져 풍성함을 더했다. 아울러... ,http://www.chungnamilbo.co.kr/news/articleView.html?idxno=895444,http://www.chungnamilbo.co.kr/news/articleView.html?idxno=895444,2026-06-25
카페 시장,"""삼전닉스는 또 급등하는데""…얼어붙은 인터넷株, 믿을건 'AI'","다만, 시장에서는 인터넷 업종의 반등 여부 역시 결국 AI에서 갈릴 것으로 보고 있다. AI가 검색과 광고... 35%) ▲카페24(-12.51%) ▲안랩(-11.02%) ▲SOOP(-9.76%) 등도 동반 약세를 나타냈다. 주요 투자 주체 중에서는 개인이... ",https://www.imaeil.com/page/view/2026062509511334588,https://n.news.naver.com/mnews/article/088/0001016195?sid=101,2026-06-25
카페 시장,‘반하다밀양 반값여행’ 또 조기 마감…전국 관광객 관심 집중,"1% 증가했으며, 영남루와 위양지, 표충사 등 주요 관광명소는 물론 지역 음식점과 카페, 체험시설 등으로... 안병구 밀양시장은 24일 정부세종청사를 방문해 농림축산식품부 농산업혁신정책관과 면담을 갖고 ‘영남권... ",https://www.kukinews.com/article/view/kuk202606250025,https://www.kukinews.com/article/view/kuk202606250025,2026-06-25
카페 시장,'몰세권' 선호 확대···입지 앞세운 '김해 신문 센트럴 아이파크' 공급,"부동산 시장에서 대형 쇼핑몰을 집 앞 마트처럼 편리하게 이용할 수 있는 '몰세권' 아파트의 선호도가... 롯데프리미엄아울렛 김해점에는 130여 개 브랜드가 입점해 있으며 식당가, 키즈카페, 가야유물전시관 등이... ",https://www.enetnews.co.kr/news/articleView.html?idxno=51611,https://www.enetnews.co.kr/news/articleView.html?idxno=51611,2026-06-25
카페 시장,[뉴스퀘어10] 오늘부터 한성숙 청문회...여야 '당권 경쟁' 시동,"예를 들어서 시장성, 사업성을 따질 수밖에 없고요. 그렇게 재정비 관련돼서 많이 정부가 왜 규제를 풀어주지... 그러면 누구의 얘기를 더 듣고 맘카페 가서 얘기를 듣는다고 하더라도 결국 많은 국민들이 걱정하는 건... ",https://www.ytn.co.kr/_ln/0101_202606250956342896,https://n.news.naver.com/mnews/article/052/0002370920?sid=100,2026-06-25
카페 시장,"시끄러운 식당에서도 편안한 대화 가능… 오티콘보청기, 브레인히어링™...","가족과의 대화, 회의, 식당, 카페 등에서는 말소리와 함께 다양한 환경음이 존재한다. 이때 특정 소리만... 진단 장비 그룹 다이어텍코리아와의 협력 파트너십을 통해 국내 청각 산업 시장에서 입지를 견고히 다지고 있다.",https://www.fntoday.co.kr/news/articleView.html?idxno=386943,https://www.fntoday.co.kr/news/articleView.html?idxno=386943,2026-06-25
카페 시장,속도 붙는 고덕국제신도시 마지막 개발축… ‘고덕국제신도시 수자인하...,"시장에서는 주요 인프라가 갖춰지는 동안 남아 있는 공동주택용지는 줄어드는 만큼, 신규 공급 단지에... 주민카페 등 다양한 커뮤니티시설이 마련될 예정이다. 분양 관계자는 “동탄 등 기존 2기 신도시도 계획된... ",https://www.dt.co.kr/article/12069462?ref=naver,https://n.news.naver.com/mnews/article/029/0003033628?sid=101,2026-06-25
카페 시장,"""셀러 확보 경쟁 불붙었다""···카페24, 알리바바 소싱 자동화 승부수",| 스마트비즈 = 이서윤 기자 | 국내 이커머스 업계의 판매자 확보 경쟁이 치열해지는 가운데 카페24가 글로벌... 최근 이커머스 시장이 성숙 단계에 접어들면서 플랫폼 기업들은 소비자 확보보다 판매자 생태계 확대에... ,https://www.smartbizn.com/news/articleView.html?idxno=146990,https://www.smartbizn.com/news/articleView.html?idxno=146990,2026-06-25
카페 시장,"가수 정세진, '프로 반반쇼' 첫방 출연부터 K-트롯 홍보대사까지 행보 ...",해당 촬영은 가수 전찬혁이 운영하는 카페 '국립공원'에서 진행됐다. 특히 녹화 장소와 같은 건물 1층에는... 정세진은 위촉식에서 K-트롯의 가치를 국내외 시장에 널리 전파하겠다는 비전을 제시했다. 이어 정세진은 오는... ,https://www.abcn.kr/news/articleView.html?idxno=88907,https://www.abcn.kr/news/articleView.html?idxno=88907,2026-06-25
카페 시장,"하나증권, 현대백화점 목동점에 프리미엄 WM센터 개점",카페 라운지 등 전용 공간을 마련하고 현대백화점 앱을 통한 고객 접점도 확대한다. 강성묵 하나증권... 한국투자증권도 패밀리오피스와 세무·부동산·상속 컨설팅을 강화하며 초고액자산가 시장 공략에 속도를 내고 있다.,http://www.srtimes.kr/news/articleView.html?idxno=206040,http://www.srtimes.kr/news/articleView.html?idxno=206040,2026-06-25
카페 시장,의왕·오산·평택에 5700가구…7월 수도권 대단지 분양 몰린다,"올여름 수도권 분양시장에 1000가구 이상 대단지 공급이 몰린다. 7월 경기 의왕·오산·평택에서만 총... 게스트룸과 샤워실, 냉·온탕, 작은도서관, 독서실, 스터디룸, 주민카페 등도 마련될 예정이다.... ",https://www.mediapen.com/news/view/1106399,https://www.mediapen.com/news/view/1106399,2026-06-25
카페 시장,남의 결혼식에 2만원 내고 뷔페까지…예비부부 '암행투어' 엇갈린 시선,"결혼 정보 공유 카페와 블로그 등에는 암행투어 후기 글과 체크리스트가 잇따라 올라오고 있으며, 일부 웨딩... 웨딩 시장의 정보 비대칭에 있다. 예비부부들은 합리적인 선택을 위해서는 '실전 답사'가 불가피하다고 입을... ",https://view.asiae.co.kr/article/2026062509273226433,https://n.news.naver.com/mnews/article/277/0005781217?sid=102,2026-06-25
카페 시장,"빗속에 짙어진 초록, 깊어진 추억… 詩와 함께 누리는‘앳되고 고운 날...","도심에는 오래된 문구점의 추억을 장식으로 삼은 카페가 있고, 감각적인 공방과 사진관이 늘어선 ‘추억의... 신작로는 안성시장까지 끼고 있어 한 세대 전까지만 해도 길 양편으로 시장에서 흘러넘친 노점이 늘 가득 차곤... ",https://www.munhwa.com/article/11598093?ref=naver,https://n.news.naver.com/mnews/article/021/0002800195?sid=103,2026-06-25
카페 시장,"""납품처 아니라 파트너""…협력사 교육 늘리는 식품업계","한식과 카페, 주점 등 다양한 업종 관계자들이 참석한 가운데 외식 시장 트렌드와 브랜드 운영 전략, 메뉴 개발, 식자재 관리 노하우 등을 공유했다. 단순 식자재 유통을 넘어 외식업체의 성장과 운영 역량 강화를... ",http://www.mkhealth.co.kr/news/articleView.html?idxno=79042,http://www.mkhealth.co.kr/news/articleView.html?idxno=79042,2026-06-25
카페 시장,"아우탐, 상가 재단장 수요 겨냥해 '아이스크랙 필름' 공급 확대","최근 상가 시장에서는 인테리어 자재 선택 기준이 기존 내구성 중심에서 교체 효율성과 시공 기간, 현장 적용 편의성을 종합적으로 살피는 방향으로 변화하고 있다. 특히 카페, 음식점, 소매 매장 등 업종 전환이 잦은... ",https://www.thebilliards.kr/news/articleView.html?idxno=31232,https://www.thebilliards.kr/news/articleView.html?idxno=31232,2026-06-25
카페 시장,"K프랜차이즈, 카자흐스탄서 수출 상담회…중앙亞 공략 본격화","카자흐스탄 프랜차이즈 시장 규모는 30억 달러 정도지만 외국계 브랜드 비중이 70%를 넘는다. 특히 패스트 푸드, 카페, 의류 분야는 외국계 브랜드 비중이 특히 높아 K프랜차이즈 진출 여지도 크다. 홍두영 코트라 CIS... ",https://www.sedaily.com/article/20059866?ref=naver,https://n.news.naver.com/mnews/article/011/0004634753?sid=101,2026-06-25
카페 시장,의정부 신곡동 'e편한세상 신곡 시그니처뷰 단지 내 상가' 분양,"2단지 상가는 대로변과 버스정류장 인접성을 바탕으로 1층에는 약국, 편의점, 카페 등 생활편의시설을... 주변에는 GS프레시, 제일시장, 로데오거리, 은행, 백화점 등 생활편의시설이 위치한다. 남측 발곡근린공원과... ",https://www.bizwork.co.kr/news/articleView.html?idxno=416742,https://www.bizwork.co.kr/news/articleView.html?idxno=416742,2026-06-25
카페 시장,"IPARK현대산업개발, 이문 아이파크 자이 3단지 입주 시작...대규모 브랜...","피트니스센터와 실내골프연습장, 사우나, 북카페 등을 마련해 단지 안에서 다양한 문화·여가 활동을 즐길... 시장에서는 아이파크 브랜드를 중심으로 한 기업 정체성 강화와 차별화된 주거 가치 제안이 고객들의... ",https://www.joongangenews.com/news/articleView.html?idxno=527865,https://www.joongangenews.com/news/articleView.html?idxno=527865,2026-06-25
카페 시장,"남양주시, 금곡데이케어센터 문 열어.. 주민 손으로 만든 건강쉼터","센터 조성에는 ㈜디지털국제공조, 카페 키스톤스피시즈, 굿모닝침대, 케이제이호연을 비롯해 주민자치위원회... 주광덕 시장은 개소식에서 “주민들의 나눔과 협의체의 헌신으로 마련된 공간인 만큼 어르신들의 건강... ",https://sports.donga.com/region/article/all/20260625/134178518/1,https://n.news.naver.com/mnews/article/382/0001280067?sid=102,2026-06-25
카페 시장,서울시 서남선 추진 및 글로벌 IT 기업 투자에 따른 마곡지구 교통 산업...,"정보에 시장의 동선이 연계되는 흐름이다. 서울시가 지난 6월 10일 공표한 제3차 도시철도망 구축계획안에... 지상 2층 구역에는 키즈카페, 맘스라운지, 스터디룸, 1인 독서실, 라이브러리, 라운지바, 와인라운지... ",http://www.fnnews.com/news/202606221449222791,https://n.news.naver.com/mnews/article/014/0005539407?sid=101,2026-06-25
카페 시장,"남양주시, 금곡동 '데이케어센터' 개소…지역 돌봄 거점 조성","센터 조성에는 ㈜디지털국제공조, 카페 키스톤스피시즈, 굿모닝침대, 케이제이호연 등 지역 기업과... 주광덕 남양주시장은 ""금곡데이케어센터는 주민들의 관심과 나눔, 지역사회보장협의체의 헌신이 모여 탄생한 소중한... ",https://www.shinailbo.co.kr/news/articleView.html?idxno=5034111,https://www.shinailbo.co.kr/news/articleView.html?idxno=5034111,2026-06-25
카페 시장,대구 보건의료·산업계 한자리에…“필수의료·의료산업 함께 키우자”,"사단법인 AI바이오·메디시티대구협의회(회장 민복기 대구시의사회장)는 24일 영남대의대 북카페에서 추경호 대구시장 당선인과 협의회 이사진, 위원장들이 참석한 가운데 '대구시 보건의료 발전을 위한 간담회'를... ",https://kormedi.com/?p=2828177,https://n.news.naver.com/mnews/article/296/0000101891?sid=103,2026-06-25
카페 시장,[기자수첩] 배달앱 채찍만이 능사 아니다,"짜장면, 족발 등 일부 음식에만 해당하던 '배달서비스'는 모든 음식점으로 확대됐고 심지어 카페에서 커피 한 잔까지도 주문할 수 있는 시대가 됐다. 음식배달 시장이 이렇게 빨리 연간 40조원 규모로 성장할 것이라고... ",https://dealsite.co.kr/articles/164101,https://dealsite.co.kr/articles/164101,2026-06-25
카페 시장,"""한국 살아보니 좋더라""…'관광'에서 '체류'로 바뀐 외국인들 [정규호의...",요즘 카페에 앉아 있으면 옆자리 대화가 외국어인 경우를 쉽게 찾아볼 수 있다. 관광지도 아닌 동네 카페에서... 글로벌 확장을 추진하고 있다. 한국의 공간과 라이프스타일을 해외 시장과 연결하는 일에 관심을 두고 있다.,https://magazine.hankyung.com/job-joy/article/202606245940d,https://magazine.hankyung.com/job-joy/article/202606245940d,2026-06-25
카페 시장,"[청년뉴스] 소상공인시장진흥공단, 하나금융그룹과 청년 소상공인 지원...","-편집자 말 ◇ 소상공인시장진흥공단, 하나금융그룹과 청년 소상공인 지원 ESG 협약 체결 23일(화)... 사회연대은행은 싱어송라이터 구현모가 오는 27일 서울 강남구 카페 큐리어스에서 재즈 콘서트를 개최한다고 24일... ",https://www.ibabynews.com/news/articleView.html?idxno=152336,https://www.ibabynews.com/news/articleView.html?idxno=152336,2026-06-25
카페 시장,"코트라, 카자흐서 'K프랜차이즈 로드쇼'…중앙아 시장 공략 확대","약 30억달러 규모의 현지 프랜차이즈 시장에서 외국계 브랜드 비중이 70%를 넘고, 패스트푸드와 카페, 의류 분야를 중심으로 해외 브랜드 선호도가 높아 국내 기업의 진출 여력이 크다는 평가다. 행사에서는 국내... ",https://www.edaily.co.kr/news/newspath.asp?newsid=02568246645485328,https://n.news.naver.com/mnews/article/018/0006314248?sid=101,2026-06-25
카페 시장,"현금결제, 지켜야 할 사회 인프라 [권태준의 ‘경제법 이야기’]","수년 전 버스에서 현금 승차가 사라졌고, 식당과 카페에서도 현금을 받지 않는 매장이 늘고 있다. 택시에서... 비현금화는 시장의 자연스러운 흐름이지만, 그 흐름을 시장에만 맡겨두면 현금이 필요한 이들의 자리는... ",https://www.kukinews.com/article/view/kuk202606240114,https://www.kukinews.com/article/view/kuk202606240114,2026-06-25
카페 시장,"[금융·경제 트렌드] 구로구, 7월 1일 구로사랑상품권 80억 원 추가 발행...","-편집자 말 ◇ 구로구, 7월 1일 구로사랑상품권 80억 원 추가 발행 구로구 한 카페에서 주민이... ◇ 성북구, 전통시장 소비 촉진 '페이백 이벤트'·마을장터 개울장 개최 장위전통시장에서 가계보탬 페이백 이벤트를... ",https://www.ibabynews.com/news/articleView.html?idxno=152340,https://www.ibabynews.com/news/articleView.html?idxno=152340,2026-06-25
배달의민족,"우아한청년들, 라이더 시간제 종합보험 업계 최초 출시",배달의민족 물류서비스를 전담하는 우아한청년들은 배달서비스공제조합과 공동 개발한 라이더 전용 시간제 종합보험 '바로공제보험'을 공식 출시했다고 25일 밝혔다. 우아한청년들은 2019년 업계 최초로 시간제보험을... ,http://www.inews24.com/view/1979781,https://n.news.naver.com/mnews/article/031/0001037680?sid=101,2026-06-25
배달의민족,"우아한청년들-배달서비스공제조합, 유상운송보험 의무화 대응 ‘바로공...","배달의민족 물류 자회사 우아한청년들이 배달서비스공제조합과 함께 유상운송보험 의무화 대응을 위한 '바로공제보험'을 출시했다. 25일 우아한청년들에 따르면, '바로공제보험'은 라이더 전용 시간제 종합보험으로... ",https://byline.network/?p=9004111222609645,https://byline.network/?p=9004111222609645,2026-06-25
배달의민족,"배달의민족 '함께주문'에 '더치페이' 기능 추가, 메뉴별 금액 자동 계산",배달의민족에서 여럿이 함께 주문한 음식 값을 편리하게 나눠 계산할 수 있게 됐다. 배달의민족을 운영하는 우아한형제들은 앱 내 '함께주문' 이용 고객을 위한 더치페이 기능을 오픈했다고 25일 밝혔다. 배달의민족에서... ,https://www.businesspost.co.kr/BP?command=article_view&num=440869,https://www.businesspost.co.kr/BP?command=article_view&num=440869,2026-06-25
배달의민족,"[솔로이코노미] OTT 정가는 올랐는데, 왜 지출은 줄었을까?",쿠팡이츠가 와우 멤버십 회원을 대상으로 무제한 무료배달을 도입한 뒤 배달의민족과 요기요도 경쟁에 뛰어들면서다. 플랫폼 간 무료배달 경쟁 확산에 배달팁 부담은 일부 완화됐다. 그렇다고 해서 소비자의 부담이... ,http://www.dailypop.kr/news/articleView.html?idxno=100023,http://www.dailypop.kr/news/articleView.html?idxno=100023,2026-06-25
배달의민족,"[유통24시] 이마트, PL브랜드 페스타 개최 外","◆배민, '함께주문' 더치페이 기능 도입 배달의민족이 공동주문 서비스 '함께주문'에 더치페이 기능을 추가했다. 함께주문은 여러 명이 하나의 가게에서 각자 원하는 메뉴를 담아 한 번에 주문하는 서비스다. 새... ",https://news.dealsitetv.com/articles/172403,https://news.dealsitetv.com/articles/172403,2026-06-25
배달의민족,"[게임 Pick] 조이시티 '바이오하자드 서바이벌 유닛', '몬스터헌터' 컬래...","플레이타임 상위 6명과 랜덤 선정 6명, 12인은 갤럭시 버즈3 프로, 네이버페이 포인트, 배달의 민족 기프티콘 등의 경품을 받을 수 있다. ◇ 컴투스홀딩스 '소울 스트라이크', 신규 성장 시스템 추가 컴투스홀딩스는 '소울... ",https://daily.hankooki.com/news/articleView.html?idxno=1379966,https://daily.hankooki.com/news/articleView.html?idxno=1379966,2026-06-25
배달의민족,"""주문은 한번에, 결제는 따로""... 배민 '함께주문' 이제 더치페이 된다",배달의민족의 공동주문 서비스 '함께주문'이 한층 편리해졌다. 이제 함께주문 이용자들은 주문 후 음식값을 각자 정산하는 과정까지 배민 앱 안에서 해결할 수 있게 됐다.함께주문은 여러 명이 같은 음식점에서 주문할 때... ,https://www.insight.co.kr/news/560191,https://www.insight.co.kr/news/560191,2026-06-25
배달의민족,배민 '함께주문'에 더치페이 기능 오픈,현대경제신문 최효경 기자 | 배달의민족(이하 배민)을 운영하는 ㈜우아한형제들은 앱 내 '함께주문' 이용 고객을 위한 더치페이 기능을 오픈했다고 25일 밝혔다. 함께주문은 한 가게에서 여러 명이 주문할 때 링크를 공유해... ,http://www.finomy.com/news/articleView.html?idxno=256285,http://www.finomy.com/news/articleView.html?idxno=256285,2026-06-25
배달의민족,"“누가 쏘나” 고민 끝…배민, ‘함께주문’에 더치페이 도입","배달의민족이 공동 주문 서비스에 더치페이 기능을 추가하며 단체 주문 편의성을 강화한다. 여러 명이 함께 음식을 주문한 뒤 따로 정산해야 했던 번거로움을 줄이고, 주문부터 결제·정산까지 앱 안에서 처리할 수 있도록... ",https://www.dt.co.kr/article/12069564?ref=naver,https://n.news.naver.com/mnews/article/029/0003033729?sid=101,2026-06-25
배달의민족,"스토브, '할인 게임 사서 플레이 했을 뿐인데 경품 받은 썰' 프로모션 진...",할인 게임 구매 후 플레이 인증하면 버즈3프로· 네이버페이 포인트· 배달의민족 기프티콘 등 경품 증정 '스토어 출석교환상점' 게임 교환 시 플레이타임 미션 자동 실행… 달성 구간별 보상 스마일게이트의 글로벌 게임... ,https://www.thisisgame.com/articles/426892,https://www.thisisgame.com/articles/426892,2026-06-25
배달의민족,'헬멧 속 40도' 극한폭염과 싸우는 라이더…배달업계 대응 강화,우아한형제들 자회사로 배달의민족 물류 서비스를 담당하는 우아한청년들은 이달 초부터 라이더 폭염 대응 종합대책을 시행 중이다. 우아한청년들은 노동부와 함께 3년째 라이더들이 중간중간 쉴 수 있는 '배달라이더... ,https://www.ajunews.com/view/20260625125150617,https://www.ajunews.com/view/20260625125150617,2026-06-25
배달의민족,배민 '함께주문' 더 편리해진다… 더치페이 기능 도입,배달의민족이 친구나 동료 등 여러 명이 함께 주문한 음식값을 편리하게 나눠 계산할 수 있도록 배달 앱 최초로 더치페이 기능을 도입했다. 배달의민족 운영사 우아한형제들은 앱 '함께주문' 이용 고객을 위한 더치페이... ,https://www.hankookilbo.com/news/article/A2026062511280002367?did=NA,https://n.news.naver.com/mnews/article/469/0000938579?sid=101,2026-06-25
배달의민족,[민주 유통가] 배달의민족·쿠팡·GS샵,"민주신문=김혜인 기자｜우아한형제들은 배달의민족 앱 내 함께주문 서비스에 더치페이 기능을 추가했다. 이번 기능은 함께주문 참여자별 부담 금액을 자동으로 계산해 주문부터 결제, 정산까지 배민 앱 안에서 처리할... ",http://www.iminju.net/news/articleView.html?idxno=165804,http://www.iminju.net/news/articleView.html?idxno=165804,2026-06-25
배달의민족,[민주 게임방] 엔씨·넷마블·스마일게이트,"이벤트 기간 중 게임을 구매한 이용자가 플레이타임을 인증하면 상위 6명과 추첨으로 선정된 6명에게 갤럭시 버즈3 프로, 네이버페이 포인트, 배달의민족 기프티콘 등을 증정한다. 스토브는 스토어 출석교환상점과... ",http://www.iminju.net/news/articleView.html?idxno=165808,http://www.iminju.net/news/articleView.html?idxno=165808,2026-06-25
배달의민족,경산 카페 축제…신비복숭아 전국 실시간 배송,경산문화관광재단(이사장 조현일)은 ‘2026 경산 카페 축제’를 계기로 배달의민족 실시간 장보기 서비스 ‘B마트’와 함께 지역 농특산물 판로 확대를 위한 전국 기획전을 연다고 밝혔다(포스터). 이번 기획전은... ,https://www.nongmin.com/article/20260625500282,https://n.news.naver.com/mnews/article/662/0000098232?sid=102,2026-06-25
배달의민족,"[솔로이코노미] ""지금 아니면 늦다"" 퀵커머스 경쟁 가열…뷰티까지 번진...","배달의민족 역시 올해 뷰티를 단독 카테고리로 분류하고 서비스 확대에 나섰다. 1분기 B마트 뷰티 제품 주문 수와 거래액은 각각 전년 동기 대비 38.4%, 33.5% 늘었다. 업계에서는 화장품의 반복 구매 특성과 즉시 수요가... ",http://www.dailypop.kr/news/articleView.html?idxno=99936,http://www.dailypop.kr/news/articleView.html?idxno=99936,2026-06-25
배달의민족,"""함께 시키고 계산은 N분의1""⋯배민, '함께주문'에 더치페이 도입",배달의민족 운영사 우아한형제들은 앱 내 '함께주문' 이용 고객을 위한 더치페이 기능을 오픈했다고 25일 밝혔다. 국내 배달 플랫폼에 더치페이 기능이 도입된 건 이번이 처음이다. 함께주문은 2022년 10월 배민이 선보인... ,http://www.inews24.com/view/1979686,https://n.news.naver.com/mnews/article/031/0001037602?sid=101,2026-06-25
배달의민족,"배달의민족, '함께주문'에 자동 더치페이 기능 오픈",'함께주문'은 한 가게에서 여러 명이 주문할 때 링크를 공유해 각자 원하는 메뉴를 담고 하나의 주문으로 묶어 배달받는 공동주문 서비스다. 이용 방법은 주문자가 '함께주문' 건을 결제한 후 참여자들에게 더치페이를... ,https://www.fetv.co.kr/news/articleView.html?idxno=305081,https://www.fetv.co.kr/news/articleView.html?idxno=305081,2026-06-25
배달의민족,[#게임스테이션] '도깨비~' 티저영상·'VAL 이벤트'·아이언메이스 '인재...,플레이타임 상위 6명과 랜덤 선정 6명 등 총 12명에게 갤럭시 버즈3 프로·네이버페이 포인트·배달의 민족 기프티콘 등 경품이 제공된다. 스토어 출석교환상점과 연동한 플레이타임 미션도 운영된다. ◆'로드나인... ,https://www.newsworks.co.kr/news/articleView.html?idxno=845066,https://www.newsworks.co.kr/news/articleView.html?idxno=845066,2026-06-25
배달의민족,"스마일게이트 스토브, 할인 게임 구매·플레이 인증 경품 이벤트","플레이타임 상위 6명과 랜덤 선정 6명 등 총 12명에게 갤럭시 버즈3 프로, 네이버페이 포인트, 배달의 민족 기프티콘 등을 증정한다. '스토어 출석교환상점'과 연동한 플레이타임 미션 혜택도 함께 제공한다. 플레이크... ",https://www.pointdaily.co.kr/news/articleView.html?idxno=309593,https://www.pointdaily.co.kr/news/articleView.html?idxno=309593,2026-06-25
배달의민족,식품·외식업계 보훈 마케팅 확산···'수혜범위·지속성'은 과제,"배달의민족(배민) 운영사 ㈜우아한형제들은 국가보훈부와 협업해 앱 내 콘텐츠를 운영하고 쿠폰 5000원을 지급했지만, 실제 혜택은 하루 400명에게만 선착순으로 제공됐다. 전체 앱 사용자 대비 혜택 수혜자는 소수에... ",https://www.enetnews.co.kr/news/articleView.html?idxno=51633,https://www.enetnews.co.kr/news/articleView.html?idxno=51633,2026-06-25
배달의민족,"배민, '함께주문'에 더치페이 기능 오픈",사진=우아한형제들 배달의민족 운영사 ㈜우아한형제들은 앱 내 '함께주문' 이용 고객을 위한 더치페이 기능을 오픈했다고 25일 밝혔다. 함께주문은 한 가게에서 여러 명이 주문할 때 링크를 공유해 각자 원하는 메뉴를 담고... ,https://www.pinpointnews.co.kr/news/articleView.html?idxno=463040,https://www.pinpointnews.co.kr/news/articleView.html?idxno=463040,2026-06-25
배달의민족,"각자 결제 OK…배민, 함께주문 더치페이 기능 도입",배달의민족이 여럿이 함께 주문한 음식값을 나눠서 계산하는 기능을 도입했다. 이용자 편의성을 높이는 동시에 자체 간편결제 시스템인 배민페이 가입자를 늘려 플랫폼 종속력을 강화하려는 전략이다. 배달의민족 운영사... ,https://www.sidae.com/article/2026062513274957367,https://n.news.naver.com/mnews/article/417/0001149010?sid=101,2026-06-25
배달의민족,"파리 불법체류 라이더의 48시간, 프랑스판 '나 혼자 산다'","한국으로 치면 배달의민족 라이더쯤이 될까. 술레이만은 배달앱을 통해 배달할 주문을 잡고 배송한다. 이 음식점, 저 음식점을 바쁘게 오가며 음식을 챙기고 자전거로 힘껏 페달을 밟아 가져다주는 것이 그의 역할이다.... ",https://www.ohmynews.com/NWS_Web/View/at_pg.aspx?CNTN_CD=A0003245656&CMPT_CD=P0010&utm_source=naver&utm_medium=newsearch&utm_campaign=naver_news,https://m.entertain.naver.com/article/047/0002520512,2026-06-25
배달의민족,"배민, '함께주문'에 더치페이 기능 도입...주문부터 정산까지 앱 하나로...","배달의민족(배민)이 공동 주문 시 발생하는 결제 정산 불편을 줄이기 위해 '함께주문' 서비스에 더치페이 기능을 새롭게 도입했다. 음식 주문부터 결제, 정산까지 전 과정을 앱 안에서 처리할 수 있도록 하며 이용 편의성을... ",http://www.popcornnews.net/news/articleView.html?idxno=124780,http://www.popcornnews.net/news/articleView.html?idxno=124780,2026-06-25
배달의민족,"배민, '함께주문'에 '더치페이 기능' 오픈",배달의민족(이하 배민)이 함께 주문한 음식 값을 나눠 계산할 수 있는 방법을 고안했다. 자료=우아한형제들. 배달의민족(이하 배민)이 함께 주문한 음식 값을 나눠 계산할 수 있는 방법을 고안했다. 배민 운영사... ,http://www.econotelling.com/news/articleView.html?idxno=20754,http://www.econotelling.com/news/articleView.html?idxno=20754,2026-06-25
배달의민족,"배민 ‘함께주문’, 더치페이 기능 도입으로 편의성 강화",앞으로 배달의민족에서 '함께주문'을 이용할 때 사용자마다 각자 음식 값을 나눠서 계산할 수 있게 된다. 우아한형제들은 앱 내 함께주문 이용 고객을 위한 더치페이 기능을 도입했다고 25일 밝혔다. 2022년 10월 출시된... ,https://www.ekn.kr/web/view.php?key=20260625023276441,https://www.ekn.kr/web/view.php?key=20260625023276441,2026-06-25
배달의민족,"배민, '함께주문'에 더치페이 기능 도입…앱 내 자동 정산·송금",배달의민족(이하 배민)에서 여럿이 함께 주문한 음식값을 앱 내에서 직접 나눠 계산할 수 있게 됐다. 배민 운영사 우아한형제들은 앱 내 공동주문 서비스인 '함께주문' 이용 고객을 위한 더치페이 기능을 도입했다고 25일... ,https://www.hankyung.com/article/202606257553g,https://n.news.naver.com/mnews/article/015/0005302720?sid=101,2026-06-25
배달의민족,"스마일게이트, 신작부터 플랫폼까지 공세…'미래시' 글로벌 행보·스토...","플레이타임 상위 6명과 추첨을 통해 선정된 6명 등 모두 12명에게 갤럭시 버즈3 프로, 네이버페이 포인트, 배달의민족 기프티콘 등을 제공한다. 아울러 스토브는 '스토어 출석교환상점'과 연계한 플레이타임 미션도... ",http://www.whitepaper.co.kr/news/articleView.html?idxno=263876,http://www.whitepaper.co.kr/news/articleView.html?idxno=263876,2026-06-25
배달의민족,"배민, '함께주문' 더치페이 기능 도입... ""주문은 함께, 계산은 따로""",배달의민족이 공동주문 서비스 '함께주문'에 더치페이 기능을 추가해 오픈했다.[사진=우아한형제들]  배달의민족(이하 배민)이 여럿이 함께 음식을 주문할 때마다 겪었던 정산의 번거로움을 단번에 해결할 수 있는... ,https://www.greened.kr/news/articleView.html?idxno=343324,https://www.greened.kr/news/articleView.html?idxno=343324,2026-06-25
배달의민족,"""슈퍼쏠·우즈벡 진출까지"" 신한카드, 금융서비스 확장 나섰다","특별 적립은 주유(SK에너지, GS칼텍스), 온라인쇼핑(쿠팡, SSG.COM, 무신사, 29CM), 배달앱(땡겨요, 배달의 민족, 요기요, 쿠팡이츠)에서 적용된다. 쏠플랜 플러스카드의 혜택은 SOL포인트로 월 통합 적립 한도내에서... ",https://www.newscj.com/news/articleView.html?idxno=3411957,https://www.newscj.com/news/articleView.html?idxno=3411957,2026-06-25
배달의민족,"움버거앤윙스, 배달의민족 '먹을복 페스타' 참여…할인 쿠폰·세트 메뉴...","치킨버거·윙 전문 브랜드 움버거앤윙스가 배달의민족 '먹을복 페스타'를 통해 할인 프로모션을 진행한다. 이번 행사로 오는 28일까지 전 메뉴 대상 2000원 및 3000원 할인 쿠폰을 제공하며, 30일까지는 메가윙 하프박스 세트... ",https://www.shinailbo.co.kr/news/articleView.html?idxno=5033840,https://www.shinailbo.co.kr/news/articleView.html?idxno=5033840,2026-06-25
배달의민족,"바디프랜드·우아한청년들, 프로그램·상품 출시",배달의민족(배민)의 물류서비스를 전담하는 우아한청년들은 배달서비스공제조합과 공동 개발한 라이더 전용 시간제 종합보험 '바로공제보험'을 공식 출시했다. 이번 상품은 지난해 12월 생활물류서비스산업발전법... ,http://www.wsobi.com/news/articleView.html?idxno=314265,http://www.wsobi.com/news/articleView.html?idxno=314265,2026-06-25
배달의민족,"""할인 게임 사서 플레이 했을 뿐인데 경품 받은 썰 푼다""... 스마일게이...","플레이타임 상위 6명과 랜덤 선정 6명, 총 12인은 갤럭시 버즈3 프로, 네이버페이 포인트, 배달의 민족 기프티콘 등의 경품을 받을 수 있다. 이 외에도 스토브는 '스토어 출석교환상점'과 연동한 플레이타임 미션 혜택도... ",https://gamefocus.co.kr/detail.php?number=176963,https://gamefocus.co.kr/detail.php?number=176963,2026-06-25
배달의민족,"[산업소식] LG전자, 에티오피아 한국전쟁 참전용사 지원","경품으로는 갤럭시 버즈3 프로, 네이버페이 포인트, 배달의민족 기프티콘 등이 있다. '스토어 출석교환상점'과 연동한 플레이타임 미션도 함께 진행한다. 플레이크 교환과 플레이타임 미션 대상 게임은 총 8종이다.... ",http://www.4th.kr/news/articleView.html?idxno=2113700,http://www.4th.kr/news/articleView.html?idxno=2113700,2026-06-25
배달의민족,"배민, 국내 배달앱 첫 '함께주문 더치페이' 도입…정산까지 앱에서 끝","[사진=우아한형제들]  배달의민족이 공동주문 후 음식값을 자동으로 나눠 정산할 수 있는 더치페이 기능을 도입했다. 주문부터 결제, 비용 정산까지 앱 안에서 한 번에 처리할 수 있도록 하며 공동주문 편의성을 한층... ",https://www.joongangenews.com/news/articleView.html?idxno=528118,https://www.joongangenews.com/news/articleView.html?idxno=528118,2026-06-25
배달의민족,"""복잡한 계산 끝"" 배민, '함께주문' 맞춤형 더치페이 기능 오픈… 편의...",배달 애플리케이션 '배달의민족' 운영사인 우아한형제들은 여럿이 음식을 주문할 때 비용을 쉽게 나눌 수 있는 '더치페이' 기능을 선보였다고 25일 밝혔다. 최근 배달비 부담으로 직장인과 학생 사이에서 공동 주문 수요가... ,https://www.financialpost.co.kr/news/articleView.html?idxno=263914,https://www.financialpost.co.kr/news/articleView.html?idxno=263914,2026-06-25
배달의민족,"우아한청년들, '바로공제보험' 출시… 유상운송보험 의무화 대응",배달의민족 물류서비스를 전담하는 우아한청년들(대표이사 권오중)은 배달서비스공제조합과 공동 개발한 라이더 전용 시간제 종합보험 '바로공제보험'을 공식 출시했다고 25일 밝혔다. 이번 상품은 지난해 12월 개정된... ,https://www.gokorea.kr/news/articleView.html?idxno=870302,https://www.gokorea.kr/news/articleView.html?idxno=870302,2026-06-25
배달의민족,교촌에프앤비 롯데홈쇼핑 웅진씽크빅 外(유통家 이모저모),'함께주문' 더치페이 기능 공개= 우아한형제들(대표 김범석)의 배달의민족이 공동주문 서비스 '함께주문'에 더치페이 기능을 도입했습니다. 메뉴별 혹은 N분의 1로 금액을 자동 계산해 정산할 수 있는 것이 특징입니다.... ,https://www.newsclaim.co.kr/news/articleView.html?idxno=3067605,https://www.newsclaim.co.kr/news/articleView.html?idxno=3067605,2026-06-25
배달의민족,"'무보험 배달' 막 내린다…배민, 라이더 시간제 종합보험 출시",배달의민족 물류서비스를 전담하는 우아한청년들은 배달서비스공제조합과 공동 개발한 라이더 전용 시간제 종합보험 '바로공제보험'을 공식 출시했다고 25일 밝혔다. 이번 상품은 생활물류서비스산업발전법 개정에 따른... ,http://www.4th.kr/news/articleView.html?idxno=2113684,http://www.4th.kr/news/articleView.html?idxno=2113684,2026-06-25
배달의민족,"배민, '함께주문' 더치페이 도입…앱 안에서 주문부터 정산까지","배달의민족이 여러 명이 함께 주문한 음식값을 앱 안에서 손쉽게 나눠 낼 수 있는 더치페이 기능을 선보였다. 공동 주문부터 결제, 정산까지 하나의 플랫폼에서 해결할 수 있도록 하면서 이용 편의성을 높인다는... ",https://zdnet.co.kr/view/?no=20260625110853,https://n.news.naver.com/mnews/article/092/0002428015?sid=105,2026-06-25
배달의민족,"우아한청년들, 라이더 전용 종합보험 출시…업계 최초",배달의민족의 물류 서비스를 담당하는 우아한청년들은 라이더 전용 시간제 종합보험인 '바로공제보험'을 출시했다고 오늘(25일) 밝혔습니다. 우아한청년들과 배달서비스공제조합이 공동 개발한 이 상품은 지난해 12월... ,http://www.yonhapnewstv.co.kr/news/AKR20260625110508C9f,https://n.news.naver.com/mnews/article/422/0000878314?sid=101,2026-06-25
배달의민족,"배달의민족, 공동 주문 서비스에 더치페이 기능 추가",국내 배달 플랫폼 최초…이달 말까지 전면 확대 배달의민족(배민) 운영사 ㈜우아한형제들은 애플리케이션(앱) 내 공동 주문 서비스 '함께주문'의 이용 고객을 위해 더치페이 기능을 추가했다고 25일 밝혔다. 함께주문은 한... ,https://www.yna.co.kr/view/AKR20260625070800030?input=1195m,https://n.news.naver.com/mnews/article/001/0016158169?sid=103,2026-06-25
배달의민족,"배민, '함께주문'에 편리한 더치페이 기능 도입",배달의민족 운영사인 우아한형제들은 앱 내 단체 주문 서비스인 '함께주문' 이용 고객의 편의를 위해 각자 결제할 수 있는 '더치페이' 기능을 오픈했다고 25일 밝혔다. '함께주문'은 한 가게에서 여러 명이 주문할 때 링크를... ,https://www.cnbnews.com/news/articleView.html?idxno=1005810,https://www.cnbnews.com/news/articleView.html?idxno=1005810,2026-06-25
배달의민족,로지텍XLG트윈스 한정판·듀오백 '이지풋' 3종 출시 外,사진=배달의민족 배달의민족은 앱 내 '함께주문' 이용 고객을 위한 더치페이 기능을 열었다. '함께주문'은 한 가게에서 여러 명이 주문할 때 링크를 공유해 각자 원하는 메뉴를 담고 하나의 주문으로 묶어 배달받는... ,https://www.slist.kr/news/articleView.html?idxno=747586,https://www.slist.kr/news/articleView.html?idxno=747586,2026-06-25
배달의민족,"우아한청년들, 라이더 전용 시간제 종합보험 출시",배달의민족(이하 배민) 물류서비스를 전담하는 우아한청년들이 유상운송보험 가입 의무화 제도 시행에 맞춰 라이더 전용 시간제 종합보험을 선보이며 보험 접근성 확대에 나섰다. 우아한청년들은 배달서비스공제조합과... ,https://www.asiatime.co.kr/article/20260625500119,https://www.asiatime.co.kr/article/20260625500119,2026-06-25
배달의민족,"할인에 경품까지, 스토브 게임 구매 프로모션 실시","경품으로는 갤럭시 버즈3 프로, 네이버페이 포인트, 배달의 민족 기프티콘 등이 마련됐다. 이 외에도 스토브는 '스토어 출석교환상점'과 연동한 플레이타임 미션 혜택도 선보였다. 플레이크 교환 및 플레이타임 미션... ",https://www.gamemeca.com/mv.php?inflow=naver&gid=1776967,https://n.news.naver.com/mnews/article/356/0000083611?sid=004,2026-06-25
배달의민족,"스마일게이트 스토브, 할인 게임 구매 후 플레이 인증 이벤트 개최","플레이타임 상위 6명과 랜덤 선정 6명, 총 12인은 갤럭시 버즈3 프로, 네이버페이 포인트, 배달의 민족 기프티콘 등을 받는다. 스토브의 출석교환상점과 연동한 플레이타임 미션도 진행되며, 텐가이, 아르티스 임팩트... ",http://www.lawissue.co.kr/view.php?ud=2026062510451688839817d053b9_12,http://www.lawissue.co.kr/view.php?ud=2026062510451688839817d053b9_12,2026-06-25
배달의민족,"'올리브영 통장'까지 나왔다…금융권의 러브콜, 속내는?","쿠팡(3325만명), 당근(2319만명), 배달의민족(2255만명), 쿠팡이츠(1276만명), 에이블리(969만명)에 이어 6위를 차지했다. 최근 금융환경도 금융권의 움직임에 힘을 싣고 있다. 최근 증시 활황으로 투자 수요가 늘면서 은행권의... ",https://view.asiae.co.kr/article/2026062315501290848,https://n.news.naver.com/mnews/article/277/0005781298?sid=101,2026-06-25
배달의민족,"배민, ‘함께주문’에 더치페이 기능 도입...소비자 관심 증가",배달의민족이 공동주문 서비스 ‘함께주문’에 더치페이 기능을 추가하며 이용 편의성 강화에 나섰다. 배달의민족 운영사 우아한형제들은 앱 내 ‘함께주문’ 이용 고객을 대상으로 더치페이 기능을 선보였다고 25일... ,http://www.thebigdata.co.kr/view.php?ud=202606251027001046a79b9f00ab_23,http://www.thebigdata.co.kr/view.php?ud=202606251027001046a79b9f00ab_23,2026-06-25
배달의민족,"우아한청년들, 라이더 전용 종합보험 출시…보험료 시간당 690원",법 개정에 이력·연령 등으로 보험 가입 어려웠던 사각지대 해소 배달의민족의 물류 서비스를 담당하는 우아한청년들은 라이더 전용 시간제 종합보험인 '바로공제보험'을 출시했다고 25일 밝혔다. 이 상품은... ,https://www.yna.co.kr/view/AKR20260625059300030?input=1195m,https://n.news.naver.com/mnews/article/001/0016157974?sid=101,2026-06-25
배달의민족,"배민, '함께주문'에 더치페이 기능 도입",배달의민족 운영사 ㈜우아한형제들은 앱 내 ‘함께주문’ 이용 고객을 위한 더치페이 기능을 오픈했다고 오늘(25일) 밝혔습니다. ‘함께주문’은 한 가게에서 여러 명이 주문할 때 링크를 공유해 각자 원하는 메뉴를 담고... ,https://biz.sbs.co.kr/article_hub/20000318766?division=NAVER,https://n.news.naver.com/mnews/article/374/0000518139?sid=101,2026-06-25
배달의민족,"하나은행, 금융 실무부터 취업까지…청년 아카데미 운영","하나은행은 상품 가입 신청 후 최종 대상자로 선정된 선착순 1만명에게 커피 쿠폰을 제공하고, 가입자를 대상으로 배스킨라빈스·배달의민족·올리브영 모바일 상품권 등을 증정하는 추첨 이벤트를 진행한다. 또 기존... ",https://www.job-post.co.kr/news/articleView.html?idxno=219106,https://www.job-post.co.kr/news/articleView.html?idxno=219106,2026-06-25
배달의민족,배민에서 밥 값 나눠낸다…더치페이 기능 오픈,배달의민족이 여럿이 함께 주문한 음식 값을 나눠 낼 수 있는 '더치페이' 기능을 제공한다. 배민을 운영하는 우아한형제들은 애플리케이션(앱) 내 '함께주문' 이용 고객을 위한 더치페이 기능을 업데이트했다고 25일 밝혔다.... ,https://www.etnews.com/20260625000092,https://n.news.naver.com/mnews/article/030/0003441137?sid=101,2026-06-25
배달의민족,"배민, '함께주문' 더치페이 도입…정산도 앱에서 한 번에",이제 배달의민족(이하 배민)에서 여러 명이 함께 주문한 음식값을 손쉽게 나눠 결제할 수 있게 됐다. 배민 운영사 우아한형제들은 앱 내 공동주문 서비스 '함께주문'에 더치페이 기능을 새롭게 적용했다고 25일 밝혔다.... ,https://www.dailian.co.kr/news/view/1659704/?sc=Naver,https://n.news.naver.com/mnews/article/119/0003104554?sid=101,2026-06-25
배달의민족,"[Game & Now] 성장 시스템 손본 '소울 스트라이크', 할인 띄운 스토브…...","플레이타임 상위 6명과 랜덤 선정 6명, 총 12명에게 갤럭시 버즈3 프로, 네이버페이 포인트, 배달의민족 기프티콘 등이 지급된다. 단순 구매보다 실제 플레이를 장려해 플랫폼 내 활성도를 높이겠다는 의도가 엿보인다.... ",https://www.ebn.co.kr/news/articleView.html?idxno=1713847,https://www.ebn.co.kr/news/articleView.html?idxno=1713847,2026-06-25
배달의민족,"배민, ‘함께주문’에 더치페이 기능 도입",배달의민족 운영사 우아한형제들은 애플리케이션(앱) 내 공동주문 서비스 ‘함께주문’ 이용 고객을 위한 더치페이 기능을 새롭게 도입했다고 25일 밝혔다. ‘함께주문’은 한 음식점에서 여러 명이 주문할 때 링크를... ,https://www.sedaily.com/article/20059942?ref=naver,https://n.news.naver.com/mnews/article/011/0004634805?sid=101,2026-06-25
배달의민족,"배민, '함께주문' 더치페이 도입…주문부터 정산까지 앱 안에서 해결",배달의민족이 공동주문 이용 고객의 정산 편의성을 높이기 위해 더치페이 기능을 도입했다. 배달의민족 운영사 우아한형제들은 앱 내 공동주문 서비스인 '함께주문' 이용자를 대상으로 더치페이 기능을 새롭게 선보인다고... ,http://www.dailysmart.co.kr/news/articleView.html?idxno=126017,http://www.dailysmart.co.kr/news/articleView.html?idxno=126017,2026-06-25
배달의민족,"배민, 라이더 전용 '시간제 종합보험' 출시…“5분 내로 가입”",배달의민족의 물류서비스를 전담하는 우아한청년들은 배달서비스공제조합과 공동 개발한 배달 종사자(라이더) 전용 시간제 종합보험 '바로공제보험'을 공식 출시했다고 25일 밝혔다. 양 사는 지난해 법 개정으로 라이더의... ,https://www.etnews.com/20260625000067,https://n.news.naver.com/mnews/article/030/0003441116?sid=101,2026-06-25
배달의민족,"배민, 공동주문 서비스에 더치페이 기능 오픈",우먼타임스 = 최인영 기자 배달의민족(이하 배민)에서 여럿이 주문한 음식 값을 편리하게 나눌 수 있도록 더치페이 서비스를 개발했다. 배민 운영사 우아한형제들은 앱 내 '함께주문' 이용 고객을 위한 더치페이 기능을... ,https://www.womentimes.co.kr/news/articleView.html?idxno=103892,https://www.womentimes.co.kr/news/articleView.html?idxno=103892,2026-06-25
배달의민족,"스마일게이트 스토브, 특별 할인 프로모션 전개","포인트, 배달의 민족 기프티콘 등을 선물할 예정이다. 외에도 스토브는 '스토어 출석교환상점'과 연동한 플레이타임 미션 혜택을 선보인다. 플레이크 교환 및 플레이타임 미션 대상 게임은 총 8종으로, 텐가이, 아르티스... ",https://www.khgames.co.kr/news/articleView.html?idxno=305721,https://www.khgames.co.kr/news/articleView.html?idxno=305721,2026-06-25
배달의민족,"[리테일 인사이드] 현대백화점·SSG닷컴·배민·GS샵·롯데백화점...""경험...",배달의민족 배달의민족은 공동주문 서비스 '함께주문'에 더치페이 기능을 새롭게 도입했다. 주문자가 먼저 결제한 뒤 참여자에게 정산을 요청하면 개인별 부담 금액이 자동으로 계산된다. 균등 분할과 메뉴별 정산을... ,http://www.kdfnews.com/news/articleView.html?idxno=184561,http://www.kdfnews.com/news/articleView.html?idxno=184561,2026-06-25
배달의민족,"배민, 함께주문도 간편 정산…더치페이 기능 첫 적용",배달의민족이 공동 주문 후 음식값을 나눠 내는 번거로움을 줄이기 위해 '함께주문' 서비스에 더치페이 기능을 추가했다. 배민 운영사 우아한형제들은 25일 앱 내 '함께주문' 이용자를 위한 더치페이 기능을 도입했다고... ,https://www.thefairnews.co.kr/news/articleView.html?idxno=80420,https://www.thefairnews.co.kr/news/articleView.html?idxno=80420,2026-06-25
배달의민족,[유통딜리버리] 롯데百ㆍ신세계百ㆍ롯데마트ㆍCUㆍGS샵ㆍ세븐일레븐ㆍ...,"▲배민, 함께주문에 더치페이 기능 추가 배달의민족 운영사 우아한형제들이 공동주문 서비스 함께주문에 더치페이 기능을 추가했다. 주문자가 먼저 결제한 뒤 참여자에게 더치페이를 요청하면 각자 부담할 금액이... ",https://www.dnews.co.kr/uhtml/view.jsp?idxno=202606250908421800684,https://www.dnews.co.kr/uhtml/view.jsp?idxno=202606250908421800684,2026-06-25
배달의민족,"배달의민족, 공동 주문 정산 돕는 '더치페이' 기능 도입",사진=배달의민족 제공  배달의민족 운영사 우아한형제들이 앱 내 공동 주문 서비스인 '함께주문' 이용 고객을 위한 더치페이 기능을 오픈했다고 25일 밝혔다. 단체 주문 시 발생하던 복잡한 정산 과정을 앱 내에서 간편하게... ,https://daily.hankooki.com/news/articleView.html?idxno=1379725,https://daily.hankooki.com/news/articleView.html?idxno=1379725,2026-06-25
배달의민족,"배민, 공동주문 정산까지 앱 안에서…'함께주문' 더치페이 도입",배달의민족(배민)이 공동 주문 서비스에 더치페이 기능을 적용하며 주문 이후 정산 절차까지 앱 안에서 처리할 수 있도록 기능을 확장했다. 배민 운영사 우아한형제들은 25일 '함께주문' 서비스 이용자를 대상으로 더치페이... ,https://www.insightkorea.co.kr/news/articleView.html?idxno=248811,https://www.insightkorea.co.kr/news/articleView.html?idxno=248811,2026-06-25
배달의민족,"""주문은 함께, 계산은 따로"" 배민, 더치페이 기능 도입",배달의민족이 여러 명이 함께 음식을 주문할 때 정산까지 간편하게 할 수 있는 더치페이 기능을 선보인다. 배달의민족 운영사 우아한형제들은 앱 내 '함께주문' 이용 고객을 대상으로 더치페이 기능을 도입했다고 25일... ,https://www.newsis.com/view/NISX20260625_0003682845,https://n.news.naver.com/mnews/article/003/0014026655?sid=101,2026-06-25
배달의민족,"‘더치페이 문화반영’ 배달의민족, ‘함께주문’에 더치페이 기능 선봬",그 시작이 배달의민족(이하 배민)이다. 배민 운영사 ㈜우아한형제들은 앱 내 ‘함께주문’ 이용 고객을 위한 더치페이 기능을 오픈했다고 25일 밝혔다. ‘함께주문’은 한 가게에서 여러 명이 주문할 때 링크를 공유해... ,https://kpenews.com/View.aspx?No=4125055,https://kpenews.com/View.aspx?No=4125055,2026-06-25
배달의민족,배민 라이더 보험 가입 쉬워진다…'바로공제보험' 출시,배달의민족 물류서비스를 담당하는 우아한청년들이 유상운송보험 가입 의무화에 맞춰 라이더 전용 시간제 종합보험을 선보였다. 우아한청년들은 배달서비스공제조합과 공동 개발한 라이더 전용 시간제 종합보험... ,https://www.edaily.co.kr/news/newspath.asp?newsid=02932326645485328,https://n.news.naver.com/mnews/article/018/0006314344?sid=101,2026-06-25
배달의민족,"배민 라이더 보험 빈틈 메운다, 5분 가입 시간제 종합보험 업계 첫 출시","배달의민족 물류서비스를 전담하는 우아한청년들이 배달플랫폼 업계 최초로 시간제 종합보험을 내놓은 것으로, 유상운송보험 의무화 흐름에 선제 대응한 행보다. 이번 상품 출시의 배경에는 지난해 12월 개정된... ",https://www.econovill.com/news/articleView.html?idxno=743388,https://www.econovill.com/news/articleView.html?idxno=743388,2026-06-25
배달의민족,배민 '함께주문'해도 더치페이 간단하게,우아한형제들이 운영하는 배달의민족(배민)은 앱 내 ‘함께주문’을 이용하는 고객을 위해 더치페이 기능을 더했다고 25일 밝혔다. 함께주문은 한 가게에서 여러 명이 주문할 때 링크를 공유해 각자 원하는 메뉴를 담으면... ,https://www.edaily.co.kr/news/newspath.asp?newsid=02840486645485328,https://n.news.naver.com/mnews/article/018/0006314322?sid=101,2026-06-25
배달의민족,"배민, 유상운송보험 의무화 대응 ‘바로공제보험’ 출시",배달의민족의 물류서비스를 전담하는 우아한청년들은 배달서비스공제조합과 공동 개발한 라이더 전용 시간제 종합보험 '바로공제보험'을 공식 출시했다고 25일 밝혔다. 이번 상품은 지난해 12월... ,https://view.asiae.co.kr/article/2026062508551323715,https://n.news.naver.com/mnews/article/277/0005781165?sid=101,2026-06-25
배달의민족,"배달의민족, ‘함께주문’에 더치페이 기능 오픈",인더뉴스 김홍식 기자ㅣ㈜우아한형제들은 배달의민족 애플리케이션 내의 ‘함께주문’ 이용 고객을 위한 각자 내기(더치페이) 기능을 오픈했다고 25일 밝혔습니다. ‘함께주문’은 한 가게에서 여러 명이 주문할 때... ,https://www.inthenews.co.kr/news/article.html?no=88495,https://www.inthenews.co.kr/news/article.html?no=88495,2026-06-25
배달의민족,배민서 함께 주문하고 '더치페이',배달의민족에서 여럿이 함께 주문한 음식값을 편리하게 나눠 계산할 수 있게 됐다. 배민 운영사 우아한형제들은 앱 내 '함께주문' 이용 고객을 위한 더치페이 기능을 오픈했다고 25일 밝혔다. '함께주문'은 한 가게에서 여러... ,https://view.asiae.co.kr/article/2026062508465421433,https://n.news.naver.com/mnews/article/277/0005781151?sid=101,2026-06-25
배달의민족,"배민, '함께주문' 더치페이 도입…주문부터 정산까지 앱에서 해결",컨슈머타임스=안솔지 기자 | 배달의민족(이하 배민)을 운영하는 우아한형제들이 '함께주문' 이용 고객을 위한 더치페이 기능을 오픈했다. 함께주문은 여러 명이 하나의 음식점에서 주문할 때 링크를 공유해 각자 메뉴를... ,https://www.cstimes.com/news/articleView.html?idxno=711034,https://www.cstimes.com/news/articleView.html?idxno=711034,2026-06-25
배달의민족,"미래에셋, '인도판 배민' 섀도팍스 일부 차익 실현…200억 규모",지분 약 1% 매도 2019년 첫 투자…지분율 6%대  미래에셋그룹이 인도판 '배달의민족'으로 불리는 인도 물류기업 '섀도팍스(Shadowfax)'에 대한 투자 일부를 회수했다. 주가 상승에 따라 일부 차익 실현에 나선 것으로... ,https://www.theguru.co.kr/news/article.html?no=103545,https://www.theguru.co.kr/news/article.html?no=103545,2026-06-25
배달의민족,"배민, '함께주문'에 더치페이 기능 오픈",배달의민족 운영사 ㈜우아한형제들은 앱 내 '함께주문' 이용 고객을 위한 더치페이 기능을 오픈했다고 25일 밝혔다. 함께주문은 한 가게에서 여러 명이 주문할 때 링크를 공유해 각자 원하는 메뉴를 담고 하나의 주문으로... ,https://www.news1.kr/industry/distribution/6207705,https://n.news.naver.com/mnews/article/421/0009022331?sid=101,2026-06-25
배달의민족,"배민, 배달 앱 최초 '더치페이' 도입…계좌이체 번거로움 끝낸다",배달의민족(이하 배민)이 여럿이 함께 음식을 주문할 때 발생하는 번거로운 정산 과정을 앱 안에서 한 번에 해결할 수 있는 시스템을 구축했다. 배민 운영사 ㈜우아한형제들은 앱 내 공동주문 서비스인 '함께주문' 이용... ,http://www.newsdream.kr/news/articleView.html?idxno=113571,http://www.newsdream.kr/news/articleView.html?idxno=113571,2026-06-25
배달의민족,[기자수첩] 배달앱 채찍만이 능사 아니다,2024년 공정위는 배달의민족(배민)과 쿠팡이츠의 시장지배적 지위 남용 혐의에 대한 조사에 착수했다. 배달플랫폼 업계는 동의의결 절차를 통해 이 문제를 풀어가고자 했다. 동의의결은 법 위반 혐의를 받는 기업이 스스로... ,https://dealsite.co.kr/articles/164101,https://dealsite.co.kr/articles/164101,2026-06-25
배달의민족,[젝시믹스 점프업] 현금창출원 역할 톡톡…이루다마케팅 효자역 부상,"다음·카카오 공식 대행사로 활동했으며 배달의민족, 쿠팡 등 주요 플랫폼의 광고대행 업무도 수행했다. 이루다마케팅은 지난해 연결 매출 121억원, 영업이익 21억원을 기록했다. 매출 규모는 젝시믹스 연결 매출... ",https://dealsite.co.kr/articles/164089,https://dealsite.co.kr/articles/164089,2026-06-25
배달의민족,"배민 노사 ""라이더 안전 강화"" 단협 체결",<배달플랫폼노조> 배달플랫폼노조와 배달의민족 물류자회사 우아한청년들이 로드러너 스케줄제 폐지와 본인인증 강화를 담은 단체협약을 체결했다. 배달플랫폼노조(위원장 홍창의)는 지난 23일 우아한청년들(대표... ,https://www.labortoday.co.kr/news/articleView.html?idxno=235323,https://www.labortoday.co.kr/news/articleView.html?idxno=235323,2026-06-25
배달의민족,3년 묻어두면 ‘연 19.4% 효과’… 청년미래적금에 지갑 열린다,가입 고객 선착순 1만 명에게 커피 쿠폰을 지급하고 추첨을 통해 배달의민족·올리브영 상품권 등을 제공한다. 우리은행은 청년미래적금 가입 고객 모두에게 네이버페이 포인트 또는 삼성월렛머니 포인트 5000원을... ,https://www.donga.com/news/Economy/article/all/20260624/134168088/2,https://n.news.naver.com/mnews/article/020/0003729277?sid=101,2026-06-25
배달의민족,교회 문턱 낮추려면… 접점 넓히는 공간·소모임·브랜딩을,배달의민족 브랜드 마케터 출신인 김유나 만나교회 집사는 “브랜딩은 단순한 홍보 기술이 아니라 본질을 묻고 답을 찾는 과정으로 이해해야 한다”며 “나만의 정의를 내리고 내가 가진 주재료를 파악하며 그림을 그리는... ,https://www.kmib.co.kr/article/view.asp?arcid=1782287706&code=23111111&cp=nv,https://n.news.naver.com/mnews/article/005/0001857026?sid=103,2026-06-25
배달의민족,경산 '신비복숭아' 전국 판매,경산문화관광재단은 '2026 경산 카페 축제'의 성공적인 개최를 기념해 오는 27~28일 배달의민족 장보기 서비스 B마트와 함께 '경산 신비복숭아 기획전'을 진행한다. 24일 재단에 따르면 이번 기획전은 지역 농특산물의... ,https://www.idaegu.co.kr/news/articleView.html?idxno=551979,https://www.idaegu.co.kr/news/articleView.html?idxno=551979,2026-06-24
배달의민족,"""음식값보다 배달비 먼저 차감""…배민, 내달 '통합할인' 전격 도입",알뜰·한집배달 팁 우선 깎아 주문 전환율 4.6배 견인 전환 업주엔 90일간 비용 지원 배달의민족(배민)이 배달팁을 먼저 낮추는 방식의 새로운 할인 체계를 도입한다. 기존 음식 주문금액 할인 중심의 혜택에서 벗어나... ,https://news.tf.co.kr/read/economy/2336272.htm,https://n.news.naver.com/mnews/article/629/0000510374?sid=101,2026-06-24
배달의민족,"배민, 음식보다 '배달팁' 먼저 깎아준다…'통합할인' 도입",배달의민족이 배달팁을 먼저 낮추는 방식의 새로운 할인 체계를 도입한다. 기존에는 음식 주문금액 할인을 중심으로 혜택을 제공했다면 앞으로는 고객이 민감하게 반응하는 배달팁 부담을 줄여 주문 전환율을... ,https://www.newsis.com/view/NISX20260624_0003682405,https://n.news.naver.com/mnews/article/003/0014026144?sid=101,2026-06-24
배달의민족,"""휴, 괜히 걱정했네""…유통업계 '월드컵 특수' 톡톡",배달의민족을 운영하는 우아한형제들에 따르면 지난 12일 체코전 당일 오전 9시부터 정오까지 주문수는 전주 동요일 대비 51.5% 증가했다. 킥오프를 앞둔 오전 10시부터 11시까지 주문수는 전주 동시간 대비 90.6% 늘었다.... ,https://zdnet.co.kr/view/?no=20260624165849,https://n.news.naver.com/mnews/article/092/0002427913?sid=105,2026-06-24
배달의민족,배민·쿠팡이츠 ‘3600억 상생안’ 무산…“즉시 지원 사라져” vs “꼼...,자사의 배달 앱에 입점한 자영업자(업체)들을 상대로 각종 ‘갑질’을 한 혐의를 받는 우아한형제들(배달의민족 운영)과 쿠팡(쿠팡이츠 운영)이 공정거래위원회(공정위)에 낸 동의의결(자진 시정) 절차 개시 신청을... ,https://ilyo.co.kr/?ac=article_view&entry_id=511574,https://ilyo.co.kr/?ac=article_view&entry_id=511574,2026-06-24
배달의민족,"[유프로의 AI 픽] ""무더위에 실속형 냉감 소비""…식품·외식 TOP 3","2 배달의민족 '배민으로 식혀줘' 이색 캠페인 유프로의 레이더망(출처) : 배달의민족 앱 실시간 검색어 및 배민배달 인기 카테고리 랭킹, 구글 트렌드 '아이스크림 할인' 키워드 유프로가 물어온 팩트(데이터) : 전날... ",https://www.mediapen.com/news/view/1106333,https://www.mediapen.com/news/view/1106333,2026-06-24
배달의민족,"쿠팡이츠 무료배달에 맞불?…배민, 배달팁 우선 할인 기능 도입","우아한형제들이 운영하는 배달앱 배달의민족이 ‘배달팁 무료’ 혜택을 우선 적용하는 시스템을 도입한다. 배달팁 할인이 고객 주문 전환에 더 효과적이라는 점을 반영해, 입점업주의 매출 증대를 돕겠다는 취지다.... ",https://www.edaily.co.kr/news/newspath.asp?newsid=05120086645485000,https://n.news.naver.com/mnews/article/018/0006314074?sid=101,2026-06-24
배달의민족,"[단독]배민, 소비자 '배달팁' 할인 먼저…'통합할인' 도입",배달의민족이 '배달팁 무료' 혜택을 우선 적용하는 매장이 늘어나도록 유도하기 위해 파트너(점주)가 부담하는 할인 정책을 변경한다. 음식값보다 배달팁에 먼저 할인을 적용해 소비자가 부담하는 배달팁을 낮추려는... ,https://view.asiae.co.kr/article/2026062416230296233,https://n.news.naver.com/mnews/article/277/0005780982?sid=101,2026-06-24
배달의민족,"경산 신비복숭아, 배민 B마트 타고 전국 간다",재단은 '2026 경산 카페 축제'의 개최를 기념해 우아한형제들이 운영하는 배달의민족의 실시간 장보기 서비스 'B마트'와 함께 지역 농특산물 판로 개척을 위한 전국 기획전을 개최한다고 밝혔다. 이번 협업은 현장... ,https://www.kyongbuk.co.kr/news/articleView.html?idxno=4076482,https://www.kyongbuk.co.kr/news/articleView.html?idxno=4076482,2026-06-24
배달의민족,"배달플랫폼노조·우아한청년들, 2026년 단협 체결",우아한청년들은 배달 플랫폼 배달의민족 운영사 우아한형제들의 물류 부문 자회사다. 배달플랫폼노조와 우아한청년들은 지난해 8월 상견례를 시작으로 지난 19일까지 총 18차례 교섭했다. 배달플랫폼노조가 제시한... ,https://www.laborplus.co.kr/news/articleView.html?idxno=41036,https://www.laborplus.co.kr/news/articleView.html?idxno=41036,2026-06-24
배달의민족,"경산 신비복숭아, 배민 B마트 타고 전국 배송","농가 판로와 소비자 편의, 두 마리 토끼를 잡다 경산문화관광재단이 '2026 경산카페축제' 개최를 기념해 배달의민족 실시간 장보기 서비스 'B마트'와 손잡고 경산 대표 농특산물인 신비복숭아 전국 기획전을 연다.24일... ",https://www.asiatoday.co.kr/kn/view.php?key=20260624010008569,https://www.asiatoday.co.kr/kn/view.php?key=20260624010008569,2026-06-24
배달의민족,한국교회 키운 ‘낮은 문턱’… 다시 벤처마인드로,배달의민족 브랜드 마케터 출신인 김유나 만나교회 집사는 “교회와 목회 현장에서도 ‘브랜딩’이 중요한 과제로 떠오르고 있다”며 “브랜딩을 단순한 홍보 기술이 아니라 본질을 묻고 정체성을 드러내는 과정으로... ,https://www.kmib.co.kr/article/view.asp?arcid=0030014877&code=61221111&cp=nv,https://n.news.naver.com/mnews/article/005/0001856888?sid=103,2026-06-24
배달의민족,없을 줄 알았던 월드컵 특수...치킨 주문 10배·편의점 매출 4배,배달의민족 운영사 우아한형제들이 한국과 체코의 조별리그 1차전이 열린 지난 12일 오전 9시부터 정오까지 주문 데이터를 분석한 결과 주문 건수는 전주 같은 요일보다 51.5% 늘었다. 특히 경기 시작 직전인 오전... ,http://www.opinionnews.co.kr/news/articleView.html?idxno=140532,http://www.opinionnews.co.kr/news/articleView.html?idxno=140532,2026-06-24
배달의민족,"30억은 통과, 3600억은 퇴짜…배민·쿠팡이츠 '자진시정' 공정위 기각 이...",이번 결정은 앞서 3600억 원 규모의 상생안을 제시하고도 동의의결 신청이 기각된 배달의민족(배민)·쿠팡이츠 사건과 대비된다. 역대급 지원안을 내놓고도 배달앱 불공정거래 의혹이 공정위 문턱을 넘지 못하면서... ,https://www.bizhankook.com/bk/article/32607,https://www.bizhankook.com/bk/article/32607,2026-06-24
배달의민족,[기업들] 6월 호국보훈부터 ESG·상생까지…사회적 가치 실현에 총력,배달의민족 물류 서비스를 전담하는 우아한청년들은 민주노총 서비스연맹 배달플랫폼노동조합과 2026년 단체협약을 체결하며 플랫폼 업계의 모범적인 노사 상생 기조를 증명했다. 2020년 업계 최초로 단체협약을... ,http://www.dailypop.kr/news/articleView.html?idxno=100002,http://www.dailypop.kr/news/articleView.html?idxno=100002,2026-06-24
배달의민족,"평균 연령 17.8세, 게임으로 일 냈다…글로벌 51억 투자 유치",알토스벤처스는 로블록스 초기 투자자이자 쿠팡·토스·배달의민족을 키운 VC다. 벌스워크는 인기 지식재산권(IP)인 ‘쿠키런’ 기반 카드 게임과 크리에이터 ‘계향쓰’와 협업작 등 신작 2종을 준비하고 있다.... ,https://www.donga.com/news/It/article/all/20260624/134172043/1,https://n.news.naver.com/mnews/article/020/0003729101?sid=105,2026-06-24
배달의민족,"권리인가, 압박인가... 소상공인과 소비자 모두 부담스럽게 하는 '리뷰...","▲ 자료 사진 배달의 민족, 쿠팡 이츠, 요기요 공식 이미지를 종합해 디자인했다. ⓒ 배민/쿠팡이츠/요기요 플랫폼 기반 소비가 일상화되면서 소비자의 '별점'과 '한 줄 평'은 단순한 후기 이상의 의미를 갖게 됐다.... ",https://www.ohmynews.com/NWS_Web/View/at_pg.aspx?CNTN_CD=A0003245365&CMPT_CD=P0010&utm_source=naver&utm_medium=newsearch&utm_campaign=naver_news,https://n.news.naver.com/mnews/article/047/0002520357?sid=102,2026-06-24
쿠팡이츠,"[솔로이코노미] OTT 정가는 올랐는데, 왜 지출은 줄었을까?",쿠팡이츠가 와우 멤버십 회원을 대상으로 무제한 무료배달을 도입한 뒤 배달의민족과 요기요도 경쟁에 뛰어들면서다. 플랫폼 간 무료배달 경쟁 확산에 배달팁 부담은 일부 완화됐다. 그렇다고 해서 소비자의 부담이... ,http://www.dailypop.kr/news/articleView.html?idxno=100023,http://www.dailypop.kr/news/articleView.html?idxno=100023,2026-06-25
쿠팡이츠,'헬멧 속 40도' 극한폭염과 싸우는 라이더…배달업계 대응 강화,"평년 웃도는 기온 전망에…배달기사 보호대책 속속 우아한청년들, 편의점 쉼터 확대·생수 70만병 배포 쿠팡이츠서비스, 온열 예방용품 지원·기상상황 안내 아주경제=조현미 기자 hmcho@ajunews.com 서울의 한... ",https://www.ajunews.com/view/20260625125150617,https://www.ajunews.com/view/20260625125150617,2026-06-25
쿠팡이츠,"충성고객이 곧 경쟁력… 이커머스, '멤버십 확대' 집중",쿠팡이츠 무료배달과 온라인동영상서비스(OTT) 쿠팡플레이도 이용할 수 있다. 컬리도 2023년 8월 유료 멤버십인 '컬리멤버스'를 론칭했다. 올 1분기 기준 컬리멤버스 가입자는 140만명을 돌파했고 월간활성사용자(MAU)도... ,http://www.the-biz.co.kr/news/articleView.html?idxno=723229,http://www.the-biz.co.kr/news/articleView.html?idxno=723229,2026-06-25
쿠팡이츠,"[솔로이코노미] ""지금 아니면 늦다"" 퀵커머스 경쟁 가열…뷰티까지 번진...",쿠팡이츠는 최근 배달앱을 넘어 장보기·쇼핑 플랫폼으로 영역을 넓히고 있다. 대표적인 사례가 뷰티 아울렛 편집숍 오프뷰티의 입점이다. 오프뷰티는 지난 11일 쿠팡이츠 장보기·쇼핑 카테고리에 입점해 배달... ,http://www.dailypop.kr/news/articleView.html?idxno=99936,http://www.dailypop.kr/news/articleView.html?idxno=99936,2026-06-25
쿠팡이츠,"""슈퍼쏠·우즈벡 진출까지"" 신한카드, 금융서비스 확장 나섰다","특별 적립은 주유(SK에너지, GS칼텍스), 온라인쇼핑(쿠팡, SSG.COM, 무신사, 29CM), 배달앱(땡겨요, 배달의 민족, 요기요, 쿠팡이츠)에서 적용된다. 쏠플랜 플러스카드의 혜택은 SOL포인트로 월 통합 적립 한도내에서... ",https://www.newscj.com/news/articleView.html?idxno=3411957,https://www.newscj.com/news/articleView.html?idxno=3411957,2026-06-25
쿠팡이츠,"우아한청년들·배달서비스공제조합, 라이더 전용 시간제 종합보험 선봬",쿠팡이츠서비스(CES)도 라이더 안전관리 체계를 강화하고 보험 가입 지원 방안을 운영하고 있다. 업계에서는 제도 시행이 본격화되면서 보험 가입 절차와 비용 부담을 줄이기 위한 서비스 도입이 이어질 것으로 보고 있다.,https://www.lcnews.co.kr/news/articleView.html?idxno=203967,https://www.lcnews.co.kr/news/articleView.html?idxno=203967,2026-06-25
쿠팡이츠,"'올리브영 통장'까지 나왔다…금융권의 러브콜, 속내는?","쿠팡(3325만명), 당근(2319만명), 배달의민족(2255만명), 쿠팡이츠(1276만명), 에이블리(969만명)에 이어 6위를 차지했다. 최근 금융환경도 금융권의 움직임에 힘을 싣고 있다. 최근 증시 활황으로 투자 수요가 늘면서 은행권의... ",https://view.asiae.co.kr/article/2026062315501290848,https://n.news.naver.com/mnews/article/277/0005781298?sid=101,2026-06-25
쿠팡이츠,[기자수첩] 배달앱 채찍만이 능사 아니다,2024년 공정위는 배달의민족(배민)과 쿠팡이츠의 시장지배적 지위 남용 혐의에 대한 조사에 착수했다. 배달플랫폼 업계는 동의의결 절차를 통해 이 문제를 풀어가고자 했다. 동의의결은 법 위반 혐의를 받는 기업이 스스로... ,https://dealsite.co.kr/articles/164101,https://dealsite.co.kr/articles/164101,2026-06-25
쿠팡이츠,"배민 노사 ""라이더 안전 강화"" 단협 체결","실질적 변화가 이어질 수 있도록 소통을 확대하겠다""고 밝혔다. 한편 배달플랫폼노조는 25일 기자회견을 열고 쿠팡이츠에도 본인인증 강화와 단체교섭 타결을 촉구할 예정이다. 전국 각지에서 집회·행진 등이 예정돼 있다.",https://www.labortoday.co.kr/news/articleView.html?idxno=235323,https://www.labortoday.co.kr/news/articleView.html?idxno=235323,2026-06-25
쿠팡이츠,[유통소식] 이마트 'PL브랜드 페스타'…보양식·간편식 할인,"2026년 6월 24일 의료진이 영덕군 주민을 대상으로 건강검진을 진행하고 있다./사진=쿠팡 쿠팡, 경북 영덕서... 이랜드이츠 애슐리퀸즈, 여름 치즈 시즌 메뉴 출시 이랜드이츠는 애슐리퀸즈가 여름 시즌 메뉴 '크런치 온... ",http://www.4th.kr/news/articleView.html?idxno=2113656,http://www.4th.kr/news/articleView.html?idxno=2113656,2026-06-25
쿠팡이츠,패션·가구·홈쇼핑…업계마다 불붙은 ‘빠른 배송’ 경쟁,"최근 편의점 GS25와 CU는 쿠팡이츠와 협력해 24시간 퀵커머스 체제를 구축했고, 다이소는 퀵커머스 배송 가능 지역을 서울 25개 자치구 전역으로 확대했다. SSG닷컴을 통해 주문한 상품을 이마트 점포에서 즉시 배송하는... ",https://www.joongang.co.kr/article/25439631,https://n.news.naver.com/mnews/article/025/0003532945?sid=101,2026-06-25
쿠팡이츠,롭스·랄라블라와는 다르다···올리브영 포위하는 K-뷰티 신흥 강자들,최근에는 쿠팡이츠 장보기 서비스에도 입점해 전국 14개 직영점에서 약 4000개 상품을 배달 판매하고 있다. 백화점업계도 K뷰티 플랫폼 구축에 속도를 내고 있다. 롯데백화점은 지난 4월 청량리점에 K뷰티 플랫폼... ,https://www.womaneconomy.co.kr/news/articleView.html?idxno=255435,https://www.womaneconomy.co.kr/news/articleView.html?idxno=255435,2026-06-24
쿠팡이츠,배민·쿠팡이츠 ‘3600억 상생안’ 무산…“즉시 지원 사라져” vs “꼼...,자사의 배달 앱에 입점한 자영업자(업체)들을 상대로 각종 ‘갑질’을 한 혐의를 받는 우아한형제들(배달의민족 운영)과 쿠팡(쿠팡이츠 운영)이 공정거래위원회(공정위)에 낸 동의의결(자진 시정) 절차 개시 신청을... ,https://ilyo.co.kr/?ac=article_view&entry_id=511574,https://ilyo.co.kr/?ac=article_view&entry_id=511574,2026-06-24
쿠팡이츠,"쿠팡이츠 무료배달에 맞불?…배민, 배달팁 우선 할인 기능 도입","쿠팡이츠가 일반 회원까지 무료배달 혜택을 확대하는 프로모션을 진행하면서, 배민도 배달팁 할인 효과를 앞세워 대응에 나선 것으로 풀이된다. 통합할인 공지 내용 사진. (사진=배민외식업광장 캡처) 24일 업계에 따르면... ",https://www.edaily.co.kr/news/newspath.asp?newsid=05120086645485000,https://n.news.naver.com/mnews/article/018/0006314074?sid=101,2026-06-24
쿠팡이츠,빠를수록 팔린다...패션·가구·음료업계도 '빠른배송' 경쟁,"최근 편의점 GS25와 CU는 쿠팡이츠와 협력해 24시간 퀵커머스 체제를 구축했고, 다이소는 퀵커머스 배송 가능 지역을 서울 25개 자치구 전역으로 확대했다. SSG닷컴을 통해 주문한 상품을 이마트 점포에서 즉시 배송하는... ",https://www.joongang.co.kr/article/25439534,https://n.news.naver.com/mnews/article/025/0003532860?sid=101,2026-06-24
쿠팡이츠,"[단독]배민, 소비자 '배달팁' 할인 먼저…'통합할인' 도입",쿠팡이츠의 무료배달 확대에 맞서 이용자 이탈을 막으려는 방안이다. 24일 업계에 따르면 배달의민족은 다음 달 13일부터 배민배달에 적용되는 '모든주문금액 할인'을 '통합할인'으로 변경한다고 안내했다. 통합할인은... ,https://view.asiae.co.kr/article/2026062416230296233,https://n.news.naver.com/mnews/article/277/0005780982?sid=101,2026-06-24
쿠팡이츠,"30억은 통과, 3600억은 퇴짜…배민·쿠팡이츠 '자진시정' 공정위 기각 이...",이번 결정은 앞서 3600억 원 규모의 상생안을 제시하고도 동의의결 신청이 기각된 배달의민족(배민)·쿠팡이츠 사건과 대비된다. 역대급 지원안을 내놓고도 배달앱 불공정거래 의혹이 공정위 문턱을 넘지 못하면서... ,https://www.bizhankook.com/bk/article/32607,https://www.bizhankook.com/bk/article/32607,2026-06-24
쿠팡이츠,"권리인가, 압박인가... 소상공인과 소비자 모두 부담스럽게 하는 '리뷰...","ⓒ 배민/쿠팡이츠/요기요 플랫폼 기반 소비가 일상화되면서 소비자의 '별점'과 '한 줄 평'은 단순한 후기 이상의 의미를 갖게 됐다. 과거에는 지인의 추천이나 방송 프로그램을 통해 맛집 정보를 얻었다면, 이제는 검색창에... ",https://www.ohmynews.com/NWS_Web/View/at_pg.aspx?CNTN_CD=A0003245365&CMPT_CD=P0010&utm_source=naver&utm_medium=newsearch&utm_campaign=naver_news,https://n.news.naver.com/mnews/article/047/0002520357?sid=102,2026-06-24
쿠팡이츠,"플랫폼법 제정 촉구 단체들, 한성숙 총리 후보자에 공개 질의","이들 단체는 현재 온라인 쇼핑 시장에서 쿠팡과 네이버쇼핑이, 배달앱 시장에서는 배달의민족과 쿠팡이츠가 압도적인 점유율을 차지하고 있다며 독과점 구조가 심화되고 있다고 주장했다. 또한 플랫폼 기업의 자사우대... ",https://www.ngonews.kr/news/articleView.html?idxno=231604,https://www.ngonews.kr/news/articleView.html?idxno=231604,2026-06-24
쿠팡이츠,"""올영 브랜드 제품, 다이소 가격으로""…'오프뷰티', 뷰티 판 흔들까","아울러 쿠팡이츠에 입점하는 등 판로 확대도 공격적으로 전개 중이다. 오프뷰티의 주요 타깃은 외국인 관광객이다. 이에 따라 유동 인구가 몰리는 성수, 명동 등 주요 상권에 대형 매장을 운영 중이다. 서울 명동 상권의... ",https://www.ddaily.co.kr/page/view/2026062411055123279,https://n.news.naver.com/mnews/article/138/0002231918?sid=101,2026-06-24
쿠팡이츠,"""공정경제 vs 경쟁 개입""…공정위, 배민·쿠팡 과징금 제재 두고 '설왕설...","배민)과 쿠팡이츠의 동의의결 신청을 기각했다. 업계에서는 양사가 수천억원대의 과징금을 부과받게 될 것이라는 관측이 나오는 가운데, 이번 결정을 두고 상반된 의견이 나오고 있다. 24일 업계에 따르면, 공정위는 지난... ",https://www.youthdaily.co.kr/news/article.html?no=221466,https://www.youthdaily.co.kr/news/article.html?no=221466,2026-06-24
쿠팡이츠,[아키타입(Archetype) 사자성어 경영학](58)전광석화(電光石火)-시장 적기...,"쿠팡이츠의 추격으로 시장의 판도가 '속도 경쟁'으로 재편되자, 배달의민족은 머뭇거리지 않고 전광석화처럼 시스템을 전환했다. 압도적인 실행 속도로 시장 지배력을 방어하며, 플랫폼 비즈니스에서 속도가 곧... ",http://www.nongaek.com/news/articleView.html?idxno=95798,http://www.nongaek.com/news/articleView.html?idxno=95798,2026-06-24
쿠팡이츠,3600억 상생안도 못 막았다…배민·쿠팡이츠 '운명의 심판대',"공정거래위원회가 배달의민족과 쿠팡이츠의 동의의결 신청을 모두 기각하면서 양사가 본안 심의 절차를 밟게 됐다. 수천억원대 과징금 가능성이 거론되는 가운데, 심의 결과에 따라 양사의 수익성과 사업 전략에도 적지... ",https://www.dailian.co.kr/news/view/1658865/?sc=Naver,https://n.news.naver.com/mnews/article/119/0003104006?sid=101,2026-06-24
쿠팡이츠,"‘배달앱 갑질’ 배민·쿠팡이츠, 상생안 내놨지만 기각 [재계톡톡]",공정거래위원회가 입점 업체 갑질 혐의를 받는 우아한형제들(배달의민족)과 쿠팡(쿠팡이츠)의 동의의결안을 기각했다. 동의의결은 사업자가 자진 시정 방안을 내면 법 위반 여부를 확정하지 않고 사건을 끝내는 제도다.... ,https://www.mk.co.kr/article/12078592,https://n.news.naver.com/mnews/article/024/0000106421?sid=101,2026-06-23
쿠팡이츠,"배민은 재고, 쿠팡이츠는 품질…장보기 뛰어든 배달앱의 다른 부담","배달의민족과 쿠팡이츠가 생필품·신선식품 배송을 확대하고 있지만, 주문이 늘어도 이익이 남을지는 아직 검증되지 않았다. 음식배달보다 더 복잡한 비용 구조를 감당해야 하기 때문이다. 배달앱은 음식배달을 넘어... ",https://sateconomy.co.kr/news/view/1065595168793021,https://sateconomy.co.kr/news/view/1065595168793021,2026-06-23
쿠팡이츠,배민·쿠팡이츠 상생안 불발…플랫폼 개선 논의 새 국면,배달의민족과 쿠팡이츠가 수천억원 규모의 상생 지원책을 제시했지만 공정거래위원회는 받아들이지 않았다. 거액의 지원금보다 경쟁 제한 행위를 얼마나 실질적으로 개선할 수 있는지가 더 중요하다고 판단한 것이다.... ,https://www.newsway.co.kr/news/view?ud=2026062315554849842,https://www.newsway.co.kr/news/view?ud=2026062315554849842,2026-06-23
쿠팡이츠,공정위 쿠팡 '600억 규모 상생안' 기각하고 '30억 규모 지원책'은 수용 ...,불과 닷새 전 쿠팡이츠의 600억 원 규모 상생안을 기각했던 공정위가 이번에는 30억 원 규모 지원책을 수용하면서 동의의결 판단 기준에 관심이 쏠린다. 유통업계에서는 지원 규모 자체보다 위법행위에 대한 시정 의지와... ,https://www.huffingtonpost.kr/article/258178,https://www.huffingtonpost.kr/article/258178,2026-06-23
쿠팡이츠,"배민·쿠팡이츠, 과징금 변수에 여름 배달 시장 격돌…심야까지 전선 확...","배달의민족(배민)과 쿠팡이츠가 여름 배달 성수기를 앞두고 무료배달과 대규모 할인, 심야배달을 앞세워 점유율 경쟁을 확대하고 있다. 공정거래위원회가 양사의 동의의결 신청을 기각해 향후 제재 가능성이 커진... ",https://www.etnews.com/20260623000230,https://n.news.naver.com/mnews/article/030/0003440521?sid=101,2026-06-23
쿠팡이츠,"우아한청년들 7년 연속 단체교섭 타결, 배달 플랫폼 노사 상생의 기준 ...",쿠팡이츠와 요기요 등 배달 플랫폼 전반에서 라이더 처우와 노동 지위를 둘러싼 갈등이 반복되는 가운데 우아한청년들은 결이 다른 행보를 이어왔다. 2020년 업계 최초 단체협약 체결 이후 단 한 해도 거르지 않고 교섭... ,https://www.econovill.com/news/articleView.html?idxno=743202,https://www.econovill.com/news/articleView.html?idxno=743202,2026-06-23
쿠팡이츠,"공정위, 쿠팡 PB상품 상생안 수용",이번 결정은 최근 쿠팡이츠 사건과는 다른 결과다. 공정위는 지난 18일 쿠팡이츠가 입점업체 대상 '최혜대우 요구' 혐의와 관련해 제출한 600억원 규모 동의의결 신청은 기각했다. 당시 쿠팡이츠는 입점업체 지원 등을... ,https://www.smartbizn.com/news/articleView.html?idxno=146850,https://www.smartbizn.com/news/articleView.html?idxno=146850,2026-06-23
쿠팡이츠,[A오늘의 유통] BBQ·해태제과·애슐리퀸즈·락앤락 外,"◇애슐리퀸즈, 고창군과 농산물 판로 확대 협력=이랜드이츠 애슐리퀸즈가 전북 고창군과 손잡고 지역... ◇쿠팡, '스낵박스' 출시 기념 할인 기획전 진행=쿠팡이 인기 스낵을 한 박스에 담아 실속 있게 즐길 수 있는... ",https://www.asiaa.co.kr/news/articleView.html?idxno=253104,https://www.asiaa.co.kr/news/articleView.html?idxno=253104,2026-06-23
쿠팡이츠,"쿠팡 PB 납품업체에 ‘판촉비 떠넘기기’ 막는다... 공정위, 30억원 상생...",이번 결정은 최근 공정위가 배달의민족과 쿠팡이츠의 동의의결 신청을 기각한 사건과는 별개의 사안이다.배민쿠팡이츠 사건은 배달앱이 입점업체에 다른 배달앱과 같거나 더 유리한 가격과 거래조건을 요구했다는... ,https://vop.co.kr/A00001695371.html,https://vop.co.kr/A00001695371.html,2026-06-23
쿠팡이츠,“공동 현관 ‘비번’ 뚫렸다”…배달 기사 단톡방에 줄줄이 공유,쿠팡이츠 배달 기사가 모여 있는 카카오톡 대화방에 서울 강남·서초 일대 아파트 단지와 오피스텔의 공동 현관 비밀번호가 공유된 사실이 확인됐습니다. 약 200명의 배달 기사가 있는 해당 대화방에는 기사를 관리하는... ,https://news.kbs.co.kr/news/pc/view/view.do?ncd=8592780&ref=A,https://n.news.naver.com/mnews/article/056/0012204715?sid=105,2026-06-23
쿠팡이츠,"[유통레이더] 이랜드이츠, 캐치테이블, BBQ, GS더프레시, 코스맥스, 티르...","사진=이랜드 제공 ◇이랜드이츠 애슐리퀸즈, 고창군과 지역 농산물 유통 활성화 MOU 이랜드이츠가 운영하는... 사진= 쿠팡 제공 ◇쿠팡, '스낵박스' 출시 기념 할인 기획전 진행 쿠팡이 인기 스낵을 한 박스에 담아 실속... ",https://daily.hankooki.com/news/articleView.html?idxno=1378895,https://daily.hankooki.com/news/articleView.html?idxno=1378895,2026-06-23
쿠팡이츠,"쿠팡, 하도급업체와 PB상품 출시 전 상품별 부속합의서 만들고 상생 위...","앞서 공정위는 쿠팡이츠의 최혜 대우 의혹과 관련한 동의 의결을 기각했지만, 이번 사건에서는 상생 방안으로 내놓은 금액이 예상 과징금보다 크고, 시정 방안에 따른 거래 질서 개선도 조속히 이뤄질 것이라고 판단해... ",https://www.chosun.com/economy/economy_general/2026/06/23/HKO4TVGOQNBK5FJ5D4YZGQ3K3E/?utm_source=naver&utm_medium=referral&utm_campaign=naver-news,https://n.news.naver.com/mnews/article/023/0003983540?sid=101,2026-06-23
쿠팡이츠,"쿠팡, 하도급법 위반 혐의 최초 동의의결... 30억 원 상생안 통했다","쿠팡이 동의의결 절차 개시 요건을 충족하지 못했고, 상생안 내용도 미흡하다는 이유였다. 이 외에도 쿠팡은 현재 와우 멤버십 이용자에게 쿠팡이츠의 알뜰 배달 서비스와 쿠팡플레이를 끼워팔기한 혐의도 받고 있다.",https://www.hankookilbo.com/news/article/A2026062309330004239?did=NA,https://n.news.naver.com/mnews/article/469/0000938035?sid=101,2026-06-23
쿠팡이츠,"[유통소식] 롯데마트, 베트남서 대규모 ESG 캠페인","/쿠팡 쿠팡, 인기 과자 묶은 '스낵박스' 출시 쿠팡이 다양한 브랜드의 인기 스낵을 묶은 '스낵박스'를... 2026년 6월 22일 고창군청 상황실에서 고창군 심덕섭 군수(왼쪽)와 이랜드이츠 황성윤 대표(오른쪽)가 '고창 농산물... ",http://www.4th.kr/news/articleView.html?idxno=2113568,http://www.4th.kr/news/articleView.html?idxno=2113568,2026-06-23
쿠팡이츠,"청춘꼬마김밥, 누룽지떡볶이·로제떡볶이 출시…신메뉴 할인 프로모션 ...","6월 23일부터 9월 30일까지 배달의민족, 쿠팡이츠, 네이버 주문을 통해 누룽지떡볶이를 10% 할인된 가격으로 판매한다. 또한 청춘꼬마김밥은 어려운 외식 경기 속에서도 가맹점과의 상생을 위해 신메뉴 관련 식재료를 전국... ",https://www.gosiweek.com/article/1065579722055349,https://www.gosiweek.com/article/1065579722055349,2026-06-23
쿠팡이츠,전용상품 출시하고 별도 할인까지… 자사앱 공들이는 치킨업계,"한 치킨업계 관계자는 “자사앱 이용자는 꾸준히 늘고 있지만, 아직은 배달의민족이나 쿠팡이츠 등 주요 배달 플랫폼의 주문 규모를 따라가기는 쉽지 않은 상황“이라면서 “하지만 자사앱을 강화하는 가장 큰 이유는... ",https://www.viva100.com/article/20260622500909,https://www.viva100.com/article/20260622500909,2026-06-23
쿠팡이츠,"[오늘의 유통가] 이랜드이츠 ‘애슐리퀸즈’, 고창군과 업무협약 체결 ...",이랜드이츠가 이달 22일 고창군청 상황실에서 고창군과 '고창 농산물 유통 활성화를 위한 업무협약(MOU)'을... 오는 24일부터 전국 GS더프레시 매장 내 냉장 코너에서 만나볼 수 있으며 쿠팡에서도 온라인으로... ,https://dealsite.co.kr/articles/164051,https://dealsite.co.kr/articles/164051,2026-06-23
쿠팡이츠,[잘먹잘살+]코웨이·배민·이랜드이츠·NOL·무신사·롯데홈쇼핑·KT&G·쿠...,"고창군-이랜드이츠 업무협약식. 고창군 심덕섭 군수(왼쪽)와 이랜드이츠 황성윤 대표이사(오른쪽) /사진... 사진=쿠팡 ◇쿠팡, '스낵박스' 출시 기념 할인 기획전 진행 쿠팡이 인기 스낵을 한 박스에 담아 실속 있게... ",https://www.businessplus.kr/news/articleView.html?idxno=113197,https://www.businessplus.kr/news/articleView.html?idxno=113197,2026-06-23
쿠팡이츠,"[나눔] 서울우유, 플로깅 봉사·LG유플러스, 참전유공자 기부 外",이랜드이츠는 이를 시작으로 다양한 고창 농산물을 애슐리퀸즈 메뉴에 접목하는 방안을 검토한다. 애슐리퀸즈는 전국 120여 개 매장을 운영하는 뷔페형 패밀리 레스토랑이다. 사진=쿠팡풀필먼트서비스... ,https://www.slist.kr/news/articleView.html?idxno=747032,https://www.slist.kr/news/articleView.html?idxno=747032,2026-06-23
쿠팡이츠,[단독] 벨도 안 울렸는데 배달?…카톡방에 '현관 비번' 줄줄이,"[황석진/동국대 국제정보보호대학원 교수 : 문서화해가지고 같이 공유한다는 것은 단순하게 어떤 편의성 문제를 넘어서 개인정보법 위반될 가능성이 상당히 높죠.] 쿠팡이측 측은 ""쿠팡이츠에서 정리한 목록이 아니며... ",https://news.sbs.co.kr/news/endPage.do?news_id=N1008622423&plink=ORI&cooper=NAVER,https://n.news.naver.com/mnews/article/055/0001366447?sid=102,2026-06-23
쿠팡이츠,'한집 배달'이라더니 몇 군데 들르나?…추가 요금 내고도 묶음배달 다를...,사례2 인천 부평구에 사는 김 모(여)씨는 쿠팡이츠로 한 중국집에서 음식 6만6000원어치를 주문하며 한집배달을 요청했다. 앱에 표시되는 라이더 위치를 확인한 결과 주소지와 다른 방향으로 15분 이상 이동하는 것을... ,http://www.consumernews.co.kr/news/articleView.html?idxno=757839,http://www.consumernews.co.kr/news/articleView.html?idxno=757839,2026-06-23
쿠팡이츠,"고물가에 ‘마감임박’ 상품 인기만점…알뜰 소비자들, 거의 ‘반값 할...","기후에너지환경부에 따르면 이달 15일부터 배달의민족과 쿠팡이츠, 요기요 등은 각사 배달 앱을 통해 '미판매 식품 마감할인 서비스'를 운영하고 있다. 소비기한이 임박했거나 당일 판매되지 않은 빵과 샌드위치, 도시락... ",https://www.etoday.co.kr/news/view/2596022,https://www.etoday.co.kr/news/view/2596022,2026-06-23
쿠팡이츠,배민·요기요 이어 쿠팡이츠까지…배달앱 AI 경쟁 불붙었다,쿠팡과 쿠팡이츠 역시 AI 역량 강화에 공을 들이고 있다. 쿠팡은 지난해 글로벌 해커톤 '핵서울(HackSeoul)'을 공동 개최하고 AI 개발자와 스타트업 생태계 지원에 나서는 등 AI 기술 기반 혁신 역량 확대에 힘쓰고 있다.... ,https://www.newsis.com/view/NISX20260622_0003678863,https://n.news.naver.com/mnews/article/003/0014021266?sid=101,2026-06-23
쿠팡이츠,[돋보기] '고유가 지원금과 화물연대 파업' CU 2분기는 냉온탕,지난달 중순부터는 배달 플랫폼 쿠팡이츠를 통한 배달 서비스를 24시간 운영으로 전환했다. 하나은행·한국은행과 디지털화폐 및 예금 토큰 실증사업을 추진하는 것도 신규 고객 창출 차원으로 해석된다. BGF리테일은... ,https://www.shinailbo.co.kr/news/articleView.html?idxno=5032873,https://www.shinailbo.co.kr/news/articleView.html?idxno=5032873,2026-06-23
쿠팡이츠,[단독] 벨도 안 울리고 배달?…기사 카톡방엔 '비번' 목록이,"[황석진/동국대 국제정보보호대학원 교수 : 문서화해가지고 같이 공유한다는 것은 단순하게 어떤 편의성 문제를 넘어서 개인정보법 위반될 가능성이 상당히 높죠.] 쿠팡이측 측은 ""쿠팡이츠에서 정리한 목록이 아니며... ",https://news.sbs.co.kr/news/endPage.do?news_id=N1008622325&plink=ORI&cooper=NAVER,https://n.news.naver.com/mnews/article/055/0001366414?sid=102,2026-06-23
쿠팡이츠,"[단독] ""비번 XXXX"" 누르자 '쓱'…아파트 줄줄이 뚫렸다","[황석진/동국대 국제정보보호대학원 교수 : 문서화해가지고 같이 공유한다는 것은 단순하게 어떤 편의성 문제를 넘어서 개인정보법 위반될 가능성이 상당히 높죠.] 쿠팡이측 측은 ""쿠팡이츠에서 정리한 목록이 아니며... ",https://news.sbs.co.kr/news/endPage.do?news_id=N1008622159&plink=ORI&cooper=NAVER,https://n.news.naver.com/mnews/article/055/0001366385?sid=102,2026-06-22
쿠팡이츠,프랭크버거 '땡겨요' 프로모션… 할인쿠폰 지급,"한편 프랭크버거는 배달의 민족, 쿠팡이츠, 요기요, 땡겨요 등 주요 배달앱과의 다각적인 협업 프로모션을 지속적으로 운영하며 배달 채널 고객 접점을 넓히고,고객들이 언제 어디서나 합리적인 가격으로 수제버거를... ",https://www.newscj.com/news/articleView.html?idxno=3411216,https://www.newscj.com/news/articleView.html?idxno=3411216,2026-06-22
쿠팡이츠,[기업들] '호국보훈의 달' 맞아 헌신 기리고 다문화·취약계층 상생 경...,쿠팡이츠서비스(CES)는 고용노동부 및 지자체와 협력해 배달파트너의 온열질환 예방을 위한 폭염 대응 체계를 대폭 강화했다. 물·냉방·휴식 중심의 '폭염안전 5대 수칙'을 기반으로 8월까지 전국 10개 지역에서... ,http://www.dailypop.kr/news/articleView.html?idxno=99923,http://www.dailypop.kr/news/articleView.html?idxno=99923,2026-06-22
쿠팡이츠,"AI가 일자리 줄이는 시대, 고용 늘리는 곳은 '물류'뿐이었다","쿠팡Inc는 2분기 실적에 해당 과징금을 반영할 예정이라고 공시했고, 공정거래위원회도 쿠팡이츠 최혜대우 의혹에 대한 과징금 부과 절차를 예고한 상태다. 쿠팡은 부산(3000여명)·제천(500여명)·김천(500여명) 등... ",https://www.gokorea.kr/news/articleView.html?idxno=869985,https://www.gokorea.kr/news/articleView.html?idxno=869985,2026-06-22
쿠팡이츠,"쿠팡, 작년 일자리 1위 창출…올해는 '과징금 변수'에 고용 갈림길",여기에 공정거래위원회가 쿠팡이츠의 최혜대우 의혹에 대한 동의의결을 기각하고 과징금 부과 절차를 밟겠다고 밝히는 등 정부 조사에 따른 처분도 늘어날 전망이다. 이에 업계에서는 개인정보 유출 사고의... ,https://www.imaeil.com/page/view/2026062217411617308,https://n.news.naver.com/mnews/article/088/0001015724?sid=102,2026-06-22
쿠팡이츠,"배민·쿠팡이츠, 합의종결 무산… 공정위가 겨눈 건 '배달앱 지배력'",공정거래위원회가 배달의민족과 쿠팡이츠의 동의의결 신청을 모두 기각하면서 배달 플랫폼 산업이 새로운 국면에 들어섰다. 배달의민족 운영사 우아한형제들과 쿠팡이츠 운영사 쿠팡은 총 3600억원 규모의 상생안을... ,https://www.newscj.com/news/articleView.html?idxno=3411150,https://www.newscj.com/news/articleView.html?idxno=3411150,2026-06-22
쿠팡이츠,[DD퇴근길] 3600억 내밀었는데 퇴짜…배민·쿠팡이츠의 '합의 시도'가 실...,"배달의민족과 쿠팡이츠가 공정거래위원회에 총 3600억원짜리 상생안을 내밀었다가 보기 좋게 거절당했습니다. 배민 3000억원, 쿠팡이츠 600억원. 숫자만 보면 꽤 통 크게 쏜 것 같은데 공정위는 고개를 저었습니다. 먼저... ",https://www.ddaily.co.kr/page/view/2026062214131112252,https://n.news.naver.com/mnews/article/138/0002231677?sid=105,2026-06-22
쿠팡이츠,[기자수첩] ‘상생안’으로 면죄부 받으려다 퇴짜 맞은 배민·쿠팡,"공정거래위원회가 배달의민족과 쿠팡이츠의 동의의결 신청을 기각했다. 배민은 3,000억원, 쿠팡은 600억원 규모의 상생안을 내놓으며 사건을 마무리해 달라고 요청했지만 받아들여지지 않았다. 공정위는 다수 소비자와... ",https://vop.co.kr/A00001695336.html,https://vop.co.kr/A00001695336.html,2026-06-22
쿠팡이츠,배민·쿠팡이츠 동의의결 최종 기각…가게배달 재도약 기회 맞을까,"공정거래위원회가 국내 배달 플랫폼 시장을 양분하고 있는 배달의민족(우아한형제들)과 쿠팡이츠(쿠팡)의 동의의결 절차 개시 신청을 최종 기각하고, 법과 원칙에 따른 정식 제재 절차를 밟겠다고 밝혔다. 양사가 제시한... ",https://www.klnews.co.kr/news/articleView.html?idxno=321594,https://www.klnews.co.kr/news/articleView.html?idxno=321594,2026-06-22
쿠팡이츠,[소비자생활] 교원 웰스ㆍ쿠팡이츠서비스ㆍ시몬스,"◇ 쿠팡이츠서비스, 지자체와 협력해 배달파트너 안전 지원 쿠팡이츠서비스(CES)는 고용노동부와 지방자치단체 등 유관기관과 협력해 배달파트너의 온열질환 예방과 안전 운행을 위한 폭염 대응을 강화한다고 22일... ",http://www.smarttimes.co.kr/news/articleView.html?idxno=46588,http://www.smarttimes.co.kr/news/articleView.html?idxno=46588,2026-06-22
쿠팡이츠,"쿠팡이츠서비스·CJ대한통운, 혹서기 온열질환 예방 총력","쿠팡이츠서비스(CES), CJ대한통운이 혹서기 온열질환 예방에 총력을 기울이고 있다. CES는 '물·냉방·휴식·보냉장구·119신고'로 구성된 고용노동부의 '폭염안전 5대 기본수칙'을 바탕으로 배달파트너 맞춤형 지원을... ",https://www.cnbizm.com/news/articleView.html?idxno=306217,https://www.cnbizm.com/news/articleView.html?idxno=306217,2026-06-22
쿠팡이츠,"쿠팡이츠서비스, 고용노동부·지자체와 손잡고 배달파트너 폭염 대응 강...",▲ 쿠팡이츠서비스가 지난해 여름 성남 지역에서 배달파트너에게 생수 등 여름 안전물품을 제공하는 모습 쿠팡이츠서비스(CES)가 고용노동부와 지자체 등 유관기관과 협력해 배달파트너의 온열질환 예방과 안전 운행을... ,https://www.siminilbo.co.kr/news/newsview.php?ncode=1160288317854824,https://www.siminilbo.co.kr/news/newsview.php?ncode=1160288317854824,2026-06-22
쿠팡이츠,"쿠팡풀필먼트서비스, 국립대전현충원서 묘역 정화 봉사",최근에는 쿠팡이츠서비스(CES)가 고용노동부 및 지자체와 협력해 배달파트너 대상 폭염 대응 지원을 강화하는 등 사회적 책임 활동도 확대하고 있다. 황효주 글로벌이코노믹 기자,https://www.g-enews.com/view.php?ud=20260622152849549740eacf404_1,https://www.g-enews.com/view.php?ud=20260622152849549740eacf404_1,2026-06-22
쿠팡이츠,"쿠팡, 상생 행보 가속···CFS 현충원 봉사·CES 폭염 대책 강화",쿠팡이츠서비스는 고용노동부 및 지자체 등 유관기관과 협력해 배달파트너의 온열질환 예방과 안전 운행을 위한 폭염 대응 체계를 대폭 강화한다. CES는 고용노동부의 폭염안전 5대 기본수칙(물·냉방·휴식·보냉장구... ,https://www.globale.co.kr/news/articleView.html?idxno=38930,https://www.globale.co.kr/news/articleView.html?idxno=38930,2026-06-22
쿠팡이츠,배민 '배네핏'으로 라이더 주유비 지원 확대..1만명에 최대 3천원,"쿠팡이츠는 배달 파트너 쉼터를 중심으로 혹서기·혹한기 물품 지원을 확대하고 있고, 요기요 물류 자회사 등도 안전 교육과 보험 지원을 결합한 프로그램을 운영하고 있다. 우아한청년들은 '배-네핏'을 중심으로 주유비... ",http://www.4th.kr/news/articleView.html?idxno=2113529,http://www.4th.kr/news/articleView.html?idxno=2113529,2026-06-22
쿠팡이츠,"거침없는 쿠팡의 질주, 거세지는 칼바람…잇단 제재에 제동 걸린 '무한...",22일 업계에 따르면 공정거래위원회(이하 공정위)는 최근 쿠팡이츠가 신청한 동의의결 절차 개시를 기각했다. 동의의결은 사업자가 자발적인 시정방안을 제시하면 위법 여부를 확정하지 않고 사건을 종결하는 제도다.... ,https://www.newsquest.co.kr/news/articleView.html?idxno=268289,https://www.newsquest.co.kr/news/articleView.html?idxno=268289,2026-06-22
쿠팡이츠,[유통가 오늘] 쿠팡이츠ㆍ다이소ㆍ홈앤쇼핑ㆍ한샘,"<편집자주> 쿠팡이츠서비스, 고용노동부·지자체 협력 배달파트너 폭염 대응 강화 쿠팡이츠서비스(CES)가 고용노동부, 지자체 등 유관기관과 협력해 배달파트너의 온열질환 예방과 안전 운행을 위한 폭염 대응을... ",https://www.cnbnews.com/news/articleView.html?idxno=1005379,https://www.cnbnews.com/news/articleView.html?idxno=1005379,2026-06-22
쿠팡이츠,"쿠팡이츠, '물·쉼터·냉방용품' 폭염 대응 지원 강화","쿠팡이츠서비스(이하 CES)가 고용노동부, 지자체 등 유관기관과 협력해 배달파트너의 온열질환 예방과 안전 운행을 위한 폭염 대응을 강화하고, 현장에서 체감할 수 있는 실질적 지원을 확대한다고 밝혔다. CES는 '물·냉방... ",https://www.klnews.co.kr/news/articleView.html?idxno=321591,https://www.klnews.co.kr/news/articleView.html?idxno=321591,2026-06-22
쿠팡이츠,10만명이나 고용했는데…쿠팡 올해 일자리 축소될 수도,"더불어 최근 공정거래위원회도 쿠팡이츠의 최혜대우 의혹에 대해 동의의결을 기각, 과징금 부과 절차를 밟겠다고 밝히면서 각종 정부 과징금 처분도 늘어날 것으로 예상되는 상황이다. 유통업계 관계자는 “올... ",https://www.edaily.co.kr/news/newspath.asp?newsid=03368566645484344,https://n.news.naver.com/mnews/article/018/0006312065?sid=101,2026-06-22
쿠팡이츠,"쿠팡이츠서비스, 배달파트너 폭염 대응 강화...실질적 지원 확대","쿠팡이츠서비스, CES가 고용노동부, 지자체 등 유관기관과 손잡고 배달파트너의 온열질환 예방과 안전 운행을 위한 폭염 대응 지원을 대폭 강화합니다. CES는 고용노동부의 '폭염안전 5대 기본수칙'을 바탕으로, 오는... ",https://news.bbsi.co.kr/news/articleView.html?idxno=4090480,https://news.bbsi.co.kr/news/articleView.html?idxno=4090480,2026-06-22
쿠팡이츠,"쿠팡이츠서비스, 폭염 속 배달파트너 안전 위해 ‘현장 밀착형’ 지원 ...","기록적인 폭염이 예고된 올여름, 배달파트너들이 보다 안전하게 주행할 수 있도록 쿠팡이츠서비스가 정부 기관 및 지역사회와 협력해 전방위적인 보호 체계를 가동한다. 이번 조치는 배달 현장에서 발생할 수 있는... ",http://www.globalepic.co.kr/view.php?ud=20260622112135243648439a4874_29,http://www.globalepic.co.kr/view.php?ud=20260622112135243648439a4874_29,2026-06-22
쿠팡이츠,폭염과의 전쟁 나선 쿠팡…배송기사·배달 파트너·물류 현장 안전 강화,쿠팡이츠서비스는 여름철 폭염과 집중호우 등 계절성 위험 요인에 대비해 배달 파트너 대상 안전 안내를 강화하고 있다. 배달 수행 과정에서 충분한 수분 섭취와 휴식을 권고하는 한편 안전 운행을 위한 정보 제공에도... ,https://www.techm.kr/news/articleView.html?idxno=152786,https://www.techm.kr/news/articleView.html?idxno=152786,2026-06-22
쿠팡이츠,"우아한청년들, 배민커넥트 라이더 대상 주유 지원 실시","쿠팡이츠는 배달파트너를 대상으로 보험과 안전교육 프로그램을 운영하고 있으며 일부 플랫폼은 정비, 안전장비, 금융 서비스 등을 연계해 제공하고 있다. 배달 종사자의 안전과 운행 여건을 고려한 지원 사례가 늘어나는... ",https://www.lcnews.co.kr/news/articleView.html?idxno=203769,https://www.lcnews.co.kr/news/articleView.html?idxno=203769,2026-06-22
쿠팡이츠,"“3600억원 상생안도 소용없었다”…배민·쿠팡이츠 동의의결, 대체 뭐...","지난주 공정거래위원회가 배달의민족과 쿠팡이츠의 동의의결 신청을 모두 기각하면서 양사가 제시한 총 3600억원 규모의 상생 지원안도 사실상 무산 수순을 밟게 됐다. 특히 배민은 3000억원, 쿠팡이츠는 600억원 규모의... ",https://www.ddaily.co.kr/page/view/2026062209570505929,https://n.news.naver.com/mnews/article/138/0002231595?sid=101,2026-06-22
쿠팡이츠,"쿠팡이츠서비스·동아오츠카, 혹서기 폭염 대비 온열질환 예방활동 전개","쿠팡이츠서비스(CES)와 동아오츠카가 본격적인 혹서기를 맞아 각각 배달파트너와 임직원들을 대상으로 폭염대비 온열질환 예방활동에 나섰다. CES는 고용노동부, 지자체 등 유관기관과 협력해 배달파트너의 온열질환... ",http://www.wsobi.com/news/articleView.html?idxno=314013,http://www.wsobi.com/news/articleView.html?idxno=314013,2026-06-22
쿠팡이츠,"배민, 기름값에 우는 라이더 챙긴다... 카카오페이 손잡고 주유비 지원...","쿠팡이츠도 라이더 대상 보험 지원과 수수료 정책을 잇따라 손보고 있고, 요기요 역시 배달 파트너 대상 멤버십 혜택을 강화한 바 있다. 라이더 공급이 곧 배달 서비스 품질로 직결되는 구조인 만큼 주유비처럼 현장에서... ",https://www.econovill.com/news/articleView.html?idxno=743012,https://www.econovill.com/news/articleView.html?idxno=743012,2026-06-22
쿠팡이츠,"우아한형제들 임직원 153명 12시간 몰입, 콜봇이 메뉴 누락 민원까지 처...",쿠팡이츠와 요기요도 자체 기술 행사를 운영해왔지만 예선 평가 단계부터 AI를 도입해 비개발자 참여 문턱을 낮춘 시도는 비교적 드물다는 평가다. 콜센터 인력난과 상담 비용 부담이 커지는 상황에서 메뉴 누락 같은... ,https://www.econovill.com/news/articleView.html?idxno=743013,https://www.econovill.com/news/articleView.html?idxno=743013,2026-06-22
쿠팡이츠,요양원 대신 실버타운 택한 현대해상…시니어 사업 승부수,쿠팡이츠와 타다 등을 거친 김정웅 대표가 회사를 이끌고 있다. 현대HXP는 시설 소유주인 기업이나 펀드 등을 대신해 운영·자문 서비스를 제공하고 수수료 수익을 확보하는 사업 모델을 구상하고 있다. 시니어하우징은... ,https://www.topdaily.kr/articles/110631,https://www.topdaily.kr/articles/110631,2026-06-22
쿠팡이츠,"역대급 폭염에 배달업계 비상… 쿠팡이츠서비스, 라이더 안전 지원 확대",쿠팡이츠서비스가 지난해 여름 성남 지역에서 배달파트너에게 생수 등 여름 안전물품을 제공하고 있다/ 쿠팡 제공 연일 이어지는 폭염으로 야외 노동자들의 건강 관리가 사회적 과제로 떠오르면서 배달업계도 라이더... ,https://www.koreaittimes.com/news/articleView.html?idxno=154598,https://www.koreaittimes.com/news/articleView.html?idxno=154598,2026-06-22
쿠팡이츠,[단독]주병기 “담합 조사 시작되면 자진신고해도 과징금 최대 75%만 감...,"혹은 요건을 남겨두되 국내에 기업집단이 있고, 실질적 지배자가 개인으로 특정된다면 원칙적으로 동일인을 개인으로 지정하도록 시행령을 개정할 수 있다.” ―쿠팡이츠와 배달의민족의 자진 시정 신청을 기각한 이유는.... ",https://www.donga.com/news/Economy/article/all/20260621/134151673/1,https://n.news.naver.com/mnews/article/020/0003728320?sid=101,2026-06-22
쿠팡이츠,[출근길 포인트] 최고 연 19.4% 효과 '청년미래적금' 출시... 청년층 자산...,"◇ 쿠팡이츠서비스, 고용노동부·지자체 협력 배달파트너 폭염 대응 강화 쿠팡이츠서비스(CES)가 고용노동부, 지자체 등 유관기관과 협력해 배달파트너의 온열질환 예방과 안전 운행을 위한 폭염 대응을 강화하고... ",https://www.pointdaily.co.kr/news/articleView.html?idxno=308994,https://www.pointdaily.co.kr/news/articleView.html?idxno=308994,2026-06-22
쿠팡이츠,"쿠팡이츠서비스, 배달파트너 '폭염 대응망' 전국에 촘촘히 짠다",©AP신문(AP뉴스)/이미지 제공 = 쿠팡 ▲쿠팡이츠서비스가 지난해 여름 성남 지역에서 배달파트너에게 생수 등 여름 안전물품을 제공하는 모습 쿠팡이츠서비스(CES)가 여름철 배달 현장의 온열질환 예방을 위해 폭염 대응... ,https://www.apnews.kr/news/articleView.html?idxno=3049210,https://www.apnews.kr/news/articleView.html?idxno=3049210,2026-06-22
쿠팡이츠,[단독]“담합 조사 시작후 자진신고땐 과징금 감면 75%로 축소 검토”,"혹은 요건을 남겨두되 국내에 기업집단이 있고, 실질적 지배자가 개인으로 특정된다면 원칙적으로 동일인을 개인으로 지정하도록 시행령을 개정할 수 있다.” ―쿠팡이츠와 배달의민족의 자진 시정 신청을 기각한 이유는... ",https://www.donga.com/news/Economy/article/all/20260621/134152486/2,https://n.news.naver.com/mnews/article/020/0003728314?sid=101,2026-06-22
쿠팡이츠,[미리보는 이데일리 신문]수익모델로 큰 스페이스X…방산에 갇힌 韓,"아낀다 -쿠팡이츠서비스, 배달파트너에 생수·휴식공간 등 지원 △ICT -”도로 좁으면 트럭 못달리 듯…AI붐, 메모리·데이터 고속로道 구축에 달려“ -”MMORPG가 안정적인 수익원“…게임업계, 하반기 신작 출격 -KT... ",https://www.edaily.co.kr/news/newspath.asp?newsid=02555126645484016,https://n.news.naver.com/mnews/article/018/0006311589?sid=101,2026-06-21
쿠팡이츠,"쿠팡이츠서비스, 배달파트너 폭염 대응 강화","쿠팡이츠서비스가 여름철 배달파트너 온열질환 예방을 위해 폭염 대응 지원을 확대한다. 고용노동부와 지방자치단체, 한국노동공제회 등과 협력해 현장 캠페인과 쉼터 운영을 병행한다. 쿠팡이츠서비스는 고용노동부의... ",https://zdnet.co.kr/view/?no=20260621141020,https://n.news.naver.com/mnews/article/092/0002427453?sid=105,2026-06-21
쿠팡이츠,"쿠팡이츠서비스, 배달기사 온열질환 예방 지원 확대","쿠팡이츠서비스(CES)가 여름철 폭염에 대비해 배달파트너 안전 지원을 강화한다. 21일 CES는 고용노동부의 ‘폭염안전 5대 기본수칙’인 물, 냉방, 휴식, 보냉장구, 119 신고를 바탕으로 배달파트너 맞춤형 지원을 제공하고... ",https://biz.chosun.com/distribution/food/2026/06/21/DQDERL4KQREK7EXZRP7ENP3O5Q/?utm_source=naver&utm_medium=original&utm_campaign=biz,https://n.news.naver.com/mnews/article/366/0001173313?sid=101,2026-06-21
쿠팡이츠,"쿠팡이츠서비스, 배달파트너 폭염 대응 강화","쿠팡이츠서비스가 여름철 폭염에 대비해 배달파트너 안전 지원을 확대한다. 정부와 지방자치단체, 관련 협회와 협력해 배달파트너의 온열질환을 예방하고, 안전 운행을 돕는다는 취지다. 쿠팡이츠서비스는 고용노동부의... ",https://www.dt.co.kr/article/12068656?ref=naver,https://n.news.naver.com/mnews/article/029/0003032833?sid=101,2026-06-21
쿠팡이츠,"쿠팡이츠서비스, 고용노동부·지자체 협력 배달파트너 폭염 대응 강화","‘안전 5대 수칙’ 기반 현장 지원 확대 쿠팡이츠서비스(CES)가 고용노동부, 지자체 등 유관기관과 협력해 배달파트너의 온열질환 예방과 안전 운행을 위한 폭염 대응을 강화하고 현장에서 체감할 수 있는 실질적인 지원을... ",https://www.kgnews.co.kr/news/article.html?no=900789,https://www.kgnews.co.kr/news/article.html?no=900789,2026-06-21
쿠팡이츠,"쿠팡이츠서비스, 배달파트너 폭염 대응 지원 확대",쿠팡이츠서비스(CES)가 고용노동부와 지방자치단체 등 유관기관과 협력해 배달파트너의 온열질환 예방과 안전 운행을 위한 폭염 대응 지원을 확대한다고 21일 밝혔다. 이번 지원은 고용노동부의 '폭염안전 5대 기본수칙... ,http://www.lawissue.co.kr/view.php?ud=202606211500322400f4ab64559d_12,http://www.lawissue.co.kr/view.php?ud=202606211500322400f4ab64559d_12,2026-06-21
쿠팡이츠,"쿠팡이츠서비스, 폭염 대응 총력…배달파트너 안전망 확대",고용노동부·지자체와 협력해 전국 10개 지역 캠페인 전개 이동노동자 쉼터·정비센터 활용한 휴식공간 확대 운영 폭염·호우·태풍 실시간 안내로 안전 운행 지원 [서울타임즈뉴스 = 서연옥 기자] 쿠팡이츠서비스(CES)가... ,https://www.seoultimes.news/news/article.html?no=2000096847,https://www.seoultimes.news/news/article.html?no=2000096847,2026-06-21
쿠팡이츠,"쿠팡이츠서비스, 혹서기 야외 이동노동자 안전망 확대",이러한 상황에서 쿠팡이츠서비스(CES)는 고용노동부의 '폭염안전 5대 기본수칙'을 기준 삼아 유관기관과 협업한 현장 안전 지원책을 시행한다고 밝혔다. 고용노동부 및 한국노동공제회와 공동으로 오는 8월까지 전국 10개... ,https://www.lcnews.co.kr/news/articleView.html?idxno=203740,https://www.lcnews.co.kr/news/articleView.html?idxno=203740,2026-06-21
쿠팡이츠,"쿠팡이츠서비스, 폭염 대응 강화…배달파트너 안전 지원 확대",쿠팡이츠서비스(CES)가 여름철 폭염에 대비해 배달파트너 안전 지원을 확대한다. CES는 고용노동부가 제시한 '폭염안전 5대 기본수칙(물·냉방·휴식·보냉장구·119 신고)'을 기반으로 배달파트너 맞춤형 지원을 실시하고... ,http://www.dailysmart.co.kr/news/articleView.html?idxno=125815,http://www.dailysmart.co.kr/news/articleView.html?idxno=125815,2026-06-21
쿠팡이츠,"쿠팡이츠, 배달 파트너 폭염 대응 강화","쿠팡이츠서비스가 고용노동부, 지자체 등과 손을 잡고 배달 파트너 안전을 위한 폭염 대응을 강화한다. 21일 쿠팡이츠서비스에 따르면 고용노동부, 한국노동공제회, 지자체 등과 협력해 폭염 대비 나눔 캠페인을 진행하고... ",https://www.busan.com/view/busan/view.php?code=2026062112280679542,https://n.news.naver.com/mnews/article/082/0001386265?sid=101,2026-06-21
쿠팡이츠,폐기 직전 빵의 변신…소비자·기업·환경 모두 웃는 '떨이 경제학' [단...,"사업에는 배달의민족과 요기요, 쿠팡이츠 등 주요 배달 플랫폼은 물론 럭키밀, 마구마켓 등 전문 마감할인 플랫폼도 참여한다. 파리바게뜨와 뚜레쥬르를 비롯한 제과 프랜차이즈와 개인 빵집, 음식점들도 할인 판매에... ",http://www.fnnews.com/news/202606201655585947,https://n.news.naver.com/mnews/article/014/0005537538?sid=101,2026-06-21
쿠팡이츠,"쿠팡이츠, 폭염 속 배달파트너 안전 지원 확대",포쓰저널 허지원 기자 쿠팡이츠서비스가 지난해 여름 성남 지역에서 배달파트너에게 생수 등 여름 안전물품을 제공하는 모습./2026.6.21.쿠팡 쿠팡이츠서비스(CES)가 여름철 폭염에 대비해 배달파트너 안전 지원을 강화한다.... ,http://www.4th.kr/news/articleView.html?idxno=2113472,http://www.4th.kr/news/articleView.html?idxno=2113472,2026-06-21
쿠팡이츠,"쿠팡이츠서비스, 고용부·지자체와 손잡고 배달파트너 폭염 대응 강화","쿠팡이츠서비스가 지난해 여름 성남 지역에서 배달파트너에게 생수 등 여름 안전물품을 제공하는 모습. 사진=쿠팡 제공 쿠팡이츠서비스(CES)가 고용노동부, 지방자치단체, 한국노동공제회 등 유관기관과 협력해... ",http://www.kdfnews.com/news/articleView.html?idxno=184428,http://www.kdfnews.com/news/articleView.html?idxno=184428,2026-06-21
쿠팡이츠,"쿠팡이츠서비스, 폭염 대응 강화…배달파트너 지원 확대","쿠팡이츠서비스(CES)가 여름철 폭염에 대비해 배달파트너 지원을 확대한다. 21일 CES는 고용노동부, 지자체 등과 협력해 배달파트너의 온열질환 예방과 안전 운행을 위한 지원책을 강화한다고 밝혔다. 고용노동부의... ",https://www.newspim.com/news/view/20260621000055,https://www.newspim.com/news/view/20260621000055,2026-06-21
쿠팡이츠,"본격 폭염 시작에 라이더 챙긴다 … 쿠팡이츠, 냉방쉼터·커피 지원 확대","뉴데일리 최신혜 기자 = 서울에 올여름 첫 폭염주의보가 지난해보다 12일 빠르게 발효된 가운데 쿠팡이츠서비스(CES)가 배달파트너 보호를 위한 혹서기 대응을 강화한다. 고용노동부와 지방자치단체, 유관기관과 협력해... ",https://biz.newdaily.co.kr/site/data/html/2026/06/21/2026062100032.html,https://biz.newdaily.co.kr/site/data/html/2026/06/21/2026062100032.html,2026-06-21
쿠팡이츠,[기업기상도] '맑음' 예보 뜬 기업 vs'호우경보' 내린 기업,"다음은 배달의민족과 쿠팡이츠입니다. 잘못 인정하고 시정할테니 제재하지 말아달란 요청 기각돼 수천억원대 과징금 물 전망입니다. 우리 플랫폼엔 최저가로 올려라, 본사 할인쿠폰 적용해라 요구도 많고 불응하면... ",http://www.yonhapnewstv.co.kr/news/MYH20260620130408DV1,https://n.news.naver.com/mnews/article/422/0000876844?sid=101,2026-06-21
쿠팡이츠,"쿠팡이츠서비스, 고용노동부·지자체 손잡고 '폭염 5대 수칙' 현장 지원...",쿠팡이츠서비스(CES)가 정부 및 지방자치단체와 협업해 배달파트너들의 폭염 피해 예방과 안전 운행을 돕는 현장 지원책을 본격 가동한다고 21일 밝혔다. 이번 대응은 고용노동부가 제시한 '물·냉방·휴식·보냉장구·119신고... ,http://www.srtimes.kr/news/articleView.html?idxno=205717,http://www.srtimes.kr/news/articleView.html?idxno=205717,2026-06-21
쿠팡이츠,"쿠팡이츠서비스, 고용노동부·지자체 협력 배달파트너 폭염 대응 강화 ...",쿠팡이츠서비스가 지난해 여름 성남 지역에서 배달파트너에게 생수 등 여름 안전물품을 제공하는 모습 쿠팡이츠서비스(CES)가 폭염 속 배달종사자의 안전 확보를 위한 현장 지원을 강화하며 ESG 경영과 플랫폼 노동 보호... ,http://www.worktoday.co.kr/news/articleView.html?idxno=85863,http://www.worktoday.co.kr/news/articleView.html?idxno=85863,2026-06-21
쿠팡이츠,"쿠팡이츠서비스, 배달파트너 폭염 대응 강화…전국 쉼터 확대·아이스커...","쿠팡이츠서비스(CES)가 여름철 폭염에 대비해 배달파트너의 온열질환 예방과 안전 운행을 위한 지원을 확대한다. 정부기관과 지방자치단체, 유관기관과의 협력을 강화해 현장에서 체감할 수 있는 실질적인 안전 지원... ",https://www.megaeconomy.co.kr/news/newsview.php?ncode=1065575697046489,https://www.megaeconomy.co.kr/news/newsview.php?ncode=1065575697046489,2026-06-21
요기요,"[솔로이코노미] OTT 정가는 올랐는데, 왜 지출은 줄었을까?",쿠팡이츠가 와우 멤버십 회원을 대상으로 무제한 무료배달을 도입한 뒤 배달의민족과 요기요도 경쟁에 뛰어들면서다. 플랫폼 간 무료배달 경쟁 확산에 배달팁 부담은 일부 완화됐다. 그렇다고 해서 소비자의 부담이... ,http://www.dailypop.kr/news/articleView.html?idxno=100023,http://www.dailypop.kr/news/articleView.html?idxno=100023,2026-06-25
요기요,"""슈퍼쏠·우즈벡 진출까지"" 신한카드, 금융서비스 확장 나섰다","특별 적립은 주유(SK에너지, GS칼텍스), 온라인쇼핑(쿠팡, SSG.COM, 무신사, 29CM), 배달앱(땡겨요, 배달의 민족, 요기요, 쿠팡이츠)에서 적용된다. 쏠플랜 플러스카드의 혜택은 SOL포인트로 월 통합 적립 한도내에서... ",https://www.newscj.com/news/articleView.html?idxno=3411957,https://www.newscj.com/news/articleView.html?idxno=3411957,2026-06-25
요기요,"GS리테일, 구조조정 효과 본격화… 편의점·슈퍼·홈쇼핑 ‘트리플 회복...","GS리테일은 지난해 어바웃펫, 인도네시아 슈퍼사업, 농산물 가공 계열사 퍼스프 등 부진 사업을 정리했으며, 요기요 관련 손상차손도 대부분 반영을 완료했다. 이에 따라 향후 대규모 일회성 비용 발생 가능성은 크게... ",https://www.viva100.com/article/20260624500408,https://www.viva100.com/article/20260624500408,2026-06-25
요기요,"홈쇼핑 품은 지 5년…GS리테일, 여전한 편의점 의존 구조","GS리테일은 요기요 투자와 퀵커머스 사업 확대에 나섰지만 시장 지배력을 확보하지 못한 채 수익성 부담이 이어지고 있다. 한편, 회사 실적의 중심축은 여전히 편의점이다. GS리테일은 지난해 매출 11조9574억 원... ",http://www.datanews.co.kr/news/article.html?no=145272,http://www.datanews.co.kr/news/article.html?no=145272,2026-06-25
요기요,"“AI 도입 넘어 일하는 방식 바꾼다”…메가존소프트, 기업 AX 전환 전략...",메가존소프트 김진성 클라우드 테크 유닛장은 요기요 운영사 위대한상상과 한국앤컴퍼니의 AI 해커톤 사례를 공유했다. 위대한상상은 상권·리뷰 분석 기반 메뉴 추천 에이전트와 고객 상담 자동 분류 시스템... ,https://www.venturesquare.net/1093637/,https://www.venturesquare.net/1093637/,2026-06-24
요기요,"메가존소프트, 구글 클라우드와 ‘에이전틱 WX’ 세미나 개최","김진성 메가존소프트 클라우드 기술 유닛장은 위대한상상(요기요), 한국앤컴퍼니 등 고객사 임직원이 직접 AI 에이전트를 개발하도록 지원한 사례를 소개했다. 위대한상상은 사내 AI 해커톤을 통해 상권·리뷰 분석 기반... ",https://www.edaily.co.kr/news/newspath.asp?newsid=06382886645485000,https://n.news.naver.com/mnews/article/018/0006314162?sid=105,2026-06-24
요기요,"요기요, 배스킨라빈스 매장 '요기배달' 시작...최대 5000원 할인","배달앱 요기요가 아이스크림 브랜드 배스킨라빈스에 '요기배달' 서비스를 도입한다고 24일 밝혔다. 요기배달은 요기요가 직접 중개하는 배달 서비스로, 고객은 주문 상황에 따라 ‘실속배달’과 ‘한집배달’ 등 배달... ",https://zdnet.co.kr/view/?no=20260624200413,https://n.news.naver.com/mnews/article/092/0002427932?sid=105,2026-06-24
요기요,"[ZD SW 투데이] 큐빅, 가트너 보고서 2년 연속 등재 外","위대한상상(요기요)과 한국앤컴퍼니의 AI 해커톤 지원 사례, 금융그룹 계열사 대상 통합 보안 거버넌스 구축, IT 서비스 기업의 SAP 전사적자원관리(ERP) 운영 자동화 사례와 제미나이 엔터프라이즈 기반 노코드... ",https://zdnet.co.kr/view/?no=20260624154428,https://n.news.naver.com/mnews/article/092/0002427920?sid=105,2026-06-24
요기요,"[게시판] 웹케시, 농협은행에 기업뱅킹 전용 AI 에이전트 구축 등 단신",위대한상상(요기요)·한국앤컴퍼니 등의 도입 사례 공유와 제미나이 엔터프라이즈 기반 노코드 에이전트 라이브 데모도 진행됐다. ■ 서울로보틱스(대표 이한빈)는 현대자동차 등과 국토교통부 'AI 특화 시범도시 사업... ,https://www.aitimes.com/news/articleView.html?idxno=212068,https://www.aitimes.com/news/articleView.html?idxno=212068,2026-06-24
요기요,"염동훈 메가존클라우드 대표 ""AI 에이전트, 새 직원 채용과 비슷""",김진성 메가존소프트 클라우드 테크 유닛장은 위대한상상(요기요)과 한국앤컴퍼니 등 고객사 임직원이 직접 AI 에이전트를 개발하도록 지원한 사례를 소개했다. 위대한상상(요기요)은 사내 AI 해커톤을 통해 상권... ,https://www.mt.co.kr/tech/2026/06/25/2026062416291811639,https://n.news.naver.com/mnews/article/008/0005376607?sid=105,2026-06-24
요기요,"메가존소프트-구글클라우드, ‘에이전틱 WX 리더십 세미나’ 개최",메가존소프트 김진성 클라우드 테크 유닛장은 위대한상상(요기요)과 한국앤컴퍼니 등 고객사 임직원이 직접 AI 에이전트를 개발하도록 지원한 사례를 소개했다. 또 제미나이 엔터프라이즈 기반의 노코드 에이전트... ,https://www.dt.co.kr/article/12069355?ref=naver,https://n.news.naver.com/mnews/article/029/0003033523?sid=105,2026-06-24
요기요,"메가존소프트·구글 클라우드, ""AI 전환 성패는 기술보다 변화관리""","위대한상상(요기요)은 사내 AI 해커톤을 통해 상권 분석과 상담 자동 분류, 배달 권역 최적화 에이전트를 개발했으며, 한국앤컴퍼니는 공급망 리스크 관리와 상품 전략 수립에 활용할 수 있는 AI 에이전트 발굴... ",https://it.chosun.com/news/articleView.html?idxno=2023092164483,https://it.chosun.com/news/articleView.html?idxno=2023092164483,2026-06-24
요기요,"[SV 유통 단신] 현대백화점, 여름 정기세일 '더 세일' 진행 外","▲ 요기요, 배스킨라빈스에 '요기배달' 도입./사진=요기요 제공 ◇ 요기요, 배스킨라빈스에 '요기배달' 도입 요기요는 배스킨라빈스 전 매장에 자사 배달 서비스인 ‘요기배달’을 도입했다. 고객들은 배스킨라빈스... ",https://www.socialvalue.kr/news/view/1065594742849793,https://www.socialvalue.kr/news/view/1065594742849793,2026-06-24
요기요,"요기요, 배스킨라빈스에 '요기배달' 도입…전 매장 이용 가능",ⓒ요기요 배달앱 요기요가 아이스크림 브랜드 배스킨라빈스에 자체 배달 서비스인 '요기배달'을 도입하고 이를 기념한 할인 행사를 진행한다고 24일 밝혔다. 배스킨라빈스는 지난 16일부터 일부 매장에서 요기배달 시범... ,https://sports.hankooki.com/news/articleView.html?idxno=6935312,https://sports.hankooki.com/news/articleView.html?idxno=6935312,2026-06-24
요기요,"염동훈 메가존클라우드 대표 ""에이전트 도입은 새 직원 채용과 같아""","행사에서는 위대한상상(요기요)과 한국앤컴퍼니 등 고객사의 AI 에이전트 도입 사례를 공유했다. 위대한상상은 사내 AI 해커톤을 통해 상권·리뷰 분석 기반 메뉴 개선 제안 에이전트, 상담자동 분류 및 배달 권역 최적화... ",https://view.asiae.co.kr/article/2026062414552166227,https://n.news.naver.com/mnews/article/277/0005780914?sid=105,2026-06-24
요기요,"메가존소프트·구글클라우드, '에이전틱 WX'로 AI 조직 혁신 전략 공유",메가존소프트 김진성 클라우드 테크 유닛장은 위대한상상(요기요)과 한국앤컴퍼니 등 고객사 임직원이 직접 AI 에이전트를 개발하도록 지원한 사례를 공유했다. 아울러 제미나이 엔터프라이즈 기반의 노코드 에이전트... ,http://www.fnnews.com/news/202606241412180443,https://n.news.naver.com/mnews/article/014/0005539100?sid=105,2026-06-24
요기요,"요기요, 배스킨라빈스 전 매장에 '요기배달' 도입",요기요가 아이스크림 브랜드 배스킨라빈스에 '요기배달' 서비스를 도입하고 이를 기념한 할인 프로모션을... 요기배달은 요기요가 라이더 배정과 배송을 직접 담당하는 배달 서비스다. 가게가 자체 배달 인력을 운영하는... ,http://www.inews24.com/view/1979368,https://n.news.naver.com/mnews/article/031/0001037312?sid=101,2026-06-24
요기요,"요기요, 배스킨라빈스에 ‘요기배달’ 적용…전국 매장 확대",요기요가 배스킨라빈스 매장에 자체 배달 서비스를 적용했다고 24일 밝혔다. 요기배달은 주문 상황에 따라 ‘실속배달’과 ‘한집배달’ 중 선택할 수 있는 방식으로 운영된다. 해당 서비스는 일부 매장에서 시범... ,http://www.lawissue.co.kr/view.php?ud=202606241456533410204ead0791_12,http://www.lawissue.co.kr/view.php?ud=202606241456533410204ead0791_12,2026-06-24
요기요,"메가존소프트, 구글 클라우드와 '에이전틱 WX 리더십 세미나' 개최",김진성 메가존소프트 클라우드 테크 유닛장은 위대한상상(요기요)과 한국앤컴퍼니 등 고객사 임직원이 직접 AI 에이전트를 개발하도록 지원한 사례를 소개했다. 진건 메가존소프트 구글 클라우드 사업 총괄은 “AI... ,https://www.etnews.com/20260624000337,https://n.news.naver.com/mnews/article/030/0003440895?sid=105,2026-06-24
요기요,"염동훈 메가존클라우드 대표 ""AI 에이전트는 새 직원 채용하는 것""","이날 행사에서는 위대한상상(요기요), 한국앤컴퍼니 등 주요 기업의 AI 에이전트 도입 사례도 공유됐다. 위대한상상은 사내 AI 해커톤을 통해 상권·리뷰 분석 기반 메뉴 개선 제안 에이전트 등을 개발했고... ",https://www.newsis.com/view/NISX20260624_0003681808,https://n.news.naver.com/mnews/article/003/0014025342?sid=105,2026-06-24
요기요,"메가존소프트, 구글 클라우드와 CXO 대상 ‘Agentic WX 리더십 세미나’...",메가존소프트 김진성 클라우드 테크 유닛장은 위대한상상(요기요)과 한국앤컴퍼니 등 고객사 임직원이 직접 AI 에이전트를 개발하도록 지원한 사례를 소개했다. 위대한상상(요기요)은 사내 AI 해커톤을 통해... ,http://www.wowtv.co.kr/NewsCenter/News/Read?articleId=A202606240390&t=NN,https://n.news.naver.com/mnews/article/215/0001256444?sid=105,2026-06-24
요기요,"AI 에이전트 시대 연다…메가존소프트, ‘에이전틱 WX’ 전략 제시",메가존소프트는 위대한상상(요기요)과 한국앤컴퍼니 임직원들이 직접 AI 에이전트를 개발하도록 지원한 프로젝트를 소개했다. 위대한상상은 사내 AI 해커톤을 통해 상권 분석과 고객 리뷰 데이터를 활용한 메뉴... ,http://www.datanews.co.kr/news/article.html?no=145282,http://www.datanews.co.kr/news/article.html?no=145282,2026-06-24
요기요,"메가존소프트, 구글클라우드와 '에이전틱 WX' 공개…""AI 에이전트 시대...",김진성 메가존소프트 클라우드 테크 유닛장은 위대한상상(요기요)과 한국앤컴퍼니의 AI 해커톤 사례를 소개했다. 위대한상상은 상권·리뷰 분석 기반 메뉴 추천 에이전트와 상담 자동 분류 에이전트 등을... ,https://www.epnc.co.kr/news/articleView.html?idxno=403441,https://www.epnc.co.kr/news/articleView.html?idxno=403441,2026-06-24
요기요,"메가존소프트 ""에이전틱 WX로 AWT 기반 기업 AX 지원한다""",메가존소프트 김진성 클라우드 테크 유닛장은 위대한상상(요기요)과 한국앤컴퍼니 등 고객사 임직원이 직접 AI 에이전트를 개발하도록 지원한 사례를 소개했다. 이외에도 국내 대형 금융그룹 8개 계열사를... ,https://www.digitaltoday.co.kr/news/articleView.html?idxno=677902,https://www.digitaltoday.co.kr/news/articleView.html?idxno=677902,2026-06-24
요기요,"요기요, 배스킨라빈스에 ‘요기배달’ 적용…실속·한집배달 옵션 지원",지난 16일부터 시범 운영…22일부터 확대 적용 28일까지 요기배달로 주문 시 최대 5000원 할인 인더뉴스 이종현 기자ㅣ요기요가 배스킨라빈스에 '요기배달' 서비스를 도입한다고 24일 밝혔습니다. 요기배달은 요기요가... ,https://www.inthenews.co.kr/news/article.html?no=88463,https://www.inthenews.co.kr/news/article.html?no=88463,2026-06-24
요기요,"요기요, 배스킨라빈스 매장에 '요기배달' 도입",요기요가 아이스크림 브랜드 배스킨라빈스에 '요기배달' 서비스를 도입했다고 24일 밝혔다. 요기배달은 요기요가 직접 중개하는 배달 서비스다. 고객은 주문 상황에 따라 '실속배달'과 '한집배달' 등 배달 옵션을 선택할... ,https://www.etnews.com/20260624000263,https://n.news.naver.com/mnews/article/030/0003440821?sid=101,2026-06-24
요기요,"메가존소프트, 구글 클라우드와 ‘에이전틱 WX 리더십 세미나’ 개최",김진성 메가존소프트 클라우드 테크 유닛장은 위대한상상(요기요)과 한국앤컴퍼니 등 고객사 임직원이 직접 AI 에이전트를 개발하도록 지원한 사례를 소개했다. 위대한상상은 사내 AI 해커톤을 통해 상권·리뷰 분석... ,https://biz.heraldcorp.com/article/10786664?ref=naver,https://n.news.naver.com/mnews/article/016/0002660945?sid=105,2026-06-24
요기요,"권리인가, 압박인가... 소상공인과 소비자 모두 부담스럽게 하는 '리뷰...","▲ 자료 사진 배달의 민족, 쿠팡 이츠, 요기요 공식 이미지를 종합해 디자인했다. ⓒ 배민/쿠팡이츠/요기요 플랫폼 기반 소비가 일상화되면서 소비자의 '별점'과 '한 줄 평'은 단순한 후기 이상의 의미를 갖게 됐다.... ",https://www.ohmynews.com/NWS_Web/View/at_pg.aspx?CNTN_CD=A0003245365&CMPT_CD=P0010&utm_source=naver&utm_medium=newsearch&utm_campaign=naver_news,https://n.news.naver.com/mnews/article/047/0002520357?sid=102,2026-06-24
요기요,"우아한청년들 7년 연속 단체교섭 타결, 배달 플랫폼 노사 상생의 기준 ...",쿠팡이츠와 요기요 등 배달 플랫폼 전반에서 라이더 처우와 노동 지위를 둘러싼 갈등이 반복되는 가운데 우아한청년들은 결이 다른 행보를 이어왔다. 2020년 업계 최초 단체협약 체결 이후 단 한 해도 거르지 않고 교섭... ,https://www.econovill.com/news/articleView.html?idxno=743202,https://www.econovill.com/news/articleView.html?idxno=743202,2026-06-23
요기요,"[종목분석] GS리테일, 구조조정 효과 본격화…영업이익 16% 증가 전망",과거 실적 부담 요인이었던 요기요 관련 손상차손 반영도 대부분 마무리된 것으로 분석됐다. 지분 투자와 펀드 자산 처분도 이어지고 있어 대규모 일회성 영업외 비용 발생 가능성은 과거보다 낮아졌다는 평가다.... ,https://www.topstarnews.net/news/articleView.html?idxno=16107880,https://www.topstarnews.net/news/articleView.html?idxno=16107880,2026-06-23
요기요,"""편의점·슈퍼·홈쇼핑 다 깎았다…GS리테일, 비용 줄이고 수익성 높인...","영업외로 보면 요기요에 대한 손상차손은 대부분 반영이 끝났고, 지분투자/펀드 등도 기회가 될 때마다 처분하고 있다. 이제 일회성으로 나올만한 큰 영업외비용은 없다고 볼 수 있다. 2026년 2분기 매출과... ",https://www.newsquest.co.kr/news/articleView.html?idxno=268375,https://www.newsquest.co.kr/news/articleView.html?idxno=268375,2026-06-23
요기요,"배민, 기온 연동 아이스크림 행사 운영","요기요는 편의점·마트 상품 배달 서비스를 운영하며 아이스크림과 음료, 냉동식품 판매를 늘리고 있다. 장보기 서비스 품목도 지속 확대하고 있다. 업계 관계자는 ""여름철에는 아이스크림과 음료, 냉동식품 주문이... ",https://www.lcnews.co.kr/news/articleView.html?idxno=203841,https://www.lcnews.co.kr/news/articleView.html?idxno=203841,2026-06-23
요기요,"GS리테일, 사업 구조조정 효과에 업황 개선까지…""추세적인 실적 턴어라...","또한 ""나머지 자회사들도 손익분기점(BEP) 이상으로 실적을 올리기 위한 노력을 진행 중""이라며 ""영업외적으로도 요기요에 대한 손상차손은 대부분 반영이 끝났고, 지분투자나 펀드 등도 기회가 될 때마다 처분하고... ",http://www.newsprime.co.kr/news/article.html?no=737614,http://www.newsprime.co.kr/news/article.html?no=737614,2026-06-23
요기요,"하나證, “GS리테일, 2분기 영업익 19%↑ 전망⋯주가도 부담 없는 수준”","박 연구원은 ""영업외로 보면 요기요에 대한 손상차손은 대부분 반영이 끝났고, 지분투자나 펀드 등도 기회가 될 때마다 처분하고 있다""며 ""이제 일회성으로 나올만한 큰 영업외비용은 없다고 볼 수 있다""고 설명했다.",https://www.etoday.co.kr/news/view/2596134,https://www.etoday.co.kr/news/view/2596134,2026-06-23
요기요,'한집 배달'이라더니 몇 군데 들르나?…추가 요금 내고도 묶음배달 다를...,배달의민족·쿠팡이츠·요기요 등 주요 배달 플랫폼에서는 단건배달 서비스를 '한집배달'이라는 이름으로... ▲배달의민족 '배민클럽(3990원)' ▲쿠팡이츠 '와우(7890원)' ▲요기요 '요기패스X(4900원)'를 이용한다면... ,http://www.consumernews.co.kr/news/articleView.html?idxno=757839,http://www.consumernews.co.kr/news/articleView.html?idxno=757839,2026-06-23
요기요,"고물가에 ‘마감임박’ 상품 인기만점…알뜰 소비자들, 거의 ‘반값 할...","기후에너지환경부에 따르면 이달 15일부터 배달의민족과 쿠팡이츠, 요기요 등은 각사 배달 앱을 통해 '미판매 식품 마감할인 서비스'를 운영하고 있다. 소비기한이 임박했거나 당일 판매되지 않은 빵과 샌드위치, 도시락... ",https://www.etoday.co.kr/news/view/2596022,https://www.etoday.co.kr/news/view/2596022,2026-06-23
요기요,배민·요기요 이어 쿠팡이츠까지…배달앱 AI 경쟁 불붙었다,"23일 업계에 따르면 배달의민족 운영사 우아한형제들과 요기요는 최근 AI를 주제로 한 해커톤을 개최하거나... 요기요는 글로벌 클라우드 기업 오라클과 손잡고 AI 해커톤 '맛있는 일상, AI로 잇(IT)다'를 개최한다. 이번... ",https://www.newsis.com/view/NISX20260622_0003678863,https://n.news.naver.com/mnews/article/003/0014021266?sid=101,2026-06-23
요기요,프랭크버거 '땡겨요' 프로모션… 할인쿠폰 지급,"한편 프랭크버거는 배달의 민족, 쿠팡이츠, 요기요, 땡겨요 등 주요 배달앱과의 다각적인 협업 프로모션을 지속적으로 운영하며 배달 채널 고객 접점을 넓히고,고객들이 언제 어디서나 합리적인 가격으로 수제버거를... ",https://www.newscj.com/news/articleView.html?idxno=3411216,https://www.newscj.com/news/articleView.html?idxno=3411216,2026-06-22
요기요,"요기요, 오라클과 ""미래 배달 서비스 혁신 아이디어 공모""",국내 대표 배달앱 요기요는 오라클과 AI기술을 활용해 고객 경험을 고도화하고 새로운 서비스 가능성을... 요기요와 오라클이 함께 만들어갈 창의적인 아이디어와 열정 있는 인재들의 많은 관심과 참여를 기대한다.... ,https://www.catchnews.kr/news/articleView.html?idxno=125240,https://www.catchnews.kr/news/articleView.html?idxno=125240,2026-06-22
요기요,"""배달앱도 AI 경쟁""... 요기요, 오라클과 미래 서비스 아이디어 찾는다",사진=요기요 생성형 인공지능(AI)이 플랫폼 서비스 경쟁력의 핵심 요소로 떠오르면서 유통·배달업계도 AI를... 요기요는 글로벌 클라우드 기업 오라클과 함께 AI 기술을 활용한 미래 배달 서비스 아이디어를 발굴하기... ,http://www.thefirstmedia.net/news/articleView.html?idxno=201874,http://www.thefirstmedia.net/news/articleView.html?idxno=201874,2026-06-22
요기요,"배민·요기요, AI 아이디어 발굴전...배달 혁신 속도 낸다","발굴했고, 요기요 역시 글로벌 클라우드 기업 오라클과 손잡고 AI 해커톤을 개최해 미래 배달 서비스 관련... 요기요-오라클, AI 배달 혁신 위해 '맞손' 요기요는 새로운 배달 서비스 혁신을 위해 글로벌 클라우드 기업... ",https://www.techm.kr/news/articleView.html?idxno=152801,https://www.techm.kr/news/articleView.html?idxno=152801,2026-06-22
요기요,배민 '배네핏'으로 라이더 주유비 지원 확대..1만명에 최대 3천원,"쿠팡이츠는 배달 파트너 쉼터를 중심으로 혹서기·혹한기 물품 지원을 확대하고 있고, 요기요 물류 자회사 등도 안전 교육과 보험 지원을 결합한 프로그램을 운영하고 있다. 우아한청년들은 '배-네핏'을 중심으로 주유비... ",http://www.4th.kr/news/articleView.html?idxno=2113529,http://www.4th.kr/news/articleView.html?idxno=2113529,2026-06-22
요기요,"요기요, 오라클과 손잡고 배달앱 혁신 AI 아이디어 발굴","김경희 기자 | 요기요가 글로벌 클라우드 기업 오라클과 함께 AI 기술을 활용한 배달 서비스 혁신 아이디어 발굴에 나선다. 요기요는 오라클과 공동으로 AI 해커톤 ‘맛있는 일상, AI로 잇(IT)다’를 개최한다고 22일... ",http://digitalchosun.dizzo.com/site/data/html_dir/2026/06/22/2026062280132.html,http://digitalchosun.dizzo.com/site/data/html_dir/2026/06/22/2026062280132.html,2026-06-22
요기요,"요기요, 오라클과 AI 기반 배달 서비스 혁신 아이디어 발굴",요기요가 글로벌 클라우드 기업 오라클과 함께 인공지능(AI)을 활용한 미래 배달 서비스 혁신 아이디어 발굴에 나선다. 요기요는 오라클과 공동으로 AI 기술을 활용해 고객 경험을 고도화하고 신규 서비스 가능성을... ,https://www.klnews.co.kr/news/articleView.html?idxno=321593,https://www.klnews.co.kr/news/articleView.html?idxno=321593,2026-06-22
요기요,"요기요, 오라클과 미래 배달 서비스 혁신 아이디어 공모",생성형 AI 기술을 실제 서비스에 적용하려는 기업들의 시도가 이어지는 가운데 배달앱 요기요가 오라클과 함께 AI 아이디어 공모형 해커톤을 진행한다. 요기요는 글로벌 클라우드 기업 오라클과 함께 AI 해커톤 '맛있는... ,https://www.wolyo.co.kr/news/articleView.html?idxno=313894,https://www.wolyo.co.kr/news/articleView.html?idxno=313894,2026-06-22
요기요,"요기요, 오라클과 미래 배달 AI 아이디어 발굴",요기요가 글로벌 클라우드 기업 오라클과 함께 미래 배달 서비스 혁신을 이끌 인공지능(AI) 아이디어 발굴에 나선다. 요기요는 오라클과 AI 기술을 활용해 고객 경험을 고도화하고 새로운 서비스 가능성을 모색하기 위한... ,https://view.asiae.co.kr/article/2026062210275845488,https://n.news.naver.com/mnews/article/277/0005779518?sid=101,2026-06-22
요기요,"요기요-오라클, AI 해커톤 개최…실전 적용 AI 아이디어 발굴",인더뉴스 이종현 기자ㅣ요기요가 글로벌 클라우드 기업 오라클과 AI 기술을 활용해 고객 경험을... 공모 주제는 ‘AI 기술을 활용해 요기요 앱 사용 경험을 향상시킬 수 있는 아이디어’입니다. 참가자는 요기요와... ,https://www.inthenews.co.kr/news/article.html?no=88308,https://www.inthenews.co.kr/news/article.html?no=88308,2026-06-22
요기요,"이번주 공모주 청약, 매드업·레몬헬스케어 2개사 나선다","현재 삼성전자·CJ올리브영·무신사·네이버웹툰·토스뱅크·디즈니플러스·컴투스·틱톡·요기요·야놀자 등 200곳 이상의 광고주를 고객으로 두고 있으며, 연간 광고 취급액은 5000억원을 웃돈다. 해외 시장도 주요... ",http://www.joseilbo.com/news/news_read.php?uid=570451&class=53&grp=,https://n.news.naver.com/mnews/article/123/0002385120?sid=101,2026-06-22
요기요,"요기요, 오라클 손잡고 AI 인재 찾기…서비스 혁신 아이디어 공모","배달앱 요기요가 글로벌 클라우드 기업 오라클과 손잡고 인공지능(AI)을 활용한 차세대 배달 서비스 아이디어 발굴에 나선다. 요기요는 오라클과 공동으로 AI 해커톤 ‘맛있는 일상, AI로 잇(IT)다’를 개최한다고 22일... ",https://www.ddaily.co.kr/page/view/2026062209080869302,https://n.news.naver.com/mnews/article/138/0002231571?sid=101,2026-06-22
요기요,"요기요, 오라클과 AI 해커톤 개최…미래 배달앱 직접 만든다","요기요가 오라클과 함께 배달 서비스를 위한 인공지능(AI) 아이디어 발굴에 나선다. 요기요는 오라클과 AI 해커톤 '맛있는 일상, AI로 잇(IT)다'를 개최한다고 22일 밝혔다. 이번 해커톤은 빠르게 발전하는 생성형 AI 기술을... ",https://www.etnews.com/20260622000044,https://n.news.naver.com/mnews/article/030/0003439706?sid=101,2026-06-22
요기요,"""AI로 배달 혁신""…배민·요기요, '해커톤'으로 미래 경쟁력 발굴","(배달의민족)과 요기요가 인공지능(AI) 기술을 활용한 서비스 혁신을 위해 나란히 '해커톤'을 진행했다. 배민은 사내 임직원의 역량을 결집해 즉각적인 서비스 고도화를 노리는 반면, 요기요는 글로벌 IT 기업과 손잡고... ",https://www.news1.kr/industry/distribution/6203932,https://n.news.naver.com/mnews/article/421/0009015632?sid=101,2026-06-22
요기요,국내 모빌리티 플랫폼 점령 나선 우버의 질주…공정위가 멈춰 세우나,2017년 야심 차게 선보인 배달앱 '우버이츠' 역시 배민과 요기요에 밀려 2019년 백기를 들었다. 한국을 비롯해... 과거 공정위는 DH가 배민을 인수할 당시 '요기요 매각'이라는 유례없는 조건부 승인을 강제한 바 있다.... ,https://www.sisajournal.com/news/articleView.html?idxno=376860,https://n.news.naver.com/mnews/article/586/0000132029?sid=101,2026-06-22
요기요,"요기요, 오라클과 AI 해커톤 개최…배달 혁신 아이디어 발굴","배달앱 요기요가 글로벌 클라우드 기업 오라클과 손잡고 생성형 인공지능(AI)을 활용한 배달 서비스 혁신 아이디어 발굴에 나선다. 요기요는 오라클과 함께 AI 해커톤 ‘맛있는 일상, AI로 잇(IT)다’를 개최한다고 22일... ",https://www.edaily.co.kr/news/newspath.asp?newsid=02263206645484344,https://n.news.naver.com/mnews/article/018/0006311760?sid=101,2026-06-22
요기요,"배민, 기름값에 우는 라이더 챙긴다... 카카오페이 손잡고 주유비 지원...","쿠팡이츠도 라이더 대상 보험 지원과 수수료 정책을 잇따라 손보고 있고, 요기요 역시 배달 파트너 대상 멤버십 혜택을 강화한 바 있다. 라이더 공급이 곧 배달 서비스 품질로 직결되는 구조인 만큼 주유비처럼 현장에서... ",https://www.econovill.com/news/articleView.html?idxno=743012,https://www.econovill.com/news/articleView.html?idxno=743012,2026-06-22
요기요,"우아한형제들 임직원 153명 12시간 몰입, 콜봇이 메뉴 누락 민원까지 처...",쿠팡이츠와 요기요도 자체 기술 행사를 운영해왔지만 예선 평가 단계부터 AI를 도입해 비개발자 참여 문턱을 낮춘 시도는 비교적 드물다는 평가다. 콜센터 인력난과 상담 비용 부담이 커지는 상황에서 메뉴 누락 같은... ,https://www.econovill.com/news/articleView.html?idxno=743013,https://www.econovill.com/news/articleView.html?idxno=743013,2026-06-22
요기요,"요기요, 오라클과 AI 해커톤 공동 개최","요기요가 오라클과 함께 AI 해커톤을 개최한다고 22일 밝혔다. 이번 행사는 생성형 AI를 활용한 배달 서비스 아이디어를 발굴하기 위해 마련됐으며, 만 18세 이상 개인 또는 최대 4인 팀 단위로 참여할 수 있다. 접수는... ",http://www.lawissue.co.kr/view.php?ud=202606220844254432204ead0791_12,http://www.lawissue.co.kr/view.php?ud=202606220844254432204ead0791_12,2026-06-22
요기요,"비즈플레이 경영 복귀한 석창규 회장 ""대기업 출장관리로 성장 속도 낸...","종이 식권 대신 스마트폰으로 식비를 지급·관리할 수 있는 서비스로, 전국 80만개 제로페이 가맹점과 배달앱 '요기요' 연계도 지원한다. 회사가 지급한 복지포인트를 사내 복지몰과 전국 200만개 제로페이 가맹점에서 쓸... ",https://it.chosun.com/news/articleView.html?idxno=2023092164242,https://it.chosun.com/news/articleView.html?idxno=2023092164242,2026-06-22
요기요,폐기 직전 빵의 변신…소비자·기업·환경 모두 웃는 '떨이 경제학' [단...,"사업에는 배달의민족과 요기요, 쿠팡이츠 등 주요 배달 플랫폼은 물론 럭키밀, 마구마켓 등 전문 마감할인... 배달의민족과 요기요는 20% 이상 할인 상품을 운영하며, 럭키밀은 50% 이상 할인된 상품을 제공한다. 마구마켓... ",http://www.fnnews.com/news/202606201655585947,https://n.news.naver.com/mnews/article/014/0005537538?sid=101,2026-06-21
요기요,"쿠팡이츠서비스, 고용노동부·지자체 손잡고 '폭염 5대 수칙' 현장 지원...",요기요 역시 현장 배달원들을 위해 주요 허브에 휴게 공간을 마련하고 쿨토시 등 방열 용품을 지급하는 등 동종 업계 전반이 여름철 라이더 안전사고 예방과 건강권 보장을 위한 상생 대책 마련에 속도를 내고 있다.,http://www.srtimes.kr/news/articleView.html?idxno=205717,http://www.srtimes.kr/news/articleView.html?idxno=205717,2026-06-21
요기요,"쿠팡이츠서비스, 고용노동부·지자체 협력 배달파트너 폭염 대응 강화 ...","경쟁사인 배달의민족, 요기요 등도 혹서기 안전 캠페인과 보험, 휴식 지원 등을 확대하고 있어 관련 경쟁도 심화되는 추세다. 쿠팡이츠서비스 관계자는 ""폭염 상황에서 가장 중요한 것은 기본적인 안전 수칙이 현장에서... ",http://www.worktoday.co.kr/news/articleView.html?idxno=85863,http://www.worktoday.co.kr/news/articleView.html?idxno=85863,2026-06-21
요기요,최대 60% 할인…빵 싸게 사려면 ‘이 시간’ 확인하세요,"사업에는 배달의민족과 쿠팡이츠, 요기요 등 주요 배달 플랫폼이 참여한다. 마감할인 전문 플랫폼인... 요기요 역시 오후 9시부터 매장 마감 시간까지 할인 서비스를 운영하며 별도 화면을 통해 상품을 확인할 수 있도록... ",https://www.wikitree.co.kr/articles/1141363,https://www.wikitree.co.kr/articles/1141363,2026-06-21
요기요,[취재후 Talk] 배민·쿠팡 동의의결 기각의 진짜 쟁점,"심사관은 ""요기요는 한 화면 안에서도 배달방식별로 다른 조건을 설정하고 있다. 방법이 있는데도 못 하겠다는 것은 동의의결에 대한 진정성을 의심하게 한다""고 했다. 더 결정적인 것은 배민이 내놓은 상생안 일부가... ",https://news.tvchosun.com/site/data/html_dir/2026/06/20/2026062090041.html,https://n.news.naver.com/mnews/article/448/0000621010?sid=101,2026-06-20
요기요,김봉진 “배민 다시 사고 싶다”…4.7조 잭팟 신화 ‘씁쓸한 엔딩’,2019년 말 독일 음식 배달업체 딜리버리히어로(DH)는 배달의민족(이하 배민)을 인수하기 위해 자신들이 만들고 키운 앱 ‘요기요’까지 팔았다. DH가 갖고 싶었던 건 배민과 배민을 만든 김봉진이라는 창업자였다.... ,https://www.joongang.co.kr/article/25438364,https://n.news.naver.com/mnews/article/025/0003531799?sid=105,2026-06-20
요기요,동반성장평가 참여 배민·쿠팡이츠 '상생 노력 할까',"앞서 동반위는 지난해 처음으로 '배달플랫폼 동반성장 평가'를 시행할 예정이었으나, 배달 3사(배민·쿠팡이츠·요기요)가 모두 거부 의사를 밝히면서 무산된 바 있다. 동반위는 매년 대기업과 중소기업 간 상생과 협력을... ",https://www.sisaweek.com/news/articleView.html?idxno=236228,https://www.sisaweek.com/news/articleView.html?idxno=236228,2026-06-19
요기요,"어피니티 떠난 민병철, '아르테미스파트너스'로 새출발","재직 기간 동안 교보생명, 카카오, 현대카드, 버거킹코리아, 요기요, SK렌터카 등 주요 딜을 주도했다. 최근에는 롯데렌탈 인수 거래를 주도하기도 했다. 다만 올해 들어 어피니티와 결별하는 과정은 순탄치 않았다. 민 전... ",https://news.einfomax.co.kr/news/articleView.html?idxno=4420965,https://news.einfomax.co.kr/news/articleView.html?idxno=4420965,2026-06-19
요기요,"""강원부터 제주까지""…쿠팡이츠, '24시간 배달' 전국 확장 '시동'",쿠팡이츠가 오는 24일부터 ‘24시간 배달’ 운영 지역을 전국 단위로 넓힌다. 앞선 무료배달 전략에 이어 심야·새벽 시간대 수요까지 선점해 이용자 접점을 확대하려는 전략으로 풀이된다. 서울 시내 쿠팡이츠 사무실에... ,https://www.edaily.co.kr/news/newspath.asp?newsid=04040966645483360,https://n.news.naver.com/mnews/article/018/0006309825?sid=101,2026-06-19
요기요,"“광고도 AI가 집행한다”…매드업, 1조 데이터 앞세워 코스닥 도전 [IP...","매드업은 삼성전자, 올리브영, 무신사, 네이버웹툰, 토스뱅크, 디즈니플러스, 컴투스, 틱톡, 요기요, 야놀자 등 200개 이상의 광고주를 확보하고 있다. 연간 광고 취급고는 5000억원 이상이다. 국내 플랫폼뿐 아니라 구글... ",http://www.joseilbo.com/news/news_read.php?uid=570369&class=53&grp=,https://n.news.naver.com/mnews/article/123/0002385042?sid=101,2026-06-19
요기요,[허프 트렌드] 유통업계 'AI 바람'의 명암 : 수급 투명성 높이지만 플랫...,"배달의민족과 요기요 등은 허위 환불이나 조작 리뷰가 의심될 경우 내부 검수 절차를 거쳐 조치하고 있으며, 쿠팡이츠 역시 관련 대응 방안을 검토하고 있는 것으로 전해졌다. 다만 생성형 AI로 만들어진 이미지는 실제... ",https://www.huffingtonpost.kr/article/258082,https://www.huffingtonpost.kr/article/258082,2026-06-19
요기요,"한국 골목 누비던 토종 자율주행 로봇, 일본 배달·대만 순찰 시장 간다","뉴빌리티는 배달 플랫폼 요기요와 로봇 배달 서비스를 운영해왔고, 아파트 단지 배송과 성남·분당 일대 순찰 서비스도 진행하고 있다. 배달의 경우, 주문이 들어오면 로봇이 음식점으로 이동하고, 점주가 음식을... ",https://biz.chosun.com/industry/company/2026/06/19/O4VLWN56VFHZ5H2RPYLNJE7L2I/?utm_source=naver&utm_medium=original&utm_campaign=biz,https://n.news.naver.com/mnews/article/366/0001172893?sid=101,2026-06-19
요기요,[핵심 상권 리포트] 홍대 / 성수 / 이태원,이 밖에도 배달앱 요기요가 자율주행 로봇 기업 뉴빌리티와 함께 운영하는 로봇배달 서비스 '뉴비'를 시작했다. 이태원·한남 -한남동 스타벅스 건물 매물로 [어패럴뉴스 이종석 기자] 올해 행사가 매월 열리면서 유동... ,http://www.apparelnews.co.kr/news/news_view/?idx=225894,http://www.apparelnews.co.kr/news/news_view/?idx=225894,2026-06-18
요기요,"""텀블러 인증은 기본, 6월엔 두 배 적립!"" 환경을 살리는 마음이 용돈처...",필자는 배달 앱(요기요·배달의민족·쿠팡이츠·땡겨요 등)을 이용할 때 친환경 카테고리에서 '다회용기 주문'을 선택하기로 약속했다. 스테인리스 용기에 담겨 오는 음식은 플라스틱 용기보다 훨씬 위생적이고 따뜻하게... ,https://www.korea.kr/news/reporterView.do?newsId=148966448&call_from=naver_news,https://www.korea.kr/news/reporterView.do?newsId=148966448&call_from=naver_news,2026-06-18
요기요,"""자영업자 힘들게 하는 쿠팡·배민 등 배달앱 수수료, 고금리, 임대료""","노동계가 자영업자를 힘들게 하는 건 배달의민족, 쿠팡이츠, 요기요 등의 배달앱 수수료와 고금리 대출이자, 치솟는 임대료 때문이라고 주장했다. 김은정 참여연대 사무처장은 17일 오후 6시 서울 홍대 레드로드 R1 광장에서... ",https://www.junggi.co.kr/news/articleView.html?idxno=36821,https://www.junggi.co.kr/news/articleView.html?idxno=36821,2026-06-18
요기요,오리협회도 “배달음식 원산지표시 완화 철회하라”,소비자공익네트워크에 따르면 2024년 8∼10월 배달의민족·쿠팡이츠·요기요에 입점한 오리고기 판매업체 900곳을 조사한 결과 오리고기 원산지 미표시율은 37.0%에 달했다. 같은 해 9월 동일 플랫폼의 카페 디저트 전문점... ,https://www.nongmin.com/article/20260618500524,https://n.news.naver.com/mnews/article/662/0000097654?sid=101,2026-06-18
요기요,페북이 투자한 한국 유일 AI 마케팅 기업 '매드업'…코스닥 상장 도전,"매드업의 주요 고객은 삼성전자·삼성생명·삼성화재 등 대기업뿐만 아니라 메디힐·올리브영 등 소비재 기업, 토스뱅크·디즈니플러스·컴투스·틱톡·요기요·야놀자 등 플랫폼 기업까지 다양한 분야에 걸쳐 있다.... ",https://www.mt.co.kr/stock/2026/06/18/2026061815224731739,https://n.news.naver.com/mnews/article/008/0005373964?sid=101,2026-06-18
요기요,"""뚜레쥬르 2만원 주문에 최대1만원 할인"" 요기요, 18일하루 프로모션","국내 대표 배달앱 요기요가 CJ푸드빌이 운영하는 베이커리 브랜드 뚜레쥬르와 함께 단 하루 특별할인... "" 국내 대표 배달앱 요기요 관계자는 CJ푸드빌이 운영하는 베이커리 브랜드 뚜레쥬르와 함께 단 하루 특별할인... ",https://www.catchnews.kr/news/articleView.html?idxno=125130,https://www.catchnews.kr/news/articleView.html?idxno=125130,2026-06-18
요기요,"[유통레이더] 퀸잇, 코웨이, 모두투어, 유니클로, 지그재그, CU, 현대백화...","사진=요기요 제공 ◇요기요, 뚜레쥬르와 최대 50% 할인 프로모션 진행 요기요가 CJ푸드빌의 베이커리 브랜드 뚜레쥬르와 함께 18일 하루 동안 특별 할인 프로모션을 진행한다. 이번 혜택은 배달 주문뿐만 아니라 매장... ",https://daily.hankooki.com/news/articleView.html?idxno=1377643,https://daily.hankooki.com/news/articleView.html?idxno=1377643,2026-06-18
요기요,"요기요 뚜레쥬르, 주문 금액 기준 할인 행사 운영","요기요 뚜레쥬르가 주문 금액 조건에 따른 할인 행사를 진행한다고 18일 밝혔다. 이번 행사는 18일 하루 동안 운영되며, 배달과 포장 주문 모두 동일하게 적용된다. 일정 금액 이상 주문 시 즉시 할인과 추가 할인 방식이... ",http://www.lawissue.co.kr/view.php?ud=202606181151182555204ead0791_12,http://www.lawissue.co.kr/view.php?ud=202606181151182555204ead0791_12,2026-06-18
요기요,배달앱 치킨 중량 표시 제각각…가격 비교 실효성 논란,비즈한국이 16일 배달의민족·요기요·쿠팡이츠에서 10대 치킨 브랜드의 중량 표시 실태를 확인한 결과... 요기요는 소비자가 주문 화면에서 바로 확인하기보다는 추가 과정을 거쳐야 하는 방식이 많았다. 메뉴 설명란에... ,https://www.bizhankook.com/bk/article/32559,https://www.bizhankook.com/bk/article/32559,2026-06-18
요기요,"요기요, 단 하루 뚜레쥬르 특별 할인 프로모션 진행…최대 50% 할인",인더뉴스 이종현 기자ㅣ요기요가 뚜레쥬르와 함께 18일 하루 동안 특별 할인 프로모션을 진행한다고 18일... 요기요와 뚜레쥬르는 고객들의 장바구니 부담을 낮추고 보다 많은 고객들이 뚜레쥬르의 다양한 메뉴를... ,https://www.inthenews.co.kr/news/article.html?no=88209,https://www.inthenews.co.kr/news/article.html?no=88209,2026-06-18
요기요,"배달의민족 피자헛과 전략적 업무협약, 기획 메뉴·브랜드관 운영 협력",배민 온리는 참여 가맹점이 쿠팡이츠와 요기요 등 경쟁 배달앱을 이용하지 않는 대신 배달의민족 중개수수료를 낮춰주는 방식의 프로모션이다. 당시 배민 온리에 참여한 처갓집양념치킨 가맹점에는 기존 7.8%였던... ,https://www.businesspost.co.kr/BP?command=article_view&num=440222,https://www.businesspost.co.kr/BP?command=article_view&num=440222,2026-06-17
요기요,"식품·유통업계, 치킨 시장 공략 박차",농협목우촌 치킨 또래오래는 모바일 RPG 게임 '그놈은 드래곤'과 손잡고 배달앱 요기요에서 콜라보 세트... 농협경제지주의 농협목우촌 치킨 또래오래는 모바일 RPG 게임 '그놈은 드래곤'과 손잡고 배달앱 요기요에서... ,http://www.wsobi.com/news/articleView.html?idxno=313855,http://www.wsobi.com/news/articleView.html?idxno=313855,2026-06-17
요기요,"종전 합의에도 고물가는 계속…유통가, 초저가·IP 협업 총력전","쿠팡이츠와 요기요 역시 개인 빵집과 음식점까지 서비스를 확대하고 있다. 소비자들은 정상가보다 낮은 가격에 제품을 구매할 수 있고, 판매자는 폐기 비용을 줄일 수 있어 상생 모델로도 주목받고 있다. 가격 경쟁과... ",https://sports.hankooki.com/news/articleView.html?idxno=6934782,https://sports.hankooki.com/news/articleView.html?idxno=6934782,2026-06-17
요기요,"[금융zip] 현대카드, 여전사 첫 달러·위안화 이중통화 김치본드 발행 外","특별 적립은 주유(SK에너지·GS칼텍스), 온라인쇼핑(쿠팡·SSG.COM·무신사·29CM), 배달앱(땡겨요·배달의 민족·요기요·쿠팡이츠)에서 적용된다. 쏠플랜 플러스카드의 혜택은 SOL포인트로 월 통합 적립 한도내에서... ",https://www.getnews.co.kr/news/articleView.html?idxno=872586,https://www.getnews.co.kr/news/articleView.html?idxno=872586,2026-06-17
요기요,"배민, 처갓집 이어 피자헛 맞손 … 프랜차이즈 동맹 확대",배민온리는 참여 가맹점이 쿠팡이츠와 요기요 등 경쟁 배달앱을 이용하지 않고 배민에서만 영업하는 조건의 프로모션이다. 참여 가맹점에는 기존 7.8%였던 중개수수료를 3.5%로 낮춰주는 혜택이 제공됐다. 전국 1200여개... ,https://biz.newdaily.co.kr/site/data/html/2026/06/17/2026061700042.html,https://biz.newdaily.co.kr/site/data/html/2026/06/17/2026061700042.html,2026-06-17
요기요,"목우촌 또래오래-게임 '그놈은 드래곤', 협업 세트 메뉴 선봬","농협목우촌의 치킨 프랜차이즈 또래오래는 모바일 RPG 게임 '그놈은 드래곤'과 함께 배달앱 '요기요'에서... 또한 세트 메뉴 구매 고객 중 요기요 앱 이용자는 선착순으로 한정판 아크릴 스탠드를, 또래오래 앱... ",https://www.fetv.co.kr/news/articleView.html?idxno=304480,https://www.fetv.co.kr/news/articleView.html?idxno=304480,2026-06-17
요기요,"목우촌 또래오래, '그놈은 드래곤' 게임과 콜라보 프로모션 진행","농협목우촌 치킨 브랜드 또래오래가 지난 15일 배달앱 요기요에서 모바일 RPG 게임 '그놈은 드래곤'과 손잡고... 콜라보 세트 구매자 중 요기요 앱 이용자는 선착순으로 한정판 아크릴 스탠드, 또래오래 앱 이용자는... ",https://www.aflnews.co.kr/news/articleView.html?idxno=322546,https://www.aflnews.co.kr/news/articleView.html?idxno=322546,2026-06-17
요기요,"배민, 피자헛 손잡고 배달시장 우군 확보 나섰다",요기요와 쿠팡이츠가 가격 경쟁력을 앞세워 점유율 확대를 노리는 상황에서 배민이 대형 브랜드와의 밀착 협력을 통해 차별화된 혜택과 콘텐츠로 충성 고객층을 다지려는 전략으로 풀이된다.,https://www.econovill.com/news/articleView.html?idxno=742598,https://www.econovill.com/news/articleView.html?idxno=742598,2026-06-17
요기요,"신한카드-KB국민카드, 신규카드 출시-3종광고 선보여","특별 적립은 주유(SK에너지, GS칼텍스), 온라인쇼핑(쿠팡, 쓱닷컴, 무신사, 29CM), 배달앱(땡겨요, 배달의민족, 요기요, 쿠팡이츠)에서 적용된다. 쏠플랜 플러스카드의 혜택은 SOL포인트로 월 통합 적립 한도내에서... ",http://www.wsobi.com/news/articleView.html?idxno=313806,http://www.wsobi.com/news/articleView.html?idxno=313806,2026-06-17
요기요,[금융신상] 농협은행·신한카드·하나카드 등,"SOL Plan+는 국내외 모든 가맹점에서 최대 1.5% 기본 적립 혜택을 제공하며 주유(SK에너지·GS칼텍스), 온라인쇼핑(쿠팡·SSG닷컴·무신사·29CM), 배달앱(땡겨요·배달의민족·요기요·쿠팡이츠) 이용 때 최대 5% 특별 적립... ",http://www.bizwnews.com/news/articleView.html?idxno=138799,http://www.bizwnews.com/news/articleView.html?idxno=138799,2026-06-17
요기요,"신한카드, 슈퍼쏠 맞춤 '쏠플랜 플러스' 꺼냈다…은행 결합 혜택 강화","특별 적립 대상은 SK에너지와 GS칼텍스 등 주유 업종, 쿠팡·SSG닷컴·무신사·29CM 등 온라인쇼핑, 땡겨요·배달의민족·요기요·쿠팡이츠 등 배달앱이다. 생활비 지출 비중이 큰 영역을 중심으로 혜택을 배치해 실사용... ",https://www.apnews.kr/news/articleView.html?idxno=3049120,https://www.apnews.kr/news/articleView.html?idxno=3049120,2026-06-17
요기요,“빵 싸게 살 수 있다더니…” 이름값 못한 ‘마감할인’,"서비스 참여 배달 플랫폼은 ‘배달의 민족’, ‘쿠팡이츠’, ‘요기요’ 등 3곳이며 마감할인 전용 앱... 쿠팡이츠가 오후 6시부터로 가장 빨랐고 배달의 민족과 요기요는 각각 오후 8시·9시부터 가능했다. 앱 내... ",http://www.kjdaily.com/article.php?aid=1781608282680470005,http://www.kjdaily.com/article.php?aid=1781608282680470005,2026-06-16
요기요,배달앱 매출 늘어도 적자?… 국회서 '총비용 공개·별점 이동권' 꺼냈다...,배달의민족·쿠팡이츠·요기요 등 주요 배달앱을 이용하는 소상공인들이 중개수수료뿐 아니라 광고비... 특히 배달의민족·쿠팡이츠·요기요 등 상위 3개 플랫폼의 시장집중도(HHI)는 약 4000으로 미국 경쟁당국의 고집중... ,https://www.newscj.com/news/articleView.html?idxno=3409735,https://www.newscj.com/news/articleView.html?idxno=3409735,2026-06-16
요기요,[오늘의 언박싱] 농심 ‘동대문엽기떡볶이’·크라운제과 ‘초코츄러스...,"신메뉴는 전국 이디야커피 매장에서 구매할 수 있으며, 이디야멤버스 앱 ‘주문하기’ 서비스와 배달의민족, 요기요, 쿠팡이츠 등 주요 배달 플랫폼에서도 만나볼 수 있다. 더본코리아 막이오름 한식 안주 3종(왼쪽)과 KFC... ",https://www.mediapen.com/news/view/1104756,https://www.mediapen.com/news/view/1104756,2026-06-16
요기요,"신한카드, 은행 거래 연계한 '쏠플랜 플러스카드' 출시","특별 적립 대상은 SK에너지와 GS칼텍스, 쿠팡·SSG닷컴·무신사·29CM, 땡겨요·배달의민족·요기요·쿠팡이츠 등이다. 기본 적립과 특별 적립을 합친 월간 한도는 최대 6만 포인트다. 신한은행 계좌를 카드 결제계좌로... ",https://www.insightkorea.co.kr/news/articleView.html?idxno=248256,https://www.insightkorea.co.kr/news/articleView.html?idxno=248256,2026-06-16
요기요,"매장에서 폐기 직전 빵·음식, 앱으로 싸게 산다","이에 따라 배달의민족, 쿠팡이츠, 요기요 등 배달앱에 마감할인 전용 화면과 관련 기능이 마련됐습니다. 참여 매장은 당일 판매하지 못한 식품이나 소비기한이 임박한 상품을 앱에 등록해 운영할 수 있습니다. 마감할인... ",https://www.ichannela.com/news/main/news_detailPage.do?publishId=000000534786,https://n.news.naver.com/mnews/article/449/0000349353?sid=101,2026-06-16
요기요,"신한카드, 신한은행 연계 '쏠플랜 플러스카드' 출시","주유는 SK에너지와 GS칼텍스, 온라인쇼핑은 쿠팡·SSG.COM·무신사·29CM, 배달앱은 땡겨요·배달의민족·요기요·쿠팡이츠가 대상이다. 신한은행 이용 실적에 따른 추가 혜택도 있다. OTT, 디지털 멤버십, 통신요금 정기... ",https://www.safetynews.co.kr/news/articleView.html?idxno=249008,https://www.safetynews.co.kr/news/articleView.html?idxno=249008,2026-06-16
요기요,"신한카드, 슈퍼SOL 런칭 맞춰 '쏠플랜 플러스카드' 출시","특별 적립은 주유(SK에너지, GS칼텍스), 온라인쇼핑(쿠팡, SSG.COM, 무신사, 29CM), 배달앱(땡겨요, 배달의 민족, 요기요, 쿠팡이츠)에서 적용된다. 쏠플랜 플러스카드의 혜택은 SOL포인트로 월 통합 적립 한도내에서... ",http://www.ftoday.co.kr/news/articleView.html?idxno=360572,http://www.ftoday.co.kr/news/articleView.html?idxno=360572,2026-06-16
요기요,"신한카드, 신한은행 연계 ‘쏠플랜 플러스카드’ 출시","특별 적립 대상은 SK에너지·GS칼텍스 등 주유 업종, 쿠팡·SSG·무신사·29CM 등 온라인 쇼핑, 땡겨요·배달의민족·요기요·쿠팡이츠 등 배달앱이다. 적립률은 전월 이용금액에 따라 달라진다. 전월 이용금액이 40만원... ",https://www.thepowernews.co.kr/view.php?ud=202606161617263120de3f0aa1be_7,https://www.thepowernews.co.kr/view.php?ud=202606161617263120de3f0aa1be_7,2026-06-16
요기요,"신한카드, 은행 연계 혜택 강화한 'SOL Plan+' 선보여-월 최대 8만2500포인...","주유소(SK에너지·GS칼텍스), 온라인 쇼핑몰(쿠팡·SSG닷컴·무신사·29CM), 배달 애플리케이션(땡겨요·배달의민족·요기요·쿠팡이츠) 이용 시 특별 적립이 적용된다. 전월 이용 실적에 따라 적립률도 달라진다. 월... ",https://www.mediafine.co.kr/news/articleView.html?idxno=81119,https://www.mediafine.co.kr/news/articleView.html?idxno=81119,2026-06-16
요기요,"이디야커피, 디저트 라인업 강화…'바스크 치즈케이크' 출시","매장 방문이 어려운 고객은 모바일 앱인 이디야멤버스 '주문하기(스마트오더)' 서비스는 물론 배달의민족, 요기요, 쿠팡이츠 등 국내 주요 배달 플랫폼을 통해 주문가능하다. 이디야커피 관계자는 ""단순한 음료 음용을 넘어... ",https://www.insightkorea.co.kr/news/articleView.html?idxno=248240,https://www.insightkorea.co.kr/news/articleView.html?idxno=248240,2026-06-16
캐치테이블,"[어린이뉴스] 한국컴패션, 전 세계 어린이들을 위한 '2026 테이블 포 올...",또한 외식업계 예약 플랫폼 캐치테이블(Catch Table)도 이번 캠페인의 취지에 공감해 채리티 디너 홍보와 참가자 모집을 지원한다. 부산 채리티 디너 참가 신청은 7월 1일부터 캐치테이블 앱을 통해 가능하다. 오는... ,https://www.ibabynews.com/news/articleView.html?idxno=152346,https://www.ibabynews.com/news/articleView.html?idxno=152346,2026-06-25
캐치테이블,‘K-미식’ 주목하는 메리어트… 호텔 셰프 총출동 ‘요리 경연대회’ ...,"미국육류수출협회를 비롯해 예약 플랫폼 캐치테이블, 주류 수입사 페르노리카 코리아, 식자재 유통 기업 삼성웰스토리 등 각 분야의 전문 기업들이 파트너로 대거 참여해 유통과 마케팅 측면에서 행사의 완성도를... ",https://www.donga.com/news/Culture/article/all/20260624/134175954/1,https://n.news.naver.com/mnews/article/020/0003729184?sid=103,2026-06-24
캐치테이블,"한국컴패션, '2026 테이블 포 올' 캠페인 전개… 케냐 식량위기 아동 지...","외식업계 예약 플랫폼인 캐치테이블도 캠페인 홍보와 참가자 모집을 지원한다. 부산 채리티 디너 참가 신청은 오는 7월 1일부터 캐치테이블 앱을 통해 가능하다. 오는 7월에는 서현민 셰프를 비롯해 박성배 셰프, 이준... ",https://www.public25.com/news/articleView.html?idxno=49107,https://www.public25.com/news/articleView.html?idxno=49107,2026-06-24
캐치테이블,"한국컴패션, 식량지원 사업 위한 '2026 테이블 포 올' 캠페인 진행","외식 예약 플랫폼 캐치테이블도 캠페인 홍보와 참가자 모집을 지원한다. 부산 채리티 디너 참가 신청은 7월 1일부터 캐치테이블 앱을 통해 가능하다. 서정인 한국컴패션 대표는 ""시간과 재능을 나눠준 셰프와 외식... ",http://www.enewstoday.co.kr/news/articleView.html?idxno=2441894,http://www.enewstoday.co.kr/news/articleView.html?idxno=2441894,2026-06-24
캐치테이블,"[어린이뉴스] ""디지털 시대에도 놀이는 성장의 권리""… 초록우산, 아동...","외식업계 예약 플랫폼 캐치테이블도 캠페인에 동참한다. 캐치테이블은 플랫폼을 통한 홍보와 참가자 모집을 지원하며, 부산 채리티 디너 참가 신청은 오는 7월 1일부터 캐치테이블 앱을 통해 가능하다. 오는 7월에는... ",https://www.ibabynews.com/news/articleView.html?idxno=152304,https://www.ibabynews.com/news/articleView.html?idxno=152304,2026-06-24
캐치테이블,"한국컴패션, ‘2026 테이블 포 올’ 진행…국내 최정상 셰프·소믈리에...","외식 예약 플랫폼 캐치테이블도 캠페인 홍보와 참가자 모집을 지원하며 부산 채리티 디너 참가 신청은 7월 1일부터 캐치테이블 앱에서 가능하다. 서현민 셰프는 ""작은 관심과 나눔이 어린이들에게 희망이 될 수 있다... ",http://www.segyebiz.com/newsView/20260624513119?OutUrl=naver,http://www.segyebiz.com/newsView/20260624513119?OutUrl=naver,2026-06-24
캐치테이블,"한국컴패션, ‘2026 테이블 포 올’ 캠페인으로 전 세계 어린이 식량 지...","외식업계 대표 예약 플랫폼 캐치테이블도 캠페인 홍보와 참가자 모집을 지원하며, 부산 채리티 디너 참가 신청은 7월 1일부터 캐치테이블 앱에서 가능하다. 7월에는 서현민 셰프를 비롯한 셰프와 소믈리에들이... ",https://www.edaily.co.kr/news/newspath.asp?newsid=04168886645485000,https://n.news.naver.com/mnews/article/018/0006313854?sid=103,2026-06-24
캐치테이블,"한국컴패션, 식량위기 아동 돕기 나선다…'테이블 포 올' 캠페인 전개","부산 채리티 디너 참가 신청은 오는 7월 1일부터 캐치테이블 앱을 통해 가능하다. 서정인 한국컴패션 대표는 ""셰프와 외식·음료 분야 전문가, 후원자들의 따뜻한 참여에 감사드린다""며 ""여러분의 나눔이 어린이들에게... ",https://www.ezyeconomy.com/news/articleView.html?idxno=236696,https://www.ezyeconomy.com/news/articleView.html?idxno=236696,2026-06-24
캐치테이블,"한국컴패션, ‘2026 테이블 포 올’ 캠페인 전개…F&B 전문가들과 함께...","외식 예약 플랫폼 캐치테이블도 캠페인 홍보와 참가자 모집을 지원한다. 부산 채리티 디너 참가 신청은 7월 1일부터 캐치테이블 앱을 통해 가능하다. 오는 7월에는 서현민 셰프를 비롯해 박성배 셰프, 이준 셰프, 차도영... ",https://swtvnews.com/news/newsview.php?ncode=1065584601916760,https://swtvnews.com/news/newsview.php?ncode=1065584601916760,2026-06-24
캐치테이블,"국내 최정상 셰프·소믈리에, 식량위기 어린이 위해 한국컴패션 ‘2026 ...","또한 외식업계 대표 예약 플랫폼 캐치테이블도 이번 캠페인의 취지에 공감해 채리티 디너 홍보 및 참가자 모집을 지원한다. 캐치테이블은 플랫폼 내 홍보를 통해 캠페인 참여를 독려할 예정이며, 부산 채리티 디너 참가... ",https://www.socialvalue.kr/news/view/1065584493049573,https://www.socialvalue.kr/news/view/1065584493049573,2026-06-24
캐치테이블,"한국컴패션, 케냐 식량위기 지원 캠페인 전개",캠페인에는 외식업계 예약 플랫폼 캐치테이블도 동참한다. 캐치테이블은 플랫폼 내 홍보를 지원하고 참가자 모집을 돕는다. 부산 채리티 디너 신청은 7월 1일부터 캐치테이블 애플리케이션을 통해 진행된다. 오는... ,http://www.beyondpost.co.kr/view.php?ud=20260624091954858446a9e4dd7f_30,http://www.beyondpost.co.kr/view.php?ud=20260624091954858446a9e4dd7f_30,2026-06-24
캐치테이블,"캐치테이블, tvN ‘스트릿 레스토랑 파이터’ 프로모션 협업 진행",캐치테이블이 tvN ‘스트릿 레스토랑 파이터’ 프로모션 협업으로 매장 예약 등 지원에 나선다. 앱 내 전용 페이지 통해 방송 출연 셰프 매장 라인업 소개 등 탐색부터 예약까지 편의성을 강화한다. 요식업 전문 통합 솔루션... ,https://sports.khan.co.kr/article/202606240700003?pt=nv,https://m.entertain.naver.com/article/144/0001122546,2026-06-24
캐치테이블,"루이 비통 메종 서울 ‘르 카페 루이 비통’, 새로운 미식 프로그램 ‘...","위치한 ‘제이피 앳 루이 비통’과 ‘르 카페 루이 비통’의 미식 경험과 조화를 이루면서도, 루이 비통 메종 서울만의 차별화된 경험을 선사하고자 한다. 예약은 6월 22일부터 캐치테이블 및 전화를 통해 가능하다.",https://sports.khan.co.kr/article/202606240659003?pt=nv,https://n.news.naver.com/mnews/article/144/0001122544?sid=103,2026-06-24
캐치테이블,"캐치테이블, ‘스트릿 레스토랑 파이터’와 프로모션 진행… 셰프 레스...",▲캐치테이블 제공 캐치테이블이 tvN 새 예능 프로그램 ‘스트릿 레스토랑 파이터’와 협업을 통해 방송과 외식 경험을 연결하는 프로모션을 선보인다. 와드가 운영하는 캐치테이블은 프로그램 출연 셰프 및 레스토랑... ,https://www.gosiweek.com/article/1065602040340800,https://www.gosiweek.com/article/1065602040340800,2026-06-23
캐치테이블,"캐치테이블, '스트릿 레스토랑 파이터' 프로모션 협업 진행",와드(대표 용태순)가 운영하는 캐치테이블이 tvN 예능 프로그램 '스트릿 레스토랑 파이터'와 프로모션을 진행한다고 23일 밝혔다. 스트릿 레스토랑 파이터는 미쉐린 스타 셰프와 외식업 종사자 등이 참가해 운영 역량을... ,https://www.ksilbo.co.kr/news/articleView.html?idxno=1060229,https://www.ksilbo.co.kr/news/articleView.html?idxno=1060229,2026-06-23
캐치테이블,"캐치테이블, tvN ‘스트릿 레스토랑 파이터’ 협업 프로모션 전개",요식업 전문 통합 솔루션 기업 와드가 운영하는 캐치테이블이 tvN 신규 예능 프로그램 ‘스트릿 레스토랑 파이터’와 협업 프로모션을 진행한다고 23일 밝혔다.‘스트릿 레스토랑 파이터’는 미쉐린 스타 셰프와 유명... ,https://www.kbsm.net/news/view.php?idx=524172,https://www.kbsm.net/news/view.php?idx=524172,2026-06-23
캐치테이블,"방송 본 뒤 바로 예약…캐치테이블, ‘스트릿 레스토랑 파이터’ 프로모...",요식업 전문 통합 솔루션 기업 와드가 운영하는 캐치테이블은 tvN 새 예능 프로그램 ‘스트릿 레스토랑 파이터’와 프로모션을 진행한다고 23일 밝혔다. ‘스트릿 레스토랑 파이터’는 미쉐린 스타 셰프와 유명 외식업자 등... ,https://www.viva100.com/article/20260623500863,https://www.viva100.com/article/20260623500863,2026-06-23
캐치테이블,"[유통레이더] 이랜드이츠, 캐치테이블, BBQ, GS더프레시, 코스맥스, 티르...","사진=캐치테이블 제공 ◇캐치테이블, tvN '스트릿 레스토랑 파이터' 협업 프로모션 진행 와드가 운영하는 캐치테이블이 tvN의 새로운 외식 서바이벌 예능 '스트릿 레스토랑 파이터'와 프로모션을 진행한다. 본... ",https://daily.hankooki.com/news/articleView.html?idxno=1378895,https://daily.hankooki.com/news/articleView.html?idxno=1378895,2026-06-23
캐치테이블,"메리어트 인터내셔널, 고객 참여형 셰프 경연 '메리어트 K 고메 레이스'...","미식 콘텐츠를 통해 고객 경험을 한층 높여 나갈 것""이라고 덧붙였다. 한편 이번 프로젝트에는 미국육류수출협회, 캐치테이블, 페르노리카, 페리에 주에, 발로나, 메티즌, 삼성웰스토리 등이 파트너로 참여했다. 이넷뉴스",https://www.enetnews.co.kr/news/articleView.html?idxno=51516,https://www.enetnews.co.kr/news/articleView.html?idxno=51516,2026-06-23
캐치테이블,"메리어트 인터내셔널, '메리어트 K 고메 레이스' 결선 갈라 디너 성료","이번 프로젝트에는 미국육류수출협회, 캐치테이블, 페르노리카, 페리에 주에, 발로나, 메티즌, 삼성웰스토리 등 다양한 파트너가 참여했다. 최종 우승팀은 코트야드 서울 명동의 '플라이 투 더 스카이' 팀으로 선정됐다.... ",http://www.sisunnews.co.kr/news/articleView.html?idxno=241064,http://www.sisunnews.co.kr/news/articleView.html?idxno=241064,2026-06-23
캐치테이블,"메리어트 K 고메 레이스, 차세대 셰프 발굴…우승 메뉴 전국 호텔서 선...","이번 프로젝트에는 미국육류수출협회, 캐치테이블, 페르노리카, 페리에 주에, 발로나, 메티즌, 삼성웰스토리 등 다양한 파트너가 참여했다. 메리어트 인터내셔널은 이번 프로젝트를 통해 차세대 셰프를 발굴·육성하고 K... ",http://www.segyebiz.com/newsView/20260623506461?OutUrl=naver,http://www.segyebiz.com/newsView/20260623506461?OutUrl=naver,2026-06-23
캐치테이블,"[유통24시] 홈플러스, 익스프레스 매각 본계약…정상화 속도 外","예약은 캐치테이블과 전화를 통해 가능하다. ◆현대백화점그룹, 순직 해군 유가족에 10억원 지원 현대백화점그룹이 순직 해군 장병 유가족을 위한 장학기금 10억원을 지원한다. 현대백화점그룹은 해군과 '바다사랑... ",https://news.dealsitetv.com/articles/172228,https://news.dealsitetv.com/articles/172228,2026-06-23
캐치테이블,"캐치테이블, '스트릿 레스토랑 파이터' 협업",와드 | 서울=한스경제 김종효 기자 | 요식업 전문 통합 솔루션 기업 와드가 운영하는 캐치테이블은 tvN 예능 프로그램 '스트릿 레스토랑 파이터'와 프로모션 협업을 시작했다고 23일 밝혔다. '스트릿 레스토랑 파이터'는... ,http://www.hansbiz.co.kr/news/articleView.html?idxno=845800,http://www.hansbiz.co.kr/news/articleView.html?idxno=845800,2026-06-23
캐치테이블,메리어트 K 고메 레이스 우승 메뉴 17개 호텔 운영,"다양한 미식 프로그램을 선보일 계획""이라고 말했다. 이번 프로젝트에는 미국육류수출협회, 캐치테이블, 페르노리카, 페리에 주에, 발로나, 메티즌, 삼성웰스토리 등이 참여했다. [이미지=메리어트 인터내셔널]",https://www.newspim.com/news/view/20260623000252,https://www.newspim.com/news/view/20260623000252,2026-06-23
캐치테이블,"캐치테이블, '스레파' 협업 프로모션...매장 예약 등 지원","요식업 예약 플랫폼 캐치테이블이 '스레파'와 협업 프로모션을 진행한다. tvN 신규 예능 '스트릿 레스토랑 파이터'는 미쉐린 스타 셰프, 글로벌 기업 대표, 핫플레이스 업주 등 총 20팀이 참가해 장사 실력만으로 대결하는... ",https://www.slist.kr/news/articleView.html?idxno=747001,https://www.slist.kr/news/articleView.html?idxno=747001,2026-06-23
캐치테이블,"에어부산, 부산-나리타 취항 15주년...임피리얼 팰리스 강남, 뷔페 이벤...","패밀리아는 6월 한 달간 캐치테이블 예약 고객에게 평일 점심·저녁 20%, 주말·공휴일 점심·저녁 15% 할인도 제공한다. 부가 혜택도 함께 운영한다. 레드·화이트 하우스 와인 2종을 무제한으로 즐길 수 있고, 생일... ",https://www.slist.kr/news/articleView.html?idxno=746995,https://www.slist.kr/news/articleView.html?idxno=746995,2026-06-23
캐치테이블,"그랜드 머큐어 임피리얼 팰리스 서울 강남, '골든 서머, 골든 티켓' 이벤...","6월 한 달간 캐치테이블 예약 고객에게 평일 점심·저녁 20%, 주말 및 공휴일 15% 할인 혜택을 제공한다. 하우스 와인 무제한 프로모션도 마련했다. 기념일을 맞은 고객을 위한 세심한 배려도 돋보인다. 생일이 포함된 주간에... ",https://www.businesskorea.co.kr/news/articleView.html?idxno=271767,https://www.businesskorea.co.kr/news/articleView.html?idxno=271767,2026-06-22
캐치테이블,"그랜드 머큐어 임피리얼 팰리스 서울 강남, 여름 시즌 고객 참여 이벤트...","캐치테이블을 통해 예약한 고객은 6월 말까지 평일 점심·저녁 이용 시 20%, 주말과 공휴일 이용 시 15% 할인 혜택을 받을 수 있다.이와 함께 하우스 와인 2종 무제한 이용 프로모션도 마련됐다. 생일 당일이 포함된... ",https://www.handmk.com/news/articleView.html?idxno=40546,https://www.handmk.com/news/articleView.html?idxno=40546,2026-06-22
캐치테이블,"그랜드 머큐어 임피리얼 팰리스 서울 강남, '골든 서머·골든 티켓' 이벤...","캐치테이블을 통해 예약한 고객은 6월 한 달 동안 평일 점심과 저녁에는 20%, 주말 및 공휴일에는 15%의 할인을 받을 수 있다. 이와 함께 와인 프로모션도 마련돼 있다. 생일이 포함된 주간에 방문하는 고객에게는... ",http://www.hansbiz.co.kr/news/articleView.html?idxno=845675,http://www.hansbiz.co.kr/news/articleView.html?idxno=845675,2026-06-22
캐치테이블,"그랜드 머큐어 임피리얼 팰리스 서울 강남, 뷔페 패밀리아 ‘Golden Summer...","6월 한 달간 캐치테이블 예약 고객을 대상으로 평일 점심과 저녁 20% 할인 혜택을 제공하며, 주말 및 공휴일에는 점심과 저녁 모두 15% 할인 혜택을 받을 수 있다. 할인 적용 시 평일 점심은 145,000원에서 116,000원, 평일... ",https://www.livesnews.com/news/article.html?no=62116,https://www.livesnews.com/news/article.html?no=62116,2026-06-22
캐치테이블,"그랜드 머큐어 임피리얼 팰리스 서울 강남, 패밀리아 여름 이벤트 '골든...","캐치테이블 예약 고객은 6월 한 달 동안 평일 점심·저녁 20%, 주말 및 공휴일 점심·저녁 15% 할인된 가격으로 이용할 수 있다. 할인 적용 시 평일 점심은 11만6000원, 평일 저녁은 14만4000원, 주말 및 공휴일은... ",https://www.thepublic.kr/news/articleView.html?idxno=308574,https://www.thepublic.kr/news/articleView.html?idxno=308574,2026-06-22
캐치테이블,"그랜드 머큐어 임피리얼 팰리스 서울 강남, 패밀리아서 ‘골든 서머, 골...","6월 동안 캐치테이블을 통해 예약한 고객에게는 평일과 주말 할인 혜택을 제공한다. 기념일 고객을 위한 혜택도 준비됐다. 생일 당일이 포함된 주간 내 방문 고객에게는 홀케이크 1개를 무료 제공하며, 최소 이틀 전... ",https://hbnpress.com/news/view/1065591767010869,https://hbnpress.com/news/view/1065591767010869,2026-06-22
캐치테이블,마라탕 넘어 밀크티까지…C-프랜차이즈가 흔드는 외식시장,예약 플랫폼 캐치테이블의 2025 미식 연말결산에서는 하이디라오 대학로점이 예약·방문 상위 매장 3위에 이름을 올리기도 했다. 마라탕 브랜드의 성장세도 두드러진다. 탕화쿵푸는 지난 3월 기준 전국 매장 수가 560개를... ,https://www.m-i.kr/news/articleView.html?idxno=1383891,https://www.m-i.kr/news/articleView.html?idxno=1383891,2026-06-22
캐치테이블,"그랜드 머큐어 임피리얼 팰리스 서울 강남 '패밀리아', 하반기 고객 참...","예약 프로모션: 온라인 예약 플랫폼 캐치테이블을 통해 사전 예약 후 방문하는 고객을 대상으로 기간별 할인 혜택을 적용하며, 지정된 하우스 와인을 무제한으로 이용할 수 있는 주류 프로모션을 병행한다. 기념일... ",https://www.discoverynews.kr/news/articleView.html?idxno=1094026,https://www.discoverynews.kr/news/articleView.html?idxno=1094026,2026-06-22
캐치테이블,[식사합시다] 공단떡볶이,캐치테이블이 온라인 웨이팅이 되다 보니 다들 맞춰서 도착하는 거였다. 우래옥의 140팀에 맞먹는 42팀이었고 초행길에 톡톡한 신고식을 치렀다. 달짝하고 적당한 감칠맛과 맵기의 떡볶이는 국물 스타일인데 중독성이... ,https://www.newsclaim.co.kr/news/articleView.html?idxno=3066756,https://www.newsclaim.co.kr/news/articleView.html?idxno=3066756,2026-06-22
캐치테이블,"'5연승' 양창섭+필승조, 환상 콜라보, 구자욱 결승 2루타, 삼성, 한화에...",1회초부터 테이블세터 김지찬 김성윤의 연속 안타로 첫 상대 화이트를 위협했다. 하지만 화이트는... 날려 캐치하는 호수비로 실점 없이 1회를 넘겼다. 한화가 먼저 선취점을 올릴 뻔 했다. 2회말 2사 후 이날 새로 선발... ,https://www.sportschosun.com/baseball/2026-06-21/202606210100146350009618,https://m.sports.naver.com/kbaseball/article/076/0004417955,2026-06-21
캐치테이블,청와대 참모진 개편...기로에 선 '여야 지도부',"그런 것들은 본인이 어떻게 하겠다는 캐치프레이즈에 불과하고 과연 그동안 당청 관계가 잘 돼 왔는가, 그... [정구승] 저는 8월 17일까지 민주당은 딱 타임테이블이 정해진 싸움이라고 한다면 국민의힘 같은 경우에 내년까지... ",https://www.ytn.co.kr/_ln/0101_202606211258161917,https://n.news.naver.com/mnews/article/052/0002369161?sid=100,2026-06-21
캐치테이블,"""내가 바로 민간 외교관""…KF 국민공공외교아카데미 참가자 모집",'모두의 공공외교'를 캐치프레이즈로 공공외교에 대한 국민적 이해를 높이고 국제사회 소통 및 교류 역량을... 라운드테이블 ▲ 세계 각국 문화를 만날 수 있는 주한 외국 대사관과 문화원 방문 프로그램 ▲ 청년들의... ,https://www.yna.co.kr/view/AKR20260619138800371?input=1195m,https://n.news.naver.com/mnews/article/001/0016148993?sid=100,2026-06-19
캐치테이블,아페롤 스프리츠와 함께 즐기는 여름,현장에서는 달콤쌉싸름한 칵테일 아페롤 스프리츠와 페어링 메뉴를 만날 수 있다. 캐치테이블 예약 및 현장 방문으로 만나볼 수 있다.(캄파리코리아 제공. 재판매 및 DB금지) 2026.6.19/뉴스1,https://www.news1.kr/photos/7967346,https://n.news.naver.com/mnews/article/421/0009013384?sid=101,2026-06-19
캐치테이블,"""35억 건물, 어떻게 샀냐면""...'나폴리맛피아' 권성준 비화 공개",권 셰프가 흑백요리사에서 우승한 뒤 그가 서울 용산구에서 운영한 ‘비아 톨레도 파스타바’에 예약이 몰리면서 지난해 8월 식당 예약 및 웨이팅 앱 ‘캐치테이블’에 “현재 영업 중이나 캐치테이블 예약을 잠정... ,https://www.edaily.co.kr/news/newspath.asp?newsid=03824486645483360,https://n.news.naver.com/mnews/article/018/0006309771?sid=101,2026-06-19
캐치테이블,[기획] '줄인상' 서울 호텔 뷔페 가격 비교해 보니,"데이터=캐치테이블·각사, 배경=롯데호텔 서울 라세느, 그래프=ChatGPT데이터=캐치테이블·각사, 배경=신라호텔, 그래프=ChatGPT 호텔 뷔페 가격 인상 행렬은 연초부터 이어지고 있다. 호텔신라가 운영하는 서울... ",http://www.newswatch.kr/news/articleView.html?idxno=80134,http://www.newswatch.kr/news/articleView.html?idxno=80134,2026-06-19
캐치테이블,"""망고 먹으러 왔다""···빕스, 방문객 33% 늘리며 여름 대전 선점","모든 테이블에 망고 씨가 수북이 쌓이는 모습을 볼 수 있었다""고 말했다. 빕스는 최근 스타 셰프 박은영과 협업한 여름 신메뉴 '캐치 더 서머 테이스트(Catch the SUMMER TASTE)'도 선보였다. 빕스 시그니처 립에 청귤... ",https://www.smartbizn.com/news/articleView.html?idxno=146556,https://www.smartbizn.com/news/articleView.html?idxno=146556,2026-06-19
캐치테이블,[SW포커스] “원광대 천재타자!” 지금 권동진은 잊혔던 이름 소환 중,"지난 16일 잠실 두산전에선 다이빙 캐치를 비롯, 연이은 호수비로 선발투수 고영표의 박수갈채를 끌어냈다.... 하위 타선의 끝과 상위 타선의 시작을 잇는 또 하나의 테이블세터 역할을 든든히 해내는 중이다. 9번... ",https://www.sportsworldi.com/newsView/20260619500878,https://m.sports.naver.com/kbaseball/article/396/0000747280,2026-06-19
캐치테이블,[아키타입(Archetype) 사자성어 경영학](46)오매불망(寤寐不忘)- 예약과 ...,최근의 런던 베이글 뮤지엄(London Bagel Museum)이나 유명 팝업 스토어들이 활용하는 '캐치테이블 예약'과 '오픈런' 문화 역시 오매불망의 현대적 변용이다. 새벽부터 줄을 서거나 실시간으로 예약 페이지를 새로 고침 하며... ,http://www.nongaek.com/news/articleView.html?idxno=95756,http://www.nongaek.com/news/articleView.html?idxno=95756,2026-06-18
캐치테이블,"크린랩, ‘캐치! 티니핑’ 협업 확대… 홈파티 세트 출시",이번 신제품은 선명한 컬러감과 함께 ‘프린세스 캐치! 티니핑’ 인기 캐릭터를 적용한 화사한 디자인이 특징으로 가볍고 휴대성이 뛰어나 실내외 다양한 환경에서 특별한 파티 테이블 소품으로 활용할 수 있다.... ,https://www.sedaily.com/article/20056970?ref=naver,https://n.news.naver.com/mnews/article/011/0004632308?sid=101,2026-06-18
캐치테이블,[맛집로드]전기구이에서 숯불까지…응원의 맛 '치맥',을지로 1호점은 오픈 직후 캐치테이블 기준 6월 초 일평균 웨이팅 5000명을 기록하며 호응을 얻었다. 탁 트인 야외 공간에서 즐기는 이른바 '야장 감성'이 2030 세대의 수요와 맞물린 결과다. 대표 메뉴는 1.5㎏ 이상의 장닭을... ,https://www.sidae.com/article/2026061714474982460,https://n.news.naver.com/mnews/article/417/0001147986?sid=101,2026-06-18
캐치테이블,외국인 버스 예매·식당 예약 쉬워진다니 '한국 여행 많이 하겠네',"관광공사는 외식 통합 플랫폼 '캐치테이블'을 운영하는 '와드'와 업무협약을 맺고 협력 사업을 추진한다. 협약은 한국 미식의 매력을 세계에 알리고, 외국인 관광객들이 겪었던 식당 예약과 정보 접근의 불편함을... ",https://www.asiatoday.co.kr/kn/view.php?key=20260617010006134,https://www.asiatoday.co.kr/kn/view.php?key=20260617010006134,2026-06-17
캐치테이블,크린랩 '티니핑' 홈파티 용품...한샘 가게나우 빌트인장 출시,'프린세스 캐치! 티니핑' 시즌6 캐릭터를 적용했으며 선명한 색감과 화사한 디자인을 앞세웠다. 가볍고 휴대성이 좋아 파티 테이블 소품으로 활용할 수 있도록 기획됐다. '홈파티 종이접시'는 18cm와 23cm 두 가지 크기로... ,https://www.slist.kr/news/articleView.html?idxno=745802,https://www.slist.kr/news/articleView.html?idxno=745802,2026-06-17
캐치테이블,"크린랩, '캐치 티니핑' 협업 홈파티 용품 3종 출시",신제품은 프린세스 캐치! 티니핑 인기 캐릭터를 적용한 화사한 디자인과 선명한 컬러가 특징이다. 가볍고 휴대성이 뛰어나 다양한 환경에서 파티 테이블 소품으로 활용할 수 있다. 홈파티 종이접시는 18cm와 23cm 두 가지... ,http://www.hansbiz.co.kr/news/articleView.html?idxno=844759,http://www.hansbiz.co.kr/news/articleView.html?idxno=844759,2026-06-17
캐치테이블,"크린랩, '캐치! 티니핑'과 협업한 홈파티 종이접시·종이컵 출시","이번 신제품은 선명한 컬러감과 함께 '프린세스 캐치! 티니핑' 인기 캐릭터를 적용한 화사한 디자인이 특징으로, 가볍고 휴대성이 뛰어나 실내외 다양한 환경에서 특별한 파티 테이블 소품으로 활용할 수 있다. 홈파티... ",https://view.asiae.co.kr/article/2026061709461044543,https://n.news.naver.com/mnews/article/277/0005777447?sid=101,2026-06-17
캐치테이블,"페어필드 바이 메리어트 부산 송도 비치 ‘부산다이닝’ 팀, ‘메리어트...",행사에 참여해 투표를 원하는 미식가들은 실시간 레스토랑 예약 플랫폼 ‘캐치테이블’에서 ‘메리어트 K-고메 레이스’를 검색해 예약할 수 있다. ‘부산다이닝’ 팀 셰프들의 요리는 호텔 22층에 위치한 레스토랑... ,https://sports.khan.co.kr/article/202606170537003?pt=nv,https://n.news.naver.com/mnews/article/144/0001121136?sid=103,2026-06-17
캐치테이블,"[현장] 성수에 빨간 라면공장 세운 농심…신라면, 40년 만에 '놀거리' 됐...","향후에는 네이버예약 또는 캐치테이블 등 예약 시스템을 도입해 방문객 편의를 높일 예정이다. 농심 관계자는 ""신라면 분식은 과거 친구들과 허물없이 소통하던 한국 분식점의 정서적 가치를 현대적인 복합 체험... ",http://www.newsprime.co.kr/news/article.html?no=736916,http://www.newsprime.co.kr/news/article.html?no=736916,2026-06-16
캐치테이블,"[푸드다이닝 트렌드] 빕스, 박은영 셰프와 함께한 여름 미식 테이블 공...","빕스 VIP 및 캐치테이블 고객을 대상으로 진행된 초청 이벤트에는 수많은 지원자가 몰렸으며, 인플루언서, 업계 관계자 등이 참석해 뜨거운 관심 속에 행사가 마무리됐다. CJ푸드빌 관계자는 ""이번 여름 시즌은 박은영... ",https://www.ibabynews.com/news/articleView.html?idxno=152064,https://www.ibabynews.com/news/articleView.html?idxno=152064,2026-06-16
캐치테이블,"빕스, 박은영 셰프와 함께한 여름 미식 테이블 공개","빕스 VIP 및 캐치테이블 고객을 대상으로 진행된 초청 이벤트에는 수많은 지원자가 몰렸다. CJ푸드빌 관계자는 ""이번 여름 시즌은 박은영 셰프와의 특별한 협업을 통해 빕스에서만 경험할 수 있는 선명한 여름의 맛을... ",https://www.sportschosun.com/life/2026-06-16/202606160100107720006959,https://n.news.naver.com/mnews/article/076/0004416002?sid=101,2026-06-16
캐치테이블,"푸드·DJ·칵테일까지...아페롤 스프리츠, 이태원 루프탑서 만난다","일반 방문객은 현장 방문 또는 캐치테이블을 통해 이용할 수 있다. 일부 프로그램은 사전 예약제로 운영되며, 세부 일정은 아페롤 공식 인스타그램과 캐치테이블에서 확인할 수 있다. /지피코리아 , 사진=캄파리코리아",https://www.gpkorea.com/news/articleView.html?idxno=143735,https://www.gpkorea.com/news/articleView.html?idxno=143735,2026-06-15
캐치테이블,"CJ푸드빌 빕스, 박은영 셰프 협업 여름 신메뉴 출시",공식 출시에 앞서 빕스는 지난 12일 빕스 VIP 및 예약 플랫폼 캐치테이블 고객 등을 초청해 '썸머 갈라 디너' 행사를 열고 박 셰프와의 메뉴 개발 과정을 소개하는 사전 시식 일정을 진행한 바 있다. CJ푸드빌 관계자는... ,https://www.ekn.kr/web/view.php?key=20260615020433393,https://www.ekn.kr/web/view.php?key=20260615020433393,2026-06-15
캐치테이블,"""여름 입맛 잡는다""…빕스, 박은영 셰프 협업 신메뉴 공개","행사에서는 빕스 VIP와 캐치테이블 고객을 대상으로 출시 전 신메뉴를 선보였으며, 인플루언서와 업계 관계자 등이 참석해 높은 관심을 보였다. CJ푸드빌 관계자는 ""박은영 셰프와의 협업을 통해 빕스에서만 경험할 수... ",http://www.thefirstmedia.net/news/articleView.html?idxno=201381,http://www.thefirstmedia.net/news/articleView.html?idxno=201381,2026-06-15
캐치테이블,"빕스, 박은영 셰프 협업 여름 신메뉴 출시","행사에는 빕스 VIP 고객과 캐치테이블 고객, 인플루언서, 업계 관계자 등이 참석했다. CJ푸드빌 관계자는 ""이번 여름 시즌은 박은영 셰프와의 특별한 협업을 통해 빕스에서만 경험할 수 있는 선명한 여름의 맛을 완성했다... ",https://www.cstimes.com/news/articleView.html?idxno=709787,https://www.cstimes.com/news/articleView.html?idxno=709787,2026-06-15
캐치테이블,"빕스, 박은영 셰프와 손잡고 여름 신메뉴 선봬…‘차슈 글레이즈드 립’...","이번 초청 행사는 빕스 VIP 고객과 캐치테이블 이용자를 대상으로 진행됐으며, 다수의 신청자가 몰린 가운데 인플루언서와 업계 관계자 등이 참석해 높은 관심을 나타냈다. CJ푸드빌 관계자는 “이번 여름 시즌은... ",https://www.megaeconomy.co.kr/news/newsview.php?ncode=1065589823143102,https://www.megaeconomy.co.kr/news/newsview.php?ncode=1065589823143102,2026-06-15
캐치테이블,[스마트컨슈머] ‘토이스토리5’와 손 잡은 가나초콜릿·박은영 셰프와...,이날 박은영 셰프와 빕스가 함께한 메뉴 개발 스토리를 소개했다. 공식 출시 전 박은영 셰프 콜라보 메뉴를 맛보는 시간이 이어졌다. 빕스 VIP 및 캐치테이블 고객을 대상으로 진행된 초청 이벤트에는 수많은 지원자가,https://kpenews.com/View.aspx?No=4112569,https://kpenews.com/View.aspx?No=4112569,2026-06-15
캐치테이블,"[유통소식] 롯데마트 제타, 매월 정기 할인 '월간제타' 첫선","빕스는 앞선 12일 VIP 고객과 캐치테이블 이용자를 대상으로 '빕스X박은영 셰프 썸머 갈라 디너'를 열고 신메뉴를 공개했다. CJ푸드빌 관계자는 ""빕스에서만 경험할 수 있는 여름 미식을 완성했다""며 ""고객들에게 만족도... ",http://www.4th.kr/news/articleView.html?idxno=2113188,http://www.4th.kr/news/articleView.html?idxno=2113188,2026-06-15
캐치테이블,[오늘의 먹거리] 파파존스·빕스·델리바이애슐리,"빕스 VIP 및 캐치테이블 고객을 대상으로 진행된 초청 이벤트에는 수많은 지원자가 몰렸으며, 인플루언서, 업계 관계자 등이 참석해 뜨거운 관심 속에 행사가 마무리됐다. CJ푸드빌 관계자는 ""이번 여름 시즌은 박은영... ",http://www.financialreview.co.kr/news/articleView.html?idxno=42877,http://www.financialreview.co.kr/news/articleView.html?idxno=42877,2026-06-15
캐치테이블,"MZ세대마저 등 돌린 비싼 오마카세, 대신 '여기'로 몰린다",실시간 외식업체 예약 서비스 캐치테이블에서도 변화가 감지됐다. 2023년부터 2024년까지 '부동의 예약 1위' 자리를 지켰던 일식 오마카세가 지난해 순위권에서 완전히 사라진 것이다. 업계 전문가들은 이러한 현상의... ,https://www.insight.co.kr/news/558518,https://www.insight.co.kr/news/558518,2026-06-15
캐치테이블,"캄파리코리아, 이태원서 '아페롤 스프리츠 오렌지 하우스' 운영",방문객은 현장 방문 또는 캐치테이블을 통해 이용할 수 있다. 일부 프로그램은 사전 예약제로 진행된다. 캄파리코리아 관계자는 “이번 오렌지 하우스는 여름철 이태원 루프탑에서 아페롤 스프리츠의 풍미를 즐길 수... ,https://www.etnews.com/20260615000097,https://n.news.naver.com/mnews/article/030/0003437509?sid=101,2026-06-15
캐치테이블,"캄파리코리아, 이태원에 아페롤 체험 공간 연다","방문은 현장 접수 또는 캐치테이블 예약을 통해 가능하며, 일부 프로그램은 사전 예약제로 진행된다. 캄파리코리아 관계자는 “이번 오렌지 하우스는 무더운 여름, 이태원 루프탑에서 달콤쌉싸름한 아페롤 스프리츠의... ",https://www.edaily.co.kr/news/newspath.asp?newsid=02118886645482048,https://n.news.naver.com/mnews/article/018/0006306314?sid=101,2026-06-15
캐치테이블,“오마카세 안 가요” SNS 점령하더니 ‘돌변’…요즘은 ‘여기’ 몰린...,실시간 외식업체 예약 플랫폼 캐치테이블에서 2023~2024년 ‘부동의 예약 1위’를 차지했던 일식 오마카세도 지난해 순위권 밖으로 밀려났다. 오마카세 열풍이 가라앉은 배경으로는 고물가에 따른 소비 위축이... ,https://www.seoul.co.kr/news/economy/2026/06/11/20260611500249?wlog_tag3=naver,https://n.news.naver.com/mnews/article/081/0003652266?sid=101,2026-06-14
캐치테이블,"캐치테이블, 미쉐린 가이드 스타 레스토랑 이야기 담은 ‘다이닝 매거진...","캐치테이블이 미쉐린 스타 레스토랑 스토리를 담은 콘텐츠를만들었다. 이를 통해 셰프 요리 철학부터 레스토랑별 특징, 시그니처 메뉴, 수상 내역 등 다양한 정보를 얻을 수 있다. 요식업 전문 통합 솔루션 기업 와드(대표... ",https://sports.khan.co.kr/article/202606130308003?pt=nv,https://n.news.naver.com/mnews/article/144/0001120543?sid=103,2026-06-13
캐치테이블,"[위클리비즈] BBQ, 젠슨황이 선택한 메뉴 2종 출시…앱에서 2주간 한정 ...",▲ K-맛집 예약 열풍타고…캐치테이블 MAU 글로벌 100만 돌파 국내 외국인 관광객이 늘면서 맛집 예약 플랫폼도 빠르게 성장하고 있습니다. 외식업 플랫폼 캐치테이블은 외국인 전용 서비스인 '캐치테이블 글로벌'의... ,https://www.sentv.co.kr/article/view/sentv202606110032,https://www.sentv.co.kr/article/view/sentv202606110032,2026-06-12
캐치테이블,“대한민국 이겼다!” 식당 가득 메운 함성…‘카스 뷰잉펍’ 가보니,캐치테이블을 통한 사전 예약은 예약 시작 직후 마감될 정도 인기를 끌었다. 매장 중앙에는 대형 스크린이 설치됐다. 방문객들은 테이블에 둘러앉아 경기 시작만을 기다렸다. 카스가 제공한 응원 유니폼을 착용한... ,https://www.mk.co.kr/article/12072895,https://n.news.naver.com/mnews/article/024/0000106194?sid=102,2026-06-12
캐치테이블,"캐치테이블, 미쉐린 스타 레스토랑 콘텐츠 ‘다이닝 매거진’ 오픈",▲캐치테이블 제공 캐치테이블이 미쉐린 스타 레스토랑의 철학과 스토리를 담은 신규 콘텐츠 ‘다이닝 매거진’을 선보이며 미식 콘텐츠 경쟁력 강화에 나섰다. 요식업 전문 통합 솔루션 기업 와드가 운영하는... ,https://www.gosiweek.com/article/1065598350069681,https://www.gosiweek.com/article/1065598350069681,2026-06-12
캐치테이블,"사무실 치킨 주문 폭주에 ""2시간"", 뷰잉펍 북적…광화문 뒤흔든 '점심 응...",대형 스크린 2대를 갖춘 청계천변 맥주집 JH텍사스바는 이날 오전 11시 30분 캐치테이블로 사전 예약한 손님만 입장 가능했다. JH텍사스바는 조별리그 2차전과 3차전이 예정된 19일과 25일에도 사전 예약을 받고 있다. 같은... ,https://www.mt.co.kr/society/2026/06/12/2026061215271867457,https://n.news.naver.com/mnews/article/008/0005371174?sid=104,2026-06-12
캐치테이블,"캐치테이블, 미쉐린 스타 레스토랑 스토리 담은 ‘다이닝 매거진’ 오픈","캐치테이블이 미쉐린 스타 레스토랑의 철학과 시그니처 메뉴, 공간 이야기를 담은 콘텐츠 서비스를 새롭게 선보이며 예약 플랫폼을 넘어 미식 콘텐츠 플랫폼으로 영역을 넓히고 있다.요식업 전문 통합 솔루션 기업 와드가... ",https://www.kbsm.net/news/view.php?idx=522783,https://www.kbsm.net/news/view.php?idx=522783,2026-06-12
캐치테이블,"[현장]""골!"" 터지자 맥주잔 파도…축구 덕후 성지된 '카스 뷰잉펍'",대부분 예약 플랫폼 '캐치테이블'을 통해 참가권을 확보한 축구 팬들이었다. 카스 축구 유니폼을 맞춰 입은 참가자들은 경기 시작 전부터 사진을 찍고 응원 구호를 외치며 분위기를 달궜다. 경기 시작 한 시간 전부터... ,https://www.sidae.com/article/2026061214220146677,https://n.news.naver.com/mnews/article/417/0001147317?sid=101,2026-06-12
캐치테이블,오현규 역전골에 함성 폭발…카스 뷰잉펍 달군 월드컵 열기[르포],"김 씨는 ""회사 근처라 접근성이 좋아 캐치테이블로 미리 예약했다""며 ""회사 동기 8명이 함께 월드컵을 보기 위해 모였다""고 전했다. 경기가 중반으로 접어들수록 응원 열기는 더욱 뜨거워졌다. 대표팀이 공격을 전개할... ",https://www.news1.kr/industry/distribution/6195748,https://n.news.naver.com/mnews/article/421/0009000684?sid=101,2026-06-12
캐치테이블,"[르포]""연차 내고 왔어요""… '카스 뷰잉펍' 월드컵 응원 명소",캐치테이블로 진행한 사전 예약은 오픈과 동시에 마감됐고 현장에서 대기하는 줄도 길게 늘어섰다. 외식 공간을 활용한 뷰잉펍 형태는 집이나 개인 공간에서 경기를 보는 방식과 달리 같은 장면을 함께 보고 반응하는... ,https://view.asiae.co.kr/article/2026061212584675918,https://n.news.naver.com/mnews/article/277/0005775666?sid=101,2026-06-12
캐치테이블,[F&B핫이슈] 아웃백 런치박스 3종·캐치테이블 다이닝 메거진 外,사진=캐치테이블 요식업 전문 통합 솔루션 기업 와드가 운영하는 캐치테이블이 미쉐린 스타 레스토랑의 이야기를 담은 스토리 콘텐츠 '다이닝 매거진'을 오픈했다. 다이닝 매거진은 캐치테이블 앱 내 미쉐린 스타... ,https://www.slist.kr/news/articleView.html?idxno=744875,https://www.slist.kr/news/articleView.html?idxno=744875,2026-06-12
캐치테이블,"""단순 예약 넘어 미식 잡지로""…캐치테이블, '다이닝 매거진' 론칭",캐치테이블이 미쉐린 스타 레스토랑의 정보를 담은 스토리 콘텐츠 '다이닝 매거진'을 오픈했다고 12일 밝혔다. 다이닝 매거진은 캐치테이블 모바일 앱 내 미쉐린 스타 레스토랑 매장 상세 페이지에서 제공하는 스토리형... ,https://www.hankyung.com/article/202606122120g,https://n.news.naver.com/mnews/article/015/0005297975?sid=101,2026-06-12
캐치테이블,"캐치테이블, 미쉐린 다이닝 매거진 오픈",캐치테이블 | 서울=한스경제 김종효 기자 | 요식업 통합 솔루션 기업 와드가 운영하는 캐치테이블은 미쉐린 스타 레스토랑의 이야기를 담은 스토리 콘텐츠 '다이닝 매거진'을 선보였다고 12일 밝혔다. 다이닝 매거진은... ,http://www.hansbiz.co.kr/news/articleView.html?idxno=843846,http://www.hansbiz.co.kr/news/articleView.html?idxno=843846,2026-06-12
캐치테이블,"캐치테이블, 미쉐린 스타 레스토랑 스토리 콘텐츠 ‘다이닝 매거진’ 도...",와드 캐치테이블이 미식 콘텐츠 서비스 확대 내용을 12일 밝혔다. 와드가 운영하는 캐치테이블은 미쉐린 가이드 서울·부산 2026에 선정된 레스토랑을 중심으로 스토리형 콘텐츠 ‘다이닝 매거진’을 앱 내에 추가했다.... ,http://www.lawissue.co.kr/view.php?ud=202606120826323480204ead0791_12,http://www.lawissue.co.kr/view.php?ud=202606120826323480204ead0791_12,2026-06-12
캐치테이블,"부산 윈덤 그랜드, 미슐랭 셰프 영입으로 오마카세 다이닝 혁신","예약은 스시우미 전화와 네이버 예약, 캐치테이블을 통해 가능하다. 최근 부산이 고급 호텔과 파인다이닝 레스토랑을 중심으로 미식 관광도시 경쟁에 나서고 있는 가운데, 송도를 기반으로 한 윈덤 그랜드 부산의 프리미엄... ",https://www.etoday.co.kr/news/view/2592875,https://www.etoday.co.kr/news/view/2592875,2026-06-11
캐치테이블,"리즈, 성수 맛집에서 포착된 소소한 휴식","테이블에는 냄비 요리와 채소 반찬이 차려져 있고, 리즈는 모자를 눌러쓴 채 편안한 차림으로 자리를... 드라마 '사랑은 외나무다리에서' OST 'Summer', '천국보다 아름다운' OST 'Heavy Love', 애니메이션 '프린세스 캐치!... ",https://www.topstarnews.net/news/articleView.html?idxno=16088562,https://www.topstarnews.net/news/articleView.html?idxno=16088562,2026-06-11
캐치테이블,“미슐랭의 감동을 송도 바다에서”… 윈덤 그랜드 부산 ‘스시우미’...,"디너’는 전석 사전 예약제로 운영되며 가격은 1인 기준 18만원이다. 예약 및 관련 문의는 스시우미 유선 채널을 비롯해 네이버 예약, 캐치테이블 플랫폼을 통해 손쉽게 진행할 수 있다. 부산 | 김태현 스포츠동아 기자",https://sports.donga.com/region/article/all/20260611/134092943/1,https://n.news.naver.com/mnews/article/382/0001277813?sid=102,2026-06-11
캐치테이블,[오늘의 유통업계 소식] 다이치·신송식품·캐치테이블·일룸 등,"사진=와드 ◆캐치테이블, 지난 5월 MAU 100만명 기록 와드는 '캐치테이블' 글로벌 앱 월간 활성 이용자 수(MAU, Monthly Active Users)가 100만명을 기록했다고 11일 밝혔다. 캐치테이블은 그동안 한국 전화번호가 없는... ",http://www.bizwnews.com/news/articleView.html?idxno=138449,http://www.bizwnews.com/news/articleView.html?idxno=138449,2026-06-11
캐치테이블,[푸드·다이닝 트렌드] 민어·장어·전복 담은 여름 보양식… 한국의집...,"한국의집 여름 다이닝 메뉴 예약은 모바일 앱 캐치테이블 또는 예약실을 통해 가능하다. 자세한 내용은 한국의집 누리집에서 확인할 수 있다. ◇ 롯데웰푸드 '식사이론', 백년가게 맛 담은 상온 국탕류 3종 출시... ",https://www.ibabynews.com/news/articleView.html?idxno=151970,https://www.ibabynews.com/news/articleView.html?idxno=151970,2026-06-11
캐치테이블,보양식의 계절…민어·전복·장어 담은 '한국의집' 여름 다이닝,"캐치테이블이나 전화로 예약할 수 있다. 더욱 자세한 사항은 한국의집 누리집을 보면 된다. 과거 국내외 귀빈을 맞는 영빈관으로 설립된 한국의집은 지난해에는 '블루리본 서베이'에서 최고 등급을 받고, '서울미식 100선... ",https://www.newsis.com/view/NISX20260610_0003663652,https://n.news.naver.com/mnews/article/003/0013999756?sid=103,2026-06-11
캐치테이블,"2030 '플렉스' 상징이던 오마카세, 지금은 '가성비'에 밀렸다",예약 플랫폼 캐치테이블에 따르면 2023~2024년 외식 카테고리 예약 1위를 차지한 '일식 오마카세'는 순위권 밖으로 밀려났다. 업장 폐업도 이어지고 있다. 행정안전부에 따르면 일식 오마카세 업장이 포함된 일식... ,https://www.hankyung.com/article/2026061091377,https://n.news.naver.com/mnews/article/015/0005297377?sid=103,2026-06-10
캐치테이블,"[유프로의 AI 픽] ""노포가 집으로, 라면은 파인다이닝으로""…식품·외식...","2 농심 '배홍동 토마토 막국수' 파인다이닝 한정 코스 예약 급증 유프로의 레이더망(출처) : 캐치테이블 앱 내 실시간 예약 대기 현황, 인스타그램 #농심면가 #배홍동막국수 해시태그 피드, 미식 전문 유튜버 쇼츠 리뷰... ",https://www.mediapen.com/news/view/1103710,https://www.mediapen.com/news/view/1103710,2026-06-10
캐치테이블,“이제 오마카세 안 간다”…SNS 피로감에 가성비 찾는 2030 [트렌디깅],외식업체 예약 플랫폼 캐치테이블에서도 2023~2024년 외식 카테고리 예약 1위를 차지했던 ‘일식 오마카세’는 지난해 순위권 밖으로 밀려났다. 이 같은 수요 감소는 대규모 폐업으로 이어지는 추세다. 행정안전부에... ,https://www.donga.com/news/article/all/20260610/134085771/2,https://n.news.naver.com/mnews/article/020/0003725873?sid=004,2026-06-10
캐치테이블,"“맛집도 선점 경쟁”...외식 플랫폼, 예약 넘어 웨이팅·결제까지 경쟁...",이 같은 흐름 속에 캐치테이블은 외국인 이용자 공략에 속도를 내고 있다. 캐치테이블 글로벌 앱의 월간 활성 이용자 수(MAU)는 지난 5월 기준 112만5188명으로 전년 동기 대비 122% 증가했다. 같은 기간 식당 예약 건수는 71... ,https://www.viva100.com/article/20260610500982,https://www.viva100.com/article/20260610500982,2026-06-10
캐치테이블,“25만원 ‘오마카세’ 가던 2030 줄었다”…3년간 日식당 2593곳 망했다...,예약 플랫폼 캐치테이블에 따르면 2023~2024년 외식 카테고리 예약 1위를 차지했던 ‘일식 오마카세’는 지난해 순위권 밖으로 밀려났다. 업장 폐업도 이어지고 있다. 행정안전부에 따르면 일식 오마카세 업장이... ,https://biz.heraldcorp.com/article/10768000?ref=naver,https://n.news.naver.com/mnews/article/016/0002654435?sid=101,2026-06-10
캐치테이블,"""우리끼리 특별하게""…'슬로우 소셜' 인기 아지트들","이 같은 흐름에 발맞춰 실시간 레스토랑 예약 플랫폼인 '캐치테이블'은 지인과 미식 취향을 공유할 수 있는 커뮤니티 서비스를 운영하고 있다. 팔로우 기능을 이용하면 식당 방문 횟수를 포함해 단골 가게, 리뷰 등... ",https://www.newsis.com/view/NISX20260609_0003662447,https://n.news.naver.com/mnews/article/003/0013997109?sid=101,2026-06-10
캐치테이블,"캐치테이블, K미식 관광 예약·웨이팅 앱으로 입지 확대","방한 관광객 200만 시대에 캐치테이블이 글로벌 앱으로 이용자 수(MAU) 100만 돌파를 했다. 외식업 전문 통합 솔루션 기업 와드(대표 용태순)가 운영하는 캐치테이블은 자사 글로벌 앱의 월간 활성 이용자 수(MAU, Monthly... ",https://sports.khan.co.kr/article/202606100550003?pt=nv,https://n.news.naver.com/mnews/article/144/0001119886?sid=105,2026-06-10
캐치테이블,"민변·참여연대, '온라인 플랫폼 불만 신고센터 시즌2' 출범… ""2030 이용...","신고 대상에는 네이버, 카카오, 쿠팡, 배달의민족 외에도 무신사, 캐치테이블, 직방, 다방, 숨고 등이 포함된다. 김주호 참여연대 민생경제팀장은 ""배달의민족과 쿠팡 등 주요 플랫폼 기업의 불공정행위가 사회적으로... ",https://www.ngonews.kr/news/articleView.html?idxno=230929,https://www.ngonews.kr/news/articleView.html?idxno=230929,2026-06-10
캐치테이블,"장규리, 대본 리딩 현장 공개…'포핸즈' 음악 시너지 예고","테이블 위에는 음료와 생수가 놓여 있고, 주변에는 다른 참석자들이 함께 자리해 대본 리딩 현장 분위기를... 장규리는 예민한 청각을 가진 비올라 전공자 홍재인 역을 맡아 아름다운 선율을 단번에 캐치하는 뛰어난... ",https://www.topstarnews.net/news/articleView.html?idxno=16085352,https://www.topstarnews.net/news/articleView.html?idxno=16085352,2026-06-09
캐치테이블,방한객 몰리자…캐치테이블 글로벌 앱 MAU 100만명 돌파,방한 외국인 관광객 증가세에 힘입어 캐치테이블 글로벌 앱(애플리케이션) 이용자가 빠르게 늘고 있다. 한국 식당 예약과 웨이팅 서비스를 제공하는 플랫폼으로 자리 잡으며 월간 활성 이용자 수(MAU)가 처음으로... ,https://www.edaily.co.kr/news/newspath.asp?newsid=05087286645480080,https://n.news.naver.com/mnews/article/018/0006301692?sid=101,2026-06-09
캐치테이블,캐치테이블 글로벌 앱 MAU 112만 돌파,캐치테이블 | 서울=한스경제 김종효 기자 | 외식업 통합 솔루션 기업 와드가 운영하는 캐치테이블은 5월 글로벌 앱 월간 활성 이용자 수(MAU)가 100만명을 돌파했다고 9일 밝혔다. 구글 애널리틱스(GA4) 기준 5월 MAU는... ,http://www.hansbiz.co.kr/news/articleView.html?idxno=843243,http://www.hansbiz.co.kr/news/articleView.html?idxno=843243,2026-06-09
캐치테이블,"캐치테이블, 글로벌 앱 MAU 100만 돌파","5월 글로벌 앱 월간 활성 이용자 수(MAU) 100만 돌파… 전년 동기 대비 약 122% 증가 사진=와드 외식업 전문 통합 솔루션 기업 와드(대표 용태순)가 운영하는 캐치테이블은 자사 글로벌 앱의 월간 활성 이용자 수(MAU, Monthly... ",http://www.segyebiz.com/newsView/20260609514453?OutUrl=naver,http://www.segyebiz.com/newsView/20260609514453?OutUrl=naver,2026-06-09
캐치테이블,"캐치테이블 글로벌 앱, MAU 100만 돌파…방한 외국인 미식 플랫폼 입지 ...",▲캐치테이블 제공 외식업 전문 통합 솔루션 기업 와드가 운영하는 캐치테이블이 글로벌 앱 월간 활성 이용자 수(MAU) 100만 명을 돌파하며 방한 외국인을 위한 대표 미식 플랫폼으로 성장하고 있다. 캐치테이블은 지난... ,https://www.gosiweek.com/article/1065596261903053,https://www.gosiweek.com/article/1065596261903053,2026-06-09
캐치테이블,“미식 관광이 대세”… 방한 외국인에 필수앱 떠오른 ‘K-예약’,"캐치테이블 월간 이용자 100만 돌파 전년 동기 대비 약 122% 급증해 일본·대만·홍콩 등 아시아권 이용자 강세 국내 외식업계의 미식 관광 인프라가 고도화되는 가운데, 외국인 관광객을 위한 레스토랑 예약 플랫폼이... ",https://www.mk.co.kr/article/12069512,https://n.news.naver.com/mnews/article/009/0005691370?sid=103,2026-06-09
캐치테이블,"캐치테이블 글로벌 앱, MAU 100만 돌파…""K-미식 관광 필수 앱""",외식업 전문 통합 솔루션 기업 와드가 운영하는 '캐치테이블 글로벌 앱'이 지난 5월 월간 활성 이용자 수(MAU) 100만 명을 넘어섰다. 방한 외국인 관광객이 2개월 연속 200만 명을 돌파하며 국내 여행 수요가 급증함에... ,http://www.ftoday.co.kr/news/articleView.html?idxno=360196,http://www.ftoday.co.kr/news/articleView.html?idxno=360196,2026-06-09
테이블링,"“맛집도 선점 경쟁”...외식 플랫폼, 예약 넘어 웨이팅·결제까지 경쟁...",반면 테이블링은 웨이팅과 실시간 수요 매칭 분야에 집중하고 있다. 최근 선보인 ‘빈자리 선점’ 기능은 이용자가 매장의 실시간 공석 현황을 확인하고 즉시 좌석을 확보할 수 있도록 한 서비스다. 매장 입장에서는 예약... ,https://www.viva100.com/article/20260610500982,https://www.viva100.com/article/20260610500982,2026-06-10
테이블링,"부모사랑상조 자회사 테이블링, ‘테이블링마켓’ 오픈…외식 플랫폼 기...",- 음식점 메뉴·밀키트·반찬세트 등 다양한 상품 순차 선보일 예정 부모사랑상조의 자회사 테이블링이 온라인 쇼핑몰 ‘테이블링마켓’을 새롭게 선보이며 외식 플랫폼 기반 커머스 사업 확대에 나선다고 5일 밝혔다.... ,https://www.seoul.co.kr/news/economy/2026/06/05/20260605500120?wlog_tag3=naver,https://n.news.naver.com/mnews/article/081/0003649965?sid=101,2026-06-05
테이블링,"부모사랑상조 자회사 테이블링, '테이블링마켓' 오픈",부모사랑상조의 자회사 테이블링이 온라인 쇼핑몰 '테이블링마켓'을 새롭게 오픈하고 외식 플랫폼 기반 커머스 사업 강화에 나선다고 5일 밝혔다. 테이블링마켓은 테이블링에 입점한 유명 음식점의 메뉴와 다양한 식품을... ,https://www.itbiznews.com/news/articleView.html?idxno=215340,https://www.itbiznews.com/news/articleView.html?idxno=215340,2026-06-05
테이블링,"부모사랑상조 자회사 테이블링, '테이블링마켓' 오픈…전국 유명 음식점...",부모사랑상조의 자회사 테이블링이 온라인 쇼핑몰 '테이블링마켓'을 새롭게 선보이며 외식 플랫폼 기반 커머스 사업 확대에 나선다고 5일 밝혔다. 테이블링마켓은 테이블링 입점 음식점의 메뉴와 다양한 식품 상품을... ,https://www.epnc.co.kr/news/articleView.html?idxno=402683,https://www.epnc.co.kr/news/articleView.html?idxno=402683,2026-06-05
테이블링,"부모사랑상조 자회사 테이블링, '스마트상점 기술공급기업' 선정",테이블링 로고. 테이블링 주식회사 제공 부모사랑상조 자회사 테이블링 주식회사가 중소벤처기업부와 소상공인시장진흥공단이 추진하는 '스마트상점 기술보급사업'의 기술공급기업으로 선정됐다고 2일 밝혔다. 이번... ,https://www.fntoday.co.kr/news/articleView.html?idxno=385372,https://www.fntoday.co.kr/news/articleView.html?idxno=385372,2026-06-02
테이블링,"부모사랑상조 자회사 테이블링, 스마트상점 기술공급기업 선정",테이블링 주식회사가 중소벤처기업부와 소상공인시장진흥공단이 추진하는 '스마트상점 기술보급사업'의 기술공급기업으로 선정되며 소상공인 대상 디지털 전환 지원에 나선다고 2일 밝혔다. 이번 사업을 통해 테이블링의... ,https://www.enetnews.co.kr/news/articleView.html?idxno=50702,https://www.enetnews.co.kr/news/articleView.html?idxno=50702,2026-06-02
테이블링,"부모사랑상조 자회사 테이블링, 소상공인시장진흥공단 '스마트상점 기술...",부모사랑상조 자회사 테이블링 주식회사가 중소벤처기업부와 소상공인시장진흥공단이 추진하는 '스마트상점 기술보급사업'의 기술공급기업으로 선정됐다고 2일 밝혔다. 이번 사업을 통해 테이블링의 솔루션인 △웨이팅... ,https://www.etnews.com/20260601000338,https://n.news.naver.com/mnews/article/030/0003433530?sid=101,2026-06-02
테이블링,"삼성전자, 챗GPT·제미나이 공식 도입","이에 따라 네이버는 지난해 9월 ‘플레이스 플러스’ 베타 출시, 11월 자체 결제 단말기 ‘Npay 커넥트’ 도입, 12월 매장 대기 플랫폼 ‘테이블링’ 협력 등 오프라인 데이터 기반을 차근차근 다져온 모습이다.... ",https://www.sedaily.com/article/20048527?ref=naver,https://n.news.naver.com/mnews/article/011/0004624793?sid=101,2026-05-27
테이블링,"“AI 새 승부처”…네이버, 로컬 데이터 모은다","같은 해 12월엔 매장 대기 플랫폼 ‘테이블링’과 협력해 네이버 플레이스에 매장 빈자리 확인 기능을 도입한 데 이어, 이달엔 원격 줄서기 기능도 추가했다. ‘포털 공룡’ 구글이 AI 중심 검색 체제 전환에 속도를 내고... ",https://www.sedaily.com/article/20048378?ref=naver,https://n.news.naver.com/mnews/article/011/0004624635?sid=105,2026-05-26
티오더,월드컵 아침 응원도 치킨이 접수했다…할인·조기영업·신메뉴 흥행에 ...,"국내 1위 테이블오더 기업 티오더가 자사 AI 데이터 분석 엔진을 통해 집계한 결과에 따르면, 대한민국 대표팀 조별리그 기간 티오더를 도입한 치킨 매장의 경기 당일 오전 주문 건수는 평소 대비 최대 47.8배 증가한 것으로... ",https://www.viva100.com/article/20260625500595,https://www.viva100.com/article/20260625500595,2026-06-25
티오더,[병원계 소식] 6월 24일,"참석자들은 AI와 협력하는 인류, '호모 코오페라티오(Homo Cooperatio)'의 시대에 의료기관이 단순한 치료 공간을... 대표단장은 '더 세니전스 그룹과 '베터 인텔리전스 컴퍼니 CEO인 암낫 프라싯둠롱 박사가 맡았다. 병원... ",http://www.doctorstimes.com/news/articleView.html?idxno=238727,http://www.doctorstimes.com/news/articleView.html?idxno=238727,2026-06-24
티오더,"AI로 메뉴 수정부터 배너 등록까지…티오더, 매장 운영 자동화 강화","최근들어 테이블오더 기업 티오더는 AI 기반 매장 관리 서비스 '티오더AI' 이용이 증가하고 있다고 밝혔다. 티오더AI는 카카오톡 채널을 통해 메뉴 수정, 배너 등록, 세트메뉴 변경 등 매장 운영 업무를 요청하면 이를... ",https://www.shinailbo.co.kr/news/articleView.html?idxno=5033594,https://www.shinailbo.co.kr/news/articleView.html?idxno=5033594,2026-06-24
티오더,"""창조하려는 노력 자체가 천명을 거역하는 것""","트라스파티오 마야(Traspatio Maya) 조직의 사무장, 안드레아는 그 마을에서 교육사업을 담당하는 펠리페라는... 화학적인 농법은 더 많은 소출이 있으므로 유카탄반도 농업의 대세를 이루고 있다. 화학적인 농법은 경작지의... ",https://www.m-joongang.com/news/articleView.html?idxno=402688,https://www.m-joongang.com/news/articleView.html?idxno=402688,2026-06-24
티오더,이른 아침에 치킨집 만석…한국 32강 기대감에 '웃음꽃',"테이블오더 기업 티오더의 AI 데이터 분석 엔진 결과, 멕시코전 당일 매장 주문은 평소 대비 약 48배 급증했으며, 주류 주문도 오전 기준 40%대 이상 증가했다. 티오더 관계자는 ""평일 오전임에도 매장에 모여 함께 경기를... ",https://www.dailian.co.kr/news/view/1658897/?sc=Naver,https://n.news.naver.com/mnews/article/119/0003104032?sid=101,2026-06-24
티오더,"""매장 운영도 AI로""... 티오더, AI 데이터 인프라 기업으로 '대전환'",테이블오더 전문기업 티오더가 오프라인 매장 운영을 AI 중심으로 전환하는 'AI 데이터 인프라 기업'으로의 도약을 가속화하고 있다. 티오더는 자사의 인공지능 기반 매장관리 서비스 '티오더AI' 이용자가 빠르게 늘고... ,http://www.newsbrite.net/news/articleView.html?idxno=198825,http://www.newsbrite.net/news/articleView.html?idxno=198825,2026-06-23
티오더,[CSO 레이더] ④ 수수료 상한선 대신 투명성 택한 선진국들...시장 주도...,"◆ 미국 SEC, SG&A 총액 아닌 ‘판매·마케팅비’ 분리 공시 유도 미국 나스닥 상장사인 어서티오 홀딩스... 실제 미국 나스닥 상장사인 어서티오 홀딩스(Assertio Holdings)는 연차보고서에서 판매·마케팅(Selling and Marketing)... ",http://www.thevaluenews.co.kr/news/view.php?idx=199547,http://www.thevaluenews.co.kr/news/view.php?idx=199547,2026-06-23
티오더,고속도로 달리는 ‘유령 트럭’…물류현장 파고든 AI 화물차 [자율주행...,중국 자율주행 트럭 회사 인셉티오는 1300㎞의 광저우 루오허 간 장거리 노선에서 우한에 환승 허브를 둔... 이러한 최적화는 전반적인 운송 효율을 높였을 뿐만 아니라 운전기사들이 더 길고 규칙적인 휴식 시간을 가질... ,https://www.etoday.co.kr/news/view/2596064,https://www.etoday.co.kr/news/view/2596064,2026-06-23
티오더,"티오더, AI 데이터 인프라 기업 전환 가속 사용자 절반이 AI로 매장 운영...",티오더가 누적 업무 자동 처리 4만 건 돌파 소식을 전했다. 배너 등록·메뉴 수정·세트 구성 변경 등 현장 운영 업무를 AI가 직접 수행한 영향으로 관측된다. 티오더가 오프라인 매장 운영을 AI 중심으로 전환하는 AI... ,https://sports.khan.co.kr/article/202606230305003?pt=nv,https://n.news.naver.com/mnews/article/144/0001122330?sid=105,2026-06-23
티오더,"“배너 바꾸고 메뉴 수정하고”… 티오더, AI가 매장 운영하는 시대 연...",국내 1위 테이블오더 기업 티오더가 AI를 활용한 매장 운영 자동화 성과를 바탕으로 ‘오프라인 AI 데이터 인프라 기업’으로의 전환을 가속화한다.티오더는 22일 자사의 AI 기반 매장 운영 서비스 ‘티오더AI’ 누적... ,https://www.venturesquare.net/1092819/,https://www.venturesquare.net/1092819/,2026-06-22
티오더,축구 응원에는 역시 치맥…오전에도 치킨집 매장 주문 48배 증가,테이블오더 기업 티오더는 자사 인공지능(AI) 데이터 분석 엔진을 통해 실시간 분석한 결과 월드컵 대한민국 조별리그 기간 티오더를 도입한 치킨 매장의 경기 당일 오전 시간대 주문이 평소의 약 48배로 급증했다고 22일... ,https://view.asiae.co.kr/article/2026062214481144140,https://n.news.naver.com/mnews/article/277/0005779708?sid=101,2026-06-22
티오더,"""집관 넘어 매장 직관""...월드컵 경기일 치킨 주문 48배 증가",국내 테이블오더 기업 티오더는 자사 AI 데이터 분석 엔진을 통해 전국 가맹 매장 주문 데이터를 분석한... 티오더에 따르면 지난 19일 열린 대한민국과 멕시코전 당일 오전 8시부터 정오까지 치킨·닭강정 매장의 주문... ,http://www.kdfnews.com/news/articleView.html?idxno=184470,http://www.kdfnews.com/news/articleView.html?idxno=184470,2026-06-22
티오더,"티오더, AI 매장관리 자동화로 업무 4.5만건 돌파",티오더 | 서울=한스경제 김종효 기자 | 티오더가 오프라인 매장 운영을 인공지능 기반으로 전환하는 데 속도를 내고 있다. 티오더는 자사의 AI 매장 관리 서비스 '티오더AI' 이용자가 빠르게 증가하고 있다고 22일 밝혔다.... ,http://www.hansbiz.co.kr/news/articleView.html?idxno=845521,http://www.hansbiz.co.kr/news/articleView.html?idxno=845521,2026-06-22
티오더,"티오더, AI 데이터 인프라 기업으로 체질 개선 가속",티오더가 오프라인 매장 운영의 중심축을 인공지능(AI)으로 옮기며 데이터 인프라 기업으로의 도약을 서두르고 있다. 국내 테이블오더 기업 티오더는 자사의 AI 기반 매장 관리 서비스 '티오더AI' 이용자가 급증하고... ,https://www.businesskorea.co.kr/news/articleView.html?idxno=271711,https://www.businesskorea.co.kr/news/articleView.html?idxno=271711,2026-06-22
티오더,"티오더, AI 매장관리 서비스 '티오더AI' 이용자 빠르게 증가",티오더가 최근 선보인 인공지능 기반 매장 관리 서비스 '티오더AI'의 이용자가 빠르게 늘고 있다고 밝혔다. 22일 티오더에 따르면 6월 대규모 업데이트 이후 티오더 사용자의 절반 가까이가 티오더AI로 매장 운영 업무를... ,http://www.ftoday.co.kr/news/articleView.html?idxno=360820,http://www.ftoday.co.kr/news/articleView.html?idxno=360820,2026-06-22
티오더,"티오더, '티오더AI' 도입 후 사용자 절반이 AI로 매장 운영",테이블오더 기업 티오더는 인공지능 기반 매장 관리 서비스 '티오더AI' 이용이 증가하고 있다고 22일 밝혔다. 티오더에 따르면 6월 대규모 업데이트 이후 티오더 사용자 중 절반 가까이가 티오더AI를 통해 매장 운영... ,https://www.wolyo.co.kr/news/articleView.html?idxno=313860,https://www.wolyo.co.kr/news/articleView.html?idxno=313860,2026-06-22
티오더,티오더AI 누적 이용 건수 4만5000건 돌파,테이블오더 기업 티오더는 자사의 인공지능 기반 매장 관리 서비스 '티오더AI' 이용자가 빠르게 늘고 있다고 22일 밝혔다. 6월 대규모 업데이트 이후 티오더 사용자의 절반 가까이가 티오더AI로 실제 매장 운영 업무를... ,https://view.asiae.co.kr/article/2026062208044853570,https://n.news.naver.com/mnews/article/277/0005779299?sid=101,2026-06-22
티오더,"정읍署, 스마트 오더 플랫폼 활용 교통안전 홍보 '주목'",정읍경찰서는 전국 최초로 스마트 오더 플랫폼인 티오더(t'order)와 협업해 '안전을 주문하다' 홍보활동을 펼치며 주민 체감 안전도를 높이는데 앞장서고 있다. 이는 경찰 중심의 일방적인 단속·계도 방식에서 벗어나... ,http://www.jeonmin.co.kr/news/articleView.html?idxno=441929,http://www.jeonmin.co.kr/news/articleView.html?idxno=441929,2026-06-22
티오더,"제르코닉스, 관계 관리 AI 서비스 '코센티오' 오픈 베타 출시","업체 관계자는 ""개인과 기업이 관계를 더 효과적으로 관리할 수 있도록 하겠다""면서 ""코센티오 AI를 영업, 고객 관리, 채용, 조직 커뮤니케이션 등의 영역에 적용할 수 있는 B2B AI 엔진으로 발전시켜 나갈 것""이라고... ",https://www.mt.co.kr/industry/2026/06/17/2026061615561342102,https://n.news.naver.com/mnews/article/008/0005373378?sid=101,2026-06-17
티오더,"""해외로 데이터 보낼 필요 없으니까""…출시 전 독파모에 기업들 줄 섰다",뉴스웍스 취재를 종합하면 B2B 핀테크 기업 웹케시와 외식업 AI 서비스 업체 티오더 등 민간 기업들이 독파모... 테이블 오더 서비스 기업 티오더도 독파모 도입을 모색 중이다. 티오더는 현재 여러 글로벌 LLM을 상호... ,https://www.newsworks.co.kr/news/articleView.html?idxno=844073,https://www.newsworks.co.kr/news/articleView.html?idxno=844073,2026-06-16
티오더,"부천원미서, 티오더 설치 음식점 도박 근절·노쇼 사기 예방 포스터 송...","기호일보, KIHOILBO 부천원미경찰서가 음식점에 설치된 티오더 275개 매장 4천500대의 태블릿 화면에 범죄 예방... 16일 원미서는 국내 테이블오더 시장 점유율 1위 기업인 티오더와 매장에 설치된 태블릿 주문 기기 화면을... ",https://www.kihoilbo.co.kr/news/articleView.html?idxno=3026156,https://www.kihoilbo.co.kr/news/articleView.html?idxno=3026156,2026-06-16
티오더,"부천원미서, ‘티오더’와 협업 ‘생활 밀착형 디지털 치안’ 홍보 전개","부천원미경찰서가 지난 15일 국내 시장 점유율 1위 테이블오더 기업인 티오더와... 부천원미경찰서 측은 부천시 내 티오더 도입 총 275개 매장 4,500대의 태블릿 화면에... ",http://www.breaknews.com/1214439,http://www.breaknews.com/1214439,2026-06-16
티오더,[혁신인증 중간점검②] 준혁신형 쿼터 걸어도 풀어도 딜레마…삼진·제...,한층 더 복잡해지고 있다. 새 약가제도 하에서 일반 제약사의 제네릭 약가 산정률이 현행 53.55%에서 45%로... 강력한 티오(TO) 경쟁자들로 매서운 추격을 벌이고 있다. 반면 매출 1000억 미만·R&D  7%)의 경우 R&D 비율이 높은... ,https://www.apsk.co.kr/news/articleView.html?idxno=539588,https://www.apsk.co.kr/news/articleView.html?idxno=539588,2026-06-16
티오더,[ABC뉴스 이 책] '호모인텐티오-AGI 시대의 인간주권 선언',"공학박사이자 미래탐험가 이준정 작가의 『호모 인텐티오-AGI 시대의 인간주권 선언』(도서출판 미래탐험... 대신 그는 ""지능은 이제 전기나 수돗물처럼 흔해졌다""고 선언하면서 더 이상 '지식의 양'이나 '연산 속도'로... ",https://www.abcn.kr/news/articleView.html?idxno=88684,https://www.abcn.kr/news/articleView.html?idxno=88684,2026-06-15
티오더,또 부정선거 논란…통찰과 망상 그 사이에서 [영화로 읽는 세상],그런데 또다른 수도사 베난티오가 돼지 피 항아리에 처박혀 죽은 시체로 발견되자 윌리엄도 '요한계시록... 이것을 요한계시록 종말을 알리는 제1의 나팔소리(피 섞인 우박과 불이 땅에 떨어짐)로 해석하고 베난티오의... ,https://www.thescoop.co.kr/news/articleView.html?idxno=310510,https://n.news.naver.com/mnews/article/665/0000007551?sid=102,2026-06-14
티오더,꿈의 태양전지'대량생산 문턱 낮췄다!,"태양전지보다 더 높은 효율을 낼 수 있다. 꿈의 태양전지로 불리며 중국을 비롯한 주요국이 주도권 확보... 이번 연구는 UNIST의 김귀수 연구원, KAUST의 아디 프라세티오(Adi Prasetio) 연구원, UNIST의 노영임 연구원이 공동... ",https://www.electimes.com/news/articleView.html?idxno=369048,https://www.electimes.com/news/articleView.html?idxno=369048,2026-06-12
티오더,"‘꿈의 태양전지’ 상용화 성큼⋯ UNIST, 고효율 탠덤전지 핵심기술 확...","수분과 산소가 존재하는 일반 대기 환경에서도 세계 최고 수준의 효율을 구현하며 상용화에 한 걸음 더... 이번 연구에는 UNIST 김귀수 연구원과 노영임 연구원, KAUST 아디 프라세티오 연구원이 공동 제1저자로 참여했으며... ",https://www.viva100.com/article/20260612500609,https://www.viva100.com/article/20260612500609,2026-06-12
티오더,"UNIST, ‘꿈의 태양전지’ 대량생산 문턱 낮췄다","계면 결함이 줄어들면 빛을 받아 생성된 전하가 중간에 소실되지 않고 전극으로 더 잘 이동한다. 그 결과... 이번 연구에는 UNIST 김귀수 연구원, KAUST 아디 프라세티오 연구원, UNIST 노영임 연구원이 공동 제1저자로... ",https://www.hellot.net/news/article.html?no=113138,https://www.hellot.net/news/article.html?no=113138,2026-06-11
티오더,"[2026 북중미 월드컵] 12일 체코전 출격, 첫 승전보 기대감","티오 과달라하라 경기장에서 조별리그 A조 첫 경기를 치른다. 이어 19일 오전 10시 공동 개최국 멕시코, 25일 오전 10시 남아프리카공화국을 상대한다. 한국은 2022 카타르 대회 때 16강에 올랐다. 이번엔 그 길이 더... ",https://www.imaeil.com/page/view/2026061110250528070,https://n.news.naver.com/mnews/article/088/0001014206?sid=104,2026-06-11
티오더,"UNIST, 태양전지 대량생산 문턱 낮춰…""대기 중 세계 최고 효율""","연구팀의 3성분 물질은 기존 SAM 물질 외에도 GDMA와 AG가 더 들어 있다. GDMA는 코팅층이 전극 위에 고르게... 이번 연구는 UNIST 김귀수 연구원, KAUST 아디 프라세티오(Adi Prasetio) 연구원, UNIST 노영임 연구원이 공동 제1... ",https://www.news1.kr/local/ulsan/6194187,https://n.news.naver.com/mnews/article/421/0008997789?sid=102,2026-06-11
티오더,"UNIST, '꿈의 태양전지' 대량생산 문턱 낮췄다","태양전지보다 더 높은 효율을 낼 수 있어 '꿈의 태양전지'로 불린다. 연구팀이 개발한 물질은... 이번 연구에는 UNIST 김귀수 연구원, KAUST 아디 프라세티오(Adi Prasetio) 연구원, UNIST 노영임 연구원이 공동 제1저자로... ",https://www.newsis.com/view/NISX20260611_0003665128,https://n.news.naver.com/mnews/article/003/0014000350?sid=102,2026-06-11
티오더,"UNIST,  '꿈의 태양전지' 대량생산 문턱 낮췄다","태양전지보다 더 높은 효율을 낼 수 있다. 꿈의 태양전지로 불리며 중국을 비롯한 주요국이 주도권 확보... 이번 연구는 UNIST의 김귀수 연구원, KAUST의 아디 프라세티오(Adi Prasetio) 연구원, UNIST의 노영임 연구원이 공동... ",https://www.ksilbo.co.kr/news/articleView.html?idxno=1059188,https://www.ksilbo.co.kr/news/articleView.html?idxno=1059188,2026-06-11
티오더,"태양광이 이렇게 저렴해진다고?… UNIST 석상일 특훈교수팀, ‘꿈의 태양...","태양전지보다 더 높은 효율을 낼 수 있다. 꿈의 태양전지로 불리며 중국을 비롯한 주요국이 주도권 확보... 이번 연구는 UNIST의 김귀수 연구원, KAUST의 아디 프라세티오(Adi Prasetio) 연구원, UNIST의 노영임 연구원이 공동... ",https://view.asiae.co.kr/article/2026061110073155317,https://n.news.naver.com/mnews/article/277/0005774970?sid=102,2026-06-11
티오더,"[북중미 월드컵] 홍명보호 ""소홀함 없이 준비 끝…준비한 것 이상 보여...","에스타티오 과달라하라에서 한국과 해외 기자들을 상대로 기자회견을 가졌다. 홍 감독은 ""대회를 준비하면서... 에이스 파트리크 시크와의 대결에 대해서는 ""조심해야 할 부분은 있겠지만 지금은 '우리 팀이 어떻게 더 잘... ",https://www.imaeil.com/page/view/2026061106285287312,https://n.news.naver.com/mnews/article/088/0001014042?sid=104,2026-06-11
티오더,"벤처협, 코스닥 활성화·52시간제 개편 요구…“정부 펀딩 환영하지만 ...",이어 권성택 벤처기업협회 부회장(티오더 대표)은 소상공인 지원 정책과 관련하여 “현재 소상공인 관련 오프라인 데이터들이 파편화되어 있어 현장 소상공인들이 정부의 AI 자금이나 제도적 혜택을 온전히 누리지... ,https://www.ekn.kr/web/view.php?key=20260610023232188,https://www.ekn.kr/web/view.php?key=20260610023232188,2026-06-10
티오더,"[현장] 송병준 벤처기업협회장 ""AI 대전환, 벤처가 주도""",이날 행사는 송병준 벤처기업협회 회장을 비롯해 △이용균 알스퀘어 대표 △권성택 티오더 대표 △이주완 메가존클라우드 의장 등 30여 명이 참석했다. 그들은 벤처생태계의 지속 가능한 성장을 위한 심도 있는 논의를... ,http://www.newsprime.co.kr/news/article.html?no=736323,http://www.newsprime.co.kr/news/article.html?no=736323,2026-06-10
티오더,"송병준 벤처기업협회 회장 ""AI·벤처 업계 발전 위해 주 52시간 근무 예...","앞으로 더 발전해 나가고자 한다""라고 말했다. 효과적인 AX를 위해 오프라인 데이터와 AI 결합도 지원하겠다고 밝혔다. 티오더 대표인 권성택 협회 수석부회장은 벤처 생태계가 활성화되기 위해서는 온라인 뿐 아니라... ",http://www.fntimes.com/html/view.php?ud=2026061015491222038a55064dd1_18,http://www.fntimes.com/html/view.php?ud=2026061015491222038a55064dd1_18,2026-06-10
티오더,"""정책자금 특정분야 집중 우려""…벤처협회, 균형성장 강조","이용균 알스퀘어 대표는 ""주 52시간제 탓에 더 일해 경쟁력을 높이고 싶어도 그러지 못해 동기부여가 떨어진다""며, ""정당한 보상을 전제로 한 자발적 노동은 오히려 동기를 끌어올린다""고 말했습니다. 권성택 티오더... ",http://www.newstomato.com/ReadNews.aspx?no=1303585&inflow=N,http://www.newstomato.com/ReadNews.aspx?no=1303585&inflow=N,2026-06-10
티오더,[VS현장] “AI만 키워선 안 된다”…벤처업계가 새 정부에 던진 5가지 주...,권성택 티오더 대표 등이 참석해 벤처 생태계 현안을 공유했다. 10일 서울 여의도... 협회는 “근로자의 건강권과 정당한 보상은 반드시 보장돼야 한다”면서도 “자발적으로 더... ,https://www.venturesquare.net/1085691/,https://www.venturesquare.net/1085691/,2026-06-10
티오더,[마켓+]'24시간 매장 비서' AI 에이전트…바쁜 식당 사장님도 잔무 부담...,티오더는 향후 해당 서비스의 기능을 단순 메뉴 관리에서 더 나아가 매장 경영 차원으로 확대할 계획이다. 티오더GPT가 주문·판매 데이터를 분석해 △매출 분석 △고객 분석 △맞춤형 마케팅 제안 △매장 운영 전략... ,https://www.businessplus.kr/news/articleView.html?idxno=112713,https://www.businessplus.kr/news/articleView.html?idxno=112713,2026-06-10
티오더,"""금까지 토큰화""…美스타트업들 '온체인 골드러시'[월가 뒤흔든 토큰혁...","금 담보대출 이자까지 제공…한 발 더 나아간 '티오' 금 가격을 추종하는 것을 넘어, 금 대출을 통한 이자까지 지급하는 '금 토큰'도 등장했다. 역시 뉴욕 기반 스타트업인 티오(Theo)는 금 담보 대출을 해주는 펀드를... ",https://www.news1.kr/finance/blockchain-fintech/6173363,https://n.news.naver.com/mnews/article/421/0008994764?sid=101,2026-06-10
티오더,"“복잡한 中교통, 로보택시엔 기회”…美 긴장한 포니AI ‘역발상’","중국의 자율주행 업체들은 더 이상 기술 시연에 머물지 않고 차량을 실제 운송망에 투입하고 있다. 도심... ai), 글로벌 확장형 서비스를 전개하는 위라이드(文远知行, WeRide), 그리고 물류 트럭에 집중한 인셉티오... ",https://www.joongang.co.kr/article/25433466,https://n.news.naver.com/mnews/article/025/0003527650?sid=104,2026-06-03
티오더,"같은 주제, 다른 음악 – 바리에이션의 매력","라틴어 ‘바리아티오(Variatio)’에서 유래한 이 개념은 하나의 주제를 바탕으로 리듬, 화성, 음형, 조성... 때로는 원래 주제를 알아보기 어려울 정도로 해체하거나 재구성하기도 하며, 변주곡은 더 이상 단순한 장식이나... ",https://www.kbmaeil.com/article/20260529500037,https://www.kbmaeil.com/article/20260529500037,2026-06-02
티오더,"""유선 시너지 못 찾았다""…LGU+, 테이블오더 '철수'하고 AI '집중'",'터줏대감' 티오더와 '유선 강자' KT 간 경쟁 구도가 굳어지면서 설 자리가 좁아졌기 때문이다. 최근 1년... 1일 LG유플러스는 테이블오더 사업 'U+오더'를 조만간 티오더로 이관한다고 밝혔다. 앞으로 LG유플러스는... ,https://www.mt.co.kr/tech/2026/06/02/2026060112190849550,https://n.news.naver.com/mnews/article/008/0005365725?sid=105,2026-06-01
티오더,"티오더, 4월 월간 영업이익 4.2억원…AI 서비스 확대 속 BEP 달성","국내 테이블오더 기업 티오더가 지난 4월 월간 기준 4억2000만원의 영업이익을 기록하며 손익분기점(BEP)을 달성했다고 27일 밝혔다. 티오더의 4월 매출은 전년 동월 대비 약 10% 증가했고, 영업이익은 흑자로 전환됐다.... ",https://www.shinailbo.co.kr/news/articleView.html?idxno=5024926,https://www.shinailbo.co.kr/news/articleView.html?idxno=5024926,2026-05-28
티오더,‘실화탐사대’ 점사 맛집 박수무당의 반전,티오더의 권성택 대표는 과거 해외 쇼핑몰 사업과 외식업을 병행했던 경험을 살려 오프라인과 IT 소프트웨어를 결합해 테이블 오더 사업을 성공시킨 이력이 있다. ‘실화탐사대’는 입증 부담을 덜기 위해 새롭게... ,https://www.bntnews.co.kr/article/view/bnt202605280113,https://www.bntnews.co.kr/article/view/bnt202605280113,2026-05-28
티오더,"티오더, 4월 월간 손익분기점(BEP) 달성···영업이익 4억 2000만원 기록",테이블오더 기업 티오더(대표 권성택)가 지난해 250억 당기순손실 딛고 수익성 개선을 본격화 했다고... 티오더는 지난달 월간 기준 4억 2000만원 규모 영업이익을 기록하며 손익분기점(BEP)을 달성했다고 27일 밝혔다.... ,https://sports.khan.co.kr/article/202605280150003?pt=nv,https://n.news.naver.com/mnews/article/144/0001117706?sid=105,2026-05-28
티오더,"티오더, 4월 영업익 4억2천만원…흑자 전환",티오더 | 서울=한스경제 김종효 기자 | 티오더는 지난달 월간 영업이익 4억2000만원을 기록하며 손익분기점(BEP)을 달성했다고 27일 밝혔다. 지난해 일회성 비용을 포함해 250억원의 당기순손실을 냈던 티오더는 AI 기반... ,http://www.hansbiz.co.kr/news/articleView.html?idxno=840926,http://www.hansbiz.co.kr/news/articleView.html?idxno=840926,2026-05-27
티오더,"'AI 체질전환' 통했다…티오더, 4월 영업이익 4.2억 BEP 달성","테이블오더 기업 티오더가 지난달 월간 기준 4억2000만원 규모의 영업이익을 기록하며 손익분기점(BEP)을 달성했다고 27일 밝혔다. 티오더 관계자는 ""지난해 일회성 비용을 포함해 당기순손실 250억원을 기록했으나 AI... ",https://www.mt.co.kr/future/2026/05/27/2026052715444790533,https://n.news.naver.com/mnews/article/008/0005363699?sid=101,2026-05-27
티오더,월간 BEP(손익분기점) 첫 달성한 티오더… “AI 전환 효과 본격화”,국내 테이블오더 업계 1위 기업 티오더가 AI 기반 운영 효율화를 앞세워 월간 손익분기점(BEP) 달성에 성공했다. 티오더는 지난 4월 기준 4억2000만원 규모의 영업이익을 기록하며 월간... ,https://www.venturesquare.net/1085788/,https://www.venturesquare.net/1085788/,2026-05-27
티오더,[#클라우드 월드] 최기영 앤스로픽 한국 대표 선임·유베이스 '리턴제로...,"체결, 티오더의 4월 월간 손익분기점 달성 및 영업이익 4억2000만원 기록, 엠아이큐브솔루션의 스마트테크... ◆티오더, 4월 월간 BEP 달성…영업이익 4억2000만원·흑자 전환 본격화 티오더가 지난해 당기순손실 250억원을... ",https://www.newsworks.co.kr/news/articleView.html?idxno=842061,https://www.newsworks.co.kr/news/articleView.html?idxno=842061,2026-05-27
티오더,"티오더, 4월 월간 영업이익 4.2억 원…BEP 달성","국내 1위 테이블오더 기업 티오더가 지난달 월간 기준 영업이익 4억 2,000만 원을 기록하며 손익분기점(BEP)... 티오더는 수익성 개선의 핵심으로 지난 3월 말 베타 출시한 소상공인용 AI 서비스 '티오더AI'를 꼽았다.... ",https://platum.kr/archives/287688,https://platum.kr/archives/287688,2026-05-27
티오더,"티오더, 지난달 월간 손익분기점 달성…""수익성 개선 본격화""",사진=티오더 국내 테이블오더 기업 티오더가 외식산업 침체 속에서도 최근 손익분기점(BEP)을 달성하며 본격적인 실적 턴어라운드의 신호탄을 쐈다. 티오더는 지난달 월간 기준 영업이익이 4억2000만원으로 BEP를... ,https://www.businessplus.kr/news/articleView.html?idxno=112257,https://www.businessplus.kr/news/articleView.html?idxno=112257,2026-05-27
티오더,"티오더, 4월 월간 BEP 달성","테이블오더 기업 티오더가 지난달 월간 손익분기점(BEP)을 달성했다. 27일 티오더에 따르면, 회사는 지난 4월 4억2000만원 규모의 영업이익을 기록했다. 티오더는 AI 기반 운영 효율화를 기반으로 본격적인 흑자 전환... ",https://byline.network/?p=9004111222604818,https://byline.network/?p=9004111222604818,2026-05-27
티오더,"티오더, 4월 영업이익 4.2억원 기록...AI 기반 흑자 전환 신호탄",국내 테이블오더 시장 점유율 1위 기업 티오더가 인공지능(AI) 기술을 접목한 운영 효율화를 통해 흑자 전환의 발판을 마련했다. 티오더는 지난 4월 월간 기준 영업이익 4억2000만원을 기록하며 손익분기점(BEP)을... ,https://www.businesskorea.co.kr/news/articleView.html?idxno=270112,https://www.businesskorea.co.kr/news/articleView.html?idxno=270112,2026-05-27
티오더,"리뷰 답변부터 매장 관리까지…AI, 소상공인 현장 파고든다",테이블오더 기업 티오더도 최근 소상공인 AI '티오더GPT' 시범 서비스를 시작했다. 매장 관리 업무를 실시간으로 자동 처리하는 이 서비스는 별도의 관리 프로그램을 설치하거나 시스템을 배울 필요 없이 평소 사용하는... ,https://view.asiae.co.kr/article/2026052707382897502,https://n.news.naver.com/mnews/article/277/0005767997?sid=101,2026-05-27
배민오더,"""슈팅스타 쏘고 골인박스 흔든다"" 식품업계, 월드컵 응원전 가세","판매 기간은 다음달 13일까지이며 KFC 공식 앱 딜리버리와 홈페이지, 콜센터, 배민1 등을 통해 주문할 수... 공식 앱에서는 경기 일정에 맞춰 '함께오더' 기능을 활용한 이벤트와 '7초 무한 응원 챌린지'도 운영한다.... ",https://www.newsis.com/view/NISX20260624_0003681787,https://n.news.naver.com/mnews/article/003/0014026316?sid=101,2026-06-25
배민오더,[유통소식] 롯데 계열사 협업 '숨결통식빵' 출시..릴레이 팝업스토어,"2026.6.22./사진=우아한청년들 우아한청년들, '배민커넥트 라이더 주유비 지원' 확대 우아한청년들은... 제품은 24일부터 일부 슈퍼마켓을 시작으로 전국 대형마트와 편의점 스마트오더 등에서 순차 판매된다. 한맥은... ",http://www.4th.kr/news/articleView.html?idxno=2113509,http://www.4th.kr/news/articleView.html?idxno=2113509,2026-06-22
배민오더,"[유통소식] 신세계백화점, 상반기 결산 '와인 위크' 진행","대표 사례인 '배민아카데미'는 2014년 개설된 외식업 전문 교육 프로그램으로 서울과 수원 오프라인 센터 및... bhc는 자사 앱 활성화를 위해 멤버십 제도와 퀵오더, 선물하기 기능 등 다양한 서비스를 운영하고 있다. bhc... ",http://www.4th.kr/news/articleView.html?idxno=2113397,http://www.4th.kr/news/articleView.html?idxno=2113397,2026-06-19
배민오더,"[유통소식] 신세계스퀘어, 멕시코전 실시간 중계..축구대표팀 응원전","/우아한형제들 우아한형제들 '경산 카페 축제' 후원…배민B마트·배달존 운영 우아한형제들이 경북... 제품은 파리바게뜨 매장과 당근, 해피오더, 파바앱을 통해 구매할 수 있다. 파리바게뜨는 이번 협업을 기념해... ",http://www.4th.kr/news/articleView.html?idxno=2113375,http://www.4th.kr/news/articleView.html?idxno=2113375,2026-06-18
배민오더,[마켓+]'24시간 매장 비서' AI 에이전트…바쁜 식당 사장님도 잔무 부담...,티오더GPT가 제안하는 경영 조언에 최종 승인만 하면 된다. 'AI 매장 비서'는 소상공인·자영업자 대상 플랫폼 업체들에 빠르게 안착하고 있다. 먼저 배달의민족의 자영업자용 플랫폼인 '배민외식업광장'은 AI를 통해... ,https://www.businessplus.kr/news/articleView.html?idxno=112713,https://www.businessplus.kr/news/articleView.html?idxno=112713,2026-06-10
배민오더,[컬처슬로건 탐방기] 페이히어 고객 ‘집착’,"키오스크와 테이블오더, 웨이팅, 고객 관리, 주방 디스플레이(KDS)까지, 매장마다 흩어져 있던 기능을 하나로... “사장님들을 보니, 배달의민족에서 들어온 주문은 배민 단말기로, 쿠팡이츠 주문은 또 쿠팡 화면으로... ",https://www.venturesquare.net/1089964/,https://www.venturesquare.net/1089964/,2026-06-09
배민오더,[잘먹잘살+]신세계百·신세계푸드·정관장·배민B마트·LG생건·현대홈쇼...,"사진=배민B마트 ◇배민B마트, 지역 농가와 함께 자란다…올해 국내 산지 농축산물 매출 53% 성장 배달의민족... 양 기관은 지게차 및 오더피커(고소작업형 물류장비) 실무 교육을 통해 현장 중심의 기술 인재를 양성한다.... ",https://www.businessplus.kr/news/articleView.html?idxno=112608,https://www.businessplus.kr/news/articleView.html?idxno=112608,2026-06-07
배민오더,"[유통소식] 이마트24, OK캐쉬백 적립 및 사용 서비스 도입","/우아한형제들 우아한형제들, 배민 다회용기 주문 고객 대상 할인 쿠폰 증정 배달의민족 운영사인... 파스쿠찌는 30일까지 해피오더 앱에서 하이드로 플라스크 텀블러를 예약 구매한 고객에게 5000원 혜택을 제공하는... ",http://www.4th.kr/news/articleView.html?idxno=2112750,http://www.4th.kr/news/articleView.html?idxno=2112750,2026-06-05
배민오더,"글라스락·파스쿠찌·배민·애경, '환경의 날' 텀블러 출시부터 캠페인",파스쿠찌는 30일까지 해피오더앱에서 하이드로 플라스크 텀블러 예약 구매 고객을 대상으로 혜택을... 배민은 최근 6개월간 데이터를 바탕으로 다회용기 이용 주문이 많은 '다회용기 배달 스타 메뉴'도 공개했다. 마라탕... ,https://www.slist.kr/news/articleView.html?idxno=743460,https://www.slist.kr/news/articleView.html?idxno=743460,2026-06-05
배민오더,대세는 구독경제?…카드사 구독비 할인으로 모객 경쟁,"쿠팡와우·네이버플러스·배민클럽 등에서 30% 할인을 제공합니다. 전월 실적 50만원을 채우면 각 영역별... 이 밖에도 스타벅스 사이렌오더 50%, 온라인 간편결제 5% 청구 할인이 적용됩니다. 연회비는... ",http://www.newstomato.com/ReadNews.aspx?no=1302736&inflow=N,http://www.newstomato.com/ReadNews.aspx?no=1302736&inflow=N,2026-06-02
배민오더,"[유통소식] 파리바게뜨, 1천 원대 가성비 빵 4종 출시","/우아한형제들 배민아카데미 무료 개소 12년..누적 수강생 35만 명 돌파 배달의민족이 외식업 자영업자들을... 이달 25일까지 해피포인트 애플리케이션에서 신제품 구매 시 1500원 혜택을 제공하며, 30일까지 해피오더를... ",http://www.4th.kr/news/articleView.html?idxno=2112600,http://www.4th.kr/news/articleView.html?idxno=2112600,2026-06-02
배민오더,[신상품] 동서식품 '포스트 오레오오즈바' 2종 외,"배민, 이삭토스트 '포켓몬 배지 세트' 단독 판매 이삭토스트는 배달의민족과 협업해 포켓몬 메탈 배지 증정... 매장에서 판매 중인 아이스크림을 상단에 선택해 올릴 수 있으며, 전국 매장과 배라앱, 해피오더를 통해... ",https://www.seoulfn.com/news/articleView.html?idxno=630120,https://www.seoulfn.com/news/articleView.html?idxno=630120,2026-06-01
하이오더,"구미 외식업 디지털 전환 속도…KT, 소상공인 맞춤 지원 나선다","구체적으로 비대면 주문 서비스인 하이오더, 영상 보안 서비스인 기가아이즈 등을 활용해 주문·관리·보안 기능을 통합 지원한다. 안정적인 통신망과 전국 단위 유지보수 체계를 바탕으로 소상공인의 운영 부담을 줄이고... ",https://www.kyongbuk.co.kr/news/articleView.html?idxno=4076614,https://www.kyongbuk.co.kr/news/articleView.html?idxno=4076614,2026-06-25
하이오더,"KT, 구미 외식업계와 손잡고 디지털 전환 지원 확대","KT는 인터넷과 전화 등 통신서비스를 비롯해 테이블오더 시스템 ‘하이오더’, CCTV 서비스 ‘기가아이즈’ 등 소상공인 맞춤형 상품을 제공할 계획이다. 안정적인 통신망과 전국 단위 사후관리(AS) 인프라를 기반으로... ",https://www.kbmaeil.com/article/20260625500328,https://www.kbmaeil.com/article/20260625500328,2026-06-25
하이오더,"KT동부고객본부, 한국외식업중앙회경북지회구미시지부와 업무협약…“...","KT는 인터넷, 전화 등 통신 상품에 테이블오더 시스템 '하이오더', CCTV서비스 '기가아이즈' 등 소상공인 특화 상품을 결합해 매장 운영에 필요한 정보와 서비스를 지원할 계획이다. KT의 안정적인 통신 네트워크와 전국... ",https://www.etnews.com/20260625000302,https://n.news.naver.com/mnews/article/030/0003441333?sid=102,2026-06-25
하이오더,"CN모터스, 카니발 하이리무진 체험 콘텐츠 ‘모셔드림카’ 공개",카니발 하이리무진을 중심으로 특장자동차 시장에서 입지를 확대해온 기업이다. 국토교통부 인증 특장 제조사 라이선스를 취득하고 자체 조립 공장을 통한 설계·생산 체계를 구축했으며 1:1 인디비주얼 오더 시스템을... ,https://www.etoday.co.kr/news/view/2596910,https://www.etoday.co.kr/news/view/2596910,2026-06-25
하이오더,[A 오늘의 유통] 신세계면세점·CJ웰케어·빙그레 外,"추첨을 통해 2000명에게 팜스코의 프리미엄 돼지고기 '하이포크 블랙' 300g을 증정한다. 응모자 전원에게는... 사전 예약은 오는 28일까지 파리바게뜨 앱과 해피오더 앱, 카카오톡 예약하기와 선물하기에서 진행된다. 예약... ",https://www.asiaa.co.kr/news/articleView.html?idxno=253260,https://www.asiaa.co.kr/news/articleView.html?idxno=253260,2026-06-24
하이오더,"[유통레이더] LG생활건강, G마켓, 11번가, 쿠첸, 켄싱턴호텔, 쿠팡풀필먼...","에이스 헤리츠는 천연 소재와 수작업 공정을 통해 제작되는 하이엔드 라인으로, 블랙, 다이아몬드 플러스... 모집 분야는 센터 채용담당자를 비롯해 지게차·오더피커 운전원, 물류 현장사원과 현장관리자 등 물류... ",https://daily.hankooki.com/news/articleView.html?idxno=1379288,https://daily.hankooki.com/news/articleView.html?idxno=1379288,2026-06-24
하이오더,"CN모터스, 카니발 하이리무진 체험형 유튜브 콘텐츠 ‘모셔드림카’ 공...","카니발 하이리무진을 중심으로 특장자동차 시장에서 입지를 넓혀온 기업이다. 국토교통부 인증 특장 제조사 라이선스를 취득하고 자체 조립 공장을 통한 설계·생산 체계를 구축했으며, 1:1 인디비주얼 오더 시스템과... ",https://www.seoul.co.kr/news/economy/2026/06/23/20260623500079?wlog_tag3=naver,https://n.news.naver.com/mnews/article/081/0003654968?sid=101,2026-06-23
하이오더,"KT 강서지사, 외식업계 매장 디지털 전환 지원 나서",‘육회왕자 연어공주’ 운영사 케이씨에프앤비와 업무협약 케이씨에프앤비 가맹점 대상 KT 하이오더 공급 인프라부터 창업박람회 공동 마케팅까지 협력 체계 구축 KT 수도권강남고객본부가 육회·연어 전문 프랜차이즈... ,https://www.kgnews.co.kr/news/article.html?no=900975,https://www.kgnews.co.kr/news/article.html?no=900975,2026-06-22
하이오더,"KT 강서지사, ㈜케이씨에프앤비와 매장 디지털 전환 협약","협약에 따라 ㈜케이씨에프앤비는 신규 및 기존 가맹점을 대상으로 KT의 테이블오더 서비스 ‘하이오더’를 순차 도입하며 KT는 하이오더 공급과 함께 매장별 운영 환경에 최적화된 통신 인프라 구축, 운영 컨설팅을... ",https://www.kyeonggi.com/article/20260620580087,https://n.news.naver.com/mnews/article/666/0000111968?sid=101,2026-06-20
하이오더,"KT 강서지사-㈜케이씨에프앤비, 매장 디지털전환(DX) 위한 업무협약 체...","기호일보, KIHOILBO 이남석 KT 강서지사장(가운데 오른쪽)과 박균창 ㈜케이씨에프앤비 대표이사(왼쪽)가 매장 디지털전환(DX) 및 하이오더 공급 협력을 위한 업무협약 체결 후 기념촬영을 하고 있다. KT... ",https://www.kihoilbo.co.kr/news/articleView.html?idxno=3026500,https://www.kihoilbo.co.kr/news/articleView.html?idxno=3026500,2026-06-19
하이오더,"CN모터스, VIP 의전 특화 카니발 하이리무진 신모델 개발 착수","CN모터스는 2019년 설립 이후 국토교통부 인증 특장 제조사 라이선스를 기반으로 카니발 하이리무진과 다양한 특장 차량을 제조·판매하고 있다. 자체 생산 시스템과 1대1 인디비주얼 오더 서비스를 운영하고 있으며, 전국... ",https://economist.co.kr/article/view/ecn202606190005,https://n.news.naver.com/mnews/article/243/0000099339?sid=103,2026-06-19
하이오더,"통신사 3人 3色 소상공인 지원, 매장 운영에서 상권 데이터까지","매장 운영 앱 '사장이지'는 하이오더, 기가아이즈, AI전화, 로봇 등 KT의 소상공인 솔루션을 하나의 앱에서 관리하도록 구성됐다. LG유플러스는 'U+우리가게패키지'를 중심으로 소상공인 서비스를 운영한다. 매장 인터넷... ",https://www.smartbizn.com/news/articleView.html?idxno=146549,https://www.smartbizn.com/news/articleView.html?idxno=146549,2026-06-19
하이오더,그라프·다미아니·포페까지…명품 주얼리 '가격 인상 노미노' [명품價...,"스페셜 오더는 이날부터 인상 후 가격이 적용되며, 제작 기간은 최소 6개월 이상 걸릴 수 있다고 안내한 것으로 알려졌다. 이탈리아 하이주얼리 브랜드 '다미아니(DAMIANI)'도 고객들에게 가격 인상 가능성을 공지했다.... ",http://www.fnnews.com/news/202606181037015661,https://n.news.naver.com/mnews/article/014/0005536710?sid=101,2026-06-18
하이오더,"[유통소식] 신세계스퀘어, 멕시코전 실시간 중계..축구대표팀 응원전","더 현대 하이 인앱 이미지./사진=현대백화점그룹 현대백화점 '더현대 하이' 3040 비중 확대 현대백화점이... 제품은 파리바게뜨 매장과 당근, 해피오더, 파바앱을 통해 구매할 수 있다. 파리바게뜨는 이번 협업을 기념해... ",http://www.4th.kr/news/articleView.html?idxno=2113375,http://www.4th.kr/news/articleView.html?idxno=2113375,2026-06-18
하이오더,[오늘의 식탁] 풀무원ㆍ홍콩반점ㆍ롯데웰푸드ㆍ농심ㆍ대상다이브스ㆍ오...,"고단백 하이 프로테인 두부는 아시안 마켓과 할인점을 중심으로 192억원(+13%) 매출을 올렸고, 가공 두부는... △파레바게뜨 매장△당근△해피오더△파바앱 등에서 구매 가능하다. 협업 기념 '깎았당' 행사도 진행한다.... ",https://www.dnews.co.kr/uhtml/view.jsp?idxno=202606180843074860800,https://www.dnews.co.kr/uhtml/view.jsp?idxno=202606180843074860800,2026-06-18
하이오더,[단독]7월 주얼리 가격 폭탄 온다…포페·다미아니 이어 부쉐론까지 줄...,재고가 소진된 제품이나 스페셜 오더 제품은 인상 후 가격으로 판매된다. 스페셜 오더의 경우 이날부터... 명품 주얼리·시계 줄인상 조짐…금값·환율 부담 영향 이탈리아 하이주얼리 다미아니(DAMIANI)도 같은 날 가격... ,https://www.news1.kr/industry/distribution/6200053,https://n.news.naver.com/mnews/article/421/0009009613?sid=101,2026-06-18
하이오더,[Car & Now] 기아 PV5 '최고의 대형차'·부산모빌리티쇼 26일 개막 등,"파워트레인은 최고출력 446마력, 최대토크 70.5kg·m의 3.5L 에코부스트 하이-아웃풋 V6 엔진과 10단... 또 국내 주요 화물 정보망의 오더를 통합 제공하며 목적지, 경유지, 예상 이동 시간, 복귀 동선 등을 확인할 수... ",https://www.ebn.co.kr/news/articleView.html?idxno=1712875,https://www.ebn.co.kr/news/articleView.html?idxno=1712875,2026-06-17
하이오더,"CN모터스, VIP 의전 수요 겨냥한 ‘카니발 하이리무진’ 신규 모델 개발",2019년 설립된 CN모터스는 국토교통부 인증 특장 제조사 라이선스를 기반으로 카니발 하이리무진을 비롯한 다양한 특장 차량을 제조·판매하고 있다. 자체 생산 시스템과 1:1 인디비주얼 오더 서비스를 운영하고 있으며... ,https://www.dt.co.kr/article/12067694?ref=naver,https://n.news.naver.com/mnews/article/029/0003031937?sid=101,2026-06-16
하이오더,"가맹점 운영 안정 넓히는 KT수도권강남고객본부… 대기만성홀딩스 ""요청...","이명헌 KT경기남부지사장(왼쪽)과 윤대영 ㈜대기만성홀딩스 대표가 하이오더 공급 및 디지털 전환 협력을 위한 업무협약 체결 후 기념촬영을 하고 있다. 사진=KT수도권강남고객본부 ""단순한 주문 접수보다 매장관리... ",https://www.joongboo.com/news/articleView.html?idxno=363728444,https://www.joongboo.com/news/articleView.html?idxno=363728444,2026-06-10
하이오더,"KT 수도권강남고객본부-대기만성홀딩스, 소상공인 디지털 전환 위해 '맞...",이번 협약을 통해 KT는 대기만성홀딩스에 테이블오더 서비스 ‘하이오더’를 비롯해 유·무선 통신상품과 소상공인 맞춤형 솔루션을 제공할 예정이다. 이를 통해 가맹점의 주문·결제 환경을 디지털화하고 운영 효율성을... ,https://www.kgnews.co.kr/news/article.html?no=899334,https://www.kgnews.co.kr/news/article.html?no=899334,2026-06-10
하이오더,"KT, 중화요리 프랜차이즈 '대기만성'에 하이오더 공급 확대","기호일보, KIHOILBO 이명헌(왼쪽) KT 경기남부지사장과 윤대영 ㈜대기만성홀딩스 대표가 하이오더 공급·디지털 전환 협력을 위한 업무협약 체결 후 기념촬영을 하고 있다. KT 수도권강남고객본부가 10일 중화요리 전문... ",https://www.kihoilbo.co.kr/news/articleView.html?idxno=3025561,https://www.kihoilbo.co.kr/news/articleView.html?idxno=3025561,2026-06-10
하이오더,"CN모터스 벤테일러, 블랙·퍼플·그린 신규 컬러 추가… 카니발하이리무...","CN모터스는 2019년 설립 이후 국토교통부 인증 특장 제조사 라이선스를 바탕으로 카니발하이리무진과 다양한 특장 차량을 제조·판매하고 있다. 자체 생산 시스템과 1:1 인디비주얼 오더 서비스를 운영하고 있으며, 전국... ",https://www.gosiweek.com/article/1065573506082091,https://www.gosiweek.com/article/1065573506082091,2026-06-10
하이오더,"KT, 중화요리 프랜차이즈 ‘대기만성’과 하이오더 공급 MOU",KT 수도권강남고객본부(본부장 함형민)가 중화요리 전문 프랜차이즈 ‘대기만성’ 운영사인 ㈜대기만성홀딩스와 ‘하이오더 공급·소상공인 디지털 전환 지원을 위한 업무협약’을 체결했다고 9일 밝혔다. 이번 협약을... ,https://www.kyeonggi.com/article/20260609580422,https://n.news.naver.com/mnews/article/666/0000110609?sid=102,2026-06-09
하이오더,[컬처슬로건 탐방기] 페이히어 고객 ‘집착’,"키오스크와 테이블오더, 웨이팅, 고객 관리, 주방 디스플레이(KDS)까지, 매장마다 흩어져 있던 기능을 하나로... 벤 호로위츠의 『하드씽(The Hard Thing)』과 인텔의 전설 앤디 그로브가 쓴 『하이 아웃풋 매니지먼트(High Output... ",https://www.venturesquare.net/1089964/,https://www.venturesquare.net/1089964/,2026-06-09
하이오더,[종합] 독점작 귀환·플랫폼 확장 다 잡았다… Xbox 게임 쇼케이스,이 위험 구역들은 난이도가 높은 만큼 그동안 약탈되지 않은 최고 등급의 보상을 제공하는 하이 리스크... 스파르탄 오더의 전설적인 레인저이자 현재는 거짓과 선동으로 철권통치를 휘두르는 총통 '헌터'가 자리 잡고... ,https://www.thisisgame.com/articles/425627,https://m.sports.naver.com/esports/article/439/0000032912,2026-06-08
하이오더,"CN모터스, 부산·순천 전시장 확장 이전… 카니발 하이리무진 체험 공간...","카니발 하이리무진을 비롯한 특장자동차를 제조·판매하는 기업으로, 국토교통부 인증 특장 제조사 라이선스를 기반으로 자체 설계·생산·조립 시스템을 구축해 운영하고 있다. 또한 1:1 인디비주얼 오더 시스템과 전국... ",https://www.ksilbo.co.kr/news/articleView.html?idxno=1058697,https://www.ksilbo.co.kr/news/articleView.html?idxno=1058697,2026-06-08
하이오더,"""유선 시너지 못 찾았다""…LGU+, 테이블오더 '철수'하고 AI '집중'","같은 달 영업이익 4억2000만원으로 첫 월간 흑자를 기록했다. KT의 '하이오더' 역시 2년여만인 지난 3월 실시간 운영 대수 20만대를 돌파했다. 전화, 인터넷 등 탄탄한 유선 인프라로 자연스레 이용자 포섭에 성공했다.",https://www.mt.co.kr/tech/2026/06/02/2026060112190849550,https://n.news.naver.com/mnews/article/008/0005365725?sid=105,2026-06-01
하이오더,"[6·3 이사람]백영현 포천시장 후보, 남부권 개발·골목경제 활성화 공약","소흘읍은 송우역 역세권 개발과 제2순환고속도로 송우 하이패스 IC 신설, 산업단지 조성을 추진하고, 선단동은... 스마트오더 시스템 도입 지원 등 상권 경쟁력 강화에 나설 계획이다. 전통시장은 문화·관광 자원과 연계한... ",https://www.kgnews.co.kr/news/article.html?no=898134,https://www.kgnews.co.kr/news/article.html?no=898134,2026-06-01
하이오더,명장 노하우 AI에 심는다는데… 제조 혁신 앞에 놓인 3대 과제,"KT의 사내 ‘마이스터(명장)’인 정성용 하이오더서비스팀 부장은 통신 네트워크 운영부터 서비스 개발까지 두루 거친 전문성을 동료들과는 기꺼이 나누지만, 자신의 노하우가 반영된 AI가 생긴다면 기여한 만큼... ",https://www.hankookilbo.com/news/article/A2026052922260004876?did=NA,https://n.news.naver.com/mnews/article/469/0000933747?sid=105,2026-06-01
하이오더,"법주사, 스마트 불전함 도입… 전통 사찰 디지털 전환 선도",대한불교조계종 법주사는 KT 서부고객본부와 협력해 'KT 하이오더 기반 스마트 불전함'을 구축하고 운영에 들어갔다고 31일 밝혔다. 이번에 도입된 스마트 불전함은 기존 현금 중심의 보시 문화에 카드 및 간편결제... ,https://www.ccdailynews.com/news/articleView.html?idxno=2419353,https://www.ccdailynews.com/news/articleView.html?idxno=2419353,2026-05-31
하이오더,[주말에 뭐하지] '갓' 컬래버부터 신규 캐릭터까지...주말 게임 세상 '풍...,"'갓 오브 하이스쿨'과 같은 인기 지식재산권(IP) 컬래버레이션부터 오랫동안 기다려 온 신규 캐릭터, 새로운... 넷마블, '페그오' 요정 스고로쿠 충롱유희 이벤트 넷마블은 모바일 역할수행게임(RPG) '페이트/그랜드 오더... ",https://www.techm.kr/news/articleView.html?idxno=152245,https://www.techm.kr/news/articleView.html?idxno=152245,2026-05-30
하이오더,"법주사, '하이오더 기반 스마트 불전함' 도입","▲ 유용근 KT청주지사장이 스마트불전함을 체험하고 있다./KT서부고객본부 제공 대한불교조계종 법주사가 KT서부고객본부와 협력해 'KT하이오더 기반 스마트 불전함'을 도입하고, 전통 사찰의 디지털 전환을 이끄는 새로운... ",http://www.cctimes.kr/news/articleView.html?idxno=909109,http://www.cctimes.kr/news/articleView.html?idxno=909109,2026-05-29
하이오더,"KT, 법주사 '스마트 불전함' 도입 지원",KT서부고객본부가 29일 법주사에 'KT하이오더 기반 스마트 불전함'을 도입했다.(사진제공=KT)  KT서부고객본부가 대한불교조계종 법주사와 함께 전통 사찰 운영 방식의 디지털 전환에 나섰다. KT서부고객본부가 29일 법주사에... ,http://www.chungnamilbo.co.kr/news/articleView.html?idxno=891068,http://www.chungnamilbo.co.kr/news/articleView.html?idxno=891068,2026-05-29
하이오더,"법주사, KT와 손잡고 태블릿형 '스마트 불전함' 도입",［중부매일 천성남 기자］ 대한불교조계종 법주사가 KT서부고객본부와 협력해 'KT하이오더 기반 스마트 불전함'을 도입하고 전통 사찰의 디지털 전환에 나섰다고 29일 밝혔다. 법주사는 이번 스마트 불전함 도입을 통해... ,https://www.jbnews.com/news/articleView.html?idxno=1505015,https://www.jbnews.com/news/articleView.html?idxno=1505015,2026-05-29
하이오더,"KT 서부고객본부, 법주사에 '하이오더 기반 스마트 불전함' 도입",유용근 KT청주지사장(왼쪽)이 대한불교조계종 법주사에 도입된 'KT하이오더 기반 스마트 불전함'을 시연하고 있다. KT 서부고객본부 제공 KT서부고객본부는 최근 대한불교조계종 법주사와 협력해 'KT하이오더 기반 스마트... ,https://www.ggilbo.com/news/articleView.html?idxno=1160968,https://www.ggilbo.com/news/articleView.html?idxno=1160968,2026-05-29
하이오더,[5월 28일 데일리 업뎃 소식] 던파모바일에서 솔도로스 싸워보자,"오브 하이스쿨'의 컬래버레이션을 진행한다. 이번 협업을 통해 '진모리', '한대위', '유미라'가 신화 등급... #10 넷마블 페이트/그랜드 오더 넷마블이 모바일 RPG '페이트/그랜드 오더'에서 신규 이벤트 '요정 스고로쿠... ",https://www.gametoc.co.kr/news/articleView.html?idxno=108863,https://www.gametoc.co.kr/news/articleView.html?idxno=108863,2026-05-28
하이오더,여행·하이킹·나들이...'올라운더' 여름 샌들 주목,"최근 여름 샌들은 특정 상황에서만 신는 계절성 아이템을 넘어 여행, 나들이, 가벼운 하이킹부터 일상까지... 또한 킨의 '에코 안티 오더' 기술을 적용해 자연 친화적인 방식의 냄새 억제 기능도 더했다. 젖은 표면에서도... ",https://www.slist.kr/news/articleView.html?idxno=741944,https://www.slist.kr/news/articleView.html?idxno=741944,2026-05-28
하이오더,[게임 앤 플랫폼] “게임판 승부수 바뀌었다”…IP·팬덤·체류시간이 새...,넷마블은 모바일 RPG ‘페이트/그랜드 오더(FGO)’에서 오는 6월 18일까지 ‘요정 스고로쿠 충롱유희’... 컴투스홀딩스는 ‘소울 스트라이크’와 인기 웹툰 ‘갓 오브 하이스쿨’ 컬래버레이션을 진행한다. 진모리·한대위... ,https://www.seoultimes.news/news/article.html?no=2000096122,https://www.seoultimes.news/news/article.html?no=2000096122,2026-05-28
하이오더,[게임뉴스] 아이엠아이 및 컴투스홀딩스 소식 외,오브 하이스쿨'과 컬래버레이션을 진행한다고 28일 밝혔다. 갓 오브 하이스쿨은 주인공 '진모리'가... - 넷마블(대표 김병규)은 모바일 RPG '페이트/그랜드 오더'에서 '요정 스고로쿠 충롱유희' 이벤트를 5월 28일부터 6월... ,https://www.gamevu.co.kr/news/articleView.html?idxno=58232,https://www.gamevu.co.kr/news/articleView.html?idxno=58232,2026-05-28
하이오더,"[게임 Pick] 넷마블, '블소R' 언리얼 엔진5로…라이엇게임즈, 'LoL' 신규 ...","모바일 RPG '페이트/그랜드 오더'에는 '요정 스고로쿠 충롱유희' 이벤트를 진행하고, '세븐나이츠 리버스... 컴투스홀딩스는 '소울 스트라이크'에 네이버웹툰 '갓 오브 하이스쿨' 컬래버레이션을 통해 '진모리', '한대위... ",https://www.lcnews.co.kr/news/articleView.html?idxno=202745,https://www.lcnews.co.kr/news/articleView.html?idxno=202745,2026-05-28
하이오더,어느 이어링 매니아의 고백,"그래서 제가 샘플 바잉의 키를 잡고 난 뒤에는 무조건 이어링 위주로 샘플을 오더했고, 스타일리스트... 물론 까르띠에에서 공식적으로 인정하는 착용법은 아니지만, 까르띠에 특유의 유려한 피니싱 덕분에 하이파이브를... ",https://www.marieclairekorea.com/fashion/2026/05/confessions-of-an-earring-obsessive/?utm_source=naver&utm_medium=partnership,https://www.marieclairekorea.com/fashion/2026/05/confessions-of-an-earring-obsessive/?utm_source=naver&utm_medium=partnership,2026-05-28
하이오더,"CN모터스, 카니발 하이리무진 즉시 출고 시스템 확대…“인도 기간 단축...",CN모터스가 카니발 하이리무진의 즉시 출고 운영 체계를 확대하며 차량 인도 기간 단축을 원하는 고객 수요... 인디비주얼 오더 시스템’을 운영 중이다. 고객의 라이프스타일을 반영한 맞춤형 제작을 통해 제품... ,https://www.kbsm.net/news/view.php?idx=520956,https://www.kbsm.net/news/view.php?idx=520956,2026-05-28
하이오더,"​KT SAT, 저궤도 위성으로…‘민간·개인’까지 위성통신 영토 넓힌다",뿐만 아니라 엑스웨이브원을 통해 선실에서 하이오더로 음식과 간식을 주문하는 등 안정적인 네트워크 환경을 갖췄다는 것을 입증했다. 이와 같이 위성통신이 정부와 군대 등 대규모에서 개인까지 확대되는... ,https://www.g-enews.com/view.php?ud=2026052708553456043d7a510102_1,https://www.g-enews.com/view.php?ud=2026052708553456043d7a510102_1,2026-05-27
페이히어,[유통딜리버리] 롯데百ㆍ신세계百ㆍ현대百ㆍ트레이더스ㆍG마켓ㆍCJ온스...,"6층 알트원에서는 7월 22일부터 11월 3일까지 그래피티 아티스트 뱅크시의 전시 〈뱅크시, 스틸 히어〉를... 지난해 12월 시작한 ‘주말에도 도착보장’ 캠페인 이후 주말 수요가 뚜렷하게 늘어난 흐름이다.... ",https://www.dnews.co.kr/uhtml/view.jsp?idxno=202606241003356390530,https://www.dnews.co.kr/uhtml/view.jsp?idxno=202606241003356390530,2026-06-24
페이히어,핀테크 기술 베낀 금융사 서비스 막힌다…샌드박스 개편,# 페이히어(payhere)는 금융위원회 혁신금융서비스 신청 전엔 전 직원 수가 8명인 영세 기업이었습니다. 금융위 혁신금융서비스로 지정돼 자금 지원 등을 받은 결과 페이히어의 서비스가 시장에서 폭넓게 활용되며 직원... ,https://biz.sbs.co.kr/article_hub/20000317837?division=NAVER,https://n.news.naver.com/mnews/article/374/0000517267?sid=101,2026-06-21
페이히어,이억원 “혁신 발목 잡는 규제 허물겠다”…금융 샌드박스 전면 개편,"금융위와 금융감독원, 핀테크지원센터, 혁신금융심사위원, 뱅크샐러드·트래블월렛·페이히어·오렌지스퀘어·핀다·비바리퍼블리카 등 핀테크 기업과 카카오뱅크가 참석했다. 이 위원장은 금융규제 샌드박스가 금융산업... ",https://www.ddaily.co.kr/page/view/2026062112211570840,https://n.news.naver.com/mnews/article/138/0002231538?sid=101,2026-06-21
페이히어,“정답 없는 문제를 푸는 법”…페이히어 대표가 꼽은 책[CEO의 서재],“스타트업은 항상 전시 상황에 가깝습니다.” 최근 중요한 경영 판단을 앞둔 박준기 페이히어 대표는 다시 한 권의 책을 꺼내 들었다. 벤 호로위츠의 ‘하드씽’이다. 스타트업 창업자들의 필독서로 꼽히는 이 책은 정답... ,https://economist.co.kr/article/view/ecn202606180028,https://n.news.naver.com/mnews/article/243/0000099411?sid=101,2026-06-21
페이히어,"구글맵 미리 단속…네이버 지도, '동물병원'도 챙긴다","앞서 네이버는 지난해 6월 음식점을 대상으로 오케이포스(OKPOS), 페이히어, 페이앤스토어 등 주요 POS사와 손잡고 해당 서비스를 선보인 바 있다. 매장 결제 및 방문 데이터를 연동해 주간 인기 메뉴, 방문 많은 시간대... ",https://www.sisaon.co.kr/news/articleView.html?idxno=201888,https://www.sisaon.co.kr/news/articleView.html?idxno=201888,2026-06-17
페이히어,카페24-페이히어 연동 확대…온·오프라인 매장 운영 데이터 통합 관리...,"통합 매장 관리 플랫폼 '페이히어'가 자사 도소매 POS와 카페24, 네이버 스마트스토어를 연동해 온·오프라인 매장 운영 데이터를 통합 관리할 수 있는 환경을 구축했다고 밝혔다. 사업자는 통합 대시보드 '페이히어... ",https://www.shinailbo.co.kr/news/articleView.html?idxno=5028993,https://www.shinailbo.co.kr/news/articleView.html?idxno=5028993,2026-06-10
페이히어,[컬처슬로건 탐방기] 페이히어 고객 ‘집착’,"2019년, 페이히어 박준기 대표는 바로 이 ‘당연함’에 의문을 가졌습니다. “포스기가 꼭 저렇게 무겁고, 자리를 차지하고 있어야 할까?” 페이히어는 국내 최초로 클라우드 기반 포스를 만들겠다고 선언했습니다.... ",https://www.venturesquare.net/1089964/,https://www.venturesquare.net/1089964/,2026-06-09
페이히어,"페이히어, 온오프 통합 관리 환경 구축","페이히어 | 서울=한스경제 김종효 기자 | 페이히어는 도소매 포스(POS)와 네이버 스마트스토어, 카페24를 동시에 연동하는 온·오프라인 통합 관리 환경을 구축했다고 9일 밝혔다. 페이히어는 통합 매장 관리 플랫폼... ",http://www.hansbiz.co.kr/news/articleView.html?idxno=842881,http://www.hansbiz.co.kr/news/articleView.html?idxno=842881,2026-06-09
페이히어,"페이히어, 네이버 스마트스토어·카페24 연동","페이히어가 자사 도소매 포스(POS)와 네이버 스마트스토어, 카페24를 동시에 연동하며 온·오프라인 통합 관리 환경을 구축했다. 통합 대시보드 '페이히어 비즈니스'를 통해 채널별 상품, 수발주 내역, 포인트 적립 현황... ",https://www.etnews.com/20260608000302,https://n.news.naver.com/mnews/article/030/0003435426?sid=101,2026-06-08
페이히어,"페이히어, 매장에 필요한 모든 것을 하나로",페이히어가 처음 풀려고 한 문제는 매장에서의 카드 결제였다. 그전에는 주문을 받는 포스와 카드를 긁는 결제 단말기를 따로 설치해야했고 그마저도 복잡한 계약과... ,https://www.venturesquare.net/1089639/,https://www.venturesquare.net/1089639/,2026-06-08
페이히어,"페이히어, 온·오프라인 판매 데이터 통합…AI 재고 예측 지원",페이히어가 오프라인 매장과 온라인 쇼핑몰을 통합 관리할 수 있는 환경을 구축했다. 데이터 기반으로 신뢰할 수 있는 매장 관리 환경을 구축하겠다는 의도에서다. 통합 매장 관리 플랫폼 페이히어는 자사 도소매 포스(POS)... ,https://www.edaily.co.kr/news/newspath.asp?newsid=02702726645479752,https://n.news.naver.com/mnews/article/018/0006300562?sid=101,2026-06-08
페이히어,"“매장·쇼핑몰 데이터 한 곳에”…페이히어, 스마트스토어·카페24 연동...","통합 매장 관리 플랫폼 페이히어는 자사 도소매 포스(POS)와 네이버 스마트스토어, 카페24를 연동해 온·오프라인 통합 관리 환경을 구축했다고 8일 밝혔다. 이번 연동을... ",https://www.venturesquare.net/1089597/,https://www.venturesquare.net/1089597/,2026-06-08
페이히어,"리뷰 답변부터 매장 관리까지…AI, 소상공인 현장 파고든다","통합 매장 관리 플랫폼 페이히어도 식자재, 원자재 등 복잡한 지출 관리에 어려움을 겪는 소상공인을 위해 'AI 지출장부' 서비스를 제공하고 있다. 영수증, 명세서, 세금계산서 등 각종 거래 내역을 휴대폰으로 촬영하면... ",https://view.asiae.co.kr/article/2026052707382897502,https://n.news.naver.com/mnews/article/277/0005767997?sid=101,2026-05-27
오케이포스,"나이스그룹, 결제 인프라 확장 승부수…SPC에 230억 투입[only 이데일리]","나이스평가정보와 나이스정보통신, 나이스페이먼츠 등 3사가 공동 출자해 만든 나이스디더블유알은 카드 단말기 및 키오스크를 제조하는 오케이포스의 최대주주이자, 포스 설치 사업을 영위하는 포스뱅크솔루션즈도... ",https://www.edaily.co.kr/news/newspath.asp?newsid=05457926645485328,https://n.news.naver.com/mnews/article/018/0006315025?sid=101,2026-06-25
오케이포스,"구글맵 미리 단속…네이버 지도, '동물병원'도 챙긴다","앞서 네이버는 지난해 6월 음식점을 대상으로 오케이포스(OKPOS), 페이히어, 페이앤스토어 등 주요 POS사와 손잡고 해당 서비스를 선보인 바 있다. 매장 결제 및 방문 데이터를 연동해 주간 인기 메뉴, 방문 많은 시간대... ",https://www.sisaon.co.kr/news/articleView.html?idxno=201888,https://www.sisaon.co.kr/news/articleView.html?idxno=201888,2026-06-17
오케이포스,"카카오페이, 소상공인 성장 본격 지원…100개사 맞춤 교육","강소 브랜드로 지속할 수 있도록 밀착 지원하겠다""고 말했다. 한편 카카오페이는 12일 오케이포스 등과 함께 제공하는 큐알(QR) 테이블오더 상품 '춘식이QR'로 소상공인 매장 운영을 보조하겠다는 전략도 발표한 바 있다.",https://www.news1.kr/it-science/general-it/6178588,https://n.news.naver.com/mnews/article/421/0008967955?sid=105,2026-05-27
오케이포스,"삼성전자, 챗GPT·제미나이 공식 도입",■ 오프라인 데이터 쟁탈: 네이버가 포스(POS·매장 판매관리 단말기) 1위 브랜드 오케이포스와 QR 주문에 네이버 로그인을 결합한 서비스를 선보였다. 에이전틱 AI 경쟁력의 핵심 기반이 오프라인 데이터로... ,https://www.sedaily.com/article/20048527?ref=naver,https://n.news.naver.com/mnews/article/011/0004624793?sid=101,2026-05-27
오케이포스,"“AI 새 승부처”…네이버, 로컬 데이터 모은다",26일 정보기술(IT) 업계에 따르면 네이버는 최근 포스 솔루션 점유율 1위 브랜드 ‘오케이포스’의 QR 주문에 네이버 로그인을 결합한 서비스를 출시했다. QR 주문이란 손님이 휴대폰으로 식당에 부착된 QR 코드를 스캔해... ,https://www.sedaily.com/article/20048378?ref=naver,https://n.news.naver.com/mnews/article/011/0004624635?sid=105,2026-05-26
AI 에이전트 예약,"네이버, '2025 통합보고서' 발간…AI 시대 지속가능 성장 전략 공개","현재 AI 브리핑과 ADVoost, 네이버플러스 스토어 앱 등에 AI 기술이 적용됐으며 향후 '에이전트 N', 'AI 탭', 쇼핑 AI 에이전트 등을 통해 검색부터 구매·예약·결제까지 연결되는 AI 경험을 확대할 계획이다. ESG... ",https://www.epnc.co.kr/news/articleView.html?idxno=403512,https://www.epnc.co.kr/news/articleView.html?idxno=403512,2026-06-25
AI 에이전트 예약,"[IT는 지금] SKT, KG스틸·코넥과 독자 AI 모델 기반 제조 AI 실증 外","SK텔레콤이 KG스틸, 코넥과 협력해 독자 AI 파운데이션 모델 'A.X K1' 기반 제조 특화 AI 에이전트를 제조... 소비자는 온라인 예약 후 오프라인 체험존에서 제품 착용과 도수 렌즈 상담을 받을 수 있다. AInoonX는... ",https://dealsite.co.kr/articles/164236,https://dealsite.co.kr/articles/164236,2026-06-25
AI 에이전트 예약,"AI, 공공·안경·금융·디바이스로 내려왔다…실사용 생태계 확장","전문가형 AI 에이전트다. 복잡한 법·노무 지식을 실시간으로 지원해 행정 오류를 줄이고 업무 신뢰도를... 라운즈는 전국 가맹 안경원에 AInoonX 체험존을 구축하고, 온라인몰 예약 후 가까운 매장에서 제품을 직접 써볼... ",http://www.popcornnews.net/news/articleView.html?idxno=124823,http://www.popcornnews.net/news/articleView.html?idxno=124823,2026-06-25
AI 에이전트 예약,"네이버, AI 중심 지속가능 전략 공개","앞으로는 AI 탭과 엥;전트 N, 쇼핑 AI 에이전트 등을 통해 검색부터 구매·예약·결제까지 이어지는 AI 기반 사용자 경험을 확대한다는 전략이다. 네이버는 지속가능성 전략도 전면 개편했다. 개인정보 보호와 정보보안... ",http://www.metroseoul.co.kr/article/20260625500326,http://www.metroseoul.co.kr/article/20260625500326,2026-06-25
AI 에이전트 예약,[반도체 신질서]上 'CPU 제왕' 귀환 속 더 또렷해진 트럼프의 큰 그림,하지만 AI 데이터센터가 대형화되고 AI 에이전트가 확산되면서 GPU만으로는 시스템을 운영하기 어려워졌다.... AI 반도체 수요가 폭증하면서 TSMC의 첨단 공정과 첨단 패키징 생산라인은 사실상 수년치 물량이 예약된... ,https://news.bizwatch.co.kr/article/industry/2026/06/25/0023,https://n.news.naver.com/mnews/article/648/0000048343?sid=101,2026-06-25
AI 에이전트 예약,네이버의 다음 승부수?... 검색 넘어 'AI 플랫폼'으로,AI(On-Service AI)' 전략을 본격화했다. 이용자가 검색을 통해 정보를 찾고 상품을 탐색한 뒤 구매와 예약... 네이버는 이를 기반으로 검색 커버리지를 20% 수준까지 확대했으며 향후 AI 탭과 쇼핑 에이전트 등으로 서비스... ,https://www.ilyoseoul.co.kr/news/articleView.html?idxno=518983,https://www.ilyoseoul.co.kr/news/articleView.html?idxno=518983,2026-06-25
AI 에이전트 예약,일하는 AI 에이전트 확산…기업 보안 관리 시험대,"24일(현지시간) IT매체 테크레이더에 따르면 최근 AI 에이전트는 이메일 작성과 발송, 일정 업데이트, 소셜미디어(SNS) 게시물 예약 같은 반복 업무를 직접 처리할 수 있는 형태로 기업 현장에 들어오고 있다. 기존 AI 챗봇은... ",https://www.digitaltoday.co.kr/news/articleView.html?idxno=678287,https://www.digitaltoday.co.kr/news/articleView.html?idxno=678287,2026-06-25
AI 에이전트 예약,"네이버, 2030년까지 임팩트 펀드 1조 투자…소상공인·창작자 AI 도입 지...","네이버는 향후 Agent N, AI 탭, 쇼핑 AI 에이전트 등을 통해 검색에서 구매·예약·결제로 이어지는 AI 경험을 확대할 방침이다. 네이버는 ESG 성과로 '2040 Carbon Negative' 전략에 따른 온실가스 감축 현황과 AI... ",https://www.getnews.co.kr/news/articleView.html?idxno=873297,https://www.getnews.co.kr/news/articleView.html?idxno=873297,2026-06-25
AI 에이전트 예약,F5가 서울서 앱월드 연 이유…“한국은 AI·클라우드 인프라 갖춘 전략...,"데이터를 조회하고, 예약을 바꾸고, 다른 애플리케이션에 명령을 내릴 수 있다. 업무 자동화의 문이 열리는 동시에 새로운 위험도 열린다. 공격자가 AI 에이전트의 권한을 탈취하면 내부 API를 타고 민감 정보에 접근할... ",https://kidd.co.kr/news/246480,https://kidd.co.kr/news/246480,2026-06-25
AI 에이전트 예약,"네이버, 2030년까지 임팩트 펀드 1조원 확대","AI 브리핑, ADVoost, 네이버플러스 스토어 앱 등에 AI가 적용된 사례와 함께, 향후 Agent N, AI 탭, 쇼핑 AI 에이전트 등을 통해 검색에서 구매·예약·결제로 이어지는 AI 경험을 확대해 이용자의 탐색·의사결정·실행이... ",https://www.dailian.co.kr/news/view/1659907/?sc=Naver,https://n.news.naver.com/mnews/article/119/0003104705?sid=105,2026-06-25
AI 에이전트 예약,네이버 “2030년까지 소상공인ㆍ창작자 AI 활용에 1조원 투자”,"AI 브리핑, ADVoost, 네이버플러스 스토어 앱 등에 AI가 적용된 사례와 함께 향후 에이전트N(Agent N), AI 탭, 쇼핑 AI 에이전트 등을 통해 검색에서 구매·예약·결제로 이어지는 AI 경험을 확대해 이용자의 탐색·의사결정... ",https://www.etoday.co.kr/news/view/2597267,https://www.etoday.co.kr/news/view/2597267,2026-06-25
AI 에이전트 예약,"네이버, AI·ESG 성과 담은 통합보고서 발간…임팩트 펀드 1420억원 집행","향후에는 ‘Agent N’, ‘AI 탭’, 쇼핑 AI 에이전트 등을 통해 검색에서 구매, 예약, 결제로 이어지는 AI 경험을 확대할 계획이다. 기술 신뢰성 관련 정보 공개도 강화했다. 네이버는 개인정보보호, 정보보안, 온실가스... ",https://www.mydaily.co.kr/page/view/2026062509543281928,https://n.news.naver.com/mnews/article/117/0004078348?sid=105,2026-06-25
AI 에이전트 예약,"카카오, '카인톡' 대화 분석 기능 제공한다…온디바이스 AI 업데이트",대화 분석 기능과 함께 카카오톡 내에서 바로 숙박 예약까지 가능하도록 기능을 추가했다. 챗GPT를 카톡에 접목하면서 안전성을 갖춘 온디바이스 AI로 에이전트 기능을 실험하는 것으로 풀이된다. 25일 업계에 따르면... ,https://www.etnews.com/20260625000265,https://n.news.naver.com/mnews/article/030/0003441341?sid=101,2026-06-25
AI 에이전트 예약,"네이버, '2025 통합보고서' 발간…AI 시대 지속가능성 전략 개편","AI 브리핑과 네이버플러스 스토어, 광고 솔루션 등을 비롯해 향후 AI 에이전트 기반 서비스도 확대해 검색부터 구매·예약·결제까지 연결되는 AI 경험을 강화한다는 방침이다. 이와 함께 개인정보 보호와 정보보안... ",https://www.m-i.kr/news/articleView.html?idxno=1385299,https://www.m-i.kr/news/articleView.html?idxno=1385299,2026-06-25
AI 에이전트 예약,"네이버, 2030년까지 임팩트 펀드 1조원 투자… 소상공인 AI 도입·창작자...","네이버는 향후 에이전트 N(Agent N), AI 탭, 쇼핑 AI 에이전트 등을 통해 검색에서 구매·예약·결제로 AI 경험을 확대할 방침이다. 네이버는 ESG(환경·사회·지배구조) 성과로 온실가스 감축 현황과 AI 데이터센터용... ",https://biz.chosun.com/it-science/ict/2026/06/25/KZBJ2YOCIRBL3A7DMVLYHIHTBQ/?utm_source=naver&utm_medium=original&utm_campaign=biz,https://n.news.naver.com/mnews/article/366/0001174351?sid=105,2026-06-25
AI 에이전트 예약,"""일정은 AI에 묻고, 예약은 리뷰 보고""... MZ세대의 영리한 여행법",예약은 리뷰 등 검증된 후기를 바탕으로 결정한다는 점을 보여준다.이에 맞추어 클룩은 방대한 데이터와 신뢰도 높은 정보를 기반으로 AI 기술을 접목해 서비스 고도화에 나서고 있다. 현재 AI 기반 쇼핑 에이전트를... ,https://www.insight.co.kr/news/560083,https://www.insight.co.kr/news/560083,2026-06-25
AI 에이전트 예약,"[투자전략] AI 에이전트, 1800억달러 B2B 시장 이끈다…AI 수익화 시작","AI 에이전트는 단순한 대화형 챗봇이 아니라 검색과 예약, 구매, 코딩, 고객 응대, 문서 작성 등 목표를 스스로 수행하는 지능형 서비스다. AI가 사람의 업무를 대신할수록 기업의 토큰 사용량과 API 호출이 증가하고... ",https://www.topstarnews.net/news/articleView.html?idxno=16111860,https://www.topstarnews.net/news/articleView.html?idxno=16111860,2026-06-25
AI 에이전트 예약,"기업 ESG, 업종별 전략으로 구체화…기술 신뢰·품질·녹색금융 강조","향후 Agent N, AI 탭, 쇼핑 AI 에이전트 등을 통해 검색에서 구매·예약·결제로 이어지는 AI 경험을 확대한다는 계획이다. 기술 신뢰성 측면에서는 개인정보보호, 정보보안, 온실가스 및 에너지 관리, 인적 자본 관리... ",https://www.onews.tv/news/articleView.html?idxno=282081,https://www.onews.tv/news/articleView.html?idxno=282081,2026-06-25
AI 에이전트 예약,'AI 에이전트 경제' 시대…데이터 보호가 AX(AI전환) 성공 열쇠,"AI 에이전트 시대 이미지. 사진=EY  김은주 한국지능정보사회진흥원(NIA) 본부장은 지난 24일 컴퓨터월드... 프리코그니티브는 고령자의 병원 예약, 재택 돌봄 서비스 등을 지원하는 '수호천사(Guardian Angel)' 개념의 AI... ",http://www.itdaily.kr/news/articleView.html?idxno=240033,http://www.itdaily.kr/news/articleView.html?idxno=240033,2026-06-25
AI 에이전트 예약,"네이버·카카오, 2025 '지속가능' 보고서 발간...AI·환경보호·책임경영...","AI 브리핑과 애드부스트, 네이버플러스 스토어 애플리케이션 등에 AI가 적용된 사례와 함께 향후 에이전트N, AI 탭, 쇼핑 AI 에이전트 등을 통해 검색에서 구매·예약·결제로 이어지는 AI 경험을 확대해 이용자의 탐색... ",https://www.techm.kr/news/articleView.html?idxno=152884,https://www.techm.kr/news/articleView.html?idxno=152884,2026-06-25
AI 에이전트 예약,"윌앤비전, 마인드웨어웍스 협업…생성형 AI 기반 진화한 고객경험 완성","단순정보 제공을 넘어 질문이해, 정보탐색, 답변작성, 결과검증을 나눠 맡은 여러 AI 에이전트가... 보이스봇은 음성인식 기반의 자연스러운 대화로 예약·접수, 정보 조회, 서류 발급 같은 정형화된 업무를 사람 대신... ",http://www.newsprime.co.kr/news/article.html?no=737980,http://www.newsprime.co.kr/news/article.html?no=737980,2026-06-25
AI 에이전트 예약,"네이버, AI·창작자 위한 임팩트 펀드에 1420억…통합보고서 공개","네이버는 향후 ‘에이전트 N’, AI 탭, 쇼핑 AI 에이전트 등 서비스를 제공해 검색에서 구매·예약·결제로 이어지는 AI 경험을 확대한다는 계획이다. 네이버는 이번 보고서에서 개인정보보호, 정보보안, 온실가스 및... ",https://www.sentv.co.kr/article/view/sentv202606250011,https://www.sentv.co.kr/article/view/sentv202606250011,2026-06-25
AI 에이전트 예약,"AI 앞세운 네이버, 2030년까지 임팩트 펀드 1조원 투자","네이버는 향후 에이전트N, AI 탭, 쇼핑 AI 에이전트 등을 통해 검색에서 구매·예약·결제로 이어지는 AI 경험을 확대할 계획이다. 네이버는 지속가능성 전략도 전면 개편했다. 또 이해관계자의 관심이 높은... ",https://www.viva100.com/article/20260625500573,https://www.viva100.com/article/20260625500573,2026-06-25
AI 에이전트 예약,"네이버, '2025 통합보고서' 발간…AI·ESG 기반 지속가능성장 제시","AI 브리핑, ADVoost, 네이버플러스 스토어 등에 AI를 적용했으며, 앞으로 AI 에이전트를 통해 검색부터 구매·예약·결제까지 연결되는 서비스를 확대할 방침이다. ESG 부문에서는 개인정보 보호, 정보보안, 온실가스... ",https://www.webeconomy.co.kr/news/articleView.html?idxno=2211582,https://www.webeconomy.co.kr/news/articleView.html?idxno=2211582,2026-06-25
AI 에이전트 예약,"네이버, AI 중심 지속가능성 전략 개편… 2030년까지 1조원","향후에는 Agent N, AI 탭, 쇼핑 AI 에이전트 등을 통해 검색에서 구매·예약·결제로 이어지는 AI 경험을 확대할 예정이다. ESG 성과로는 '2040 Carbon Negative' 전략에 따른 온실가스 감축 현황과 AI 데이터센터용 대규모... ",https://www.newscj.com/news/articleView.html?idxno=3411945,https://www.newscj.com/news/articleView.html?idxno=3411945,2026-06-25
AI 에이전트 예약,"네이버, 지속가능 전략 전면 개편…AI 중심 ESG 개편","AI 브리핑과 ADVoost, 네이버플러스 스토어에 이어 앞으로는 Agent N, AI 탭, 쇼핑 AI 에이전트 등을 통해 검색부터 구매·예약·결제까지 연결되는 AI 경험을 확대할 방침이다. 기술 신뢰성 확보도 주요 과제로 제시됐다.... ",https://www.e-science.co.kr/news/articleView.html?idxno=130981,https://www.e-science.co.kr/news/articleView.html?idxno=130981,2026-06-25
AI 에이전트 예약,"네이버, AI 시대 지속가능한 플랫폼 생태계 담은 '2025 통합보고서' 발간","또 AI 브리핑과 AD부스트, 네이버플러스 스토어 앱 등에 AI가 적용된 사례와 함께 향후 Agent N, AI 탭, 쇼핑 AI 에이전트 등을 통해 검색에서 구매·예약·결제로 이어지는 AI 경험을 확대해 이용자의 탐색·의사결정·실행이... ",https://www.g-enews.com/view.php?ud=2026062509385938693d7a510102_1,https://www.g-enews.com/view.php?ud=2026062509385938693d7a510102_1,2026-06-25
AI 에이전트 예약,"네이버, 2025년 통합보고서 발간…AI 신뢰성 강조","AI 브리핑, ADVoost, 네이버플러스 스토어 앱 등에 AI를 적용했으며 향후 Agent N, AI 탭, 쇼핑 AI 에이전트 등을 통해 검색에서 구매·예약·결제로 이어지는 경험을 확대할 예정이다. 지속가능성 전략도 개편했다.... ",https://www.newspim.com/news/view/20260625000379,https://www.newspim.com/news/view/20260625000379,2026-06-25
AI 에이전트 예약,"네이버, 2025년 ESG 보고서 발간...'온서비스 AI'도 포함","AI 브리핑, ADVoost, 네이버플러스 스토어 앱 등에 AI가 적용된 사례와 함께, 향후 Agent N, AI 탭, 쇼핑 AI 에이전트 등을 통해 검색에서 구매·예약·결제로 이어지는 AI 경험을 확대해 이용자의 탐색·의사결정·실행이... ",http://www.fnnews.com/news/202606251028340195,https://n.news.naver.com/mnews/article/014/0005539496?sid=105,2026-06-25
AI 에이전트 예약,[단독]“이제 검색을 대화로”… 네이버 ‘AI탭’ 오늘 정식 출시,"구글은 지난달 개발자 행사 ‘I/O 2026’에서 25년 만에 검색창을 AI 기반으로 전면 개편하고, 검색 안에서 정보 수집·예약·쇼핑을 대신 처리하는 ‘검색 에이전트’를 선보였다. 한 업계 관계자는 “검색의 문법이... ",https://www.chosun.com/economy/tech_it/2026/06/25/2AOBNATDUNDXBNFG5Y2IS3IWEI/?utm_source=naver&utm_medium=referral&utm_campaign=naver-news,https://n.news.naver.com/mnews/article/023/0003984020?sid=105,2026-06-25
AI 에이전트 예약,네이버 작년 온실가스 총배출량 전년比 44%↑..AI·데이터센터 전력수요...,"네이버는 앞으로 에이전트 N, AI 탭, 쇼핑 AI 에이전트로 검색에서 구매·예약·결제까지 이어지는 경험을 넓힐 계획이다. 이용자 신뢰성을 높인다는 기조에 맞춰 지속가능성 전략도 전면 개편했다.... ",http://www.4th.kr/news/articleView.html?idxno=2113680,http://www.4th.kr/news/articleView.html?idxno=2113680,2026-06-25
AI 에이전트 예약,[#IT라운지] 티쓰리 '자사주 매입'·'AX 인재전쟁' 개최·딥브레인 'AI 롤...,"AI 브리핑·AD부스트·네이버플러스 스토어 앱 등에 AI가 적용됐으며, 향후 에이전트 N·AI 탭·쇼핑 AI 에이전트 등을 통해 검색에서 구매·예약·결제로 이어지는 AI 경험을 확대할 계획이다. ESG 성과로는 '2040 카본... ",https://www.newsworks.co.kr/news/articleView.html?idxno=845014,https://www.newsworks.co.kr/news/articleView.html?idxno=845014,2026-06-25
AI 에이전트 예약,"네이버, '온서비스 AI'로 지속가능 생태계 구축···ESG 전략 공개","앞으로 '에이전트 N', 'AI 탭', 쇼핑 AI 에이전트 등을 통해 검색부터 구매·예약·결제까지 연결되는 AI 경험을 확대할 방침이다. 지속가능성 전략도 전면 개편했다. 개인정보보호, 정보보안, 온실가스 및 에너지 관리... ",https://www.thereport.co.kr/news/articleView.html?idxno=89075,https://www.thereport.co.kr/news/articleView.html?idxno=89075,2026-06-25
AI 에이전트 예약,"네이버, AI 시대 상생 키워드는 '기술 신뢰'와 '동반성장'","향후 에이전트 N, AI 탭, 쇼핑 AI 에이전트 등을 통해 검색에서 구매, 예약, 결제로 이어지는 이용자 경험을 강화할 예정이다. 이용자에 대한 기술 신뢰성 제고 기조에 맞춰 지속가능성 전략도 개편했다. 이해관계자의... ",https://www.digitaltoday.co.kr/news/articleView.html?idxno=678127,https://www.digitaltoday.co.kr/news/articleView.html?idxno=678127,2026-06-25
AI 에이전트 예약,"네이버, AI에 1조원 베팅…투자자들 다시 주목하는 이유","네이버는 검색, 쇼핑, 로컬 서비스 등에 AI를 접목해 사용자 경험을 고도화하고 있으며, 향후 AI 에이전트와 AI 기반 쇼핑 서비스 등을 통해 검색부터 구매·예약·결제까지 연결되는 서비스를 강화할 방침이다. ESG... ",https://www.kizmom.com/news/articleView.html?idxno=111155,https://www.kizmom.com/news/articleView.html?idxno=111155,2026-06-25
AI 에이전트 예약,"네이버, '2025 통합보고서' 발간…AI·ESG 성과 공개","향후에는 Agent N, AI 탭, 쇼핑 AI 에이전트 등을 통해 검색에서 구매·예약·결제로 이어지는 AI 경험을 확대할 계획이다. 네이버는 기술 신뢰성 제고 기조에 맞춰 지속가능성 전략도 개편했다. 보고서에는... ",https://www.cstimes.com/news/articleView.html?idxno=711066,https://www.cstimes.com/news/articleView.html?idxno=711066,2026-06-25
AI 에이전트 예약,"네이버, AI 중심 '통합보고서' 발간…글로벌 커머스 스타트업 신규 투자","이미 생성형 검색 브리핑이나 네이버플러스 스토어 앱 등에 AI를 적용한 데 이어, 향후 'Agent N', AI 탭, 쇼핑 AI 에이전트 등을 순차적으로 선보이며 검색부터 구매, 예약, 결제까지 자연스럽게 연결되는 AI 경험을... ",https://www.pointe.co.kr/news/articleView.html?idxno=81023,https://www.pointe.co.kr/news/articleView.html?idxno=81023,2026-06-25
AI 에이전트 예약,"네이버, '2025 통합보고서' 발간… AI 시대 지속가능 성장 전략 공개","회사는 AI 브리핑, ADVoost, 네이버플러스 스토어 앱 등을 통해 서비스 경쟁력을 높이고 있으며, 향후 '에이전트 N', 'AI 탭', '쇼핑 AI 에이전트' 등을 통해 검색부터 구매, 예약, 결제까지 연결되는 AI 경험을 확대할... ",https://www.cnbizm.com/news/articleView.html?idxno=306578,https://www.cnbizm.com/news/articleView.html?idxno=306578,2026-06-25
AI 에이전트 예약,"""삼전닉스는 또 급등하는데""…얼어붙은 인터넷株, 믿을건 'AI'",네이버는 AI 브리핑과 쇼핑 AI 에이전트를 통해 검색 결과에 광고를 결합하고 '검색-쇼핑-결제-예약'으로 이어지는 자체 생태계를 커머스 광고로 수익화할 계획이다. 카카오는 검색보다 유저 간 대화에 집중하는... ,https://www.imaeil.com/page/view/2026062509511334588,https://n.news.naver.com/mnews/article/088/0001016195?sid=101,2026-06-25
AI 에이전트 예약,"네이버 ""AI생태계 확대에 2030년까지 1조원 투입""","AI 브리핑, 애드부스트, 네이버플러스 스토어 앱 등에 AI가 적용된 사례와 함께, 향후 에이전트엔(Agent N), AI 탭, 쇼핑 AI 에이전트 등을 통해 검색에서 구매·예약·결제로 이어지는 AI 경험을 확대해 이용자의 탐색... ",https://www.thelec.kr/news/articleView.html?idxno=58607,https://www.thelec.kr/news/articleView.html?idxno=58607,2026-06-25
AI 에이전트 예약,"네이버, AI 전환 전략 담은 '2025 통합보고서' 발간","네이버는 앞으로 AI 브리핑 확대를 비롯해 AI 탭, 쇼핑 AI 에이전트, 'Agent N' 등을 통해 검색에서 구매·예약·결제까지 이어지는 AI 경험을 고도화할 계획이다. 이용자의 탐색과 의사결정, 실행 전 과정을 연결하는... ",http://www.itdaily.kr/news/articleView.html?idxno=240030,http://www.itdaily.kr/news/articleView.html?idxno=240030,2026-06-25
AI 에이전트 예약,"네이버, ESG도 AI 중심…1조 임팩트 전략 담았다","네이버는 향후 에이전트N, AI탭, 쇼핑 AI 에이전트 등을 통해 검색에서 구매·예약·결제로 이어지는 AI 경험을 확대할 계획이다. 이외에도 지속가능성 전략을 전면 개편하고, 이해관계자의 관심이 높은... ",https://www.news1.kr/it-science/internet-platform/6207824,https://n.news.naver.com/mnews/article/421/0009022533?sid=101,2026-06-25
AI 에이전트 예약,"네이버, 플랫폼 생태계 방향성 담은 '2025 통합보고서' 발간 … AI 전환·...","AI 브리핑, ADVoost, 네이버플러스 스토어 앱 등에 AI를 적용한 데 이어, 향후 Agent N, AI 탭, 쇼핑 AI 에이전트 등을 통해 검색에서 구매·예약·결제로 이어지는 AI 경험을 고도화한다는 구상이다. ESG 분야에서도 주요... ",http://www.worktoday.co.kr/news/articleView.html?idxno=86031,http://www.worktoday.co.kr/news/articleView.html?idxno=86031,2026-06-25
AI 에이전트 예약,"클룩, 한국 MZ세대 여행객 AI 활용 행태 조사… ""탐색은 AI, 예약은 플랫...","인공지능(AI) 도구를 적극적으로 활용하고 있으나, 실제 예약 단계에서는 검증된 여행 플랫폼의 리뷰와... 현재 여행객의 탐색 편의를 돕는 AI 기반 쇼핑 에이전트의 베타 테스트를 진행 중이다. 아울러 기존에 강점을... ",https://www.discoverynews.kr/news/articleView.html?idxno=1094353,https://www.discoverynews.kr/news/articleView.html?idxno=1094353,2026-06-25
AI 에이전트 예약,"네이버, 재무·ESG 성과 담은 '2025 통합보고서' 발간","AI 브리핑, ADVoost, 네이버플러스 스토어 앱 등에 AI가 적용된 사례와 함께, 향후 에이전트 N, AI 탭, 쇼핑 AI 에이전트 등을 통해 검색에서 구매·예약·결제로 이어지는 AI 경험을 확대해 이용자의 탐색·의사결정·실행이... ",https://daily.hankooki.com/news/articleView.html?idxno=1379763,https://daily.hankooki.com/news/articleView.html?idxno=1379763,2026-06-25
AI 에이전트 예약,2030년까지 1조원…네이버 AI 생태계 투자 승부수,"AI 브리핑, ADVoost, 네이버플러스 스토어 등에 AI 기술을 적용했으며, 향후 ‘에이전트 N(Agent N)’, AI 탭, 쇼핑 AI 에이전트 등을 통해 검색부터 구매·예약·결제까지 이어지는 AI 경험을 확대할 계획이다. 이를 통해... ",https://www.edaily.co.kr/news/newspath.asp?newsid=03106166645485328,https://n.news.naver.com/mnews/article/018/0006314392?sid=105,2026-06-25
AI 에이전트 예약,"네이버, AI 수익화ㆍ생태계ㆍ탄소감축 성과 한 눈에","향후 에이전트N(Agent N), AI 탭, 쇼핑 AI 에이전트 등을 순차 도입해 검색부터 구매·예약·결제까지 끊김 없이 이어지는 AI 경험으로 확장한다는 계획이다. ◆ 기술 신뢰성 전면에…동반성장지수 9년 연속 최우수... ",https://www.financialpost.co.kr/news/articleView.html?idxno=263877,https://www.financialpost.co.kr/news/articleView.html?idxno=263877,2026-06-25
AI 에이전트 예약,"네이버 2025 통합보고서, AI가 플랫폼 지속가능성 핵심요소","향후에는 'Agent N', 'AI 탭', '쇼핑 AI 에이전트' 등을 통해 검색부터 구매·예약·결제로 이어지는 AI 경험을 확대할 계획이라고 밝혔다. ESG 전략 측면에서는 개인정보보호·정보보안·온실가스 및 에너지 관리·인적... ",https://platum.kr/archives/289773,https://platum.kr/archives/289773,2026-06-25
AI 에이전트 예약,"센드버드-GS네오텍, AI 컨시어지 기반 고객 경험 혁신 파트너십 체결","센드버드의 AI 에이전트 기술력과 GS네오텍의 고객 네트워크 및 AICC(AI Contact Center) 구축·운영 역량을... delight.ai는 생성형 AI 기반 고객 컨시어지 플랫폼으로 단순 FAQ 챗봇을 넘어 고객 문의 응대, 상담 자동화, 예약... ",https://www.hellot.net/news/article.html?no=113406,https://www.hellot.net/news/article.html?no=113406,2026-06-25
AI 에이전트 예약,"네이버, AI 시대 지속가능성 전략 담은 통합보고서 발간","향후 Agent N, AI 탭, 쇼핑 AI 에이전트 등을 통해 검색에서 구매와 예약, 결제로 이어지는 AI 경험을 확대한다는 방침이다. ESG 분야에서는 개인정보보호, 정보보안, 온실가스 및 에너지 관리, 인적 자본 관리 관련... ",https://kpenews.com/View.aspx?No=4125053,https://kpenews.com/View.aspx?No=4125053,2026-06-25
AI 에이전트 예약,"네이버 2025 통합보고서, AI가 플랫폼 지속가능성의 척도가 됐다","AI 브리핑, ADVoost, 네이버플러스 스토어 앱 등에 AI를 적용한 데 이어 향후 Agent N, AI 탭, 쇼핑 AI 에이전트 등을 통해 검색에서 구매·예약·결제로 이어지는 AI 경험을 확대할 계획이다. 이용자의 탐색과 의사결정... ",https://www.econovill.com/news/articleView.html?idxno=743394,https://www.econovill.com/news/articleView.html?idxno=743394,2026-06-25
AI 에이전트 예약,"[체험기] 카톡 채팅방에 들어온 '챗GPT' 써보니…""간편하지만 맥락 이해...","연동되는 AI 에이전트인 '카카오툴즈'를 활용할 수 있다. 실제로 추천받은 식당 중 한 곳을 골라 방문 날짜와 인원수 등 몇 가지 필요한 정보들을 입력하자, 곧바로 '카카오 예약' 서비스와 연동된 예약 페이지가... ",https://www.pinpointnews.co.kr/news/articleView.html?idxno=462716,https://www.pinpointnews.co.kr/news/articleView.html?idxno=462716,2026-06-25
AI 에이전트 예약,여행 계획은 AI에게 맡겨도 결제는 '플랫폼 리뷰' 먼저 본다,"현재 AI 기반 쇼핑 에이전트를 베타 운영 중이고, 기존 강점인 액티비티·투어·교통 분야에 호텔 카테고리를 강화해 여행 계획부터 예약까지 전 과정을 지원하는 방향으로 플랫폼 경쟁력을 키우고 있다고 설명했다.... ",https://www.hankyung.com/article/202606256640g,https://n.news.naver.com/mnews/article/015/0005302595?sid=103,2026-06-25
AI 에이전트 예약,"MZ세대, AI로 여행지 찾고 예약은 플랫폼 믿는다","현재 AI 기반 쇼핑 에이전트를 베타 테스트하며 탐색 경험을 고도화하고 있으며, 액티비티·투어·교통 분야의 기존 강점에 호텔 카테고리를 추가해 여행 계획부터 예약까지 전 과정을 아우르는 플랫폼으로 사업... ",https://www.econovill.com/news/articleView.html?idxno=743383,https://www.econovill.com/news/articleView.html?idxno=743383,2026-06-25
AI 에이전트 예약,[현장] 스테이블코인 법제화·실물연계자산 확산···문제는 가상자산...,"AI 에이전트가 항공권 조회·호텔 예약·데이터 호출 등 여러 서비스를 자동으로 수행할 경우 결제는 건당 결제가 아니라, 미세 결제 단위로 쪼개진다. 고정 수수료 구조의 카드망보다 스테이블코인 기반 결제가 적합한... ",http://www.hansbiz.co.kr/news/articleView.html?idxno=846242,http://www.hansbiz.co.kr/news/articleView.html?idxno=846242,2026-06-25
AI 에이전트 예약,"뉴욕증시 개장 전 특징주, AI 반도체 반등 시동…마이크론·ARM·샌디스↑...",두 증권사는 에이전트형 AI 확산으로 CPU 사업 전망이 개선되고 있다고 평가했다. 시장에서는 AI 연산... 회사는 인기 게임 '그랜드 테프트 오토6(GTA6)' 예약 판매를 26일부터 시작한다고 발표했다. BTIG도 신규... ,https://www.newspim.com/news/view/20260624001248,https://www.newspim.com/news/view/20260624001248,2026-06-24
AI 에이전트 예약,"공공 AX 어디까지 왔나…""폰으로 업무 처리·AI가 회의록 작성""","삼성SDS는 AI 에이전트 플랫폼 '패브릭스'와 AI 협업 설루션 '브리티웍스', AI 데이터센터 등을 중심으로 공공... 중인 'AI 국민비서' 체험존을 마련했다. 카카오톡 내에서 공공시설 예약과 전자 증명서 발급을 간편할 수... ",https://www.news1.kr/it-science/general-it/6207506,https://n.news.naver.com/mnews/article/421/0009022018?sid=105,2026-06-24
AI 에이전트 예약,“추가 연차보다 업무 줄여줄 AI가 낫다”…HR도 에이전트 시대 열린다,미팅을 예약하는 과정까지 자연어 명령으로 처리했다. HR 데이터 분석 사례에서는 전사 임직원 수 변화나 팀별 평균 연봉 등을 질문하면 AI 에이전트가 즉시 차트를 생성했다. 부장 직급 감소 추이나 사원급 이직률... ,https://biz.heraldcorp.com/article/10787192?ref=naver,https://n.news.naver.com/mnews/article/016/0002661126?sid=105,2026-06-24
AI 에이전트 예약,"[올댓차이나] 홍콩 증시, 저가 매수로 엿새 만에 반등 마감…H주 0.07%↑","18%, 채팅앱에 AI 에이전트를 도입한다는 소식이 들어온 시가총액 최대 중국 인터넷 서비스주 텅쉰 3.38% 급등했다. 컴퓨터주 롄샹집단(레노보)도 2.87%, 검색주 바이두 2.29%, 여행 예약 사이트주 트립닷컴 1.61... ",https://www.newsis.com/view/NISX20260624_0003682434,https://n.news.naver.com/mnews/article/003/0014026182?sid=104,2026-06-24
AI 에이전트 예약,"SAP ""추가 연차보다 AI 복지 선택한 직원이 20%""",미팅을 예약하는 전 과정이 자연어 명령만으로 매끄럽게 처리됐다. 데이터 분석 영역에서는 AI 에이전트가 실시간으로 인사이트를 도출하고 해법까지 제시하는 모습이 구현됐다. 전사 임직원 수 추이나 팀별 평균... ,https://www.yna.co.kr/view/AKR20260624164500017?input=1195m,https://n.news.naver.com/mnews/article/001/0016157226?sid=105,2026-06-24
AI 에이전트 예약,"[WIKI 현장] 카톡으로 증명서 떼고 시설 예약까지…카카오, 공공 AI 플랫...",가장 많은 관람객이 몰린 곳은 AI 국민비서 체험존이었다. 체험존에서는 카카오톡 안에서 공공시설 예약과... AI 국민비서는 에이전트 AI가 공공 분야에서 어떻게 활용될 수 있는지를 보여주는 대표 사례로 평가된다. 다만... ,http://www.wikileaks-kr.org/news/articleView.html?idxno=189011,http://www.wikileaks-kr.org/news/articleView.html?idxno=189011,2026-06-24
AI 에이전트 예약,카카오 노사 교섭 재개에도…하반기 AI 사업 차질 우려,"카카오는 올해 카카오톡 중심의 에이전틱 AI 플랫폼 전환에 속도를 내고 있습니다. 특히 하반기에 이용자가 카톡 내에서 예약과 결제, 검색, 쇼핑 등 다양한 업무를 수행할 수 있도록 에이전트 서비스를 고도화하는 것이... ",http://www.newstomato.com/ReadNews.aspx?no=1305109&inflow=N,http://www.newstomato.com/ReadNews.aspx?no=1305109&inflow=N,2026-06-24
AI 에이전트 예약,"""누구나 쉽게"" 라더니… 공공언어, 여전히 '해독' 필요해","03점) ‘공공시설·강좌 예약’(2.85점) ‘오류·알림 메시지’(2.65점) ‘정책·지원금 안내’(2.53점) ‘세금... By 김동욱| 2026.06.15 |2분 구글, AI 울트라 구독자 대상 ‘정보 에이전트’ 기능 선행 출시",https://ditoday.com/public-language/,https://ditoday.com/public-language/,2026-06-24
AI 에이전트 예약,"[EZ 클릭] 최태원도 주목한 '1인 1 AI 에이전트'…SKT, 일하는 방식 바꾼...",SK텔레콤이 내세운 핵심 전략은 '1인 1 AI 에이전트'다. 모든 구성원이 자신의 업무에 최적화된 AI... 에이전틱 AI는 사용자의 명령을 바탕으로 여러 웹사이트를 탐색하고 비교·분석하는 것은 물론 예약·구매·결제까지... ,https://www.ezyeconomy.com/news/articleView.html?idxno=236711,https://www.ezyeconomy.com/news/articleView.html?idxno=236711,2026-06-24
AI 에이전트 예약,"[AWC 2026 in Seoul] 김현정 가천대 길병원 교수 “왓슨 유산, 환자 곁 AI...","그로부터 10년, 그 출발점은 환자의 일상을 24시간 지키는 ‘AI 에이전트’로 이어졌다. 김현정 가천대... ‘요약 에이전트’, 증상이 위험 수준으로 악화하면 예약과 상관없이 병원 진료로 연결하는 ‘트리아지(중증도... ",http://digitalchosun.dizzo.com/site/data/html_dir/2026/06/24/2026062480142.html,http://digitalchosun.dizzo.com/site/data/html_dir/2026/06/24/2026062480142.html,2026-06-24
AI 에이전트 예약,"앤스로픽, 슬랙서 멘션으로 협업하는 '클로드 태그' 출시",놓은 AI 창에 의존할 필요가 없다. 동시에 ‘듀얼 에이전트 구조’를 지원한다. 슬랙은 슬랙봇과 @Claude를... 비동기식 작동과 스스로 일정을 예약하는 기능도 지원해 사용자가 다른 우선순위 업무에 집중하는 동안 수... ,https://www.edaily.co.kr/news/newspath.asp?newsid=04542806645485000,https://n.news.naver.com/mnews/article/018/0006313946?sid=105,2026-06-24
AI 에이전트 예약,검색도 결제도 AI가 한다…다가오는 '에이전트 커머스' 시대[2026 블록체...,"AI가 쇼핑하고 예약하는 시대 에이전트 커머스는 AI 에이전트가 사람을 대신해 상품과 서비스를 탐색하고 구매까지 수행하는 새로운 상거래 방식이다. 예를 들어 사용자가 ""이번 주말 제주도 여행을 1인당 70만원... ",https://www.newsway.co.kr/news/view?ud=2026062412001566687,https://www.newsway.co.kr/news/view?ud=2026062412001566687,2026-06-24
AI 에이전트 예약,국내 최대 규모 책 축제 '2026 서울국제도서전' 개막,"전문 에이전트가 참여하는 수출입 상담 미팅이 3일간 진행될 예정이다. 6월 28일까지 열리는 2026 서울국제도서전은 창비문화재단, 사단법인 문화가치혁신협회가 협찬한다. 입장을 위한 티켓은 네이버 예약을 통해... ",http://www.ikoreanspirit.com/news/articleView.html?idxno=86043,http://www.ikoreanspirit.com/news/articleView.html?idxno=86043,2026-06-24
AI 에이전트 예약,"스스로 검색하고 결제까지… AI 봇, 인간 트래픽 첫 추월","행동하는 AI를 뜻한다. 사용자가 목표를 입력하면 웹을 직접 탐색해 정보를 비교하고, 예약·구매... SK텔레콤 뉴스룸에 따르면, 사람의 웹 이용이 검색·클릭처럼 순차적인 흐름을 갖는 것과 달리 AI 에이전트는 여러... ",https://www.chosun.com/economy/tech_it/2026/06/24/SM3PF2XWENACZJ5JVYJOEAEETA/?utm_source=naver&utm_medium=referral&utm_campaign=naver-news,https://n.news.naver.com/mnews/article/023/0003983830?sid=105,2026-06-24
AI 에이전트 예약,"[業의 전쟁, 핀테크 vs 신용카드] ③ 페이 전성시대, 카드업권 '생존전략...","배치하고, AI 에이전트를 통해 상품 추천과 업무 처리 기능도 강화했다. 삼성카드도 삼성금융 통합 플랫폼... 쇼핑·여행·예약 등 생활 콘텐츠 추천 기능을 강화하고 있다. 우리카드도 우리WON페이를 통해 QR·바코드 결제, NFC... ",https://www.financialpost.co.kr/news/articleView.html?idxno=263780,https://www.financialpost.co.kr/news/articleView.html?idxno=263780,2026-06-24
AI 에이전트 예약,"삼성SDS·LG CNS, 공공기관 업무혁신 이끈다… AI 에이전트 격돌","ICT업계, '공공 AI 박람회'서 AI 기술 각축전 2024년 공공 AI 계약 2.8조, 10년새 11배 '쑥' AI 에이전트 기반 공공... 카카오는 메신저 서비스 카카오톡을 통해 공공시설 예약과 전자증명서 발급·제출 등이 가능한 'AI... ",https://www.asiatoday.co.kr/kn/view.php?key=20260624010008545,https://www.asiatoday.co.kr/kn/view.php?key=20260624010008545,2026-06-24
AI 에이전트 예약,[산업소식] 현대차그룹 '2026 해피무브' 발대식,LG유플러스는 다양한 업무를 자율적으로 수행하는 '에이전트형 AI(Agentic AI)' 개발과 적용도 단계적으로... 스마게 신작 '미래시: 보이지 않는 미래' 사전예약 페이지 오픈. /이미지=2026.6.24.스마일게이트 스마게 신작... ,http://www.4th.kr/news/articleView.html?idxno=2113638,http://www.4th.kr/news/articleView.html?idxno=2113638,2026-06-24
AI 에이전트 예약,"AI가 만든 인터넷 트래픽, 처음으로 사람 트래픽 추월","이는 AI 학습용 크롤러와 정보 수집용 스크래퍼, AI 에이전트 등의 활동이 급증한데 따른 결과다. 실제 AI... 예컨대 이용자가 “가장 저렴한 항공권과 숙소를 찾아 예약해 달라”고 요청하면 AI는 여러 웹사이트를 탐색해... ",https://zdnet.co.kr/view/?no=20260624113523,https://n.news.naver.com/mnews/article/092/0002427853?sid=105,2026-06-24
AI 에이전트 예약,"AI시대 UX 디자인, 'AI 슬롭' 탈출법...김유정 서울대 박사 “평균은 기...",식당 예약에서 날짜·시간을 다 고른 뒤 맨 마지막에 인원을 묻고는 자리가 없다며 처음으로 돌려보내는 식의 어긋남이 대표적”이라고 말했다. 이어 “AI가 평균을 공짜로 만들수록 끝까지 다듬는 완성도는 일종의... ,https://www.etnews.com/20260624000116,https://n.news.naver.com/mnews/article/030/0003440676?sid=105,2026-06-24
AI 에이전트 예약,"클라우드플레어, AI 에이전트 시대 웹 인증 표준 'PACT' 공개","AI 에이전트가 웹 검색, 쇼핑, 예약, 고객지원 등 다양한 온라인 활동을 대신 수행하기 시작하면서 인터넷에서는 사람과 AI 에이전트가 함께 서비스를 이용하는 환경이 빠르게 확산되고 있다. 이에 따라 웹 서비스... ",https://www.datanet.co.kr/news/articleView.html?idxno=212580,https://www.datanet.co.kr/news/articleView.html?idxno=212580,2026-06-24
AI 에이전트 예약,"카카오·NHN두레이, 공공 AI 박람회 참가…AI국민비서·두레이 소개",출시한 ‘AI 국민비서’ 체험존도 마련됐다. AI 국민비서는 카카오톡 안에서 공공시설 예약과 전자증명서... ‘두레이 AI 에이전트’를 체험형 데모 형태로 소개한다. NHN두레이는 그동안 제도적·기술적 한계로 SaaS... ,https://www.sedaily.com/article/20059228?ref=naver,https://n.news.naver.com/mnews/article/011/0004634264?sid=105,2026-06-24
AI 에이전트 예약,진화한 챗GPT? 오픈AI 슈퍼 앱 승부수 통할까,"최종 목표는 간단한 질문 답변부터 복잡한 여행 일정 짜기 및 예약 대행, 자녀의 삼각함수 학습을 돕는 맞춤형 앱 제작까지 모든 복잡한 작업을 한 곳에서 처리하는 단일 고성능 에이전트를 구축하는 것이다. 오픈AI는... ",https://www.fortunekorea.co.kr/news/articleView.html?idxno=52930,https://www.fortunekorea.co.kr/news/articleView.html?idxno=52930,2026-06-24
AI 에이전트 예약,'에이전틱 AI'가 대세… 공공시장 선점 레이스 본격화,"처리하는 AI 에이전트가 각 부스의 전면을 장식했다. 기업들은 이와 함께 클라우드·데이터센터·GPU... 개발한 'AI 국민비서'다. 이용자는 카카오톡 안에서 공공시설 예약, 전자증명서 발급, 기관 제출까지 한 번에... ",https://www.newscj.com/news/articleView.html?idxno=3411589,https://www.newscj.com/news/articleView.html?idxno=3411589,2026-06-23
AI 에이전트 예약,메신저가 AI의 새 관문…승부는 '두뇌'보다 '행동 권한',"챗GPT를 핵심 두뇌로 들이고, 카카오맵·예약하기·선물하기·멜론 같은 자체 서비스를 'Kakao Tools'로... JAPAN의 AI 에이전트 서비스를 아우르는 새 브랜드 'Agent i'를 출범시켰다. 다만 Agent i가 어떤 기반 모델을... ",https://platum.kr/archives/289689,https://platum.kr/archives/289689,2026-06-23
AI 에이전트 예약,[김승일 칼럼] 전자정부 진화와 AI 에이전트 부산 시정,나아가 비서처럼 업무를 대행해 주는 AI 에이전트(에이전틱 AI)도 각광받는다. 생성형 AI는 주어진 질문에... 자체에 AI를 도입하는 것으로 입증해야 한다. 이미 공약으로 제시한 행정·복지·의료 예약을 돕는 AI 생활비서... ,https://www.busan.com/view/busan/view.php?code=2026062318012415586,https://n.news.naver.com/mnews/article/082/0001386725?sid=110,2026-06-23
AI 에이전트 예약,삼성SDS·LG CNS·카카오 등 총출동…공공 행정도 '에이전틱 AI' 시대,"수행하는 AI 에이전트를 전면에 내세웠다. 동시에 이를 뒷받침하는 클라우드, 데이터센터, GPU 인프라... 개발한 'AI 국민비서'였다. 이용자는 카카오톡 안에서 공공시설 예약과 전자증명서 발급, 기관 제출까지... ",https://zdnet.co.kr/view/?no=20260623173831,https://n.news.naver.com/mnews/article/092/0002427767?sid=105,2026-06-23
AI 에이전트 예약,"""AI 정부, 우리가 만든다""…IT기업 경쟁 돌입",삼성SDS는 AI 에이전트 플랫폼 ‘패브릭스’와 협업 솔루션 ‘브리티웍스’를 전시했다. 특히 패브릭스를... 특히 행정안전부와 협력해 개발한 AI 국민비서를 공개했다. 이용자는 카카오톡 안에서 공공시설 예약과... ,https://www.hankyung.com/article/2026062334841,https://n.news.naver.com/mnews/article/015/0005301915?sid=105,2026-06-23
AI 에이전트 예약,"[게시판] 카카오, 공공 AI 박람회서 'AI 국민 비서' 체험존 운영 등 단신","행정안전부와 협력해 출시한 'AI 국민비서' 체험존을 운영하며, 카카오톡 안에서 공공시설 예약과... AI 에이전트 플랫폼 '패브릭스'와 AI 협업 솔루션 '브리티웍스', AI 데이터센터 등을 선보일 예정이다. 특히 국민... ",https://www.aitimes.com/news/articleView.html?idxno=212006,https://www.aitimes.com/news/articleView.html?idxno=212006,2026-06-23
AI 에이전트 예약,"“상담 넘어 예약·구매까지”…센드버드·GS네오텍, AI 컨시어지 시장...","기업이 AI 에이전트를 활용해 고객 문의 응대와 상담 자동화는 물론 예약, 주문, 추천, 세일즈 지원 등 다양한 업무를 수행할 수 있도록 설계됐다. 기존 FAQ 중심 챗봇과... ",https://www.venturesquare.net/1093005/,https://www.venturesquare.net/1093005/,2026-06-23
AI 에이전트 예약,"손해보험 빅5, 인공지능 전환에 사활 걸었다","상품 안내와 보험료 계산, 상담 예약 등을 제공하는 'AI 세일즈 챗봇 몬디'도 운영 중이다. 메리츠화재는... 오 상무는 거대언어모델(LLM)을 활용한 AI에이전트와 에이전틱 시스템을 기획하고 구축한 경험을 보유한... ",http://www.srtimes.kr/news/articleView.html?idxno=205901,http://www.srtimes.kr/news/articleView.html?idxno=205901,2026-06-23
AI 에이전트 예약,"카카오, 카나나 기반 공공 AI 에이전트 'AI 국민비서' 선보여","라이센스뉴스 = 백성요 기자 | 카카오가 자사의 인공지능(AI) 에이전트 '카나나'를 기반으로 카카오톡 기반... 카카오톡 안에서 공공시설 예약과 전자증명서 발급을 처리할 수 있고, 음성으로도 서비스를 이용할 수... ",https://www.lcnews.co.kr/news/articleView.html?idxno=203879,https://www.lcnews.co.kr/news/articleView.html?idxno=203879,2026-06-23
AI 에이전트 예약,"카카오·삼성SDS·NHN두레이, 공공 AI 박람회 총출동","카카오, NHN 두레이, 삼성SDS가 대표적으로 각각 AI 국민비서, 협업 플랫폼, AI 에이전트 등을 앞세워 행정... 공공 AI 박람회에서 카카오톡 기반 'AI 국민비서'를 공개했다. AI 국민비서는 카카오톡 안에서 공공시설 예약... ",http://www.srtimes.kr/news/articleView.html?idxno=205889,http://www.srtimes.kr/news/articleView.html?idxno=205889,2026-06-23
AI 에이전트 예약,"삼성SDS·NHN, '공공AX 확산' 전시에 나서","삼성SDS는 AI 에이전트 플랫폼 '패브릭스(FabriX)'와 AI 협업 솔루션 '브리티웍스(Brity Works)', 'AI 데이터센터... 서비스인 'AI 국민비서' 체험존에서는 카카오톡 안에서 공공시설 예약과 전자증명서 발급을 간편하게... ",https://www.thelec.kr/news/articleView.html?idxno=58491,https://www.thelec.kr/news/articleView.html?idxno=58491,2026-06-23
AI 에이전트 예약,"[IT 투데이] 넥슨, '마비노기 모바일' 쇼케이스 성료 外",에이전틱 AI 서비스를 선보인다. 방문객들은 체험형 부스를 통해 공공시설 예약과 전자증명서 발급이... AI와 통합 데이터 기반 행동 단계형 에이전트 Dooray! AI Agent의 실시간 협업 시나리오를 시연하고 기관별 맞춤형... ,https://news.dealsitetv.com/articles/172250,https://news.dealsitetv.com/articles/172250,2026-06-23
AI 에이전트 예약,넥써쓰 전준영 부장 “블록체인이 게임 살리던 시대 지났다. 이제는 게...,"첫 번째 타이틀인 ‘로한2’는 글로벌 사전예약 200만 명을 기록하고 출시 14일 만에 매출 30억 원, 누적 매출... AI 에이전트가 경제 활동하는 세상… 복잡한 블록체인 몰라도 된다 마지막으로 전 부장은 블록체인과 AI... ",https://gamefocus.co.kr/detail.php?number=176896,https://gamefocus.co.kr/detail.php?number=176896,2026-06-23
AI 에이전트 예약,센드버드·GS네오텍 맞손…AI 고객 응대 시장 공략 나선다,"센드버드의 AI 에이전트 기술과 GS네오텍의 고객 네트워크, 인공지능 컨택센터(AICC) 구축·운영 역량을... 이를 활용해 기업들의 AX(AI 전환)를 지원할 방침이다. '딜라이트 에이아이'는 고객 문의 응대 외에 예약, 주문... ",https://www.mt.co.kr/future/2026/06/23/2026062310235624835,https://n.news.naver.com/mnews/article/008/0005375837?sid=101,2026-06-23
AI 에이전트 예약,행정 AX 기술 한자리에··· '공공 AI 박람회' 개막,"카카오는 통합 AI 브랜드 '카나나' 기반 서비스를 선보이며, 카카오톡에서 공공시설 예약과 전자증명서... 업스테이지는 생성형 AI와 문서지능 플랫폼을, 와이즈넛은 공공 특화 AI 에이전트 솔루션을 소개한다. 코딧은... ",https://www.smartbizn.com/news/articleView.html?idxno=146809,https://www.smartbizn.com/news/articleView.html?idxno=146809,2026-06-23
AI 에이전트 예약,[ICT픽] 공공 AI 박람회 개막…'AI 국민비서'부터 협업 도구까지 한자리,"특히 행정안전부와 협력해 출시한 'AI 국민비서' 체험존을 마련해 공공시설 예약, 전자증명서 발급·제출... 삼성SDS는 AI 에이전트 플랫폼 '패브릭스(FabriX)'와 AI 협업 솔루션 '브리티웍스(Brity Works)', AI 데이터센터를... ",https://www.getnews.co.kr/news/articleView.html?idxno=873047,https://www.getnews.co.kr/news/articleView.html?idxno=873047,2026-06-23
AI 에이전트 예약,"센드버드·GS네오텍, AI 컨시어지 사업 확대","기업은 AI 에이전트를 활용해 고객 문의 응대, 상담 자동화, 예약·주문, 상품 추천, 세일즈 지원 등 다양한 업무를 처리할 수 있다. 이 플랫폼은 FAQ 챗봇을 넘어 실제 업무를 수행하며, 대화 맥락을 이해하고 기억해... ",http://www.hansbiz.co.kr/news/articleView.html?idxno=845814,http://www.hansbiz.co.kr/news/articleView.html?idxno=845814,2026-06-23
AI 에이전트 예약,"""카톡으로 등본 떼고 공공시설 예약도 척척""…카카오, 킨텍스서 'AI 국민...",국민 메신저 카카오톡이 인공지능(AI)과 결합해 행정 서류 발급부터 공공 서비스 예약까지 말 한마디로... 밀착형 AI 에이전트 서비스를 대거 선보인다고 23일 밝혔다. 이번 박람회는 이날부터 24일까지 이틀간 경기도... ,https://www.thefairnews.co.kr/news/articleView.html?idxno=80214,https://www.thefairnews.co.kr/news/articleView.html?idxno=80214,2026-06-23
AI 에이전트 예약,"센드버드, GS네오텍과 손잡고 AI 고객센터에 에이전트 적용 확대","양사는 센드버드의 AI 에이전트 기술력과 GS네오텍의 고객 네트워크와 인공지능 고객센터(AICC; AI Contact... 단순 문의 응대를 넘어 고객 경험 전반을 혁신할 수 있는 생성형AI로 고객 문의 해결은 물론, 예약, 주문... ",https://www.thelec.kr/news/articleView.html?idxno=58466,https://www.thelec.kr/news/articleView.html?idxno=58466,2026-06-23
AI 에이전트 예약,"카카오, 공공 AI 박람회서 '카나나' 선보인다…""AI 국민비서 체험 제공""",인공지능(AI) 브랜드 '카나나'를 기반으로 한 다양한 공공 밀착형 에이전트 서비스를 선보인다. 23일... 출시한 'AI 국민비서' 체험존도 이목을 끈다. 해당 서비스는 카카오톡 내에서 공공시설 예약과 전자증명서 발급을... ,https://www.digitaltoday.co.kr/news/articleView.html?idxno=677403,https://www.digitaltoday.co.kr/news/articleView.html?idxno=677403,2026-06-23
AI 에이전트 예약,"센드버드, GS네오텍과 AI 컨시어지 플랫폼 확대","센드버드의 AI 컨시어지 플랫폼은 기업이 AI 에이전트를 활용해 고객 문의 응대, 상담 자동화, 예약 및 주문, 상품 추천, 세일즈 지원 등 다양한 업무를 수행할 수 있도록 지원한다. 단순 FAQ 챗봇을 넘어 실제 업무를... ",https://www.sedaily.com/article/20058895?ref=naver,https://n.news.naver.com/mnews/article/011/0004633919?sid=105,2026-06-23
AI 에이전트 예약,"센드버드, GS네오텍과 고객응대 AI에이전트 만든다","delight.ai는 기업이 AI 에이전트를 활용해 고객 문의 응대, 상담 자동화, 예약 및 주문, 상품 추천, 세일즈 지원 등 다양한 업무를 수행할 수 있도록 지원한다. 단순 FAQ 챗봇을 넘어 실제 업무를 처리하는 에이전틱 AI... ",https://www.mk.co.kr/article/12080561,https://n.news.naver.com/mnews/article/009/0005697386?sid=105,2026-06-23
AI 에이전트 예약,날씨 안내부터 맛집 찾기까지…카카오톡 안에 '챗지피티 챗봇' 있다,"카카오 툴즈는 카카오에서 제공하는 '선물하기', '예약하기' 등과 같은 서비스 기능을 AI가 호출해 사용할 수 있도록 돕는 인공지능(AI) 에이전트다. 이를 통해 앱을 하나하나 열지 않고도 다양한 카카오 서비스를 한번해... ",https://www.bloter.net/news/articleView.html?idxno=665907,https://n.news.naver.com/mnews/article/293/0000086635?sid=105,2026-06-23
AI 에이전트 주문,"[2026 소비자정책포럼] 김인호 한국유통포럼 회장 ""AI가 최적의 상품 제...","0은 소비자가 직접 탐색하지 않고 AI 에이전트에 구매 의사결정을 위임하는 단계""라고 말했다. 이어 ""AI 3.0은 주문이 발생하면 곧바로 생산이 시작되는 온디맨드 유통으로 이어질 수 있다""고 내다봤다. 김 회장은 차세대... ",https://www.ajunews.com/view/20260625074647881,https://www.ajunews.com/view/20260625074647881,2026-06-25
AI 에이전트 주문,챗봇 저물고 'AI 에이전트' 개막…은행권 AX 현주소는[금융 AI 대전환],"연초부터 AI를 전면에 내세우며 조직의 체질 개선을 강하게 주문하고 있다. 이환주 KB국민은행장은 ""'AI 에이전트'를 스마트한 조수이자 동료로 활용해, 직원들은 고부가가치 전문 상담과 고객 관리에 집중해야 한다""고... ",https://www.newsway.co.kr/news/view?ud=2026062515003870957,https://www.newsway.co.kr/news/view?ud=2026062515003870957,2026-06-25
AI 에이전트 주문,"최태원 ""남들 따라가는 AI 안 돼 … 성장·복지비 절감 목표 세워야""",한다는 주문이다. 최 회장은 25일 서울 중구 대한상공회의소에서 열린 ‘AX 도전과 대응: 혁신·성장·포용을... 지원 대상자를 찾고 혜택을 전달하는 과정에서 발생하는 행정·심사 비용을 AI 에이전트로 줄이면 같은... ,https://biz.newdaily.co.kr/site/data/html/2026/06/25/2026062500228.html,https://biz.newdaily.co.kr/site/data/html/2026/06/25/2026062500228.html,2026-06-25
AI 에이전트 주문,"번역기 돌리던 해외직구는 끝…네이버, 'AI 직구'에 베팅 [고은이의 비즈...","네이버 측은 사줘가 배송비·관세·수수료를 약 95% 정확도로 예측하고, AI 에이전트가 상품 번역·가격 책정... 상품 URL을 넣으면 AI가 상품 정보를 읽고 번역한 후 주문서까지 만들어준다. 사줘는 해외 소비자가 K뷰티... ",https://www.hankyung.com/article/202606258212i,https://n.news.naver.com/mnews/article/015/0005302822?sid=103,2026-06-25
AI 에이전트 주문,"최태원 회장 ""AI, 목표 없이 남 따라하면 안 돼""","최 회장은 이달 초 경기 이천 SKMS연구소에서 열린 '2026 뉴 이천포럼'에서 ""360도 전방위로, 전속력으로 AI 전환에 돌입해야 할 때""라며 SK그룹 임직원 전원에게 '1인 1 AI 에이전트' 활용을 주문한 바 있다. 당시 그는 ""AI... ",https://www.financialpost.co.kr/news/articleView.html?idxno=263954,https://www.financialpost.co.kr/news/articleView.html?idxno=263954,2026-06-25
AI 에이전트 주문,"카카오모빌리티, 모빌리티 DNA로 로봇 생태계 키운다","주문 접수부터 도로 위 미들마일 운송, 창고 내 작업까지 전 과정을 끊김 없이 최적화하는 환경을 구축할 계획이다. 카카오모빌리티는 서비스 영역을 로봇 배송에서 청소·안내·물류 등 모든 자율주행 에이전트로... ",https://byline.network/?p=9004111222609625,https://byline.network/?p=9004111222609625,2026-06-25
AI 에이전트 주문,[민주 유통가] 배달의민족·쿠팡·GS샵,민주신문=김혜인 기자｜우아한형제들은 배달의민족 앱 내 함께주문 서비스에 더치페이 기능을 추가했다.... 회사는 2016년부터 추진한 디지털 전환과 AI 전환 과정에서 구축한 약 30개의 디지털 툴과 AI 에이전트를 한곳에... ,http://www.iminju.net/news/articleView.html?idxno=165804,http://www.iminju.net/news/articleView.html?idxno=165804,2026-06-25
AI 에이전트 주문,“AI 협업툴 도입해서 끝날 문제 아냐…업무 방식 전환이 핵심”,"생성형 AI와 에이전트 AI가 워크플레이스 전반으로 확산되는 가운데 기업들은 AI 도입 이후에도 전사 확산... AI가 문서를 요약하거나 답변을 생성하는 단계를 넘어 기업 내부 시스템과 연결돼 주문, 정산, 결재, 보고... ",https://www.ddaily.co.kr/page/view/2026062512505351198,https://n.news.naver.com/mnews/article/138/0002232070?sid=105,2026-06-25
AI 에이전트 주문,"오픈AI, 첫 자체 AI칩 '할라페뇨' 개발…자체 인프라 구축 시동","AI 전용 프로세서 '할라페뇨'는 대규모언어모델(LLM)의 추론에 특화된 주문형반도체(ASIC)로, 이용자의 질문에 답변을 생성하거나 AI 에이전트를 구동하는 작업을 담당한다. 오픈AI 엔지니어와 브로드컴이 공동... ",http://game.dailyesports.com/view.php?ud=20260625122609992243da15d9d2_26,https://m.sports.naver.com/esports/article/347/0000194207,2026-06-25
AI 에이전트 주문,"카카오모빌리티 플랫폼 노하우, 로봇 시장에 이식한다","특히 QR 주문 시스템과 관제 플랫폼을 결합해 호텔 룸서비스 매출을 3배 이상 끌어올리며, 로봇이 단순한... 영역을 로봇 배송에서 청소, 안내, 물류 등에 이르는 모든 자율주행 에이전트 연결로 확대해 나가겠다”고 밝혔다.",https://www.munhwa.com/article/11598184?ref=naver,https://n.news.naver.com/mnews/article/021/0002800284?sid=101,2026-06-25
AI 에이전트 주문,"'야놀자 출신' 김종윤 영입한 롯데하이마트, AI로 반등 노린다","근무 시간의 상당 부분을 차지했던 데이터 분석과 보고서 작성 등의 작업을 AI에 맡기고, 임직원은 업무 본질에 집중해 생산성을 한층 높이라는 주문이다. 롯데그룹이 올해 들어 AI 에이전트 도입과 개발 등에 속도를... ",https://news.tf.co.kr/read/economy/2336455.htm,https://n.news.naver.com/mnews/article/629/0000510545?sid=101,2026-06-25
AI 에이전트 주문,허태수 GS그룹 회장 AI 공격 경영…24곳 투자 결실,엘리스그룹 ▷AI 에이전트 기반 인증 인프라 플랫폼 데이터레고(DataLego) ▷AI 에이전트 컨트롤 설루션을... 피지컬 AI를 결합하고 외부 기술 기업과의 과감한 파트너십을 통해 비즈니스 임팩트를 보여달라”고 주문... ,https://biz.heraldcorp.com/article/10787946?ref=naver,https://n.news.naver.com/mnews/article/016/0002661454?sid=101,2026-06-25
AI 에이전트 주문,[Big Tech Report] 오픈AI·브로드컴의 역작 '할라페뇨' 등장… AI 하드웨...,"자체 AI 추론 전용 주문형 반도체(ASIC), '할라페뇨(Jalapeño)'를 전격 공개했다.  멕시코산 매운 고추에서... 이 거대한 연산 칩을 중심으로 무려 6개의 고대역폭메모리(HBM) 모듈이 탑재되어, 대규모 에이전트(Agentic) AI와... ",https://www.businesskorea.co.kr/news/articleView.html?idxno=271969,https://www.businesskorea.co.kr/news/articleView.html?idxno=271969,2026-06-25
AI 에이전트 주문,"이재명 대통령 ""청년 소외"" 지적에…은행권 팔 걷었다","확대를 주문했다. 은행권의 청년미래적금 출시와 동시에 우대금리, 경품, 캐시백, 포인트 지급 이벤트를... 교육생은 5개월 동안 금융·디지털 산업 이해, OA·AI 활용, 파이선·SQL 기초, AI 에이전트 활용, AI 기반 데이터... ",https://www.ebn.co.kr/news/articleView.html?idxno=1713871,https://www.ebn.co.kr/news/articleView.html?idxno=1713871,2026-06-25
AI 에이전트 주문,오픈AI 첫 AI 칩 '할라페뇨' 공개…삼성·SK하이닉스 메모리 탑재,할라페뇨는 ChatGPT의 답변 생성과 AI 에이전트 구동 등 추론(Inference) 작업을 처리하기 위해 설계된 ASIC(주문형 반도체)이다. 범용 GPU와 달리 특정 AI 연산에 최적화돼 성능과 전력 효율을 높이고 데이터센터 운영... ,https://kbench.com/?q=node/279872,https://kbench.com/?q=node/279872,2026-06-25
AI 에이전트 주문,"클라우드플레어, 개인정보보호 인증 프로토콜 'PACT' 공개","음식 주문과 같은 일상적인 작업을 처리하려면 기존에는 사용자가 직접 메뉴를 탐색하고 결제해야 했지만, AI시대에는 사용자를 대신해 자율형 에이전트가 이러한 작업을 수행할 것으로 예상된다. 사람이 직접 클릭하는... ",https://www.itbiznews.com/news/articleView.html?idxno=217270,https://www.itbiznews.com/news/articleView.html?idxno=217270,2026-06-25
AI 에이전트 주문,시총 5조 달러 시대 연 엔비디아… 추가 상승 여력 놓고 월가 의견 엇갈...,"개가량 주문한 상태다. 엔비디아는 에이전트 AI(Agentic AI)의 확산으로 중요성이 커진 데이터 센터용 CPU 시장에서도 새로운 기회를 모색하고 있다. 젠슨 황(Jensen Huang) 최고경영자(CEO)는 CPU 분야에서만 {2,000억 달러}... ",http://coinreaders.com/244402,http://coinreaders.com/244402,2026-06-25
AI 에이전트 주문,"그룹 'AI 대전환' 선두 SKT, 독자 AI 제조업에 첫 적용…산업 AX 본격 시...",AX(AI 전환)에 속도를 내고 있다. 최태원 SK그룹 회장이 그룹의 'AI 대전환'을 주문하면서 SK그룹 계열사들이... 기반 AI 에이전트 현장 실증을 위한 전략적 업무협약을 각각 체결했다고 25일 밝혔다. SK텔레콤의 독자 AI... ,https://www.socialvalue.kr/news/view/1065574527258041,https://www.socialvalue.kr/news/view/1065574527258041,2026-06-25
AI 에이전트 주문,"[만나보니] 딜로이트 AI 리더 ""AI 파편화 시대…국가별 챔피언 뜬다""","이사회 수준의 강력한 AI 거버넌스 프로그램, 에이전트가 탈선하지 않도록 인간이 개입하는 안전장치... 오케스트레이션을 주문했다. 아울러 기업 현장에서 프론티어 기업의 거대언어모델(LLM) 경쟁보다 더 중요한 진짜... ",https://www.yna.co.kr/view/AKR20260625035700017?input=1195m,https://n.news.naver.com/mnews/article/001/0016157784?sid=105,2026-06-25
AI 에이전트 주문,"[리테일 인사이드] 현대백화점·SSG닷컴·배민·GS샵·롯데백화점...""경험...",배달의민족 배달의민족은 공동주문 서비스 '함께주문'에 더치페이 기능을 새롭게 도입했다. 주문자가 먼저... 약 30개의 디지털 툴과 AI 에이전트를 하나의 플랫폼에서 활용할 수 있도록 통합했다. 자연어 검색 기반 AI... ,http://www.kdfnews.com/news/articleView.html?idxno=184561,http://www.kdfnews.com/news/articleView.html?idxno=184561,2026-06-25
AI 에이전트 주문,벌써 24곳 투자…허태수式 AI 임팩트 경영 눈길,엘리스그룹 ▷AI 에이전트 기반 인증 인프라 플랫폼 데이터레고(DataLego) ▷AI 에이전트 컨트롤 설루션을... 피지컬 AI를 결합하고 외부 기술 기업과의 과감한 파트너십을 통해 비즈니스 임팩트를 보여달라”고 주문... ,https://biz.heraldcorp.com/article/10787635?ref=naver,https://n.news.naver.com/mnews/article/016/0002661318?sid=101,2026-06-25
AI 에이전트 주문,"데이터브릭스, 업계 최초 'LTAP' 아키텍처 공개…AI 에이전트 시대 데이...","모델로 AI 에이전트가 실시간으로 데이터를 읽고, 추론하고, 실행하는 시대를 맞아 데이터 인프라의... 주문, 결제, 고객 관리 등 트랜잭션 데이터는 OLTP 시스템에 저장되고, 경영 분석과 비즈니스 인텔리전스(BI)는... ",https://www.aitimes.kr/news/articleView.html?idxno=40675,https://www.aitimes.kr/news/articleView.html?idxno=40675,2026-06-25
AI 에이전트 주문,[유통딜리버리] 롯데百ㆍ신세계百ㆍ롯데마트ㆍCUㆍGS샵ㆍ세븐일레븐ㆍ...,"▲GS샵, DXㆍAI 업무 도구 통합 포털 xhub+ 연다 GS샵이 25일 사내 디지털 툴과 AI 에이전트를 한곳에 모은 통합... ▲배민, 함께주문에 더치페이 기능 추가 배달의민족 운영사 우아한형제들이 공동주문 서비스 함께주문에... ",https://www.dnews.co.kr/uhtml/view.jsp?idxno=202606250908421800684,https://www.dnews.co.kr/uhtml/view.jsp?idxno=202606250908421800684,2026-06-25
AI 에이전트 주문,"센드버드-GS네오텍, AI 컨시어지 기반 고객 경험 혁신 파트너십 체결","센드버드의 AI 에이전트 기술력과 GS네오텍의 고객 네트워크 및 AICC(AI Contact Center) 구축·운영 역량을... 생성형 AI 기반 고객 컨시어지 플랫폼으로 단순 FAQ 챗봇을 넘어 고객 문의 응대, 상담 자동화, 예약 및 주문... ",https://www.hellot.net/news/article.html?no=113406,https://www.hellot.net/news/article.html?no=113406,2026-06-25
AI 에이전트 주문,"[테크 차이나] 더우바오 2세대 AI 스마트폰, 2분기 출시 추진…중국 AI ...",사용자 명령에 따라 여러 앱을 오가며 작업을 수행하는 에이전트형 AI를 구현해 스마트폰 사용 방식 자체를 변화시키겠다는 구상이다. 예를 들어 사용자가 “가장 저렴한 배달 서비스를 찾아 주문해 달라”고 요청하면... ,https://www.etnews.com/20260623000401,https://n.news.naver.com/mnews/article/030/0003441079?sid=105,2026-06-25
AI 에이전트 주문,"""2028년 AI 코딩 비용, 개발자 평균 연봉 넘어설 것""...가트너 전망","가트너는 비용 관리를 위해 소프트웨어 엔지니어링 리더들에게  5가지를 주문했다. ▲개발자 주도, 에이전트 보조, 완전 에이전트 주도 등 작업 유형별 AI 활용 기준을 명확히 세울 것 ▲복잡도에 맞게 모델을 선택해 단순... ",https://www.digitaltoday.co.kr/news/articleView.html?idxno=678079,https://www.digitaltoday.co.kr/news/articleView.html?idxno=678079,2026-06-25
AI 에이전트 주문,[금융 슈퍼앱 전쟁] [신한] 은행앱으로 들어온 주식투자…머니무브 '방...,"고객은 주문 화면, 시세 정보, 리서치, 해외주식 접근성, ETF(상장지수펀드)·연금 거래 편의성 등을... 이번에 도입된 AI 에이전트 기능 역시 통합 경험을 고도화할 수 있다. 신한금융은 ""새 슈퍼SOL에서 고객이 자연스러운... ",https://news.dealsitetv.com/articles/172314,https://news.dealsitetv.com/articles/172314,2026-06-25
AI 에이전트 주문,"오픈AI, 자체 개발 '추론 칩' 공개… ""9개월 만에 테이프아웃""",오픈AI가 브로드컴과 손잡고 최신 대형언어모델(LLM)과 에이전트형 AI 워크로드에 특화된 맞춤형 추론... 오픈AI의 첫 번째 자체 칩이다. 오픈AI는 24일(현지시간) 브로드컴이 맞춤형 추론 전용 주문형반도체(ASIC)인... ,https://www.aitimes.com/news/articleView.html?idxno=212074,https://www.aitimes.com/news/articleView.html?idxno=212074,2026-06-25
AI 에이전트 주문,"[비즈톡톡] 틱톡 키운 바이트댄스, 中 반도체 자립 견인… 엔비디아 막...","생성, AI 에이전트 기능을 갖춘 업무용 플랫폼으로 키워 기업용 AI 시장을 공략한다는 구상입니다. 나아가... 동시에 자체 중앙처리장치(CPU) 개발에도 착수했고, 미국 반도체 기업 퀄컴과 AI 데이터센터용 주문형 반도체... ",https://biz.chosun.com/it-science/ict/2026/06/25/Z6XSTODITZBIHC62YG2GOGB45I/?utm_source=naver&utm_medium=original&utm_campaign=biz,https://n.news.naver.com/mnews/article/366/0001174192?sid=105,2026-06-25
AI 에이전트 주문,[증권 뉴스브리핑] 국민연금 '리밸런싱 유예 곧 만료... '수십조' 매도물...,"관리를 주문했다. 금융감독원은 24일 금융투자협회와 주요 증권사 최고리스크담당자(CRO) 등과 간담회를... 투자한다""며 ""AI가 에이전트 단계에 진입하면서 메모리 수요가 폭발적으로 증가하고 있고, 메모리... ",https://www.asiatime.co.kr/article/20260624500414,https://www.asiatime.co.kr/article/20260624500414,2026-06-24
AI 에이전트 주문,"""AI도 제로트러스트 대상...행위주체에 포함해야""","그는 ""AI에이전트는 명령을 받은 다음에는 스스로 목표를 세우고 여러 에이전트나 외부 툴을 이용해서... 전략으로 ▲AI의 양면성 인정 ▲국제 표준의 내재화 ▲회복력 중심의 프로세스 혁신 등을 주문했다. 한 소장은... ",https://zdnet.co.kr/view/?no=20260624214317,https://n.news.naver.com/mnews/article/092/0002427944?sid=105,2026-06-24
AI 에이전트 주문,"AWS, 아마존 퀵에 자율 에이전트와 통합 활동 피드 기능 추가",수행하는 AI 어시스턴트다. AWS는 자연어로 필요한 작업을 설명하거나 사전 구성된 에이전트... 구매 주문 처리 등 다양한 업무를 지속적으로 수행한다. 사용자는 아마존 퀵에서 진행 상황을 모니터링하고 추가 지시를... ,https://www.thelec.kr/news/articleView.html?idxno=58587,https://www.thelec.kr/news/articleView.html?idxno=58587,2026-06-24
AI 에이전트 주문,"""정말 놀라운 일"" 엔비디아 임원도 '깜짝'…1조달러 '꿈틀'","필수적""라고 주문했다. 크리스틴 안 딜로이트 글로벌 엔비디아 총괄은 AI 인프라를 단순한 GPU 도입 문제로... 이나경 SAP 파트너는 인사 시스템 안에서 작동하는 AI 에이전트 '줄(Joule)'을 소개했다. 그는 ""범용적인... ",https://www.hankyung.com/article/202606245837g,https://n.news.naver.com/mnews/article/015/0005302346?sid=105,2026-06-24
AI 에이전트 주문,"[EZ 클릭] 최태원도 주목한 '1인 1 AI 에이전트'…SKT, 일하는 방식 바꾼...",특히 최태원 SK그룹 회장이 최근 '2026 뉴 이천포럼'에서 SK텔레콤의 '1인 1 AI 에이전트' 사례를 그룹 전체로 확산할 것을 주문하면서 AI 전환은 SK텔레콤을 포함한 SK그룹 차원의 과제로 떠오르고 있다. AI 기술의 발전... ,https://www.ezyeconomy.com/news/articleView.html?idxno=236711,https://www.ezyeconomy.com/news/articleView.html?idxno=236711,2026-06-24
AI 에이전트 주문,검색도 결제도 AI가 한다…다가오는 '에이전트 커머스' 시대[2026 블록체...,"대부분을 AI가 대신 수행한다는 점이 가장 큰 차이다. 이에 대해 양 연구원은 ""에이전트 커머스는 온라인 쇼핑과 여행 예약, 음식 주문, 구독 관리, 보험·금융상품 비교 등 다양한 영역으로 확대될 가능성이 높다""고... ",https://www.newsway.co.kr/news/view?ud=2026062412001566687,https://www.newsway.co.kr/news/view?ud=2026062412001566687,2026-06-24
AI 에이전트 주문,"[월가 톡톡] ""아마존의 챗GPT 광고, 그들의 핵심 전략 보여줘""","그는 ""아마존의 챗GPT 광고 집행 결정은 '상징적'""이라며 ""그동안 아마존은 제3자 챗봇이나 AI 에이전트사가... 22일(현지시간) 비즈니스인사이더(BI)에 따르면 로봇닷컴은 주문 포장, 상자 상·하차, 작업대 정리 등을... ",https://news.einfomax.co.kr/news/articleView.html?idxno=4421651,https://news.einfomax.co.kr/news/articleView.html?idxno=4421651,2026-06-24
AI 에이전트 주문,"충북참여연대·도의회, '민선 9기 충북도정에 바란다' 정책포럼 개최","이어 전임 도정에 대한 비판적 성찰을 주문하며 △야당 국회의원·단체장·도의회와의 협력 체계 제도화... 이현웅 동국대 초빙교수는 ""생성형 AI의 일상화, 에이전트 AI의 등장, 피지컬 AI·로봇 확산, AI 데이터센터... ",https://www.ccreview.co.kr/news/articleView.html?idxno=351142,https://www.ccreview.co.kr/news/articleView.html?idxno=351142,2026-06-24
AI 에이전트 주문,"AWS, '아마존 퀵'에 자율 에이전트 추가…""흩어진 작업 한 번에""",AWS는 인공지능(AI) 어시스턴트 '아마존 퀵'에 자율 에이전트와 통합 활동 피드 기능을 추가했다고 24일... 구매 주문 처리 등을 코딩 없이 수행한다. 사용자는 아마존 퀵에서 진행 상황을 확인하고 추가 지시를 내리거나... ,https://zdnet.co.kr/view/?no=20260624152252,https://n.news.naver.com/mnews/article/092/0002427878?sid=105,2026-06-24
AI 에이전트 주문,[현장] 데이터 못 읽는 AI는 무용지물…KT·삼성 해법은,"온톨로지는 흩어진 데이터를 모으는 것을 넘어 고객·재고·주문·공급망 등 실제 업무 요소 관계와... 유 그룹장은 ""AI 에이전트 고도화에 몰두하는 사이 정작 그 일을 할 엔지니어 육성을 놓쳐선 안 된다""며 ""결국은 휴먼... ",https://zdnet.co.kr/view/?no=20260624114132,https://n.news.naver.com/mnews/article/092/0002427864?sid=105,2026-06-24
AI 에이전트 주문,"[AI 클라우드 컨퍼런스] ""AI 클라우드 최적화 방안·미래 방향""(종합)",'2026 AI 솔루션 컨퍼런스' 현장 (사진: 컴퓨터월드/IT DAILY) AI 에이전트 중심의 '에이전틱 AI 경제'가... 기술 공급자에게는 웹 포털이 없는 비즈니스 설계와 클라우드 네이티브 등 핵심 기술 스택 구축을 주문하는 한편... ,http://www.itdaily.kr/news/articleView.html?idxno=240023,http://www.itdaily.kr/news/articleView.html?idxno=240023,2026-06-24
AI 에이전트 주문,"AWS, 아마존 퀵에 자율 에이전트·통합 활동 피드 추가",수행하는 AI 어시스턴트다. 신규 자율 에이전트 기능은 사용자가 자연어로 필요한 작업을 설명하거나... 구매 주문 처리 등 다양한 업무를 백그라운드에서 지속적으로 수행한다. 사용자는 아마존 퀵에서 진행 상황을... ,https://www.datanet.co.kr/news/articleView.html?idxno=212593,https://www.datanet.co.kr/news/articleView.html?idxno=212593,2026-06-24
AI 에이전트 주문,[AI 클라우드 컨퍼런스] 웹·API 넘어 '에이전틱 AI 경제'로…'분산 클라...,"가운데, AI 에이전트가 주도하는 흐름은 이미 가로막을 수 없는 거대한 생태계적 변화로 자리 잡고 있다는... 고려를 주문했다. 수요자에게는 미 국방부의 사례를 들며 목표 주도형 기술 성장의 필요성을 강조하고, AI가... ",http://www.itdaily.kr/news/articleView.html?idxno=240012,http://www.itdaily.kr/news/articleView.html?idxno=240012,2026-06-24
AI 에이전트 주문,"남성, 차량용 AI 디바이스 'NS AI LINK' 양산 완료…7월부터 월마트 3600개...",회사는 첫 주문 물량인 50억원 규모 제품 선적을 완료하며 미국 판매를 위한 공급 준비를 마쳤다. 남성은 이번 제품 출시를 계기로 빠르게 성장하는 AI 및 AI 에이전트 서비스를 차량 환경과 연결하는 하드웨어... ,https://www.etoday.co.kr/news/view/2596718,https://www.etoday.co.kr/news/view/2596718,2026-06-24
AI 에이전트 주문,"AWS, AI 어시스턴트 ‘아마존 퀵’에 자율 에이전트·통합 활동 피드 추...","AWS가 AI 업무 어시스턴트 ‘아마존 퀵(Amazon Quick)’에 자율 에이전트(Autonomous Agent)와 통합 활동 피드(Activity... 이를 통해 정체된 거래 알림과 후속 조치 초안 작성, CRM 데이터 업데이트, 규제 변경 영향 분석, 구매 주문... ",https://www.cnet.co.kr/view/?no=20260624110427,https://www.cnet.co.kr/view/?no=20260624110427,2026-06-24
AI 에이전트 주문,송길영 시대예보 작가 “AI에 저항 말라… 김대리 시대 저물고 경량 문...,"주문과 결제를 사람이 받지 않아도 되면서 운영 방식이 바뀌었고, 경쟁 매장이 키오스크를 쓰기 시작하면... 송 작가는 올해 변화의 핵심으로 ‘AI 에이전트’와 ‘온톨로지’를 꼽았다. 지난해가 거대언어모델(LLM)의... ",https://biz.chosun.com/topics/topics_social/2026/06/24/G4LNAE3L3BDLBHVLWU2CSES7RU/?utm_source=naver&utm_medium=original&utm_campaign=biz,https://n.news.naver.com/mnews/article/366/0001173952?sid=102,2026-06-24
AI 에이전트 주문,"남성, 월마트 3600개 매장서 AI 차량용 디바이스 판매…""북미 모빌리티...",이를 통해 운전자는 차량 환경에서 스마트폰 기반 AI 기능과 다양한 AI 에이전트 서비스를 함께 활용할 수... 이후 초도 주문 물량에 대한 선적까지 마무리하며 북미 시장 진출 준비를 마쳤다. 남성은 향후 차량 내 AI... ,https://www.edaily.co.kr/news/newspath.asp?newsid=03621126645485000,https://n.news.naver.com/mnews/article/018/0006313711?sid=101,2026-06-24
AI 에이전트 주문,"AWS, 아마존 퀵에 자율 에이전트 도입…""AI가 목표 따라 업무 수행""","수행하는 AI 어시스턴트다. 새롭게 추가된 자율 에이전트는 사용자가 자연어로 업무를 설명하거나 사전... 에이전트는 정체된 영업 거래 모니터링, 후속 이메일 초안 작성, CRM 정보 업데이트, 규제 변화 분석, 구매 주문... ",https://www.epnc.co.kr/news/articleView.html?idxno=403423,https://www.epnc.co.kr/news/articleView.html?idxno=403423,2026-06-24
AI 에이전트 주문,"클라우드플레어, AI 에이전트 시대 웹 인증 표준 'PACT' 공개","과거에는 음식 주문과 같은 일상적인 업무를 사용자가 직접 수행했지만 이제는 자율형 AI 에이전트가 이를 대신 처리하기 시작했다""며 ""AI 기반 트래픽이 급격히 증가하면서 기존 검증 방식만으로는 이러한 변화를... ",https://www.datanet.co.kr/news/articleView.html?idxno=212580,https://www.datanet.co.kr/news/articleView.html?idxno=212580,2026-06-24
AI 에이전트 주문,"[헬로즈업] AI 데이터센터 붐, 산업 제조업의 판을 바꾼다","이튼(Eaton)은 2025년 4분기 Electrical Americas 부문의 12개월 이동평균 주문이 데이터센터 수요에 힘입어 16... 그러나 앞으로는 고도화된 로봇, 자율 운영, 피지컬 AI, 에이전트형 AI 기반 자동화 기술을 본격적으로 도입하고... ",https://www.hellot.net/news/article.html?no=113366,https://www.hellot.net/news/article.html?no=113366,2026-06-24
AI 에이전트 주문,"[디지털포스트 모닝픽] 반도체주 급락, 반도체지수 폭락 … 한미 '닮은꼴...",사전 주문 돌입 [디지털포스트(PC사랑)=이백현 기자] 최근 반도체 주의 경우 한국 증시에서 보이는 추세를... AI 에이전트 확산으로 CPU의 역할이 다시 커지고 있다는 평가입니다. ■ 삼성전자와 SK하이닉스가 호남... ,https://www.ilovepc.co.kr/news/articleView.html?idxno=59814,https://www.ilovepc.co.kr/news/articleView.html?idxno=59814,2026-06-24
AI 에이전트 주문,"AWS, 아마존 퀵에 자율 에이전트·활동 피드 추가… AI 어시스턴트 기능...","처리하는 AI 어시스턴트다. 이번 업데이트의 핵심은 자율 에이전트다. 사용자는 자연어로 필요한 작업을... 안에 에이전트를 만들 수 있다. 코딩 없이 정체된 거래 알림, 후속 조치 초안 작성, CRM 기록 업데이트, 구매 주문... ",https://www.econovill.com/news/articleView.html?idxno=743256,https://www.econovill.com/news/articleView.html?idxno=743256,2026-06-24
AI 에이전트 주문,"주문 900억달러 몰리자 판 키웠다…스페이스X, 채권 발행 250억달러로 '확...",투자자 주문이 몰리면서 발행 규모를 50억달러(약 7조7000억원) 늘렸다. 스페이스X는 22일 선순위 무담보채... 이와 함께 그록(Grok) 모델과 코딩 에이전트 개편을 포함한 다양한 인공지능(AI) 프로젝트에도 자금을... ,https://www.digitaltoday.co.kr/news/articleView.html?idxno=677733,https://www.digitaltoday.co.kr/news/articleView.html?idxno=677733,2026-06-24
AI 에이전트 주문,"알리바바, AI 반도체 자회사 '티헤드' 승부수…자본금 3배 증액",겨냥한 주문형 반도체 '전우 810E'를 소개하면서 엔비디아 H20과 비슷한 수준의 성능을 냈다고 밝혔다. H20은 미국의 수출 규제를 반영해 중국 시장용으로 조정된 GPU다. 이어 5월에는 복합적인 에이전트형 AI 작업에... ,https://www.digitaltoday.co.kr/news/articleView.html?idxno=677724,https://www.digitaltoday.co.kr/news/articleView.html?idxno=677724,2026-06-24
AI 에이전트 주문,"""KT 대리점 어디에 낼까?"" 묻자…AI가 '송파구' 꼽은 이유 [현장+]","""KT 대리점 신규 출점에 쓸 상권 분석 시스템 만들어줘."" 이 같이 주문하자 인공지능(AI)은 몇 차례 되물으며 요구사항을 좁히더니, 에이전트 12개를 스스로 꾸려 5분 만에 대시보드를 완성했다. 서울 26개 자치구... ",https://www.hankyung.com/article/202606232591g,https://n.news.naver.com/mnews/article/015/0005302105?sid=105,2026-06-24
AI 에이전트 주문,실무에 꼭 맞는 비서로… SKT ‘말뿐인 AI’ 넘어 ‘쓰는 AI’ 박차,지난 11∼13일 개최된 SK그룹의 ‘2026 뉴 이천포럼’에서는 최태원 회장이 SKT 사례를 그룹 전체로 확산하자고 주문하면서 1인 1 AI 에이전트는 그룹 차원의 화두로 자리매김했다. 1인 1 AI 에이전트의 구체적인 실행... ,https://www.segye.com/newsView/20260623514936?OutUrl=naver,https://n.news.naver.com/mnews/article/022/0004137761?sid=101,2026-06-24
AI 에이전트 주문,"AI 인력 이탈에, 신규 모델 공개도 감감무소식···길어지는 구글 침묵...",자체 주문제작 반도체인 TPU(텐서처리장치) 확대로 추론 비용도 절감할 수 있다는 기대감이 컸다. 향후 애플 스마트폰 시리 기능에 제미나이 기술이 채택되는 등 플랫폼 장악력도 입증했다. 그러나 이후 ‘에이전트 AI... ,https://www.khan.co.kr/article/202606240600111,https://n.news.naver.com/mnews/article/032/0003453929?sid=101,2026-06-24
AI 에이전트 주문,마이크론 -13% 반도체주 폭락…메모리 공급 과잉 우려 재점화,"또 2018~2019년에는 클라우드 업체(하이퍼스케일러)들이 대규모 주문을 했다가 실제 구매를 축소하면서... AI 에이전트, 실시간 동영상 생성 등에는 대규모의 고속 메모리가 필요하다. 게다가 HBM은 과거 현물 시장... ",http://www.fnnews.com/news/202606240131429022,https://n.news.naver.com/mnews/article/014/0005538752?sid=101,2026-06-24
AI 에이전트 주문,"""매장 운영도 AI로""... 티오더, AI 데이터 인프라 기업으로 '대전환'","실행형 AI에이전트 서비스다. 단순 상담이나 문의 응답에 그치는 챗봇과는 다르게 매장 운영자의 요청을... 티오더는 전국 35만대 규모의 오프라인 접점과 실시간 주문처리 기술, 매장별 메뉴·운영 데이터, 대규모... ",http://www.newsbrite.net/news/articleView.html?idxno=198825,http://www.newsbrite.net/news/articleView.html?idxno=198825,2026-06-23
AI 에이전트 주문,"[데일리시큐 CISO 조찬] 김성현 퓨쳐시스템 상무 ""금융AI 보안, 기존 통...","네 번째 이용자·에이전트 계층에서는 AI가 외부 API를 호출하거나 금융거래를 자율 실행하는 과정에 사람의... 이어 허용할 AI 도구와 금지할 행위, 위반 발생 시 처리절차를 한 페이지 분량의 규정으로 만들 것을 주문했... ",https://www.dailysecu.com/news/articleView.html?idxno=207289,https://www.dailysecu.com/news/articleView.html?idxno=207289,2026-06-23
AI 에이전트 주문,"“초과 세수는 하늘이 주신 기회, 미래 위해 혁신기술에 투자해야” [최...","2026년 멀티 에이전트 AI의 원년을 맞아 제조업 전 단계와 결합한 피지컬 AI 등 우리 경제의 전반적인 능력을... 강력히 주문했으며, 이를 반영해 지난 4월 국민성장펀드의 벤처 혁신기업 지원방안이 마련됐다. 딥테크 등을... ",https://www.joongang.co.kr/article/25439188,https://n.news.naver.com/mnews/article/025/0003532550?sid=110,2026-06-23
AI 에이전트 주문,"“상담 넘어 예약·구매까지”…센드버드·GS네오텍, AI 컨시어지 시장...","기업이 AI 에이전트를 활용해 고객 문의 응대와 상담 자동화는 물론 예약, 주문, 추천, 세일즈 지원 등 다양한 업무를 수행할 수 있도록 설계됐다. 기존 FAQ 중심 챗봇과... ",https://www.venturesquare.net/1093005/,https://www.venturesquare.net/1093005/,2026-06-23
AI 에이전트 주문,"오늘 주식 팔면 내일 입금…금융위, 결제주기 단축 로드맵 10월 공개","검토를 주문하면서 주목받았다. 권 부위원장은 이날 “결제주기 단축은 거래와 결제 사이의 리스크를... 지원하는 AI 투자 에이전트 활용도 검토한다. 권 부위원장은 결제주기 단축과 거래시간 연장, 블록체인 기반 자산... ",https://www.mk.co.kr/article/12081006,https://n.news.naver.com/mnews/article/009/0005697717?sid=101,2026-06-23
AI 에이전트 주문,HBM 부족해도 못 산다…AI 빅테크 '메모리 확보 전쟁',"23일 시장조사업체 트렌드포스에 따르면 올해 AI 주문형반도체(ASIC) 성능 고도화로 HBM 수요는 크게... 김동원 KB증권 연구원은 ""델과 마이크로소프트의 AI 에이전트 PC 출시, 신형 아이폰의 AI 기능 확대 등으로... ",https://www.etoday.co.kr/news/view/2596420,https://www.etoday.co.kr/news/view/2596420,2026-06-23
AI 에이전트 주문,주식 팔면 다음 날 입금… 결제주기 단축 로드맵 10월 공개,직접 주문한 바 있다. 이날 회의에서 권 부위원장은 “결제주기 단축은 거래와 결제 사이의 리스크를 줄이고... 권 부위원장은 “초개인화된 자산관리 서비스를 제공하는 AI 에이전트 도입 등 AI를 어떻게 활용하는지가... ,https://www.busan.com/view/busan/view.php?code=2026062314265265360,https://n.news.naver.com/mnews/article/082/0001386637?sid=101,2026-06-23
AI 에이전트 주문,센드버드·GS네오텍 맞손…AI 고객 응대 시장 공략 나선다,"센드버드의 AI 에이전트 기술과 GS네오텍의 고객 네트워크, 인공지능 컨택센터(AICC) 구축·운영 역량을... 이를 활용해 기업들의 AX(AI 전환)를 지원할 방침이다. '딜라이트 에이아이'는 고객 문의 응대 외에 예약, 주문... ",https://www.mt.co.kr/future/2026/06/23/2026062310235624835,https://n.news.naver.com/mnews/article/008/0005375837?sid=101,2026-06-23
AI 에이전트 주문,"신한금융, '슈퍼SOL' 무브머니 승부수...1000만명 은행 고객→투자시장...","또한 'AI 에이전트'를 도입해 메뉴를 찾을 필요없이 자연어 대화만으로 금융상품 추천, 자산 조회, 계약 갱신... 진옥동 신한금융지주 회장은 ""은행 잔액으로 주식을 사려면 증권 계좌로 송금하고 다시 증권 앱에서 주문... ",https://www.pointe.co.kr/news/articleView.html?idxno=80936,https://www.pointe.co.kr/news/articleView.html?idxno=80936,2026-06-23
AI 에이전트 주문,"텐센트, 위챗 AI 비서 '샤오웨이' 본격 실험 '슈퍼AI앱' 생태계 혁신 예...","선보이며 AI 에이전트 시장에 본격적으로 가세했다. 14억 명에 달하는 사용자를 보유한 위챗 생태계와 AI... 이용자는 복잡한 메뉴 이동 없이 샤오웨이에게 말하는 것만으로 음식을 주문하고, 차량을 호출하며... ",https://www.newspim.com/news/view/20260623000509,https://www.newspim.com/news/view/20260623000509,2026-06-23
AI 에이전트 주문,"오늘 주식 팔면 내일 입금…금융당국, 결제주기 단축 추진","검토를 주문한 이후 논의에 속도가 붙었다. 금융당국은 한국거래소와 예탁결제원, 금융투자협회 등이... 자본시장연구원과 금융투자협회는 AI 투자 에이전트 등 국내외 금융투자업계의 활용 사례를 공유하고 투자 쏠림... ",https://www.wikitree.co.kr/articles/1142753,https://www.wikitree.co.kr/articles/1142753,2026-06-23
AI 에이전트 주문,"'AI가 알아서 사고판다'…금융당국, 자본시장 초개인화 자산관리 시동",투자자가 일일이 종목을 고르고 주문 버튼을 누르던 일을 AI가 떠맡는 것이다. 금융위는 이런 에이전트가 자산관리의 문턱을 크게 낮출 것으로 본다. 투자자의 목표와 성향에 맞춰 상품을 탐색·분석하고 실행까지... ,https://www.raonnews.com/news/article.html?no=59001,https://www.raonnews.com/news/article.html?no=59001,2026-06-23
AI 에이전트 주문,"센드버드·GS네오텍, AI 컨시어지 사업 확대","기업은 AI 에이전트를 활용해 고객 문의 응대, 상담 자동화, 예약·주문, 상품 추천, 세일즈 지원 등 다양한 업무를 처리할 수 있다. 이 플랫폼은 FAQ 챗봇을 넘어 실제 업무를 수행하며, 대화 맥락을 이해하고 기억해... ",http://www.hansbiz.co.kr/news/articleView.html?idxno=845814,http://www.hansbiz.co.kr/news/articleView.html?idxno=845814,2026-06-23
AI 에이전트 주문,"[인터뷰] ""같은 화면, 다른 경험은 그만!""…토스증권이 다시 쓴 '모두의...","매매 화면에서는 가격과 수량 입력 시 키패드로 자동 이동하도록 수정해 주문 편의성을 높였다. 또한 종목명... 고령층과 금융 초보자, 나아가 AI 에이전트가 금융 서비스를 활용하는 미래까지 포함한다. 김 개발자도... ",http://www.metroseoul.co.kr/article/20260623500074,http://www.metroseoul.co.kr/article/20260623500074,2026-06-23
AI 에이전트 주문,"[인텔 재건③] HBM 아닌 패키징…인텔, AI 반도체로 반격","인텔의 시선은 HBM과 AI 가속기, 중앙처리장치(CPU), 주문형반도체(ASIC)를 한 패키지 안에 묶는 최종 통합... AI 에이전트를 조율하고 강화학습과 추론을 처리하는 과정에서 CPU의 역할이 재부각될 수 있다고 보기... ",https://news.einfomax.co.kr/news/articleView.html?idxno=4421354,https://news.einfomax.co.kr/news/articleView.html?idxno=4421354,2026-06-23
AI 에이전트 주문,"권대영 “T+1·거래시간 연장, 자본시장 체질 바꿀 핵심 개혁”",거래시간 연장과 관련해서는 안정적인 시스템 구축을 거듭 주문했다. 한국거래소는 오는 9월 애프터마켓을... 특히 실시간 시장 데이터와 투자자 성향을 분석해 개인별 투자전략을 제안하는 'AI 투자 에이전트'를 향후... ,http://www.joseilbo.com/news/news_read.php?uid=570529&class=18&grp=,https://n.news.naver.com/mnews/article/123/0002385197?sid=101,2026-06-23
AI 에이전트 주문,"센드버드, GS네오텍과 손잡고 AI 고객센터에 에이전트 적용 확대","양사는 센드버드의 AI 에이전트 기술력과 GS네오텍의 고객 네트워크와 인공지능 고객센터(AICC; AI Contact... 단순 문의 응대를 넘어 고객 경험 전반을 혁신할 수 있는 생성형AI로 고객 문의 해결은 물론, 예약, 주문... ",https://www.thelec.kr/news/articleView.html?idxno=58466,https://www.thelec.kr/news/articleView.html?idxno=58466,2026-06-23
AI 에이전트 주문,자본시장 인프라 '대전환' 시동…T+1 결제·AI 에이전트 도입,◆디지털 대전환…AI 투자 에이전트와 지능형 시장감시 두 번째 축은 자본시장의 AI 디지털 대전환이다.... 한다는 주문이다. 금융위는 앞으로 '자본시장 인프라 혁신 점검회의'를 정례화하여 과제별 추진 상황을 착실히... ,https://www.ebn.co.kr/news/articleView.html?idxno=1713498,https://www.ebn.co.kr/news/articleView.html?idxno=1713498,2026-06-23
AI 에이전트 주문,자본시장 체질개선 속도…주식 결제 주기 단축·거래시간 연장 임박,자본시장연구원과 금융투자협회는 AI 투자 에이전트(agent) 등 국내·외 금융투자업계의 AI 도입 동향... 최근 정부는 지속해서 자본시장 미래 혁신과 체질개선을 주문하며 일관된 정책 방향성을 제시하고 있다. 앞서 이억원... ,https://www.sidae.com/article/2026062309402121832,https://n.news.naver.com/mnews/article/417/0001148634?sid=101,2026-06-23
AI 에이전트 주문,"삼성전자 HBM4, 출시 4개월 만에 매출 10억달러 돌파… AI 메모리 시장 ...","생성형 AI 서비스와 AI 에이전트, 대규모 추론 서비스가 빠르게 확산되면서 고성능 메모리에 대한 수요가... 특히 최근 AI 인프라 시장에서는 주문형 반도체(ASIC)가 새로운 성장 축으로 떠오르고 있다. ASIC은 특정... ",https://www.koreaittimes.com/news/articleView.html?idxno=154633,https://www.koreaittimes.com/news/articleView.html?idxno=154633,2026-06-23
AI 에이전트 주문,AI 추론 반도체 뜨자…ACE 글로벌AI맞춤형반도체 ETF 순자산 500억 돌파,"맞춤형 반도체는 특정 용도에 맞게 설계한 주문형 반도체를 뜻하며, ASIC(Application Specific Integrated... AI 에이전트 확산으로 컴퓨팅 수요가 학습에서 추론으로 옮겨가면서, 전력 효율이 높은 CPU 수요가 늘어난... ",http://www.popcornnews.net/news/articleView.html?idxno=124528,http://www.popcornnews.net/news/articleView.html?idxno=124528,2026-06-23
AI 에이전트 주문,"센드버드, GS네오텍과 AI 컨시어지 플랫폼 확대","센드버드의 AI 컨시어지 플랫폼은 기업이 AI 에이전트를 활용해 고객 문의 응대, 상담 자동화, 예약 및 주문, 상품 추천, 세일즈 지원 등 다양한 업무를 수행할 수 있도록 지원한다. 단순 FAQ 챗봇을 넘어 실제 업무를... ",https://www.sedaily.com/article/20058895?ref=naver,https://n.news.naver.com/mnews/article/011/0004633919?sid=105,2026-06-23
AI 에이전트 주문,"센드버드, GS네오텍과 고객응대 AI에이전트 만든다","delight.ai는 기업이 AI 에이전트를 활용해 고객 문의 응대, 상담 자동화, 예약 및 주문, 상품 추천, 세일즈 지원 등 다양한 업무를 수행할 수 있도록 지원한다. 단순 FAQ 챗봇을 넘어 실제 업무를 처리하는 에이전틱 AI... ",https://www.mk.co.kr/article/12080561,https://n.news.naver.com/mnews/article/009/0005697386?sid=105,2026-06-23
AI 에이전트 주문,2분기 소비자용 LPDDR5X 가격 89% 상승,"메모리 주문을 조정하고 있다""고 설명했다. 이에 따라 올해 하반기에는 D램 가격 상승폭이 둔화될... AI 클러스터와 AI 에이전트 서버의 저장 용량 확대가  수요를 견인 중이다. AI 서버 아키텍처는 고성능 대용량... ",https://www.thelec.kr/news/articleView.html?idxno=58453,https://www.thelec.kr/news/articleView.html?idxno=58453,2026-06-23
AI 에이전트 주문,"[중국 비즈니스 트렌드&동향] 말하고, 기대고, 사들이다 - 중국 AI의 여름","이 제품은 현재 식당 예약, 공공요금 납부, AI 주문 등 3대 고빈도 시나리오에 적용된다. 사용자가 자연어... 앞세워 AI 결제 인프라 선점 경쟁에 총력을 쏟고 있다. 11일 징둥은 AI 스마트 에이전트의 자율 결제를 위한... ",https://platum.kr/archives/289441,https://platum.kr/archives/289441,2026-06-23
AI 에이전트 주문,"딜리버드코리아, AI 배송 예측 특허…“중소 셀러 해외 진출 지원”",크로스보더 쇼핑 에이전트 플랫폼 딜리버드코리아가 인공지능(AI) 기반 배송 예측과 글로벌 전자상거래 주문 연동 기술 관련 특허를 확보하며 국내 기업의 해외 진출 지원에 속도를 낸다. 딜리버드코리아는 ‘AI 기반... ,https://www.sedaily.com/article/20058643?ref=naver,https://n.news.naver.com/mnews/article/011/0004633840?sid=101,2026-06-23
AI 에이전트 주문,"[2026 100대 CEO]허태수 GS그룹 회장, 디지털 혁신으로 미래 성장동력 키...",것을 주문하고 있다. 이를 위해 GS그룹은 ‘본업 경쟁력 강화’와 ‘역량의 유기적 결집’이라는 전략을... 개발자 지원 없이도 임직원이 직접 AI 에이전트를 만들고 업무에 적용할 수 있는 것이 특징이다. 현재... ,https://magazine.hankyung.com/business/article/202606134008b,https://n.news.naver.com/mnews/article/050/0000107624?sid=101,2026-06-23
AI 에이전트 주문,AI 기반 쇼핑몰 운영 효율 높여,"샵링커는 국내외 온라인 쇼핑몰과 연동해 상품 등록부터 주문 수집, 송장 출력, 고객 응대(CS), 재고... 김영식 샵링커지앤씨 대표는 “이번 수상은 고객들의 신뢰와 성원이 있었기에 가능했다”며 “앞으로 AI 에이전트... ",https://www.donga.com/news/Economy/article/all/20260622/134146424/2,https://n.news.naver.com/mnews/article/020/0003728605?sid=101,2026-06-23
AI 에이전트 주문,"AI ‘가격 파괴’ 시작… 딥시크, 미국 빅테크 독점 흔든다",실제로 AI 에이전트 플랫폼 '린디(Lindy)'는 비용 절감을 이유로 이달 초 모든 하부 시스템을 딥시크 V4로 100... 저가형 주문형반도체(ASIC)나 자체 칩으로 수요가 분산될 수 있다. 이는 국내 반도체 진영의 차세대 HBM 의존... ,https://www.g-enews.com/view.php?ud=202606221749435194fbbec65dfb_1,https://www.g-enews.com/view.php?ud=202606221749435194fbbec65dfb_1,2026-06-23
AI 에이전트 주문,"티오더, AI 데이터 인프라 기업 전환 가속 사용자 절반이 AI로 매장 운영...","실행형 AI 에이전트 서비스다. 단순 상담이나 문의 응답에 그치는 챗봇과 달리, 매장 운영자의 요청을 실제... 티오더는 전국 35만 대 규모의 오프라인 접점, 실시간 주문 처리 기술, 매장별 메뉴·운영 데이터, 대규모... ",https://sports.khan.co.kr/article/202606230305003?pt=nv,https://n.news.naver.com/mnews/article/144/0001122330?sid=105,2026-06-23
AI 에이전트 주문,[신(新)인물탐구(41)] 롯데그룹 신동빈 회장⑥ 기업 문화 - 실패 용인이...,그는 2026년 6월초 직접 CEO AI 아카데미에 참여해 바이브 코딩을 배우고 AI 에이전트를 개발했다. 신동빈은 이후 “AX는 선택이 아닌 그룹의 생존이 걸린 최우선 과제”라고 강조하며 그룹 전반의 변화를 주문했다. 그러나... ,https://www.news2day.co.kr/article/20260622500133,https://www.news2day.co.kr/article/20260622500133,2026-06-23
AI 에이전트 주문,"“배너 바꾸고 메뉴 수정하고”… 티오더, AI가 매장 운영하는 시대 연...","티오더AI는 단순 상담형 챗봇이 아닌 실행형 AI 에이전트 서비스다. 자영업자가 카카오톡 채널에서 메뉴... 회사는 전국 35만 대 규모의 오프라인 접점과 실시간 주문 처리 시스템, 매장별 메뉴 데이터, 운영 노하우 등을... ",https://www.venturesquare.net/1092819/,https://www.venturesquare.net/1092819/,2026-06-22
AI 에이전트 주문,"KT·SKT·LG유플러스, AI 스타트업 육성부터 고객 경험 혁신·미디어 서비...","KT는 AI 에이전트 플랫폼, 데이터·AI, 피지컬 AI·로보틱스, AI 인프라·파운데이션 모델 등 핵심 기술... 해당 상품은 KBS, MBC, SBS, JTBC 등 주요 방송사의 유료 주문형비디오(VOD)를 하나의 상품으로 통합 제공하는 것이... ",http://www.kdfnews.com/news/articleView.html?idxno=184478,http://www.kdfnews.com/news/articleView.html?idxno=184478,2026-06-22
AI 에이전트 주문,[게시판] 'SSAFY×카카오테크 AI 해커톤' 우수팀 선정 등 단신,"AI 모델을 기반으로 결제 전 단계에서 배송 옵션별 비용과 기간을 사전 예측하고, 기존 쇼핑몰 화면에서 해외 주문과 결제를 직접 처리할 수 있는 기술이다. 딜리버드코리아는 이번 특허로 크로스보더 쇼핑 에이전트... ",https://www.aitimes.com/news/articleView.html?idxno=211992,https://www.aitimes.com/news/articleView.html?idxno=211992,2026-06-22
AI 에이전트 주문,오뚜기 한국맥도날드 우아한형제들 外(여기 유통 이슈),AI를 도입하며 성황을 이뤘습니다.1등은 메뉴 누락 등 CS 문의를 실시간 음성으로 처리하는 'CS 콜봇 에이전트... '오늘 주문하면 내일 온다'는 의미의 내일온 서비스는 고객이 상품 탐색부터 결제 단계까지 배송 가능 여부와... ,https://www.newsclaim.co.kr/news/articleView.html?idxno=3067290,https://www.newsclaim.co.kr/news/articleView.html?idxno=3067290,2026-06-22
AI 에이전트 주문,"[한지연의 B스토리]""청바지 같은 車 만들자""…데모 마케팅의 원조 '르노...","12대를 주문했고, 이에 영감을 받은 르노는 두 형과 함께 1899년 정식으로 회사를 창립한다. 르노의 상징은... 또 차량 내 흩어져 있는 개별 AI 기능을 하나의 에이전트로 조율하는 AI 오케스트레이터 기술도 개발 중이다.... ",https://www.ajunews.com/view/20260622151947717,https://www.ajunews.com/view/20260622151947717,2026-06-22
AI 에이전트 주문,"LG그룹, 계열사 AI리더 대거 방미…‘AI 경영’ 총력전","기업용 AI 모델 클로드는 내부 시스템과 연계한 AI 에이전트 구축 및 코딩, 협업 등 업무 효율 향상에... 구 회장은 각종 공식 석상 및 임직원들과 소통하는 자리에서 AI 역량 강화를 계속해서 주문하며 임직원들을... ",https://www.ekn.kr/web/view.php?key=20260622024465358,https://www.ekn.kr/web/view.php?key=20260622024465358,2026-06-22
AI 에이전트 주문,토스·모니모에 맞불…신한금융 슈퍼앱 시장 주도권 잡는다,"열어 주문해야 했고 카드 발급도 별도 앱에서 진행해야 했다""며 ""같은 그룹 계열사임에도 고객이 여러 앱을... AI 에이전트를 도입해 상품 추천과 가입, 자산관리 등 50여개 업무를 자연어 대화만으로 처리할 수 있도록... ",https://www.pointdaily.co.kr/news/articleView.html?idxno=309101,https://www.pointdaily.co.kr/news/articleView.html?idxno=309101,2026-06-22
AI 에이전트 주문,"배민, 사내 헤커톤 '우아톤 2026' 개최","“AI와 함께 업무는 더 스마트하게, 서비스는 더 새롭게”라는 슬로건 아래 기획부터 구현, 발표자료... 통화하며 주문 조회, 재배달, 환불까지 처리하는 CS 콜봇 에이전트를 프로토타입으로 구현했다. 해커톤이 진행되는... ",https://www.kgnews.co.kr/news/article.html?no=900942,https://www.kgnews.co.kr/news/article.html?no=900942,2026-06-22
AI 에이전트 주문,"딜리버드코리아, AI 배송예측·SDK 연동 특허 등록","딜리버드코리아는 이번 특허로 크로스보더 쇼핑 에이전트로서 경쟁력을 높이고, AI 기반 플랫폼 고도화에 나설 계획이다. 해외 판매 시 기업들이 어려워하는 배송료 산정과 글로벌 주문 연동 문제를 인공지능 예측 모델과... ",http://www.hansbiz.co.kr/news/articleView.html?idxno=845699,http://www.hansbiz.co.kr/news/articleView.html?idxno=845699,2026-06-22
AI 에이전트 주문,"배민·CJ대한통운, AI로 업무 혁신 모색…고객응대·안전관리 주목","배민, 사내 해커톤 통해 AI 기반 고객 응대 서비스 아이디어 발굴 CJ대한통운, AI CCTV 활용해 온열질환 등... 콜봇 에이전트’ 아이디어가 차지했다. 해당 서비스는 주문 조회와 재배달, 환불 업무 등을 지원하도록... ",https://www.news2day.co.kr/article/20260622500127,https://www.news2day.co.kr/article/20260622500127,2026-06-22
AI 에이전트 주문,"우아한형제들, AI 기반 평가 도입한 사내 해커톤 '우아톤 2026' 진행 내용...","이 팀은 고객과 가게, 라이더를 실시간 음성으로 연결해 주문 조회와 재배달, 환불까지 처리할 수 있는 AI 기반 고객센터(CS) 콜봇 에이전트를 구현했다. 특히 실제 고객 문의가 빈번한 '메뉴 누락' 사례를 집중적으로... ",http://www.newsworker.co.kr/news/articleView.html?idxno=432492,http://www.newsworker.co.kr/news/articleView.html?idxno=432492,2026-06-22
AI 에이전트 주문,"배달의민족, 사내 해커톤 '우아톤 2026' 성료","이번 해커톤은 ""AI와 함께 업무는 더 스마트하게, 서비스는 더 새롭게""라는 슬로건 아래 진행됐다.... 통해 주문 조회와 재배달, 환불 등을 처리하는 'CS 콜봇 에이전트'를 선보였다. 심사위원단은 특히 고객 문의가 잦은... ",https://www.mdtoday.co.kr/news/articleView.html?idxno=601897,https://www.mdtoday.co.kr/news/articleView.html?idxno=601897,2026-06-22
